Species_1	Start_1	End_1	Species_2	Start_2	End_2	fill
1	65746531	65838890	1	69444691	69478162	placeholder
1	148936096	149069608	1	157169005	157309916	placeholder
8	42966448	43092062	8	33908890	34034814	placeholder
5	21571446	21593801	5	103286717	103312406	placeholder
1	198202236	198243518	1	211949868	211992496	placeholder
2	191945511	192002093	2	203926969	203991268	placeholder
14	14408711	14503783	15	2589920	2742394	placeholder
4	22456142	22582721	4	22871511	23002779	placeholder
1	270038753	270125470	1	287808177	287891528	placeholder
1	126070166	126166134	1	133230077	133305587	placeholder
14	5859568	5915779	15	11173563	11230570	placeholder
1	310054045	310226185	1	331876722	332031368	placeholder
7	41879020	42009147	7	42917473	43056359	placeholder
5	24709095	24743371	5	100008363	100044592	placeholder
1	239740195	239799764	1	255640821	255706593	placeholder
3	64068408	64111453	3	145584043	145617350	placeholder
3	65933528	65979642	3	143544657	143579159	placeholder
2	47369246	47409108	2	48728629	48779797	placeholder
3	197899120	197959211	3	3951576	3994309	placeholder
2	198317496	198392263	2	260767886	260838004	placeholder
5	77784247	77837529	5	46588645	46639164	placeholder
12	11705357	11955692	13	8593822	8843802	placeholder
1	40467695	40605557	1	41338180	41478870	placeholder
16	10002106	10041753	16	3212356	3255754	placeholder
3	153841800	153945808	3	50413568	50532316	placeholder
13	13692774	13730122	12	4639413	4678059	placeholder
8	55648999	55715066	8	20642637	20717333	placeholder
1	227650323	227674007	1	242982893	243007659	placeholder
1	55495909	55568752	1	57958084	58025674	placeholder
17	1875274	1969990	17	7682349	7783629	placeholder
1	337045295	337197606	1	359007689	359144599	placeholder
2	152269843	152317762	2	159913028	159958802	placeholder
1	173115847	173225833	1	183876038	184023492	placeholder
7	88785669	88883444	7	86758840	86845641	placeholder
1	226244444	226301853	1	241438834	241492227	placeholder
7	30649792	30742536	7	30844743	30921272	placeholder
16	13020831	13048086	16	78715	106957	placeholder
1	254251440	254273160	1	271237214	271258437	placeholder
1	340441203	340457170	1	361776548	361792780	placeholder
7	15905138	16030611	7	14848310	14970155	placeholder
1	63230614	63248112	1	66595309	66624078	placeholder
1	139247389	139332755	1	147383374	147418976	placeholder
15	14731807	14746046	14	18255428	18270379	placeholder
5	52903400	52945682	5	70221413	70268956	placeholder
4	19829077	19898892	4	19710044	19808944	placeholder
1	143309865	143409578	1	151368423	151468599	placeholder
2	90211784	90306194	2	91862146	91961182	placeholder
16	8925450	9028643	16	3961226	4077250	placeholder
2	103475212	103503025	2	105960419	105969287	placeholder
4	57144996	57220345	4	61239968	61323939	placeholder
6	85593186	85678509	6	16904513	16984176	placeholder
2	243389519	243490749	2	253108504	253224520	placeholder
16	11856908	11882451	16	1228878	1252887	placeholder
1	333403470	333571816	1	355809095	355957671	placeholder
7	29771975	29948810	7	29831538	30035484	placeholder
14	1843998	1869919	15	15064648	15089181	placeholder
1	270326380	270370401	1	288112394	288158173	placeholder
5	38723730	38762385	5	85096838	85146711	placeholder
1	17345116	17409434	1	16412066	16482348	placeholder
1	276478812	276524718	1	294662746	294710266	placeholder
16	10138522	10204439	16	3027748	3099381	placeholder
1	217716540	217754577	1	232368282	232406214	placeholder
1	273477741	273804175	1	291367437	291725338	placeholder
6	30925131	30997296	6	71797378	71869654	placeholder
2	67273630	67354026	2	70045230	70135655	placeholder
8	41225517	41275540	8	35925038	35983671	placeholder
15	4578186	4642046	14	8600535	8676485	placeholder
2	156393146	156424112	2	164531512	164566569	placeholder
1	71974059	72090517	1	75793039	75915757	placeholder
6	89352107	89457309	6	10826235	11124319	placeholder
3	87273107	87430496	3	120692916	120855999	placeholder
8	21681298	21700178	8	58130919	58156155	placeholder
5	119878978	119912385	5	2687756	2717329	placeholder
7	31477671	31525503	7	31838006	31871926	placeholder
1	41301800	41347926	1	42277858	42317650	placeholder
4	93612604	93700625	4	97575236	97697399	placeholder
6	97386734	97463640	6	2114070	2200697	placeholder
1	130705502	130730074	1	138115684	138146686	placeholder
14	10099259	10150034	15	6991572	7041270	placeholder
1	39647603	39686272	1	40566021	40606625	placeholder
6	70123998	70172573	6	29667500	29723271	placeholder
2	158407906	158505750	2	166665368	166767703	placeholder
2	100057344	100092342	2	102049883	102082024	placeholder
15	6795598	6816406	14	11129191	11150794	placeholder
1	116661377	116673484	1	123072330	123085328	placeholder
2	217968864	218317612	2	225502815	225873096	placeholder
14	14554076	14601311	15	2496525	2547716	placeholder
1	65642528	65680170	1	69265229	69300903	placeholder
1	277621622	277638293	1	295865834	295882560	placeholder
10	16434487	16447306	11	16353087	16363555	placeholder
2	84884676	84975111	2	87276340	87348242	placeholder
15	1758966	1793963	14	4179944	4248908	placeholder
7	21239400	21296110	7	20524852	20585725	placeholder
2	155944757	155999368	2	164014616	164108203	placeholder
1	265601318	265694508	1	283154708	283249847	placeholder
7	89923509	89977359	7	87909242	87953254	placeholder
3	57057604	57110484	3	153104294	153162604	placeholder
7	46611936	46651584	7	47154941	47193374	placeholder
5	85860881	85961163	5	38206986	38354625	placeholder
14	16075595	16123807	15	957858	1020844	placeholder
19	5983239	6019948	19	3129776	3154351	placeholder
8	75119664	75143890	8	3317071	3340788	placeholder
17	10092750	10111182	17	932315	952169	placeholder
3	25696020	25727393	3	187981514	188015462	placeholder
1	18148351	18207975	1	17257198	17320632	placeholder
1	286115006	286261800	1	305418278	305570565	placeholder
8	74273556	74304933	8	3966185	3995042	placeholder
1	116303632	116347770	1	122709228	122746684	placeholder
14	6397046	6421387	15	10789111	10814275	placeholder
13	474334	546105	12	21755350	21798807	placeholder
1	339620078	339678289	1	361146210	361190635	placeholder
2	199267891	199304830	2	259767697	259806947	placeholder
1	340401255	340412468	1	361727220	361742763	placeholder
14	8248162	8293241	15	8858399	8901496	placeholder
1	13668449	13726046	1	12582163	12637208	placeholder
3	152339458	152404353	3	52092453	52156801	placeholder
5	8042920	8068159	5	117616967	117644107	placeholder
2	133124550	133156532	2	139036067	139068768	placeholder
12	4882637	4944016	13	15822428	15851916	placeholder
14	9854934	9888403	15	7255675	7289960	placeholder
7	16305383	16355037	7	15257630	15307751	placeholder
3	114830030	114916385	3	92916375	92963631	placeholder
5	109376910	109521772	5	12772465	12923614	placeholder
1	255446735	255500403	1	272550134	272604531	placeholder
1	268763022	268834137	1	286454640	286522836	placeholder
2	206213535	206273600	2	212814353	212873408	placeholder
8	60638174	60798671	8	16696560	16839527	placeholder
5	36410076	36467420	5	87647763	87699679	placeholder
1	71525710	71607930	1	75329993	75407607	placeholder
1	62339399	62392219	1	65669665	65715953	placeholder
7	52747782	52867614	7	51306150	51382510	placeholder
1	272654955	272721331	1	290537439	290605688	placeholder
1	166157898	166199410	1	175555310	175611331	placeholder
6	31417461	31463732	6	71285691	71333614	placeholder
17	9549693	9575015	17	1506884	1535495	placeholder
3	152262743	152301892	3	52197967	52238554	placeholder
1	64641729	64776176	1	68159970	68291246	placeholder
1	332636091	332794298	1	355123255	355251017	placeholder
19	241781	256145	19	7928313	7936559	placeholder
2	11596379	11609758	2	9541231	9553885	placeholder
3	49301918	49375407	3	161629869	161722281	placeholder
3	142593126	142633794	3	62720716	62756995	placeholder
3	66422137	66495018	3	143135584	143209125	placeholder
5	70801597	70858812	5	52103998	52167414	placeholder
17	4936784	5003635	17	5344761	5376067	placeholder
1	238870745	238912380	1	254804666	254867949	placeholder
15	1857484	1871877	14	4353386	4378645	placeholder
5	50690613	50767089	5	72530025	72626182	placeholder
3	180826430	180940954	3	21329518	21467359	placeholder
1	176836776	176918133	1	189358764	189425703	placeholder
3	123249956	123295873	3	83767179	83816815	placeholder
5	67763398	67802533	5	55077109	55109895	placeholder
3	39113724	39157371	3	172758610	172799671	placeholder
1	53694873	53742432	1	55993065	56043031	placeholder
5	51303523	51358748	5	71967315	72021661	placeholder
1	262199614	262249198	1	279573115	279618604	placeholder
5	91215382	91237293	5	32300242	32324059	placeholder
14	220670	238661	15	16720591	16738293	placeholder
16	1772462	1839689	16	11538385	11606134	placeholder
2	95579626	95619839	2	97460011	97496276	placeholder
3	130717001	130760659	3	75271718	75321684	placeholder
4	90938011	90962116	4	95131474	95155813	placeholder
5	5528377	5604304	5	120014291	120090592	placeholder
6	69893270	69897716	6	29941704	29946156	placeholder
1	288140427	288174228	1	307495662	307527178	placeholder
8	66446636	66703663	8	11077663	11361425	placeholder
15	11631271	11661660	14	15781291	15811409	placeholder
8	25544782	25586932	8	53836984	53880891	placeholder
1	257459716	257510039	1	274662963	274713826	placeholder
6	43290076	43341584	6	58587877	58647924	placeholder
16	6745275	6768804	16	6394219	6421524	placeholder
2	31532027	31598392	2	31140538	31215393	placeholder
7	65935264	66036415	7	66626437	66743582	placeholder
10	5047427	5106248	11	7915671	7964276	placeholder
11	22591404	22598268	10	469431	476281	placeholder
1	55155058	55168832	1	57593004	57606807	placeholder
8	76739548	76786316	8	3089354	3130623	placeholder
1	221445330	221488744	1	236288746	236336560	placeholder
1	277656680	277685325	1	295903735	295929299	placeholder
5	122421188	122467925	5	374637	441054	placeholder
3	169968203	170016443	3	32941348	33002137	placeholder
2	203692098	203727305	2	210024890	210065923	placeholder
1	159387198	159481033	1	168583309	168680265	placeholder
2	243252377	243294448	2	252971525	253012335	placeholder
7	88174371	88409672	7	86197140	86414527	placeholder
2	194020657	194049214	2	206198353	206235484	placeholder
12	8498031	8517940	13	11922437	11939338	placeholder
11	17532655	17569365	10	5082507	5116677	placeholder
7	56448764	56508055	7	56273212	56347292	placeholder
4	87252174	87311993	4	91279869	91335628	placeholder
17	3356830	3388473	17	6709314	6741439	placeholder
5	26598873	26708861	5	97953989	98057031	placeholder
1	296534198	296569541	1	316839689	316890553	placeholder
7	37143476	37191008	7	37851191	37912198	placeholder
3	33815248	33870085	3	178936479	178992637	placeholder
14	4705538	4723856	15	12406996	12428062	placeholder
4	5290407	5335474	4	4193190	4237965	placeholder
1	260910412	260955704	1	278383653	278424811	placeholder
1	212036948	212125948	1	226035317	226120274	placeholder
3	63498087	63531695	3	146206507	146240201	placeholder
1	222821071	222886448	1	237742927	237852137	placeholder
2	235291097	235552557	2	244560820	244805131	placeholder
13	18053883	18076417	12	772452	793189	placeholder
6	37761343	37834443	6	64296885	64374755	placeholder
15	14152287	14166274	14	17751569	17761441	placeholder
1	137800680	137829527	1	145796490	145827330	placeholder
1	64357789	64413404	1	67865920	67933851	placeholder
13	18324394	18342253	12	512070	536417	placeholder
2	9338111	9358535	2	7420783	7449555	placeholder
1	170590766	170751966	1	180476400	180634889	placeholder
1	114341305	114376522	1	120645768	120681818	placeholder
2	69157800	69205702	2	72068492	72135070	placeholder
1	59090684	59137284	1	62024835	62070592	placeholder
2	203790679	203816443	2	210128665	210154054	placeholder
1	323234194	323353163	1	345343333	345470124	placeholder
8	36952098	36993073	8	40951419	40986344	placeholder
10	6545356	6594373	11	9378228	9417262	placeholder
5	58731851	58784444	5	64576976	64639883	placeholder
7	14501130	14527304	7	13408906	13436070	placeholder
3	7944295	8038861	3	206918553	207019833	placeholder
1	226703011	226743012	1	241940611	241978013	placeholder
1	92879617	92922599	1	98608065	98647263	placeholder
2	199901084	199946125	2	259080659	259124201	placeholder
1	62899545	62916979	1	66262197	66285043	placeholder
7	65511714	65600287	7	66127194	66251890	placeholder
2	97487021	97514881	2	99488935	99515261	placeholder
2	141510596	141569048	2	148276544	148344978	placeholder
1	296633681	296728182	1	316973779	317058805	placeholder
3	120154147	120199347	3	87173284	87221597	placeholder
1	299037803	299126962	1	319682240	319770808	placeholder
16	5011379	5053912	16	8142723	8186893	placeholder
1	179138712	179176680	1	191411799	191440619	placeholder
14	7308527	7343068	15	9820178	9849204	placeholder
4	51608750	51641624	4	55218190	55251997	placeholder
15	1899943	2021609	14	4443005	4637551	placeholder
2	190077598	190154079	2	201973597	202045235	placeholder
2	155294036	155338081	2	163374209	163421696	placeholder
1	211828633	211922561	1	225813499	225915313	placeholder
1	256613682	256721885	1	273776591	273897054	placeholder
15	7337377	7389348	14	11722657	11774747	placeholder
1	249005722	249048972	1	265811652	265857351	placeholder
2	148811305	149196028	2	156252567	156661303	placeholder
1	225929935	225969758	1	241112382	241151261	placeholder
2	67452584	67521925	2	70285497	70305404	placeholder
8	74792764	74835711	8	3615809	3657617	placeholder
1	164234628	164261118	1	173386709	173409912	placeholder
11	15300587	15321220	10	7249135	7270557	placeholder
14	7214832	7264790	15	9894831	9946232	placeholder
3	71242012	71354018	3	137973019	138077841	placeholder
8	67712144	67766246	8	9996223	10051605	placeholder
1	146563261	146611757	1	154663680	154709986	placeholder
19	5532872	5559813	19	3523634	3545505	placeholder
1	65842572	65871978	1	69481774	69511453	placeholder
5	100158559	100311027	5	22464612	22650067	placeholder
3	44699290	44918746	3	166432836	166656507	placeholder
1	116607547	116631639	1	123015458	123040893	placeholder
5	23250637	23350957	5	101350211	101476756	placeholder
1	302623759	302655942	1	323604259	323652704	placeholder
1	17650518	17720537	1	16717305	16790824	placeholder
14	719665	740263	15	16225344	16245180	placeholder
4	23612693	23640751	4	24128787	24173283	placeholder
1	26592420	26654162	1	26352624	26419653	placeholder
2	190353589	190376469	2	202286117	202310983	placeholder
3	147386754	147437623	3	57526045	57578265	placeholder
7	31115328	31158679	7	31391705	31417433	placeholder
11	11963727	12054570	10	10490659	10565370	placeholder
2	182712477	182757954	2	193818276	193865744	placeholder
15	3377859	3431258	14	6831462	6918897	placeholder
3	58309119	58314897	3	151788047	151793878	placeholder
1	269844171	269908809	1	287607523	287666625	placeholder
19	4629440	4672443	19	4267985	4302682	placeholder
6	36540287	36567047	6	65753414	65780003	placeholder
1	259388280	259411447	1	276778991	276803656	placeholder
2	199769794	199872773	2	259153677	259277258	placeholder
13	13059948	13078794	12	5230832	5237469	placeholder
15	6517800	6546048	14	10962510	10989630	placeholder
6	43150111	43198579	6	58736622	58789024	placeholder
4	84273448	84317475	4	86233230	86279390	placeholder
4	20123778	20131399	4	20059033	20066560	placeholder
6	45583401	45606589	6	56155215	56176775	placeholder
1	284215054	284224877	1	303168494	303178120	placeholder
15	16761366	16777795	14	20303755	20320964	placeholder
15	11707112	11727607	14	15849268	15867732	placeholder
6	22656842	22694996	6	80814988	80855203	placeholder
18	9160510	9165550	18	8673696	8679085	placeholder
3	161020942	161073502	3	42767157	42825215	placeholder
3	45471755	45503488	3	165808099	165840945	placeholder
19	6412945	6477042	19	2707642	2771328	placeholder
8	48589652	48660041	8	27397563	27500787	placeholder
6	52093880	52121137	6	49368232	49398468	placeholder
3	56826965	56898702	3	153294240	153348553	placeholder
1	285975811	286023115	1	305287815	305330875	placeholder
8	23550171	23592750	8	56092800	56151727	placeholder
3	177449269	177543844	3	24791987	24887661	placeholder
6	42554280	42646994	6	59344765	59437186	placeholder
4	90968442	90998753	4	95161703	95194253	placeholder
1	270442240	270521068	1	288242111	288314113	placeholder
6	37963864	37993682	6	64144825	64175965	placeholder
13	3419802	3466320	12	15774007	15852673	placeholder
5	99248350	99300338	5	23562962	23617236	placeholder
1	114613967	114655901	1	120916117	120960761	placeholder
1	326092131	326181486	1	348408829	348503502	placeholder
3	91976442	92185402	3	116505042	116638494	placeholder
5	86572881	86627955	5	37539367	37605608	placeholder
2	176341799	176368796	2	186950544	186985678	placeholder
1	250866748	250943357	1	267787335	267865221	placeholder
6	254736	281183	6	102905514	102931689	placeholder
3	136578647	136663095	3	69085717	69167832	placeholder
5	57009854	57040207	5	66449796	66481242	placeholder
1	65894818	65952585	1	69535873	69594965	placeholder
3	165989207	166012035	3	37255248	37284757	placeholder
3	62739178	62843728	3	146941969	147071917	placeholder
4	78522802	78869637	4	81763160	81983049	placeholder
5	122762927	122769705	5	32931	39680	placeholder
8	38897809	38919812	8	38803409	38825991	placeholder
3	9518619	9636007	3	205203247	205318941	placeholder
4	22196146	22239206	4	22606054	22646100	placeholder
13	12106485	12265297	12	5775041	5926225	placeholder
8	24695495	24718111	8	54850992	54868184	placeholder
1	157045668	157107335	1	165980055	166042869	placeholder
4	131285596	131325384	4	132667302	132699407	placeholder
18	1007273	1053613	18	1041783	1089906	placeholder
12	15740445	15919202	13	4744541	4845328	placeholder
7	21399659	21476818	7	20688338	20766355	placeholder
3	42347327	42398999	3	169304523	169357789	placeholder
2	228443966	228530724	2	236991793	237094294	placeholder
3	52982617	52986250	3	157642299	157645932	placeholder
13	390293	420483	12	22065285	22112365	placeholder
1	135477797	135520808	1	143359926	143403102	placeholder
5	86517313	86569499	5	37608959	37637154	placeholder
3	34738913	34747905	3	177950447	177959180	placeholder
15	1336079	1354237	14	3110385	3136647	placeholder
6	42747753	42832878	6	59141157	59228724	placeholder
6	48970621	49005507	6	52587604	52623602	placeholder
1	337986849	338039904	1	359710267	359749026	placeholder
4	84333065	84462595	4	86061094	86199642	placeholder
14	4661495	4685591	15	12446839	12468926	placeholder
1	331136396	331210844	1	354230386	354303183	placeholder
6	10988868	11055278	6	92994655	93070273	placeholder
3	70184883	70231912	3	139107105	139158553	placeholder
8	44586934	44675788	8	32057019	32247881	placeholder
6	93129308	93183623	6	6918966	6962941	placeholder
7	75934480	75979747	7	74325944	74371524	placeholder
1	142742239	142855468	1	150950280	151049229	placeholder
1	277887252	277932505	1	296136685	296172832	placeholder
2	160533564	160681251	2	169533779	169686074	placeholder
1	183698300	183978040	1	195309010	195610253	placeholder
1	291813352	291889328	1	311515748	311591570	placeholder
1	154693946	154798106	1	163533373	163566835	placeholder
2	189233669	189514460	2	201068734	201374153	placeholder
8	23358941	23390731	8	56327712	56357287	placeholder
1	42905937	42946244	1	43944510	43986023	placeholder
2	98330260	98352873	2	100348045	100373807	placeholder
1	27644084	27661116	1	27461147	27484376	placeholder
1	200561649	200596682	1	214169952	214207125	placeholder
1	330850821	330895787	1	353945686	353982204	placeholder
1	266503929	266547698	1	284064027	284109875	placeholder
5	55628572	55661714	5	67758067	67796248	placeholder
7	62911398	62963516	7	62502556	62590703	placeholder
6	89930570	89980070	6	9932464	9971824	placeholder
5	40154817	40229061	5	83847936	83927244	placeholder
7	75905235	75908736	7	74297003	74300501	placeholder
14	6269487	6298685	15	10917893	10946961	placeholder
3	105745030	105797379	3	106493100	106553549	placeholder
3	152980872	153007086	3	51457842	51479989	placeholder
5	31395215	31420786	5	92919922	92942984	placeholder
2	157084301	157111087	2	165182918	165215010	placeholder
15	16934840	17038921	14	20446889	20479753	placeholder
8	6900984	7043115	8	72550564	72676950	placeholder
1	216257284	216305951	1	230711830	230738741	placeholder
1	294083175	294103082	1	314078758	314099884	placeholder
11	21320332	21342767	10	1553976	1572486	placeholder
11	15261459	15294596	10	7275575	7309671	placeholder
5	45901162	45904639	5	77710019	77713496	placeholder
2	182360134	182389908	2	193460666	193493258	placeholder
2	66899867	66927113	2	69664566	69694978	placeholder
4	131357993	131385499	4	132729481	132807158	placeholder
1	100421757	100464644	1	106395395	106453011	placeholder
4	19487277	19532078	4	19366520	19401508	placeholder
3	13820501	13854005	3	200789165	200823134	placeholder
1	113180726	113251416	1	119359078	119426988	placeholder
3	136134953	136176735	3	69534886	69577192	placeholder
1	13757420	13812830	1	12674190	12733812	placeholder
1	323748761	323798676	1	345888042	345942516	placeholder
3	155404606	155520328	3	48537045	48657718	placeholder
4	61577987	61622891	4	66123420	66168267	placeholder
1	109788909	109814707	1	116030191	116055692	placeholder
5	39233154	39241767	5	84666454	84675156	placeholder
7	168010	169810	7	198834	200585	placeholder
14	2568319	2597280	15	14353486	14378982	placeholder
7	51694396	51773957	7	50697484	50759892	placeholder
1	114668450	114696496	1	120973298	121004352	placeholder
6	56361559	56409865	6	44782049	44824752	placeholder
3	124278032	124301650	3	82734716	82763694	placeholder
12	20339340	20432523	13	83058	247971	placeholder
6	16945176	17070086	6	86874301	87009974	placeholder
12	2127838	2147551	13	18800061	18821078	placeholder
3	105944458	105994158	3	106262208	106313283	placeholder
4	12758044	12860455	4	11931038	11971286	placeholder
6	98994434	99039920	6	261430	297208	placeholder
3	101673636	101814059	3	110718590	110870087	placeholder
7	21934189	21984017	7	21242393	21301360	placeholder
1	257081025	257095445	1	274264738	274280388	placeholder
14	9817803	9859925	15	7296213	7320342	placeholder
6	62235133	62271068	6	38890350	38922991	placeholder
3	165722871	165823291	3	37450796	37547028	placeholder
8	44416689	44449583	8	32401017	32438873	placeholder
14	5001756	5071889	15	12100024	12192091	placeholder
1	98860299	98894814	1	104747727	104782725	placeholder
7	23607724	23671416	7	23103861	23174664	placeholder
3	11628522	11738446	3	203042786	203153500	placeholder
5	20901514	20947084	5	104040921	104086202	placeholder
2	200499394	200582071	2	258377771	258469294	placeholder
19	346734	353632	19	7854610	7884606	placeholder
8	25803465	25835695	8	53527313	53562475	placeholder
15	9309410	9354641	14	13718171	13753994	placeholder
1	11941280	11972529	1	10836447	10862633	placeholder
1	90344169	90441576	1	95746462	95851921	placeholder
1	25181596	25214292	1	24835170	24865140	placeholder
8	31454788	31462344	8	47308878	47317465	placeholder
2	79989101	80052621	2	83115638	83169428	placeholder
1	95107043	95180475	1	100844053	100933200	placeholder
2	155344224	155435561	2	163427817	163526920	placeholder
8	66913314	66941797	8	10808821	10841168	placeholder
2	52516907	52528520	2	54246007	54257687	placeholder
14	13558291	13599575	15	3485780	3530148	placeholder
1	300028831	300051069	1	320718332	320740284	placeholder
2	140628795	140681990	2	147357339	147405383	placeholder
5	87427724	87474421	5	36692212	36739614	placeholder
3	89622	98181	3	214083643	214092553	placeholder
1	40663527	40702694	1	41536946	41593405	placeholder
2	20104226	20162689	2	18401262	18464497	placeholder
2	172950529	173058112	2	183306203	183397593	placeholder
10	16367918	16376729	11	16286413	16296136	placeholder
2	242936708	242966346	2	252655576	252681652	placeholder
10	6036331	6087106	11	8923556	8970520	placeholder
16	1458758	1512663	16	11861480	11909058	placeholder
15	3512100	3519644	14	7060410	7072278	placeholder
3	183104886	183112716	3	19164781	19170740	placeholder
12	5881391	5931910	13	14736725	14789967	placeholder
5	50931435	50966316	5	72336405	72373158	placeholder
11	20986969	21142747	10	1739319	1868337	placeholder
13	3390946	3415351	12	15856919	15888012	placeholder
1	164602503	164652134	1	173738541	173806994	placeholder
6	95976941	96021746	6	3618660	3677055	placeholder
3	59490873	59533755	3	150554502	150595412	placeholder
5	30512808	30544920	5	93800664	93837377	placeholder
8	76924163	76973335	8	1710586	1749627	placeholder
8	38784572	38819842	8	38905037	38941615	placeholder
1	174334334	174508676	1	185990374	186260069	placeholder
12	3685720	3707009	13	17153088	17173483	placeholder
7	49393193	49559980	7	49305898	49410244	placeholder
7	20547078	20581194	7	19747780	19782166	placeholder
6	90419595	90554253	6	9295264	9415091	placeholder
1	115839301	115861107	1	122240847	122265741	placeholder
4	89764301	89805546	4	93893980	93939959	placeholder
16	7562846	7588990	16	5506006	5533876	placeholder
2	148262245	148349717	2	155690900	155786306	placeholder
5	24202809	24214412	5	100536165	100551584	placeholder
2	193955195	193997336	2	206137964	206176370	placeholder
1	130509289	130565585	1	137921386	137978869	placeholder
6	42088511	42109820	6	59910967	59930126	placeholder
14	8739736	8782728	15	8371075	8409342	placeholder
7	89495486	89513516	7	87459439	87480094	placeholder
1	21034332	21059657	1	20246843	20262849	placeholder
1	200826653	200868823	1	214380260	214426479	placeholder
1	130610177	130673335	1	138028026	138087554	placeholder
1	333579236	333628440	1	355969734	356019276	placeholder
8	28915151	28948715	8	50122969	50163158	placeholder
1	300734952	300763457	1	321487686	321523314	placeholder
6	27562791	27589588	6	75484654	75519578	placeholder
15	10891677	10907414	14	15119877	15134767	placeholder
1	89920934	89970006	1	95304386	95355024	placeholder
14	8534423	8555709	15	8605852	8628241	placeholder
4	22319448	22368926	4	22715674	22757485	placeholder
1	123425656	123603183	1	130460888	130650166	placeholder
13	11353677	11472934	12	6582869	6668448	placeholder
4	73178136	73372373	4	77868890	78240121	placeholder
2	190458598	190502516	2	202407370	202463257	placeholder
19	1735681	1814915	19	6627787	6640646	placeholder
1	294318319	294331890	1	314309355	314323220	placeholder
3	201472379	201503814	3	1214051	1236845	placeholder
1	140049299	140126528	1	147902487	148109512	placeholder
6	89861023	89911025	6	10005498	10055130	placeholder
13	435757	451231	12	22000124	22024428	placeholder
2	232767532	232786603	2	241800095	241815474	placeholder
19	6134582	6155279	19	3010034	3028016	placeholder
16	3961097	3993406	16	9260627	9292168	placeholder
3	14648598	14678471	3	199912855	199945137	placeholder
15	678565	715507	14	1481548	1589944	placeholder
12	7948396	8059519	13	12386696	12498282	placeholder
1	299302832	299335169	1	319958243	319984238	placeholder
15	5191455	5400849	14	9370961	9618079	placeholder
3	56181601	56184787	3	154014088	154017274	placeholder
2	11302081	11313147	2	9233084	9242853	placeholder
3	183724567	183730970	3	18513684	18520322	placeholder
11	22717112	22731704	10	325216	343889	placeholder
4	10720246	10751018	4	9609060	9645180	placeholder
3	184776439	184786795	3	17337183	17352553	placeholder
16	4137511	4280573	16	8988796	9123317	placeholder
1	292575819	292667255	1	312357306	312466023	placeholder
3	59602784	59626835	3	150455837	150485762	placeholder
5	55718750	55721930	5	67688762	67691945	placeholder
3	59049955	59059932	3	151049143	151060280	placeholder
13	2218249	2238089	12	17767674	17820625	placeholder
1	267928775	267953202	1	285605500	285632333	placeholder
2	229844903	230056863	2	238589019	238793455	placeholder
2	101041721	101072046	2	103134438	103180347	placeholder
13	8726782	8758868	12	9285346	9317117	placeholder
4	81860935	81884704	4	88467488	88492186	placeholder
14	8178794	8200375	15	8946624	8965049	placeholder
2	220716134	220813398	2	228357269	228469321	placeholder
5	32351975	32382292	5	91929356	91961307	placeholder
2	155798704	155864653	2	163891611	163957041	placeholder
6	10677155	10854898	6	93212574	93384807	placeholder
1	335909821	335912974	1	358061372	358064525	placeholder
7	9117484	9211114	7	7858920	7949787	placeholder
8	29579720	29600157	8	49394279	49410801	placeholder
1	40986552	41040908	1	41899793	41967777	placeholder
8	9406373	9455867	8	70202825	70247726	placeholder
4	42642534	42727973	4	45487996	45572593	placeholder
6	45536726	45556253	6	56210539	56232980	placeholder
1	22987767	23018835	1	22345913	22376334	placeholder
5	32435312	32450522	5	91856953	91872449	placeholder
1	223755001	223848508	1	238776421	238864270	placeholder
1	79303073	79306214	1	83911566	83914704	placeholder
5	120687296	120757748	5	1941196	1992648	placeholder
16	5628984	5701990	16	7478241	7548571	placeholder
4	27691706	27825097	4	28564259	28709444	placeholder
2	234696683	234772079	2	243899320	243989682	placeholder
19	4515649	4538096	19	4388942	4411418	placeholder
2	156133189	156173887	2	164251476	164299094	placeholder
1	166537207	166605735	1	175992189	176065484	placeholder
1	274602106	274619816	1	292623758	292640120	placeholder
1	300181577	300298183	1	320901640	320993090	placeholder
8	30578286	30690404	8	48131526	48267201	placeholder
7	84389438	84550855	7	82698406	82851842	placeholder
2	155621514	155667898	2	163709454	163761345	placeholder
7	22029157	22058718	7	21350866	21378019	placeholder
1	10971505	11035747	1	9426511	9478895	placeholder
8	39044291	39111508	8	38637173	38704926	placeholder
3	169179173	169208448	3	33774156	33815812	placeholder
5	97053634	97078659	5	25994424	26019662	placeholder
3	159004280	159030514	3	44773891	44793434	placeholder
17	9279253	9292979	17	1777820	1791708	placeholder
6	42975125	43002411	6	58934910	58970513	placeholder
2	207561962	207615795	2	214306711	214368484	placeholder
1	155509294	155557402	1	164208964	164261383	placeholder
3	137659573	137686690	3	68055209	68085937	placeholder
13	1397056	1423940	12	19560603	19602661	placeholder
3	103681867	103718112	3	108864577	108907018	placeholder
15	15609965	15621999	14	19214956	19223933	placeholder
5	112851631	112854727	5	9297230	9300326	placeholder
1	109087253	109116937	1	115316379	115349925	placeholder
1	215471967	215499371	1	229768402	229800442	placeholder
14	578422	613969	15	16345882	16389561	placeholder
7	30407939	30452883	7	30576807	30622651	placeholder
7	24099156	24171613	7	23605955	23693120	placeholder
1	176642749	176698074	1	189191942	189243966	placeholder
2	180025322	180077273	2	190978709	191021094	placeholder
6	30143208	30175388	6	72588690	72627535	placeholder
5	88489342	88543009	5	35591629	35653049	placeholder
3	67697820	67720705	3	141866280	141891030	placeholder
1	81813416	81891784	1	86588472	86687407	placeholder
5	82296412	82347616	5	41884405	41964921	placeholder
12	506307	517182	13	20447644	20458152	placeholder
5	31892847	31913769	5	92402641	92418611	placeholder
14	1094935	1104790	15	15851167	15860738	placeholder
15	16583080	16595450	14	20131018	20143286	placeholder
7	30838053	30882711	7	31045866	31107172	placeholder
6	93452572	93477784	6	6611219	6636849	placeholder
6	96593056	96699135	6	2832056	2970159	placeholder
5	69858617	69910122	5	52854011	52899083	placeholder
14	5701141	5713229	15	11384637	11398846	placeholder
1	17779433	17801489	1	16850229	16875597	placeholder
3	28809924	28828171	3	184555351	184571819	placeholder
8	26420749	26465803	8	52836986	52879960	placeholder
6	27604072	27625672	6	75454831	75476670	placeholder
4	80151832	80276918	4	83081141	83213868	placeholder
1	317744804	317757442	1	339452472	339464855	placeholder
5	5777442	5796329	5	119847556	119863610	placeholder
6	58253800	58279502	6	42983138	43007635	placeholder
2	146008178	146030296	2	153282651	153300351	placeholder
1	61112973	61125248	1	64269468	64282467	placeholder
5	20287270	20319090	5	104710698	104740090	placeholder
1	106369866	106442519	1	112645491	112720485	placeholder
7	10889647	10978043	7	9616380	9701094	placeholder
3	169849808	169880295	3	33091606	33119824	placeholder
5	57047557	57062227	5	66423900	66440752	placeholder
3	91243797	91339593	3	117007752	117057148	placeholder
5	24958998	24972751	5	99786661	99807404	placeholder
13	1517327	1541711	12	19277287	19346047	placeholder
6	44397276	44400195	6	57432643	57435562	placeholder
6	406632	463754	6	102739897	102794515	placeholder
1	93761448	93774546	1	99600131	99613279	placeholder
3	136793771	136824710	3	68916361	68960988	placeholder
3	25506899	25527260	3	188196191	188217939	placeholder
2	154450557	154504014	2	162458258	162516686	placeholder
19	4543385	4566809	19	4363359	4383757	placeholder
12	14456243	14580018	13	5875669	6014087	placeholder
7	31189914	31212813	7	31467864	31494624	placeholder
16	2000033	2023678	16	11348458	11382854	placeholder
17	11170933	11193442	17	22463	43453	placeholder
15	8049500	8058039	14	12490591	12499828	placeholder
19	7171047	7190243	19	2152537	2173593	placeholder
4	36452675	36543388	4	38543469	38616354	placeholder
15	15962590	15976106	14	19489874	19569070	placeholder
8	44244373	44260056	8	32623173	32643010	placeholder
7	51553508	51596133	7	50596912	50636790	placeholder
2	198487399	198505395	2	260644846	260666204	placeholder
7	52942930	53031024	7	51419787	51494228	placeholder
3	21783745	21789463	3	192319280	192325155	placeholder
2	149974190	149996811	2	157453571	157499922	placeholder
1	313297447	313322657	1	334786316	334814033	placeholder
4	91962449	92020931	4	96232176	96304178	placeholder
3	196740665	196774898	3	5111933	5146313	placeholder
1	184325975	184377654	1	195905841	195947357	placeholder
1	116744674	116777585	1	123166859	123198483	placeholder
3	88254233	88314594	3	119777192	119848601	placeholder
4	93231538	93301803	4	97575236	97644635	placeholder
17	9279253	9292982	17	1777817	1791708	placeholder
2	140539324	140588275	2	147263867	147282483	placeholder
1	63550054	63561275	1	66950847	66961759	placeholder
4	33458375	33592197	4	35189350	35357874	placeholder
10	5750384	5771304	11	8614828	8655537	placeholder
5	5616879	5659217	5	119965310	120004406	placeholder
13	8414261	8432425	12	9649730	9668027	placeholder
6	48695776	48769907	6	52838127	52919240	placeholder
3	181137435	181166449	3	21090341	21114619	placeholder
8	20541074	20597090	8	59419373	59485186	placeholder
2	40846012	40873029	2	41292097	41322496	placeholder
2	20003899	20070920	2	18309085	18380992	placeholder
2	190382745	190426184	2	202317502	202371894	placeholder
5	9260008	9308628	5	116384247	116434302	placeholder
5	36574361	36581601	5	87531215	87537919	placeholder
11	20286440	20297885	10	2480628	2488227	placeholder
19	4340681	4356124	19	4570150	4587280	placeholder
1	118669676	118704362	1	125257932	125294990	placeholder
2	99349228	99385045	2	101288946	101328402	placeholder
10	175048	196014	11	322950	344927	placeholder
5	34168019	34232791	5	89906030	89971597	placeholder
1	293043878	293093933	1	312932063	312992968	placeholder
17	92434	198258	17	9499716	9585411	placeholder
1	39451300	39497196	1	40333594	40387936	placeholder
15	13702501	13723804	14	17374847	17390783	placeholder
1	103085952	103136446	1	109281983	109348682	placeholder
1	130481558	130508149	1	137887793	137920245	placeholder
5	39563972	39665180	5	84271735	84321090	placeholder
1	332483509	332525805	1	354951225	355001744	placeholder
1	174200408	174225182	1	185783953	185824879	placeholder
1	85161841	85200393	1	90151306	90189000	placeholder
3	147494076	147533871	3	57429401	57471704	placeholder
1	242063390	242075412	1	258306479	258320821	placeholder
1	246419710	246461214	1	263091077	263136227	placeholder
1	168776711	168795981	1	178416149	178435507	placeholder
1	96256258	96283671	1	102148166	102166107	placeholder
8	23785905	23829716	8	55842434	55893466	placeholder
1	200800861	200815396	1	214357657	214371134	placeholder
7	6202920	6243137	2	121068691	121082162	placeholder
4	85853986	85880373	4	84642351	84677585	placeholder
4	50929907	50957802	4	54571619	54602715	placeholder
13	15774006	15799794	12	2709672	2737812	placeholder
3	168352301	168472129	3	34572538	34726247	placeholder
3	86919166	87003259	3	121170969	121238200	placeholder
4	24547680	24592992	4	25177459	25228599	placeholder
13	8814194	8824995	12	9214113	9224910	placeholder
5	30775772	30795526	5	93545348	93564262	placeholder
5	85569428	85595640	5	38574633	38586983	placeholder
1	310260484	310295084	1	332058645	332095150	placeholder
4	23255896	23313588	4	23749295	23791872	placeholder
8	53201370	53238182	8	23486970	23509947	placeholder
16	12173893	12185611	16	932878	944678	placeholder
1	87111173	87200807	1	92279865	92353858	placeholder
1	279703147	280021428	1	298179752	298510570	placeholder
17	3804622	3823345	17	6382525	6401060	placeholder
15	13684455	13697405	14	17357984	17370699	placeholder
1	236609894	236661444	1	252415242	252460460	placeholder
15	16519291	16531218	14	20071875	20082610	placeholder
15	11080990	11104701	14	15289367	15311858	placeholder
1	340342936	340382075	1	361615315	361633163	placeholder
2	101832610	101866767	2	103979277	104015328	placeholder
16	9429134	9470799	16	3783298	3829786	placeholder
5	85999461	86093524	5	38072088	38167419	placeholder
1	284284000	284362226	1	303241721	303323477	placeholder
12	13645021	13647820	13	6869086	6871885	placeholder
19	450817	459942	19	7744829	7754458	placeholder
17	11070721	11097220	17	123412	153508	placeholder
4	86435006	86493488	4	89360823	89425689	placeholder
1	18656041	18672354	1	17801573	17814530	placeholder
14	1089917	1093711	15	15861976	15865712	placeholder
4	88512763	88552041	4	92596542	92624702	placeholder
8	19573014	19604134	8	60581769	60618816	placeholder
3	70267426	70321482	3	139024086	139076992	placeholder
5	91929495	91932462	5	31591121	31594094	placeholder
13	8551471	8569704	12	9483138	9503433	placeholder
11	22975826	23001583	10	18057	43870	placeholder
12	8682132	8702781	13	11731332	11750516	placeholder
1	302657167	302693295	1	323653911	323690770	placeholder
1	168452123	168615001	1	178042692	178199507	placeholder
1	238947527	239029884	1	254875633	254949970	placeholder
4	4076299	4105335	4	3085445	3114535	placeholder
6	49230271	49296983	6	52280107	52340804	placeholder
1	159876070	159929636	1	169085148	169119676	placeholder
4	73065416	73177551	4	77777496	77868333	placeholder
1	87574714	87622491	1	92778572	92829468	placeholder
7	17676099	17744007	7	16763686	16848881	placeholder
5	100032497	100061378	5	22753899	22779538	placeholder
1	6139098	6179656	1	4895545	4931631	placeholder
2	25191602	25207160	2	23949423	23966201	placeholder
1	242435645	242458332	1	258956900	258985639	placeholder
3	115060351	115094897	3	92718063	92745679	placeholder
3	166440949	166479246	3	36713781	36758435	placeholder
3	183490588	183557734	3	18698552	18771488	placeholder
12	8311466	8329312	13	12108266	12128540	placeholder
14	5975954	6031457	15	11069539	11129212	placeholder
11	15490185	15524820	10	7040513	7072562	placeholder
4	15322490	15358130	4	14763702	14808877	placeholder
2	189779697	189792787	2	201623370	201634755	placeholder
12	18671557	18702074	13	2059092	2105522	placeholder
3	68286554	68378304	3	141178143	141261853	placeholder
4	51728686	51773822	4	55315069	55355387	placeholder
1	51609739	51624147	1	53794458	53811848	placeholder
6	36175674	36191677	6	66182606	66199267	placeholder
7	16906940	16947714	7	15915885	15954770	placeholder
6	89309700	89342504	6	11938080	12027977	placeholder
5	92597051	92626912	5	30836296	30877829	placeholder
2	100956456	100988530	2	103041533	103072850	placeholder
4	18575322	18714891	4	18402310	18558398	placeholder
7	43973094	43993795	7	44781419	44802265	placeholder
16	1237957	1259737	16	12161831	12183596	placeholder
1	251230943	251248913	1	268186631	268204001	placeholder
14	5658712	5695327	15	11404633	11445322	placeholder
15	6972432	6980370	14	11316237	11322594	placeholder
7	38707458	38744386	7	39506633	39535406	placeholder
12	710533	727072	13	20242149	20258172	placeholder
6	91513858	91598858	6	8577374	8642430	placeholder
5	115351634	115354361	5	6867591	6870318	placeholder
1	177068372	177071099	1	189541498	189544222	placeholder
7	34217506	34242458	7	34859460	34887373	placeholder
1	90103684	90157997	1	95497033	95546697	placeholder
3	32950139	33090892	3	179829603	179987442	placeholder
6	8197532	8238818	6	96005086	96042730	placeholder
4	76129734	76495785	4	80289751	80463872	placeholder
4	60826505	60950732	4	65302534	65421205	placeholder
1	18405884	18455044	1	17538262	17591413	placeholder
6	25624808	25649471	6	77673587	77703001	placeholder
4	54990336	55031673	4	58837097	58913781	placeholder
1	338198137	338209208	1	359874614	359885327	placeholder
3	25950087	25979658	3	187713243	187743279	placeholder
6	12224871	12250608	6	91726704	91752808	placeholder
3	113155440	113169168	3	94854668	94870047	placeholder
1	46322975	46399520	1	47881029	47954456	placeholder
2	51463784	51509182	2	52997951	53056120	placeholder
8	14608345	14640294	8	65732085	65761645	placeholder
6	54221868	54247433	6	47035906	47058873	placeholder
1	25296888	25319260	1	24963494	24987382	placeholder
2	199041677	199054891	2	260031922	260043604	placeholder
17	9940432	9950621	17	1158103	1169963	placeholder
16	6777891	6794191	16	6369894	6384421	placeholder
3	127595735	127676603	3	79093782	79164093	placeholder
7	28288882	28311193	7	28127891	28153497	placeholder
1	226506770	226593069	1	241707231	241809435	placeholder
3	58531249	58636486	3	151468181	151575733	placeholder
1	194735671	194762389	1	208230046	208245020	placeholder
3	131228209	131251739	3	74767767	74793579	placeholder
1	237815531	237923775	1	253693014	253813997	placeholder
1	166007450	166027246	1	175376500	175397439	placeholder
2	98283771	98294110	2	100298210	100312939	placeholder
8	43286374	43297331	8	33579821	33589811	placeholder
2	214557334	214588909	2	221818919	221860285	placeholder
8	408689	495249	8	78128986	78219306	placeholder
3	43592045	43708570	3	167792077	167930773	placeholder
1	6619161	6669861	1	5311827	5361308	placeholder
8	67458923	67512188	8	10268673	10321841	placeholder
5	103995949	103998847	5	18594708	18597600	placeholder
1	104279177	104304700	1	110537799	110563314	placeholder
1	274536958	274583633	1	292556061	292602610	placeholder
16	10962176	10990656	16	2204165	2232792	placeholder
2	83765002	83807799	2	86269585	86307591	placeholder
3	17958954	17999656	3	196470084	196511933	placeholder
2	199534420	199563893	2	259503316	259534637	placeholder
2	217449250	217467615	2	224918301	224939518	placeholder
2	117300540	117318630	2	123142693	123160039	placeholder
1	317541292	317572653	1	339248782	339278895	placeholder
14	1035132	1056553	15	15900772	15920471	placeholder
15	1833693	1847385	14	4304490	4330222	placeholder
2	32041279	32060929	2	31715104	31732475	placeholder
1	222573211	222707517	1	237527926	237651977	placeholder
12	1067825	1076293	13	19883283	19896728	placeholder
3	169626122	169628756	3	33299317	33301954	placeholder
6	46390232	46429145	6	55278895	55306446	placeholder
13	1375866	1390049	12	19613045	19633875	placeholder
15	3378355	3481230	14	6853489	7005738	placeholder
2	103406035	103469712	2	105864221	105954934	placeholder
4	36290662	36330321	4	38294803	38333565	placeholder
4	31803620	31818120	4	33271207	33286410	placeholder
8	37430172	37561672	8	40284729	40427179	placeholder
3	106546350	106574481	3	105383638	105426388	placeholder
14	7822437	7854781	15	9243021	9325532	placeholder
5	15693573	15839014	5	109603991	109761695	placeholder
3	58720321	58765201	3	151336765	151369866	placeholder
15	4771410	4831150	14	8850150	8924889	placeholder
10	11268552	11337196	11	13570983	13614166	placeholder
1	245316639	245376171	1	261976070	262033021	placeholder
2	177007178	177120913	2	187643072	187741955	placeholder
17	8039869	8052308	17	2971992	2983784	placeholder
3	132229355	132287895	3	73796388	73862101	placeholder
3	127035920	127089573	3	79720971	79744870	placeholder
1	50684637	50698583	1	52684597	52700843	placeholder
14	462805	471211	15	16493826	16502436	placeholder
1	40012616	40132599	1	40911298	40962094	placeholder
7	85177219	85200373	7	83471359	83498043	placeholder
8	51860702	51916594	8	24783399	24859580	placeholder
1	18367493	18382647	1	17495109	17509458	placeholder
16	4993712	5008274	16	8190163	8204812	placeholder
4	6550271	6593361	4	5393852	5437209	placeholder
3	14630218	14632819	3	199964472	199967076	placeholder
6	93948619	93993545	6	6055489	6100463	placeholder
2	182271080	182293047	2	193374156	193394975	placeholder
1	40141480	40202995	1	40973518	41045467	placeholder
1	287659987	287721306	1	306946411	307010905	placeholder
2	195214093	195250278	2	207567660	207637727	placeholder
2	85950719	85978840	2	88221166	88250897	placeholder
11	6211361	6220420	10	16521452	16530434	placeholder
1	298349188	298403629	1	318883196	318971306	placeholder
1	164020763	164063725	1	173192143	173241811	placeholder
8	76568065	76592895	8	2934789	2955363	placeholder
6	54475603	54612384	6	46663145	46782129	placeholder
2	129837934	129847360	2	135702538	135712429	placeholder
14	15147651	15187395	15	1901820	1948099	placeholder
1	288101205	288103788	1	307459148	307461728	placeholder
1	68997353	69023508	1	72774897	72806546	placeholder
4	87547774	87580416	4	90960211	90996777	placeholder
3	124890468	124893042	3	82064515	82067089	placeholder
4	24020760	24196219	4	24665671	24823577	placeholder
1	105496186	105513439	1	111728060	111744544	placeholder
5	19895648	19919032	5	105092622	105118968	placeholder
12	2730103	2732677	13	18205898	18208472	placeholder
19	7488913	7512241	19	1817015	1842916	placeholder
8	30768598	30816935	8	48021293	48054475	placeholder
3	22303381	22335008	3	191694865	191762630	placeholder
2	198167013	198181937	2	260903214	260918522	placeholder
2	206464446	206555948	2	213105046	213199960	placeholder
7	48036513	48063826	7	48327890	48349112	placeholder
1	151741036	151806580	1	160368931	160400950	placeholder
1	107673959	107695012	1	114037839	114065727	placeholder
2	56394819	56418743	2	58497420	58528185	placeholder
1	16163405	16184845	1	15173166	15194534	placeholder
11	20235116	20257129	10	2518993	2540196	placeholder
1	163510085	163526771	1	172657940	172673049	placeholder
5	24341221	24362885	5	100399794	100420432	placeholder
4	37534786	37544869	4	39719707	39731059	placeholder
14	4818117	4827115	15	12303775	12314111	placeholder
15	4843469	4908124	14	8977514	9013078	placeholder
8	35886256	35906676	8	42154461	42176927	placeholder
1	195374552	195384759	1	208889578	208899513	placeholder
3	46033115	46056697	3	165193680	165211454	placeholder
5	13646855	13677363	5	112019922	112050449	placeholder
6	47508441	47560686	6	54095801	54154291	placeholder
1	302318657	302389417	1	323205030	323291550	placeholder
2	153958436	154014237	2	161890219	161915760	placeholder
3	10731146	10909995	3	203933243	204094482	placeholder
4	26575	46561	4	32643	52800	placeholder
13	11714072	11723284	12	6365995	6373262	placeholder
16	11094973	11105498	16	2020438	2033105	placeholder
6	4613566	4711673	6	98940674	99028595	placeholder
4	90493366	90545489	4	94677925	94715721	placeholder
6	27039371	27082326	6	76052442	76084246	placeholder
7	13766859	13801584	7	12649210	12676840	placeholder
2	12093136	12107872	2	9862289	9870837	placeholder
2	212328001	212439163	2	219341455	219435785	placeholder
2	30425345	30465865	2	30008391	30093213	placeholder
6	67181465	67243493	6	32857154	32911561	placeholder
1	279364270	279399877	1	297770696	297818619	placeholder
7	6332775	6481577	7	5244216	5394620	placeholder
7	21186477	21217275	7	20468142	20502378	placeholder
2	215173939	215264053	2	222444139	222529643	placeholder
6	88106031	88141747	6	13944811	13984703	placeholder
13	1842561	1855971	12	18613511	18653145	placeholder
3	82025879	82071402	3	126531831	126565181	placeholder
2	21106444	21129370	2	19470725	19499031	placeholder
5	105016344	105018867	5	17487685	17490205	placeholder
1	115753136	115799004	1	122150543	122197198	placeholder
5	32463054	32479811	5	91825501	91843842	placeholder
17	379482	468879	17	9142648	9262584	placeholder
3	41973738	42017682	3	169678277	169729226	placeholder
5	69112721	69122002	5	53720707	53733890	placeholder
1	63078687	63114592	1	66449801	66479894	placeholder
13	18730071	18745642	12	90231	113101	placeholder
4	53637819	53652169	4	57395985	57411000	placeholder
4	95176195	95226825	4	99732184	99786697	placeholder
17	5699679	5705478	17	4681773	4688098	placeholder
2	199004552	199024977	2	260067092	260087406	placeholder
1	23957571	23994732	1	23383481	23439987	placeholder
8	35832137	35864093	8	42200362	42243461	placeholder
2	156087984	156121126	2	164202912	164239497	placeholder
7	40977993	41107856	7	41949370	42080828	placeholder
16	12848617	12853599	16	280025	284958	placeholder
19	5347758	5362868	19	3679709	3696715	placeholder
1	65501385	65525222	1	69102627	69130851	placeholder
1	64493247	64546650	1	68009809	68065689	placeholder
13	15858817	15876415	12	2641020	2657939	placeholder
12	14782046	14794669	13	5636543	5646370	placeholder
14	2517303	2524944	15	14423260	14431394	placeholder
14	3919063	3946017	15	12995065	13019049	placeholder
2	142578060	142623645	2	149389536	149438405	placeholder
6	24188386	24292386	6	79122349	79251470	placeholder
3	14716784	14719184	3	199872648	199875045	placeholder
4	54832468	54884122	4	58635646	58690165	placeholder
13	8499997	8513921	12	9537302	9551441	placeholder
1	242493410	242529914	1	259024837	259061994	placeholder
1	278845073	278878385	1	297211349	297246954	placeholder
1	318862190	318907731	1	340658152	340704000	placeholder
1	149186625	149212937	1	157420848	157447754	placeholder
1	48995712	49030159	1	50886789	50925246	placeholder
1	99672147	99714640	1	105596292	105628665	placeholder
4	15247752	15320366	4	14689278	14761597	placeholder
6	52941382	52969338	6	48482443	48510554	placeholder
2	140903549	140943209	2	147649643	147684111	placeholder
1	250796316	250831360	1	267710359	267746228	placeholder
11	15344429	15362792	10	7209612	7229136	placeholder
7	13303961	13372968	7	12162205	12234933	placeholder
1	237650734	237663057	1	253525488	253536145	placeholder
2	105233991	105311649	2	108245046	108337646	placeholder
3	69414086	69438341	3	140188442	140264338	placeholder
1	141722764	141786135	1	149881131	149946556	placeholder
1	116782679	116810003	1	123203635	123230430	placeholder
1	229124061	229164749	1	244558547	244603220	placeholder
1	183318460	183349493	1	194923203	194982330	placeholder
3	186289204	186304781	3	15645236	15659271	placeholder
6	46068338	46070786	6	55663697	55666145	placeholder
1	36624156	36639839	1	37221178	37238488	placeholder
1	233857288	233876608	1	249562816	249578921	placeholder
3	202793831	202847079	3	175695	226252	placeholder
1	28423353	28445523	1	28317811	28337268	placeholder
11	22531101	22539181	10	533911	541594	placeholder
5	67377364	67424757	5	55476064	55507811	placeholder
1	233889702	233935422	1	249591598	249636720	placeholder
2	183991532	184202764	2	195234678	195583031	placeholder
1	335766239	335839158	1	357925978	357984799	placeholder
2	179321993	179365287	2	190247278	190287118	placeholder
1	37176000	37178034	1	37788412	37790431	placeholder
8	76446153	76455808	8	2780980	2837382	placeholder
5	49665274	49708802	5	73751584	73797966	placeholder
13	2723755	2794594	12	16821628	16931876	placeholder
12	601462	617229	13	20350342	20365070	placeholder
6	3595193	3724203	6	99995287	100116652	placeholder
2	46937396	46972623	2	48251024	48297539	placeholder
3	119672205	119690427	3	87698009	87727869	placeholder
1	66610876	66638694	1	70211778	70243354	placeholder
3	61902946	61925328	3	147931099	147953533	placeholder
14	6466388	6485693	15	10720328	10743414	placeholder
3	88189274	88232883	3	119865614	119906861	placeholder
3	63047379	63058983	3	146713133	146726598	placeholder
13	766846	781207	12	21150732	21173754	placeholder
1	217604610	217612034	1	232222273	232230456	placeholder
1	36410002	36470024	1	36978564	37045730	placeholder
3	64404405	64436845	3	145211313	145246882	placeholder
7	58262313	58281626	7	58921959	58934469	placeholder
15	15267835	15347089	14	18892167	18914458	placeholder
3	69533262	69560529	3	140053551	140080084	placeholder
1	5925046	5973728	1	4723968	4766995	placeholder
2	163636166	163660163	2	173019315	173049182	placeholder
3	23582895	23604935	3	190358334	190375144	placeholder
3	157716787	157734761	3	46215034	46233027	placeholder
8	20598915	20647587	8	59367557	59417535	placeholder
16	9662466	9678411	16	3612047	3633057	placeholder
8	4071589	4073980	8	75233906	75236303	placeholder
17	10070731	10077097	17	911316	917119	placeholder
5	65136728	65164518	5	57896744	57926504	placeholder
1	56142156	56195708	1	58656389	58712327	placeholder
7	27457170	27459582	7	27244761	27247173	placeholder
2	154830577	154864480	2	162855057	162894879	placeholder
5	91355020	91367211	5	32188252	32198412	placeholder
14	5726242	5743861	15	11351715	11369338	placeholder
1	272418100	272438404	1	290292699	290313273	placeholder
12	10072732	10086824	13	10357248	10369483	placeholder
11	22470078	22479205	10	592009	600490	placeholder
1	9541340	9588013	1	7993288	8026262	placeholder
3	160109997	160146606	3	43712065	43758113	placeholder
7	14698004	14720050	7	13594222	13609167	placeholder
7	28488254	28510823	7	28352038	28377529	placeholder
1	159744629	159771310	1	168963833	168993261	placeholder
12	19552262	19624079	13	958065	1041154	placeholder
5	122207969	122225285	5	591342	607856	placeholder
1	180597383	180633813	1	192686001	192715997	placeholder
1	248194628	248235475	1	264956584	265002412	placeholder
3	125015084	125023599	3	81931762	81941700	placeholder
1	264596762	264669333	1	282087056	282174851	placeholder
3	135173765	135192612	3	70605116	70617703	placeholder
3	125065037	125069237	3	81885478	81890018	placeholder
4	55486412	55515170	4	59362454	59395602	placeholder
3	50522524	50547211	3	160380558	160404681	placeholder
7	33640740	33718164	7	34218071	34286365	placeholder
6	2878147	2913707	6	100743683	100770596	placeholder
15	1163141	1176722	14	2603114	2629715	placeholder
6	44584137	44604395	6	57231968	57249311	placeholder
1	40221714	40237732	1	41066430	41081110	placeholder
18	8943646	8953328	18	8473642	8483006	placeholder
2	55453734	55466315	2	57450013	57466708	placeholder
14	2053351	2055739	15	14877442	14879830	placeholder
5	53482944	53508988	5	69632965	69660195	placeholder
3	114823759	114826180	3	93024354	93026799	placeholder
6	89550321	89599259	6	10483219	10601327	placeholder
2	140628846	140681282	2	147357390	147404669	placeholder
13	7755391	7765029	12	10320250	10331913	placeholder
1	340331640	340342392	1	361604753	361614800	placeholder
2	79862189	79889400	2	83011117	83036782	placeholder
1	156046673	156071967	1	164802949	164828015	placeholder
11	4908415	4918745	10	17887703	17898230	placeholder
3	85562443	85594745	3	122671264	122707004	placeholder
3	5973063	6000024	3	208873406	208890716	placeholder
5	64812075	64824746	5	58209141	58224071	placeholder
1	205729197	205759994	1	219364462	219394135	placeholder
6	71304593	71322530	6	28446700	28465897	placeholder
4	56354737	56439151	4	60415536	60506774	placeholder
8	14354701	14356984	8	66017178	66019395	placeholder
13	6687882	6723156	12	11577151	11619926	placeholder
1	125778152	125803398	1	132905022	132928245	placeholder
1	237305639	237330706	1	253098672	253126076	placeholder
1	46260460	46292962	1	47824728	47858455	placeholder
1	309546482	309691210	1	331401948	331454456	placeholder
1	115727812	115742916	1	122128989	122140942	placeholder
7	91369237	91386502	7	89310533	89330824	placeholder
15	16989266	17001326	14	20501090	20510022	placeholder
5	55566062	55596983	5	67822986	67851224	placeholder
1	19247830	19254699	1	18332469	18338859	placeholder
7	60399844	60447909	7	60266660	60346718	placeholder
7	27048886	27075486	7	26851867	26878991	placeholder
5	81962024	82011983	5	42210502	42242123	placeholder
3	91492460	91574413	3	116871331	116911463	placeholder
13	11063368	11078990	12	6930911	6946465	placeholder
1	160098186	160119118	1	169300898	169316530	placeholder
1	252005157	252016813	1	268951755	268963095	placeholder
6	32525718	32545665	6	70140935	70159289	placeholder
5	23187801	23240871	5	101485017	101554666	placeholder
1	192743763	192751708	1	206044352	206051022	placeholder
2	150029839	150086444	2	157510404	157585728	placeholder
3	52012381	52104300	3	158607884	158721454	placeholder
15	16634093	16661140	14	20180267	20197126	placeholder
3	146244948	146263220	3	58805755	58822511	placeholder
3	70091631	70111239	3	139233375	139253264	placeholder
3	5893230	5940219	3	208922914	208972072	placeholder
4	52608599	52638301	4	56233040	56258787	placeholder
6	30288051	30305896	6	72456749	72479260	placeholder
1	228882924	228931547	1	244345394	244372471	placeholder
7	30983320	31016144	7	31237540	31274517	placeholder
14	412935	420696	15	16542665	16550268	placeholder
1	181602825	181636603	1	193566498	193583384	placeholder
3	40532203	40541125	3	171154805	171165300	placeholder
2	211124016	211138917	2	218124284	218137074	placeholder
17	10998407	11002777	17	221586	225640	placeholder
14	9327947	9340104	15	7797148	7809873	placeholder
19	3912406	3945764	19	4909617	4937094	placeholder
3	102039885	102098657	3	110445949	110503113	placeholder
3	141787358	141923005	3	63486791	63635787	placeholder
3	130559669	130654553	3	75387783	75494192	placeholder
3	137583554	137592606	3	68146656	68156540	placeholder
7	89683716	89726628	7	87665739	87714074	placeholder
10	8381028	8401202	11	10933197	10947787	placeholder
3	177659440	177674838	3	24647989	24669450	placeholder
1	335035357	335044655	1	357286349	357293323	placeholder
1	10724589	10758801	1	9167890	9204154	placeholder
2	206317391	206336911	2	212927284	212948466	placeholder
7	30374911	30403439	7	30542859	30572524	placeholder
14	5400900	5418474	15	11696608	11713844	placeholder
3	170614275	170634623	3	32251956	32271176	placeholder
16	6896387	6907997	16	6254971	6266922	placeholder
2	241663560	241683350	2	251466560	251490083	placeholder
1	16331011	16341193	1	15338087	15346562	placeholder
18	8802060	8865215	18	8370220	8372058	placeholder
2	188118139	188156270	2	199829301	199869618	placeholder
1	20951264	20973804	1	20153478	20171960	placeholder
2	176040392	176070108	2	186622655	186657574	placeholder
5	13118308	13120594	5	112569536	112571816	placeholder
1	336895643	336919122	1	358859599	358881023	placeholder
1	190959887	190974713	1	204148311	204162068	placeholder
1	328017774	328123511	1	350338214	350451125	placeholder
8	77286157	77326597	8	1380164	1413232	placeholder
6	54341760	54365907	6	46873667	46946501	placeholder
7	22819550	22839162	7	22222196	22244758	placeholder
6	18055910	18085045	6	85801397	85830815	placeholder
6	12257018	12275286	6	91704490	91722205	placeholder
3	113349643	113497158	3	94531538	94661849	placeholder
8	40922070	40948703	8	36319176	36352738	placeholder
14	15267830	15290875	15	1786537	1808391	placeholder
1	46450273	46504842	1	48002097	48038213	placeholder
4	119763564	119844637	4	124852021	124859776	placeholder
4	67666547	67771090	4	72850547	72935621	placeholder
11	5039398	5088875	10	17701149	17760545	placeholder
7	83814472	83843885	7	82155286	82181403	placeholder
3	163567015	163575289	3	39935047	39945154	placeholder
4	6483352	6532583	4	5333235	5379366	placeholder
1	232245665	232280519	1	247929758	247963884	placeholder
17	10021716	10028484	17	862310	868733	placeholder
1	106580604	106632789	1	112887989	112931330	placeholder
1	257847511	257898060	1	275088875	275144947	placeholder
1	266742900	266767040	1	284306565	284342638	placeholder
5	39095584	39129103	5	84773749	84804853	placeholder
2	100909659	100922789	2	102989481	103014637	placeholder
1	172716022	172767232	1	183173345	183276221	placeholder
1	282268967	282346846	1	300950898	301021262	placeholder
3	119964900	119973407	3	87410775	87418998	placeholder
5	53110445	53144445	5	69992574	70030108	placeholder
10	6346572	6365282	11	9196439	9211083	placeholder
11	2248786	2268135	10	21420523	21458487	placeholder
8	13856940	13877267	8	66507137	66526509	placeholder
17	5377996	5420692	17	4994461	5037820	placeholder
2	104103350	104135518	2	106615881	106645154	placeholder
2	221716428	221732724	2	229444786	229458313	placeholder
8	76512381	76542712	8	2885165	2914193	placeholder
15	4433486	4441153	14	8411179	8422251	placeholder
1	202104566	202130697	1	215850510	215881466	placeholder
2	100754989	100767370	2	102829838	102841746	placeholder
3	146265041	146288831	3	58780489	58804624	placeholder
7	16617209	16669643	7	15604908	15651120	placeholder
1	306743574	306761478	1	327998030	328027392	placeholder
5	57704259	57753792	5	65654537	65721402	placeholder
3	202896188	202902216	3	117570	123469	placeholder
3	34760720	34776705	3	177913238	177930321	placeholder
2	183616685	183758237	2	194810175	194940159	placeholder
3	44260511	44321927	3	167106482	167173337	placeholder
6	71680208	71718998	6	28031281	28071955	placeholder
1	276391933	276418337	1	294572876	294605297	placeholder
1	54091939	54322255	1	56416247	56678202	placeholder
3	106091652	106188593	3	106043806	106139095	placeholder
7	47012740	47102735	7	47496974	47593675	placeholder
7	89230210	89265177	7	87101100	87212410	placeholder
15	15537972	15558696	14	19149203	19169439	placeholder
1	149223736	149239837	1	157459630	157475633	placeholder
1	255417593	255420854	1	272522314	272525251	placeholder
15	8733937	8742505	14	13166981	13174757	placeholder
3	98170120	98218103	3	113753467	113779287	placeholder
1	169579394	169651189	1	179304962	179362845	placeholder
1	55758980	55782926	1	58221109	58238382	placeholder
8	11346139	11366633	8	69068938	69090575	placeholder
1	160479228	160514389	1	169694093	169731526	placeholder
3	107876217	107934681	3	103391439	103493858	placeholder
1	180637665	180655805	1	192717561	192734765	placeholder
3	13986511	14139700	3	200494060	200659013	placeholder
14	13852178	13867461	15	3213147	3226852	placeholder
4	43439703	43522968	4	46479695	46569476	placeholder
3	168497283	168506902	3	34526598	34538623	placeholder
6	43008988	43028207	6	58915832	58932299	placeholder
2	215700458	215827157	2	223018989	223152540	placeholder
3	196918123	196954792	3	4913616	4942369	placeholder
5	92219301	92275501	5	31244476	31292586	placeholder
1	160431378	160468142	1	169639809	169672496	placeholder
6	32602963	32632607	6	70059348	70080588	placeholder
1	323582222	323600191	1	345708700	345738099	placeholder
2	41189648	41225575	2	41640548	41671211	placeholder
3	200442583	200467322	3	2050568	2061654	placeholder
14	97554	106047	15	16853911	16863425	placeholder
3	123022639	123040509	3	84048959	84063997	placeholder
1	252446964	252487698	1	269408216	269448057	placeholder
1	145869421	145871659	1	153965911	153968149	placeholder
5	85620567	85638336	5	38534062	38554236	placeholder
3	199957800	200005234	3	2450214	2484216	placeholder
6	72750233	72782840	6	27139494	27178496	placeholder
1	143613209	143645881	1	151656702	151685797	placeholder
1	130427210	130458126	1	137825556	137858577	placeholder
5	31719102	31735567	5	92575327	92594045	placeholder
1	118898521	118952578	1	125516608	125571013	placeholder
7	83677813	83721974	7	82032982	82072967	placeholder
6	23631385	23673138	6	79797866	79837979	placeholder
11	936520	942414	10	24015753	24025532	placeholder
3	131079722	131097042	3	74952865	74973090	placeholder
7	48249681	48289994	7	48478136	48497375	placeholder
10	1631518	1642727	11	3549164	3566919	placeholder
5	98259540	98304742	5	24628282	24669031	placeholder
2	153652587	153695920	2	161532605	161575053	placeholder
4	21957183	21959391	4	22298741	22300949	placeholder
1	265979758	265989463	1	283559837	283572143	placeholder
7	9512545	9942610	7	8245911	8675325	placeholder
2	137768360	137799558	2	144126627	144152013	placeholder
3	66714719	66820708	3	142839881	142959400	placeholder
1	267042108	267056522	1	284623657	284638476	placeholder
11	21293448	21302107	10	1590973	1598607	placeholder
18	978867	1007023	18	1013551	1041451	placeholder
1	125689672	125755134	1	132804234	132872788	placeholder
19	192456	197653	19	8088240	8093475	placeholder
7	30759242	30790237	7	30930514	30978882	placeholder
1	137938181	137968690	1	145928657	145954846	placeholder
1	40925044	40943268	1	41837779	41855399	placeholder
8	39153821	39186877	8	38550672	38592320	placeholder
14	149102	153570	15	16806182	16810621	placeholder
6	24575	45742	6	103143601	103161014	placeholder
4	22382850	22414817	4	22788189	22811830	placeholder
13	17942288	17954276	12	887926	899518	placeholder
5	4739637	4750492	5	120461863	120469217	placeholder
1	294050625	294062592	1	314039419	314050585	placeholder
3	167271448	167313591	3	35856533	35905394	placeholder
5	30073736	30092213	5	94332271	94349938	placeholder
1	332870976	332903402	1	355327006	355357044	placeholder
8	29055582	29124585	8	49931341	50002256	placeholder
2	204504323	204564734	2	210864298	210922181	placeholder
7	51003783	51105799	7	50300198	50359094	placeholder
10	8116633	8172327	11	10719883	10763992	placeholder
1	315806017	315830083	1	337440325	337468365	placeholder
8	68480375	68552992	8	9193443	9273072	placeholder
4	21783919	21801259	4	22071006	22096156	placeholder
17	7398842	7420285	17	3414943	3431763	placeholder
2	33290204	33302497	2	33155910	33171837	placeholder
1	25417066	25420564	1	25068978	25072381	placeholder
3	155853209	155860822	3	48177128	48184401	placeholder
1	42852354	42887848	1	43889509	43915034	placeholder
2	214663548	214800498	2	221951753	222085615	placeholder
1	293016018	293039238	1	312893045	312929828	placeholder
2	169717403	169737288	2	179651017	179694703	placeholder
1	239233260	239258897	1	255144755	255172030	placeholder
7	5203543	5271619	7	4298106	4367167	placeholder
4	30284394	30313562	4	31444516	31467312	placeholder
2	48219522	48262306	2	49611831	49652333	placeholder
1	168847594	168873900	1	178471842	178499688	placeholder
7	40143617	40169164	7	41048277	41074333	placeholder
3	193296561	193326436	3	8283331	8311849	placeholder
3	151008978	151031151	3	53871973	53902745	placeholder
1	306974594	307004182	1	328253215	328288611	placeholder
1	323455755	323488282	1	345585691	345616745	placeholder
1	288286767	288300578	1	307644094	307659710	placeholder
5	12926141	12980483	5	112709972	112732261	placeholder
13	8219798	8231022	12	9938753	9949929	placeholder
17	8347709	8365554	17	2679414	2698573	placeholder
1	286732618	286760073	1	305994454	306016629	placeholder
1	12575220	12601740	1	11479279	11505598	placeholder
14	5095423	5111418	15	12011250	12026852	placeholder
17	9419637	9432600	17	1651451	1664490	placeholder
2	140778051	140830650	2	147511289	147564671	placeholder
11	1720059	1731883	10	22378484	22402245	placeholder
1	6754463	6756350	1	5440391	5442311	placeholder
1	227784396	227820607	1	243118411	243154646	placeholder
5	56602697	56611665	5	66884124	66893195	placeholder
6	20709303	20712195	6	82966943	82969835	placeholder
3	114023954	114044983	3	93895844	93921504	placeholder
13	421344	434979	12	22028521	22064462	placeholder
5	66595718	66631045	5	56284022	56314459	placeholder
1	80041066	80120586	1	84712836	84797252	placeholder
1	111308671	111310855	1	117561387	117563553	placeholder
15	10625778	10633834	14	14891927	14897921	placeholder
1	191124621	191189069	1	204313203	204387801	placeholder
14	3125655	3136285	15	13800422	13808508	placeholder
11	18491829	18504101	10	4107356	4118705	placeholder
1	292080507	292137011	1	311765614	311825798	placeholder
4	11760994	11775773	4	10730802	10748654	placeholder
14	7419723	7440789	15	9727985	9749103	placeholder
8	50041348	50119433	8	25567572	25665199	placeholder
1	75049816	75110933	1	79239327	79318717	placeholder
2	89999830	90063266	2	91647610	91707421	placeholder
5	55676704	55701335	5	67713878	67740470	placeholder
2	182468487	182470344	2	193570275	193572135	placeholder
6	24913648	24940704	6	78440541	78470213	placeholder
2	103259514	103315350	2	105687876	105695304	placeholder
13	7716567	7732475	12	10353457	10372521	placeholder
1	274165805	274188228	1	292126173	292147722	placeholder
3	24443573	24461576	3	189424378	189439446	placeholder
11	22480558	22485831	10	585557	590406	placeholder
2	226309896	226312044	2	234559844	234561992	placeholder
1	267488790	267510119	1	285115839	285141012	placeholder
2	160574976	160578661	2	169575545	169579424	placeholder
17	5988864	5990796	17	4460016	4461960	placeholder
4	56957150	57001300	4	61037616	61083632	placeholder
14	5247934	5261747	15	11848168	11862880	placeholder
5	52073852	52075985	5	71185977	71188113	placeholder
14	3338985	3355378	15	13580351	13593762	placeholder
7	79429587	79441703	7	77929466	77941383	placeholder
8	37656214	37658377	8	40163719	40165885	placeholder
6	33022946	33053583	6	69640625	69676591	placeholder
4	21165269	21186348	4	21335375	21362739	placeholder
3	181186276	181212748	3	21050278	21073534	placeholder
7	36349630	36358372	7	37044816	37056146	placeholder
2	32251051	32269975	2	31989721	32009346	placeholder
1	107119915	107131353	1	113480239	113494396	placeholder
2	208838297	208888736	2	215654564	215710443	placeholder
12	13743077	13764157	13	6749431	6769909	placeholder
10	9252137	9273147	11	11730201	11746567	placeholder
16	6817002	6832310	16	6323864	6339513	placeholder
6	5749027	5810286	6	98062966	98138085	placeholder
3	86019211	86042321	3	122171189	122201848	placeholder
3	22730272	22748181	3	191242639	191259251	placeholder
5	97291013	97323002	5	25719424	25758159	placeholder
4	64164224	64166258	4	68936138	68938833	placeholder
11	21154272	21173694	10	1709941	1728635	placeholder
6	2463214	2474449	6	100956182	100967747	placeholder
7	60957800	60959930	7	60744974	60747098	placeholder
2	214901462	214934696	2	222184432	222221702	placeholder
6	61604426	61645481	6	39467573	39504298	placeholder
7	85815569	85840053	7	84090303	84113071	placeholder
1	267426003	267465367	1	285050142	285093937	placeholder
1	29805675	29807799	1	29770655	29772782	placeholder
1	299957968	299978675	1	320633381	320661746	placeholder
1	26903201	26906925	1	26678585	26682578	placeholder
15	7157139	7227663	14	11533785	11608315	placeholder
6	51787914	51809061	6	49715420	49732488	placeholder
6	38612353	38640982	6	63529828	63585960	placeholder
3	46418073	46431624	3	164817727	164832788	placeholder
12	4312006	4315339	13	16527486	16530305	placeholder
6	45153207	45164675	6	56610922	56623534	placeholder
10	1413933	1424699	11	3077680	3101315	placeholder
1	25876478	25896785	1	25561641	25578394	placeholder
3	202570433	202578919	3	423121	441212	placeholder
14	5069027	5087072	15	12037589	12056742	placeholder
4	53783926	53808500	4	57540172	57558505	placeholder
2	18899355	18922142	2	17215027	17233277	placeholder
3	119809001	119836363	3	87559353	87588183	placeholder
3	107619582	107636339	3	103940960	103985389	placeholder
3	135699719	135721423	3	70033216	70052244	placeholder
10	5334389	5354566	11	8195043	8213210	placeholder
3	105301171	105315873	3	107077307	107093052	placeholder
12	10425316	10453835	13	9968985	9989339	placeholder
1	151438976	151447941	1	160051266	160060958	placeholder
7	62223587	62244025	7	61825258	61852285	placeholder
7	6039489	6068063	7	5021902	5051399	placeholder
11	12919108	12930530	10	9660858	9671792	placeholder
3	99343622	99353077	3	113052340	113068462	placeholder
13	3489110	3539839	12	15682982	15743453	placeholder
3	104317282	104372808	3	108164385	108206613	placeholder
7	37753906	37772295	7	38521206	38546516	placeholder
10	9338784	9358860	11	11806769	11824970	placeholder
4	27828410	27949756	4	28712794	28855829	placeholder
1	276174601	276212676	1	294377990	294422657	placeholder
1	125941679	125972003	1	133091671	133126201	placeholder
1	75132112	75151198	1	79349580	79373496	placeholder
7	30813374	30825818	7	31013214	31025846	placeholder
1	154378000	154414117	1	163155627	163194621	placeholder
3	68090248	68106212	3	141475919	141491403	placeholder
5	61863009	61872181	5	61300094	61309419	placeholder
6	19292408	19349616	6	84439818	84496198	placeholder
6	3799348	3822245	6	99916745	99937765	placeholder
15	10535260	10553339	14	14765408	14778745	placeholder
16	6638905	6663554	16	6494050	6519134	placeholder
3	158380427	158382521	3	45485546	45487640	placeholder
1	26298500	26344136	1	26002941	26043062	placeholder
5	78539546	78541637	5	45596040	45598125	placeholder
1	256973326	256992255	1	274154495	274173153	placeholder
1	303239497	303312151	1	324151113	324236204	placeholder
6	90780463	90802658	6	9065683	9084674	placeholder
1	178086714	178108728	1	190483171	190508790	placeholder
1	51576826	51584596	1	53751902	53759568	placeholder
14	15294804	15307434	15	1766913	1782798	placeholder
7	28886776	28904523	7	28797864	28822565	placeholder
15	3674274	3694956	14	7295489	7321833	placeholder
1	104470487	104508888	1	110720180	110756609	placeholder
1	277555437	277584143	1	295795307	295825842	placeholder
5	106181144	106183202	5	16287972	16290030	placeholder
6	1565163	1644185	6	101576709	101649417	placeholder
5	56751200	56770397	5	66707827	66727495	placeholder
12	16081471	16109931	13	4559260	4589117	placeholder
3	175819175	175847480	3	26644921	26672671	placeholder
5	21723301	21772953	5	103082728	103145222	placeholder
5	108587871	108608774	5	13734947	13754275	placeholder
10	6009711	6021040	11	8899598	8906992	placeholder
1	38997309	39026644	1	39835480	39872713	placeholder
6	39025962	39042138	6	63053677	63069375	placeholder
3	87663629	87681163	3	120441642	120459576	placeholder
14	2346156	2355076	15	14587636	14596088	placeholder
6	22177860	22182565	6	81298667	81321247	placeholder
1	205908500	205924970	1	219415354	219437657	placeholder
8	59050664	59062013	8	18062173	18078997	placeholder
5	22851896	22868430	5	101880920	101899428	placeholder
2	204610022	204625246	2	210969570	210983905	placeholder
12	8162204	8178711	13	12267062	12283752	placeholder
12	1026031	1045074	13	19916695	19937118	placeholder
7	23253420	23269120	7	22714957	22732183	placeholder
2	99098184	99120335	2	101020607	101041442	placeholder
3	25986930	25989228	3	187703052	187705353	placeholder
7	26577078	26591845	7	26381216	26396489	placeholder
1	51173462	51175484	1	53286382	53288404	placeholder
14	5421400	5426391	15	11687981	11693102	placeholder
7	73703274	73712064	7	71980034	71988353	placeholder
5	108179688	108204221	5	14134451	14152478	placeholder
4	42129131	42152342	4	44878625	44914581	placeholder
6	38460978	38468666	6	63715412	63720697	placeholder
5	31924295	31948433	5	92362659	92387240	placeholder
1	224840678	224860871	1	239876407	239895577	placeholder
1	63741051	63752681	1	67158044	67174896	placeholder
15	3762358	3810332	14	7431016	7520789	placeholder
3	183906201	183920031	3	18303327	18317199	placeholder
1	165196606	165294594	1	174445209	174541186	placeholder
13	1449839	1459379	12	19489918	19507213	placeholder
1	208840728	208908407	1	222630150	222688446	placeholder
5	66662905	66784378	5	56071984	56237085	placeholder
7	74596691	74627661	7	72874829	72903327	placeholder
5	5807841	5863742	5	119789463	119835830	placeholder
12	4410499	4412533	13	16242188	16244228	placeholder
1	158148691	158163760	1	167239235	167256429	placeholder
3	48369482	48440599	3	162700512	162781165	placeholder
1	127265797	127311346	1	134547783	134589430	placeholder
3	156829284	156836721	3	47164346	47173005	placeholder
1	300807653	300845326	1	321571595	321641840	placeholder
1	192939460	192986400	1	206239566	206277905	placeholder
14	13711897	13745447	15	3343462	3379309	placeholder
16	11519761	11540819	16	1577345	1600230	placeholder
2	68303553	68335008	2	71162472	71189090	placeholder
1	69985824	70027742	1	73809833	73853822	placeholder
17	7967694	7971107	17	3051682	3055061	placeholder
8	76966852	76988365	8	1678102	1701192	placeholder
6	26944218	26948019	6	76200036	76203622	placeholder
5	79299714	79305837	5	45027924	45039855	placeholder
2	98207390	98228996	2	100222783	100244209	placeholder
2	191734979	191765888	2	203720793	203751006	placeholder
13	3807246	3809657	12	15365237	15367997	placeholder
2	100871946	100890291	2	102962971	102979544	placeholder
6	42133525	42183111	6	59836855	59889002	placeholder
6	81732579	81754460	6	20837508	20887415	placeholder
17	3219629	3253592	17	6838920	6875309	placeholder
13	1794461	1806478	12	18723435	18742927	placeholder
5	22490364	22494039	5	102293010	102296836	placeholder
2	141174238	141202811	2	147939667	147967414	placeholder
5	110440385	110474533	5	11801083	11813477	placeholder
2	156642611	156682926	2	164699768	164740290	placeholder
3	147716809	147764538	3	57180414	57233899	placeholder
1	242690408	242719292	1	259254073	259279083	placeholder
14	8977538	8992230	15	8142079	8155243	placeholder
1	2393884	2421574	1	1962165	1983464	placeholder
3	141669456	141688815	3	63756518	63774078	placeholder
15	13442619	13464273	14	17234074	17254813	placeholder
3	46377981	46401201	3	164851967	164875226	placeholder
4	84536506	84584852	4	85947406	85999387	placeholder
3	23660683	23665880	3	190295361	190300512	placeholder
1	251290581	251314335	1	268241373	268275660	placeholder
1	192817189	192837384	1	206112320	206131223	placeholder
13	14847741	14870565	12	3505710	3526739	placeholder
19	3029259	3051627	19	5648659	5668965	placeholder
14	14086228	14124886	15	2989824	3022055	placeholder
6	24584050	24613693	6	78788048	78814832	placeholder
1	62637726	62663444	1	65989054	66013330	placeholder
2	133202140	133228758	2	139118591	139145655	placeholder
7	55088506	55139210	7	54713221	54741149	placeholder
3	192503100	192536146	3	9083062	9116522	placeholder
2	99391377	99416032	2	101333413	101355129	placeholder
8	35702137	35722667	8	42370943	42391005	placeholder
1	332409042	332443729	1	354879496	354911427	placeholder
7	71769248	71815482	7	69918124	69950995	placeholder
7	46464416	46515335	7	47029889	47078371	placeholder
4	84989915	85020894	4	85522825	85550356	placeholder
3	20336981	20374339	3	193807112	193851798	placeholder
17	10153359	10160715	17	994884	1003755	placeholder
8	7887896	7925263	8	71664479	71697245	placeholder
13	2969322	2994221	12	16456296	16503810	placeholder
4	86594670	86637716	4	89546920	89582794	placeholder
4	6782576	6815028	4	5599464	5624607	placeholder
5	91973527	91993430	5	31532393	31553876	placeholder
6	93832371	93863244	6	6196838	6231682	placeholder
10	7486274	7529399	11	10199740	10234397	placeholder
7	27955049	27984528	7	27795243	27812790	placeholder
1	88345235	88347221	1	93622238	93624227	placeholder
8	4043067	4050313	8	75262874	75271283	placeholder
13	18720326	18722306	12	119354	121328	placeholder
2	76130319	76197140	2	79144357	79206822	placeholder
2	173064567	173087225	2	183405539	183430832	placeholder
13	2605139	2625199	12	17087878	17109014	placeholder
11	8329387	8351147	10	14128548	14148395	placeholder
4	21437446	21464421	4	21649201	21684099	placeholder
7	92765029	92785142	7	90685111	90706020	placeholder
1	50352555	50367427	1	52368674	52385384	placeholder
1	44304223	44306212	1	45555905	45557894	placeholder
1	238854191	238864806	1	254788651	254798513	placeholder
5	51042224	51070414	5	72245715	72274401	placeholder
13	8587675	8610232	12	9441687	9463386	placeholder
12	17023730	17081666	13	3627835	3679203	placeholder
3	70137077	70155399	3	139187868	139205527	placeholder
4	92341892	92353509	4	96640297	96652593	placeholder
6	10913750	10940124	6	93124128	93147047	placeholder
13	14750270	14772578	12	3575445	3596247	placeholder
1	187386399	187414397	1	199068360	199097511	placeholder
1	82853155	82880989	1	87710059	87742990	placeholder
1	280656639	280765480	1	299220537	299323041	placeholder
7	10650204	10670668	7	9395803	9410639	placeholder
15	8484689	8498860	14	12917557	12930764	placeholder
2	157533851	157547077	2	165708069	165724788	placeholder
15	16791579	16885398	14	20332994	20394257	placeholder
1	267199755	267223821	1	284796678	284828919	placeholder
1	6742690	6744661	1	5430249	5432226	placeholder
19	4485279	4498901	19	4427405	4441204	placeholder
8	40993642	41010012	8	36238929	36259324	placeholder
3	146453069	146478667	3	58573914	58599805	placeholder
3	86007855	86016312	3	122205138	122216743	placeholder
19	7525352	7541629	19	1790062	1810373	placeholder
1	322413830	322431842	1	344455327	344471036	placeholder
16	2818971	2827957	16	10541669	10552693	placeholder
1	114858261	114867187	1	121181873	121191045	placeholder
1	99041624	99057412	1	104953287	104969528	placeholder
7	89769446	89793019	7	87756035	87778166	placeholder
1	147068889	147148267	1	155203873	155282929	placeholder
14	15332763	15341106	15	1731981	1740210	placeholder
15	4681819	4736864	14	8731601	8804243	placeholder
13	12620550	12636546	12	5549311	5564088	placeholder
6	25575903	25609549	6	77719896	77762053	placeholder
17	4305069	4319996	17	5923120	5936337	placeholder
1	189031107	189033051	1	200855551	200857495	placeholder
12	139269	143657	13	20834122	20838591	placeholder
1	205604055	205641011	1	219233621	219272445	placeholder
12	9934418	9994213	13	10445875	10486274	placeholder
1	215016454	215044251	1	229287694	229319574	placeholder
6	5498541	5523888	6	98354508	98375548	placeholder
16	2085637	2140164	16	11240193	11293875	placeholder
16	12123123	12128197	16	989542	994671	placeholder
15	3586863	3602538	14	7165305	7186064	placeholder
3	35895379	35907861	3	176603725	176616095	placeholder
3	173972661	173986473	3	28708208	28725643	placeholder
3	200347600	200378899	3	2121453	2156456	placeholder
2	156761734	156804323	2	164820567	164874994	placeholder
1	316979802	317003236	1	338651945	338672533	placeholder
12	8371088	8384512	13	12056408	12069773	placeholder
14	3584079	3589731	15	13343176	13349727	placeholder
1	83968339	84026997	1	88827930	88891703	placeholder
1	187427525	187508310	1	199112082	199202317	placeholder
17	1769547	1825787	17	7817133	7871918	placeholder
7	36135064	36154646	7	36842874	36871986	placeholder
6	41046556	41070802	6	60994119	61018901	placeholder
1	153564488	153566495	1	162321225	162323232	placeholder
15	615328	634618	14	1379548	1420353	placeholder
7	89189125	89217896	7	87149546	87175598	placeholder
1	73092780	73125118	1	76933656	76971025	placeholder
6	25657645	25696495	6	77623801	77666600	placeholder
7	25899762	25915322	7	25691460	25704977	placeholder
3	107122323	107132137	3	105030356	105041762	placeholder
3	119368106	119385867	3	88009830	88027879	placeholder
1	239834566	239859774	1	255741861	255771309	placeholder
14	4962005	4976400	15	12151426	12165099	placeholder
1	66066018	66096837	1	69711518	69733679	placeholder
3	47313647	47326889	3	163992462	164005835	placeholder
1	204912027	204949717	1	218510444	218546765	placeholder
6	56069654	56126986	6	45100736	45170287	placeholder
1	277813024	277830382	1	296060217	296083915	placeholder
13	7545770	7557490	12	10608082	10619998	placeholder
15	15599732	15605616	14	19204006	19211262	placeholder
3	50629654	50645262	3	160276137	160290265	placeholder
16	1144925	1162051	16	12244534	12285092	placeholder
2	190653840	190678006	2	202630693	202655458	placeholder
15	8265911	8276334	14	12704356	12715630	placeholder
14	389153	401353	15	16561892	16573116	placeholder
2	177571989	177580763	2	188208341	188217487	placeholder
2	11280998	11299131	2	9215411	9230353	placeholder
3	23426112	23438338	3	190520171	190532801	placeholder
1	50515460	50520954	1	52557811	52562598	placeholder
6	38731727	38785467	6	63384255	63447845	placeholder
13	3651811	3664641	12	15539956	15559763	placeholder
14	6541196	6563813	15	10631361	10656094	placeholder
6	93625338	93627003	6	6460411	6462082	placeholder
5	18082782	18085040	5	107104885	107107248	placeholder
2	205376374	205394974	2	211856205	211866287	placeholder
6	31816202	31818119	6	70899635	70901540	placeholder
2	133676320	133800936	2	139590540	139717947	placeholder
1	77310533	77312441	1	81869708	81871616	placeholder
11	22499388	22508049	10	565478	572615	placeholder
1	215075059	215087155	1	229366395	229374955	placeholder
1	40294343	40313049	1	41132156	41152069	placeholder
1	159783942	159787447	1	169003758	169007278	placeholder
12	740925	747660	13	20221119	20227704	placeholder
1	27942839	27958970	1	27788123	27807550	placeholder
2	195352896	195388075	2	207721483	207757485	placeholder
8	55041225	55058536	8	21375504	21396181	placeholder
16	2187264	2211752	16	11175011	11201331	placeholder
1	111410788	111438357	1	117663983	117689034	placeholder
5	26156373	26169504	5	98506637	98520690	placeholder
1	66651694	66666731	1	70254816	70267540	placeholder
4	50490751	50522083	4	54095789	54119582	placeholder
6	45310155	45329743	6	56441184	56461399	placeholder
1	55710135	55757126	1	58157795	58211037	placeholder
2	28663235	28689030	2	27950518	27975032	placeholder
16	7960094	7976163	16	5086927	5104146	placeholder
1	319234287	319260116	1	340997299	341022279	placeholder
6	86009206	86027263	6	16539760	16560187	placeholder
8	43238262	43259373	8	33636864	33686417	placeholder
1	227713155	227727986	1	243043165	243058732	placeholder
2	152511667	152550859	2	160194021	160233811	placeholder
6	93919580	93928190	6	6123066	6129213	placeholder
1	336396964	336429115	1	358481223	358512768	placeholder
3	164297061	164320082	3	39054370	39074410	placeholder
6	32863814	32865629	6	69822581	69824390	placeholder
8	21804074	21833125	8	57979761	58014526	placeholder
8	69758963	69798107	8	8313851	8362144	placeholder
4	2616169	2636530	4	2173295	2202249	placeholder
2	217368933	217412554	2	224829931	224879403	placeholder
1	259637474	259655383	1	276998390	277016959	placeholder
11	20693908	20700021	10	2107365	2113715	placeholder
15	9032792	9065306	14	13456318	13488069	placeholder
7	33058257	33081253	7	33630109	33657435	placeholder
1	181514667	181528618	1	193506459	193520251	placeholder
8	19207512	19253844	8	60938260	60994171	placeholder
3	131049597	131073748	3	74979079	74999615	placeholder
11	7692819	7694370	10	14832741	14834289	placeholder
4	9153652	9171600	4	7927020	7945549	placeholder
2	21138398	21189555	2	19509275	19579097	placeholder
1	236791516	236832009	1	252581212	252623436	placeholder
5	119346617	119401107	5	2998917	3012360	placeholder
4	86378	92021	4	96739	102245	placeholder
3	17301378	17316037	3	197219156	197233758	placeholder
3	114923396	114930964	3	92895218	92906153	placeholder
2	212895695	212912720	2	219964771	219981510	placeholder
3	194934037	195003133	3	6664295	6735177	placeholder
2	191642585	191683670	2	203616233	203662703	placeholder
19	2885873	2898232	19	5498072	5511999	placeholder
1	179015947	179051668	1	191297574	191338784	placeholder
3	123198904	123223578	3	83862409	83887606	placeholder
3	64614252	64643193	3	144982393	145012510	placeholder
6	51598703	51624092	6	49850241	49879999	placeholder
3	168967006	168991231	3	34018089	34047036	placeholder
1	8854688	8898018	1	7251271	7297647	placeholder
5	56080699	56114605	5	67431120	67462208	placeholder
1	41746528	41777448	1	42738082	42762619	placeholder
3	159153667	159216358	3	44566636	44630261	placeholder
11	20578512	20581864	10	2225459	2228815	placeholder
14	4834247	4851514	15	12280801	12296631	placeholder
3	63662055	63739870	3	145967844	146062791	placeholder
5	30255138	30298051	5	94058278	94124384	placeholder
2	220680735	220705365	2	228322770	228346679	placeholder
1	119023463	119043568	1	125650492	125674730	placeholder
2	217116870	217164118	2	224534537	224595358	placeholder
17	8626861	8630354	17	2407428	2411874	placeholder
7	90675268	90700028	7	88662848	88683602	placeholder
6	219349	236098	6	102949653	102967994	placeholder
5	20753608	20780597	5	104216849	104244506	placeholder
1	35823694	35902139	1	36333271	36456986	placeholder
3	92220291	92452865	3	116387393	116475117	placeholder
1	68963381	68977297	1	72741822	72755782	placeholder
1	229377961	229408027	1	244838067	244869853	placeholder
4	5243910	5257733	4	4145854	4157703	placeholder
11	15402863	15414290	10	7150432	7161983	placeholder
14	6511294	6523354	15	10678049	10692584	placeholder
1	126052168	126067625	1	133204608	133227547	placeholder
2	156468600	156484408	2	164615779	164631633	placeholder
16	11012189	11019694	16	2166497	2181154	placeholder
3	27369474	27376557	3	186140865	186152723	placeholder
3	157822405	157838351	3	46099109	46114078	placeholder
1	184067595	184150763	1	195693302	195781244	placeholder
13	15839662	15845438	12	2670235	2675968	placeholder
6	18412489	18423650	6	85438657	85446042	placeholder
8	76328783	76346073	8	2712912	2734489	placeholder
6	56036037	56063656	6	45174964	45203824	placeholder
11	8485569	8511649	10	13964647	13989176	placeholder
4	58149573	58193921	4	62511815	62553691	placeholder
1	165595561	165612962	1	174885412	174910608	placeholder
3	160649964	160682193	3	43159290	43189442	placeholder
6	58221307	58246547	6	43014358	43036176	placeholder
1	73260286	73290399	1	77138524	77166182	placeholder
1	233605389	233628171	1	249305097	249335331	placeholder
15	14336425	14338267	14	17903566	17905408	placeholder
11	10562621	10567401	10	11905564	11909285	placeholder
5	34099014	34147642	5	89992004	90109926	placeholder
1	340309939	340331299	1	361580616	361604456	placeholder
8	25493162	25516035	8	53927377	53956052	placeholder
2	214825719	214836982	2	222108158	222120124	placeholder
3	175624518	175653282	3	26855716	26875741	placeholder
3	155741986	155766935	3	48268509	48293329	placeholder
16	11838015	11843820	16	1263869	1271627	placeholder
6	44444388	44463329	6	57383569	57406786	placeholder
4	24403869	24426836	4	25026633	25043963	placeholder
4	73907481	73935381	4	78525406	78582301	placeholder
2	179470086	179498426	2	190364405	190392697	placeholder
6	38421591	38427460	6	63757641	63763250	placeholder
11	20216916	20229271	10	2545997	2559230	placeholder
15	13299243	13312449	14	17108821	17121420	placeholder
2	21669356	21685370	2	20092228	20102763	placeholder
2	68278635	68285811	2	71133054	71140035	placeholder
1	287210371	287231053	1	306477886	306499777	placeholder
2	147672991	147723432	2	155053423	155112532	placeholder
19	7319111	7344918	19	1993319	2019670	placeholder
14	7067819	7069625	15	10085628	10087434	placeholder
1	72170070	72192852	1	76002396	76021744	placeholder
2	99917309	99931627	2	101900461	101914397	placeholder
3	25652516	25685149	3	188027020	188069403	placeholder
3	95039472	95109661	3	115232793	115256968	placeholder
14	9437963	9462171	15	7674085	7700808	placeholder
10	627084	637812	11	1303038	1315943	placeholder
1	314335973	314346419	1	335842544	335854037	placeholder
1	13323015	13350861	1	12261210	12286553	placeholder
3	123636865	123666471	3	83380193	83411233	placeholder
8	35463358	35492728	8	42610133	42627431	placeholder
15	11793579	11806467	14	15923159	15935613	placeholder
5	16437473	16447415	5	108898622	108908268	placeholder
5	79507345	79539153	5	44828329	44864672	placeholder
4	9552705	9576166	4	8344509	8364296	placeholder
3	119151451	119208276	3	88189396	88256132	placeholder
2	212855477	212864660	2	219914681	219926064	placeholder
1	149168312	149180477	1	157406515	157415808	placeholder
2	80519096	80520914	2	83673581	83675399	placeholder
1	250242810	250251958	1	267069952	267078773	placeholder
1	317241862	317255699	1	338929239	338946011	placeholder
3	184909490	184954954	3	17154849	17197787	placeholder
3	141125752	141228375	3	64211670	64321920	placeholder
1	194063525	194082722	1	207431084	207449591	placeholder
3	179579713	179621224	3	22739946	22785105	placeholder
1	265781759	265815390	1	283347233	283378347	placeholder
1	195064456	195097211	1	208559859	208592304	placeholder
5	64873578	64887517	5	58161510	58169950	placeholder
13	3231649	3240306	12	16107520	16117797	placeholder
1	335179739	335207323	1	357410601	357432278	placeholder
6	53388279	53601497	6	47767203	48000782	placeholder
2	61550665	61573377	2	63837917	63860479	placeholder
12	3471024	3487830	13	17443361	17459467	placeholder
1	42227314	42252118	1	43251505	43280832	placeholder
12	13108326	13132001	13	7406568	7429075	placeholder
3	144660198	144687093	3	60515015	60541272	placeholder
2	1810342	1824508	2	1496606	1504934	placeholder
1	11485536	11497538	1	9965982	9983700	placeholder
2	189731869	189751404	2	201582436	201600254	placeholder
1	122925250	122944613	1	129934611	129956200	placeholder
8	38335773	38340948	8	39439930	39445539	placeholder
16	9644456	9655587	16	3639806	3651227	placeholder
3	100078431	100116554	3	112416586	112443417	placeholder
17	261493	276175	17	9407643	9422556	placeholder
2	234423899	234435922	2	243592061	243603564	placeholder
16	11784848	11792140	16	1320269	1327572	placeholder
6	67288079	67311123	6	32786808	32810944	placeholder
3	131113922	131145715	3	74887554	74927980	placeholder
2	147348718	147364328	2	154823466	154842425	placeholder
1	336132016	336161346	1	358229369	358281690	placeholder
1	113199	118670	1	172657	179127	placeholder
6	38828008	38850928	6	63272219	63304709	placeholder
3	32622240	32628257	3	180340782	180348430	placeholder
6	20407055	20437691	6	83210410	83256442	placeholder
19	3008338	3018296	19	5626016	5636947	placeholder
1	271836579	271838373	1	289663116	289664910	placeholder
3	107039223	107054104	3	105129938	105145793	placeholder
4	20613571	20655223	4	20720189	20769334	placeholder
1	1949424	1972083	1	1578019	1593965	placeholder
7	33913366	33937095	7	34500537	34517507	placeholder
8	28954937	28974395	8	50097948	50117023	placeholder
5	3998839	4081979	5	120977457	121044372	placeholder
4	44439047	44451214	4	47510533	47518713	placeholder
17	11015219	11025585	17	198588	208782	placeholder
1	301552530	301565588	1	322394852	322407251	placeholder
2	67036979	67070254	2	69780971	69824277	placeholder
3	140120971	140156402	3	65400090	65435378	placeholder
14	8419143	8449534	15	8725715	8752426	placeholder
17	10696587	10701778	17	612398	617415	placeholder
3	45504036	45525355	3	165787591	165807549	placeholder
5	74541862	74668493	5	48827233	48980723	placeholder
3	169040500	169063314	3	33933703	33956908	placeholder
2	133234377	133264465	2	139151683	139183948	placeholder
1	251660397	251675799	1	268614237	268629217	placeholder
2	30004920	30043650	2	29557672	29592441	placeholder
2	152161450	152178871	2	159778163	159802209	placeholder
6	55934118	55962245	6	45288315	45324513	placeholder
10	11464076	11511550	11	13695214	13724391	placeholder
3	62066597	62098907	3	147747470	147784474	placeholder
3	186248096	186254310	3	15698391	15707968	placeholder
6	85459466	85469273	6	17105585	17116706	placeholder
12	16542351	16547035	13	4144399	4148960	placeholder
1	129332858	129716183	1	136633317	137088290	placeholder
14	10156425	10167203	15	6974983	6984952	placeholder
2	101021629	101033175	2	103106368	103126468	placeholder
13	7897418	7899366	12	10177341	10180843	placeholder
1	273423470	273432459	1	291309115	291318136	placeholder
2	133043230	133084339	2	138953559	138995686	placeholder
2	214943016	214952176	2	222228385	222235761	placeholder
8	30861702	30897105	8	47952354	47982169	placeholder
1	260861429	260884234	1	278337914	278357848	placeholder
2	198855826	198877724	2	260233019	260259285	placeholder
1	94572924	94592623	1	100315167	100329425	placeholder
13	12483339	12500266	12	5673717	5688781	placeholder
7	71840461	71853070	7	69976406	69988714	placeholder
8	75223828	75240148	8	1769296	1785192	placeholder
8	70317262	70337824	8	7888824	7903283	placeholder
17	10882680	10885901	17	335946	338816	placeholder
3	197297025	197349323	3	4500565	4553074	placeholder
1	17531440	17542199	1	16607550	16618078	placeholder
12	982787	994294	13	19968823	19979575	placeholder
1	116556674	116569222	1	122967576	122977344	placeholder
19	3889509	3902841	19	4944624	4957665	placeholder
1	267883849	267890766	1	285554128	285560387	placeholder
15	5126166	5127933	14	9276341	9278108	placeholder
13	18047069	18053331	12	793753	800347	placeholder
11	19495646	19524242	10	3196971	3222960	placeholder
2	32321588	32323355	2	32070836	32072603	placeholder
17	10131528	10138826	17	972644	980848	placeholder
1	195499238	195503521	1	209034883	209039152	placeholder
13	16975555	16985609	12	1733034	1743831	placeholder
5	35241311	35257611	5	88792798	88814110	placeholder
6	62415695	62522939	6	38615510	38722396	placeholder
1	173068176	173109692	1	183807305	183870521	placeholder
14	992487	1001882	15	15956784	15967004	placeholder
1	6055681	6086855	1	4744759	4860176	placeholder
6	26996007	27013964	6	76120326	76135609	placeholder
3	20409143	20441020	3	193741542	193772098	placeholder
6	80858695	80885112	6	21515218	21535654	placeholder
1	142507090	142642933	1	150737383	150853356	placeholder
8	7702023	7753255	8	71819681	71883060	placeholder
1	334753133	334818459	1	357047200	357098709	placeholder
3	201629447	201739908	3	1042700	1117597	placeholder
2	25954031	25961169	2	24847506	24854171	placeholder
1	284098536	284122410	1	303000852	303026110	placeholder
3	137969465	138060651	3	67624165	67732047	placeholder
1	64006165	64025695	1	67472594	67492247	placeholder
5	65998036	65999788	5	57018191	57019937	placeholder
13	17690890	17725094	12	1045662	1122941	placeholder
15	14796425	14821547	14	18317386	18338698	placeholder
3	188734513	188754497	3	13063227	13082592	placeholder
1	75641562	75657505	1	79925027	79939980	placeholder
5	22067757	22090552	5	102741218	102765880	placeholder
8	29462365	29486035	8	49513632	49534765	placeholder
1	327545809	327588880	1	349828460	349880799	placeholder
1	23678791	23706015	1	23064969	23102739	placeholder
3	147164245	147177339	3	57793949	57806654	placeholder
6	52344711	52364582	6	49136608	49154609	placeholder
2	168092553	168108271	2	177750271	177766408	placeholder
3	50573972	50600844	3	160326821	160351820	placeholder
7	13003250	13052407	7	11844274	11898978	placeholder
7	47664049	47684437	7	48078224	48094171	placeholder
1	108428	110252	1	168126	169944	placeholder
1	312096940	312125730	1	333502575	333532747	placeholder
16	10814396	10822355	16	2398013	2407177	placeholder
8	48091017	48117555	8	28156601	28185280	placeholder
4	73619236	73705552	4	78309488	78387546	placeholder
6	86301607	86402555	6	16112977	16213586	placeholder
6	18341279	18378763	6	85483040	85501024	placeholder
6	42351421	42365591	6	59638720	59651683	placeholder
1	244878381	244896471	1	261537292	261559871	placeholder
14	1491669	1497561	15	15442687	15448506	placeholder
3	14457778	14470832	3	200131374	200142827	placeholder
3	142364452	142376090	3	63009471	63022016	placeholder
2	212498068	212523024	2	219497695	219521082	placeholder
2	177137148	177149805	2	187757486	187770369	placeholder
16	11768037	11774111	16	1336718	1343722	placeholder
4	20240117	20257089	4	20194179	20206859	placeholder
4	50744472	50746206	4	54366587	54368321	placeholder
3	134725636	134739849	3	71105798	71120851	placeholder
4	98973992	99045246	4	104093782	104138387	placeholder
5	81606318	81689224	5	42540986	42599619	placeholder
14	15884627	15895783	15	1164433	1175127	placeholder
17	8564620	8577562	17	2463713	2478799	placeholder
5	94021260	94048685	5	29417119	29452929	placeholder
8	24737535	24752363	8	54812896	54831061	placeholder
2	61253659	61255342	2	63494879	63496562	placeholder
2	168862454	169019274	2	178571191	178751592	placeholder
17	10390491	10396167	17	812180	818078	placeholder
1	86777462	86796300	1	91943208	91974240	placeholder
7	80176112	80196066	7	78604858	78620888	placeholder
2	152842661	152859025	2	160592599	160601882	placeholder
1	70919357	70979978	1	74662756	74715885	placeholder
3	115307260	115335352	3	92443290	92478015	placeholder
13	13475904	13553844	12	4802059	4872475	placeholder
5	9547918	9596543	5	116242761	116299574	placeholder
2	216844410	217005297	2	224240265	224433067	placeholder
13	1928773	1947336	12	18406677	18433251	placeholder
3	115230212	115243642	3	92545790	92556618	placeholder
7	23119574	23149674	7	22579578	22603431	placeholder
16	7868196	7869906	16	5202259	5203969	placeholder
3	140078906	140103855	3	65452607	65485932	placeholder
5	68174538	68271797	5	54515184	54647179	placeholder
3	171522617	171540388	3	31397938	31415849	placeholder
2	212535270	212568319	2	219536848	219564529	placeholder
3	165866680	165875687	3	37393604	37402238	placeholder
2	190883362	190891257	2	202896487	202905599	placeholder
2	206281362	206296011	2	212883564	212902965	placeholder
13	3838939	3859343	12	15286626	15318710	placeholder
6	10258474	10292530	6	93882661	93923455	placeholder
11	6901554	6944970	10	15707171	15764061	placeholder
1	190801953	190812705	1	203977566	203987865	placeholder
8	37738626	37750539	8	40069089	40078311	placeholder
16	7518755	7535132	16	5565369	5578329	placeholder
8	25249079	25263785	8	54249654	54277874	placeholder
6	48555080	48676754	6	52938401	53080392	placeholder
3	177870010	177894900	3	24402877	24428477	placeholder
1	319426974	319443584	1	341214822	341234712	placeholder
3	175702374	175768378	3	26720955	26793807	placeholder
12	8211060	8225087	13	12219093	12236739	placeholder
1	20896966	20904052	1	20103066	20109994	placeholder
8	75837281	75866453	8	2259982	2284704	placeholder
6	93933343	93940987	6	6108782	6116275	placeholder
3	89052558	89113961	3	118992027	119062057	placeholder
4	7745120	7755079	4	6443396	6454441	placeholder
6	33123045	33156662	6	69546297	69580047	placeholder
3	170278818	170306682	3	32648608	32688719	placeholder
1	247177383	247199231	1	263890080	263909281	placeholder
19	5970695	5977401	19	3159978	3166080	placeholder
15	13757791	13763621	14	17422244	17427994	placeholder
11	13127830	13135807	10	9547866	9556069	placeholder
1	51212066	51238331	1	53329354	53361433	placeholder
2	51195843	51235086	2	52727639	52771717	placeholder
5	32497015	32509560	5	91799752	91816567	placeholder
11	20561910	20576841	10	2230463	2243051	placeholder
3	159756320	159761710	3	43980619	43987156	placeholder
14	3096014	3115083	15	13818330	13840648	placeholder
1	28093433	28098926	1	27957199	27963594	placeholder
3	13857990	13886416	3	200760035	200785604	placeholder
1	55664479	55681342	1	58116088	58130771	placeholder
7	33574648	33606763	7	34158138	34181521	placeholder
1	259707479	259732881	1	277082359	277111961	placeholder
8	8015552	8033904	8	71582528	71601210	placeholder
1	34175503	34207769	1	34486292	34522270	placeholder
1	116879232	116905917	1	123303522	123339313	placeholder
16	12318399	12328534	16	789540	798887	placeholder
3	2801656	2826662	3	211590175	211609905	placeholder
7	85859042	85874646	7	84133825	84148825	placeholder
1	45900	70338	1	90143	128128	placeholder
16	1331938	1363363	16	12033418	12061997	placeholder
2	28625774	28641421	2	27914610	27928013	placeholder
16	11443845	11449189	16	1672607	1678593	placeholder
7	23492757	23522678	7	22993828	23023850	placeholder
13	740114	741857	12	21216370	21218113	placeholder
15	14766585	14776516	14	18289723	18298851	placeholder
15	11175533	11205848	14	15376484	15403717	placeholder
17	8082730	8092146	17	2918808	2936574	placeholder
3	124083269	124102498	3	82931091	82949083	placeholder
8	77201254	77224642	8	1454721	1467789	placeholder
1	195986243	196071918	1	209505233	209598170	placeholder
1	259218322	259261335	1	276599567	276641227	placeholder
1	8277153	8317455	1	6715156	6759155	placeholder
16	6881592	6891441	16	6270593	6353362	placeholder
12	777109	785002	13	20185373	20192668	placeholder
15	13201806	13239611	14	17034327	17061991	placeholder
3	89784691	89801397	3	118354579	118367046	placeholder
4	31615429	31627733	4	32979491	32993146	placeholder
1	150153694	150175936	1	158700497	158721640	placeholder
4	89314525	89327299	4	93483889	93496814	placeholder
2	206172754	206202470	2	212763714	212802122	placeholder
1	277591492	277606952	1	295832923	295849452	placeholder
2	133967763	133991502	2	139901316	139926055	placeholder
1	16762580	16788990	1	15793936	15822654	placeholder
2	135044506	135089976	2	141069630	141108282	placeholder
6	60845603	60863166	6	40277071	40301353	placeholder
7	31876739	31907054	7	32247363	32276503	placeholder
2	165129374	165148329	2	174586697	174605051	placeholder
11	6187196	6237257	10	16506134	16512714	placeholder
1	73193739	73210337	1	77059279	77075357	placeholder
5	61898419	61937877	5	61246044	61283099	placeholder
4	86341768	86362690	4	84097670	84135790	placeholder
2	61430968	61480765	2	63707303	63762721	placeholder
15	1288276	1293872	14	2993722	3006197	placeholder
1	292677507	292684846	1	312478601	312487224	placeholder
1	4383886	4396165	1	4228812	4243421	placeholder
7	2508999	2527777	7	2327439	2345840	placeholder
8	20888170	20897417	8	59075256	59088264	placeholder
15	6178649	6187689	14	10574887	10586725	placeholder
1	94502716	94536856	1	100240514	100273285	placeholder
10	11045210	11056578	11	13402308	13412924	placeholder
6	31537668	31569830	6	71179379	71214601	placeholder
14	8109539	8118866	15	9022695	9034231	placeholder
1	293364573	293384390	1	313279393	313293370	placeholder
6	91655350	91657958	6	8499750	8508434	placeholder
5	51669894	51691318	5	71611576	71629598	placeholder
5	84167307	84328048	5	39932624	40044038	placeholder
8	60406268	60414289	8	17049569	17062576	placeholder
1	37568	42424	1	76904	86790	placeholder
7	19961185	19983299	7	19075866	19093636	placeholder
6	38178162	38190372	6	63929806	63942106	placeholder
2	41528097	41540924	2	41989339	42002061	placeholder
2	199061766	199071091	2	260019316	260028334	placeholder
1	265703753	265740803	1	283261008	283302781	placeholder
2	203684905	203686573	2	210017775	210019443	placeholder
18	418464	425968	18	518728	526738	placeholder
8	20783779	20798247	8	59187563	59204845	placeholder
3	110839883	110850552	3	97731406	97742283	placeholder
3	178648784	178662058	3	23755458	23769516	placeholder
11	2204763	2217296	10	21505319	21524654	placeholder
1	215154216	215247936	1	229439330	229523365	placeholder
3	37272072	37347501	3	174973250	175075042	placeholder
2	73875944	73903463	2	76929447	76953944	placeholder
3	194413321	194422436	3	7234075	7238831	placeholder
7	47826812	47842732	7	48218241	48230583	placeholder
1	149268449	149276773	1	157507465	157513321	placeholder
6	49197784	49199431	6	52383150	52384797	placeholder
2	154816321	154821743	2	162844667	162850804	placeholder
2	152049744	152138674	2	159681386	159723190	placeholder
2	217347122	217348760	2	224806823	224809039	placeholder
7	48577911	48579504	7	48721838	48723431	placeholder
1	285510326	285672795	1	304798231	304980421	placeholder
2	40877522	40895184	2	41326558	41347292	placeholder
1	72262731	72286442	1	76085835	76107060	placeholder
16	2736803	2772751	16	10598662	10653051	placeholder
2	16065664	16087186	2	14176762	14203437	placeholder
1	81679581	81707178	1	86414501	86448445	placeholder
1	337944991	337975105	1	359677529	359702799	placeholder
4	71430569	71496111	4	76212183	76284166	placeholder
16	11911553	11924553	16	1185981	1192944	placeholder
7	26602347	26612505	7	26403722	26416431	placeholder
3	160695819	160706308	3	43133889	43147613	placeholder
6	84258148	84297751	6	18268999	18313031	placeholder
6	81129328	81164238	6	21329248	21364652	placeholder
1	262068372	262091396	1	279447815	279474676	placeholder
3	48174822	48176499	3	163021131	163022808	placeholder
2	18236430	18259940	2	16538168	16563567	placeholder
17	7071690	7078733	17	3680017	3688732	placeholder
3	68247674	68267179	3	141282172	141301734	placeholder
1	98903455	98929935	1	104790056	104807219	placeholder
7	55816197	55840577	7	55578766	55600341	placeholder
1	308010295	308078095	1	329536678	329592662	placeholder
2	232700706	232710029	2	241740553	241750108	placeholder
3	179652495	179658131	3	22679780	22686306	placeholder
2	96982759	96994689	2	98956705	98972599	placeholder
7	25928515	25947720	7	25724546	25744515	placeholder
3	99034228	99171484	3	113209783	113266746	placeholder
3	139954718	140055148	3	65510823	65615801	placeholder
14	9769511	9801962	15	7337225	7364809	placeholder
6	46703015	46719441	6	54987106	55003109	placeholder
7	15321228	15359438	7	14237230	14281256	placeholder
6	71057720	71074858	6	28715290	28737935	placeholder
1	48653011	48665925	1	50457746	50471011	placeholder
1	79341420	79351108	1	83946436	83958800	placeholder
3	91219638	91235950	3	117064588	117078894	placeholder
10	16577847	16587472	11	16483353	16493598	placeholder
6	30678227	30706391	6	72086467	72118711	placeholder
2	167987471	167989085	2	177646305	177647928	placeholder
7	47274316	47302423	7	47741351	47766818	placeholder
1	239375047	239391788	1	255292105	255305707	placeholder
5	10859323	10933178	5	114893733	114947138	placeholder
1	226302809	226316478	1	241493146	241506660	placeholder
5	13251398	13267060	5	112411383	112428929	placeholder
5	36490524	36516237	5	87600316	87625827	placeholder
1	127319799	127333454	1	134607984	134676582	placeholder
7	28444222	28449256	7	28294203	28302852	placeholder
1	159689026	159695829	1	168917791	168925521	placeholder
16	12457578	12466576	16	651418	660546	placeholder
8	57632596	57785238	8	19243460	19341987	placeholder
7	27086594	27108372	7	26890231	26911165	placeholder
4	21532010	21574661	4	21772840	21823316	placeholder
1	302229078	302248388	1	323129729	323147893	placeholder
8	60316742	60344586	8	17120426	17148694	placeholder
1	72606591	72608040	1	76431738	76433187	placeholder
3	202721066	202725806	3	290886	295029	placeholder
5	30438361	30448413	5	93904846	93923177	placeholder
1	227748285	227771504	1	243081489	243107890	placeholder
8	64570186	64589052	8	13334094	13348974	placeholder
11	20339119	20346335	10	2432971	2440059	placeholder
2	243048515	243144239	2	252759236	252846547	placeholder
6	95917166	95937150	6	3706375	3729281	placeholder
4	80687972	80697360	4	83505849	83513932	placeholder
5	68331092	68340767	5	54455240	54465427	placeholder
1	32921016	32988014	1	33118100	33207704	placeholder
1	107608999	107633048	1	113978585	114004764	placeholder
14	5761021	5773640	15	11323443	11336603	placeholder
11	20651509	20657958	10	2147516	2154661	placeholder
1	339430157	339434718	1	361006444	361010940	placeholder
3	123162573	123195126	3	83891666	83932005	placeholder
2	93280545	93314738	2	94975002	95004137	placeholder
1	176709540	176748026	1	189254825	189277334	placeholder
17	9868357	9883571	17	1230740	1244514	placeholder
2	54762332	54763892	2	56643321	56644881	placeholder
2	103303772	103329908	2	105734587	105769910	placeholder
7	41677704	41709687	7	42683563	42726025	placeholder
13	7579502	7581110	12	10575101	10576706	placeholder
7	72004564	72037875	7	70115133	70147585	placeholder
5	51596381	51626215	5	71674662	71678907	placeholder
17	8296076	8302327	17	2747689	2754487	placeholder
3	83288874	83314405	3	125243592	125262768	placeholder
1	267659791	267693894	1	285300690	285329674	placeholder
1	18622917	18639867	1	17764410	17779231	placeholder
1	226640267	226677700	1	241891008	241918438	placeholder
8	17218546	17235424	8	63185036	63199314	placeholder
14	1082173	1087103	15	15868463	15873636	placeholder
2	33942814	33964610	2	33755043	33780456	placeholder
8	4553653	4575723	8	74810258	74830470	placeholder
2	72682165	72697596	2	75698769	75715202	placeholder
3	25932833	25934441	3	187759189	187760797	placeholder
2	232797021	232820599	2	241824537	241849047	placeholder
2	33627711	33655058	2	33482614	33509365	placeholder
13	721452	729247	12	21261796	21273534	placeholder
1	124021603	124180242	1	131068396	131266362	placeholder
3	150895092	150914611	3	54021988	54036606	placeholder
4	134295215	134306179	4	135260175	135270969	placeholder
3	54076244	54077843	3	156372090	156373689	placeholder
1	316970512	316976229	1	338642275	338648004	placeholder
1	194607517	194609062	1	208071281	208072826	placeholder
4	8990078	9120186	4	7751819	7891246	placeholder
2	189683490	189700644	2	201543945	201560438	placeholder
3	197448638	197459666	3	4404939	4412393	placeholder
2	159714299	159745125	2	168192217	168220555	placeholder
4	49086020	49114837	4	52605676	52648431	placeholder
7	71865780	71874592	7	70008129	70017033	placeholder
1	241868124	241917533	1	258092475	258154747	placeholder
1	319333087	319345305	1	341108704	341118221	placeholder
3	179882707	179951014	3	22401517	22472910	placeholder
3	55025967	55108733	3	155220844	155302747	placeholder
1	321099250	321118180	1	342963935	342984954	placeholder
14	15931527	15967050	15	1091214	1126191	placeholder
3	197822092	197846713	3	4038485	4073363	placeholder
7	8073025	8269598	7	6853156	7041098	placeholder
1	165819870	165852109	1	175164258	175194417	placeholder
5	90604962	90628104	5	33168377	33191582	placeholder
12	15249096	15277577	13	5374873	5406435	placeholder
2	216332758	216342296	2	223686176	223703763	placeholder
1	298617699	298619280	1	319214568	319216146	placeholder
1	273133711	273135277	1	290995994	290997560	placeholder
15	10937490	10953979	14	15161895	15176705	placeholder
3	139113223	139138606	3	66422378	66450740	placeholder
4	86550225	86571058	4	89488521	89509837	placeholder
2	90679868	90693781	2	92340183	92354846	placeholder
3	2461247	2502534	3	211886323	211918925	placeholder
1	68737845	68838220	1	72459167	72588441	placeholder
14	3214759	3223924	15	13719479	13727620	placeholder
1	239107038	239107911	1	255030001	255030874	placeholder
2	201236857	201259151	2	257613261	257641431	placeholder
1	205486740	205491838	1	219118852	219122252	placeholder
3	142387077	142412612	3	62960159	62996405	placeholder
1	61817478	61819065	1	65053225	65054812	placeholder
3	193729741	193740045	3	7867852	7877358	placeholder
8	43191114	43217808	8	33704104	33750847	placeholder
3	87784301	87834256	3	120280368	120335409	placeholder
1	309958272	309979149	1	331778603	331802168	placeholder
14	12711570	12740939	15	4319512	4349250	placeholder
16	8767562	8820073	16	4192879	4239959	placeholder
8	78942785	78948350	8	185746	191568	placeholder
1	16273906	16293668	1	15280651	15301991	placeholder
1	172151289	172267097	1	182346574	182516207	placeholder
5	31971071	31984719	5	92328280	92340420	placeholder
7	2774262	2788439	7	2577982	2590436	placeholder
10	6266624	6279988	11	9125838	9140020	placeholder
7	151677	157074	7	182114	187548	placeholder
5	30887377	30893854	5	93420352	93426516	placeholder
8	77139481	77156963	8	1517988	1540910	placeholder
13	871522	882775	12	20948536	20971840	placeholder
6	47754782	47803930	6	53849558	53901212	placeholder
1	166482056	166506619	1	175936397	175961210	placeholder
2	142977593	142985896	2	149852223	149859410	placeholder
1	71766528	71784061	1	75584511	75599189	placeholder
3	160081247	160107046	3	43761115	43782635	placeholder
1	79291421	79292969	1	83888983	83890525	placeholder
19	3215735	3228802	19	5828922	5840226	placeholder
7	24311074	24321048	7	23844506	23855799	placeholder
3	150771840	150773379	3	54160424	54161963	placeholder
3	182008892	182012441	3	20268331	20271169	placeholder
17	10088221	10089790	17	928546	930118	placeholder
16	974962	983365	16	12484210	12493527	placeholder
1	169109336	169119330	1	178763636	178771437	placeholder
18	6898519	6910390	18	6374119	6386551	placeholder
19	4292680	4305208	19	4616570	4629499	placeholder
2	104902949	104935811	2	107712380	107741227	placeholder
3	49724760	49741234	3	161267745	161283546	placeholder
5	100567962	100584886	5	22173194	22191346	placeholder
7	38205520	38257640	7	38990756	39044446	placeholder
8	5424007	5425573	8	74060414	74061980	placeholder
3	45241696	45259648	3	166061851	166082253	placeholder
3	147779777	147788886	3	57156051	57165928	placeholder
8	135426	146942	8	78491918	78495768	placeholder
18	885485	897938	18	919397	932000	placeholder
5	71306689	71363948	5	51624617	51663737	placeholder
6	87672400	87693766	6	14433659	14457941	placeholder
1	277952427	277959657	1	296195965	296202313	placeholder
7	55511510	55513049	7	55197131	55198670	placeholder
2	207100920	207129103	2	213848390	213877280	placeholder
5	31383763	31390117	5	92956717	92962618	placeholder
19	860473	870747	19	7347104	7358400	placeholder
7	47696276	47705036	7	48111008	48122592	placeholder
1	64466064	64467486	1	67985550	67986972	placeholder
12	4926267	4935241	13	15804018	15812475	placeholder
17	8675425	8747875	17	2293322	2368195	placeholder
1	237549383	237561329	1	253400978	253424135	placeholder
5	2111909	2117300	5	122430671	122435658	placeholder
10	16060814	16095969	11	16120335	16134820	placeholder
2	150264374	150286483	2	157779566	157803423	placeholder
16	13051056	13057693	16	68272	75927	placeholder
2	31887847	31910484	2	31550670	31583096	placeholder
17	8459011	8473763	17	2561069	2575891	placeholder
1	119166064	119278583	1	125774327	125906743	placeholder
2	18536069	18562416	2	16856971	16881390	placeholder
2	202167779	202186931	2	256705747	256725157	placeholder
11	8707370	8714578	10	13772488	13778905	placeholder
1	305952616	305990776	1	327112706	327153152	placeholder
6	45612934	45639681	6	56128538	56142878	placeholder
17	2325204	2340190	17	7387928	7401040	placeholder
1	71171336	71178188	1	74974880	74979555	placeholder
15	1811253	1816895	14	4257647	4269294	placeholder
7	23588362	23598818	7	23088273	23099659	placeholder
15	8630718	8643520	14	13066601	13080124	placeholder
12	3242941	3249450	13	17680750	17687083	placeholder
3	115101629	115112113	3	92683878	92710107	placeholder
5	120753678	120767420	5	1917644	1927384	placeholder
2	34015956	34017465	2	33836645	33838154	placeholder
7	89411240	89424430	7	87366063	87380582	placeholder
7	32014190	32033182	7	32429980	32457157	placeholder
4	91651824	91692101	4	95903877	95949173	placeholder
5	59708578	59732606	5	63542540	63572298	placeholder
1	51486100	51496765	1	53643865	53652235	placeholder
4	38587794	38616757	4	40992689	41032058	placeholder
7	30150215	30182450	7	30294662	30323685	placeholder
15	3632915	3648523	14	7227347	7251477	placeholder
3	160034295	160062267	3	43801471	43835958	placeholder
6	30876763	30884462	6	71916250	71924932	placeholder
4	42158200	42160965	4	44921708	44924323	placeholder
1	195806490	195833648	1	209314691	209333430	placeholder
15	11514822	11533016	14	15673910	15697264	placeholder
1	222721174	222747529	1	237664583	237678461	placeholder
1	79363320	79398696	1	83971819	84015362	placeholder
7	14641519	14663790	7	13528189	13550975	placeholder
7	20858796	20874674	7	20086706	20103538	placeholder
13	11214105	11226522	12	6787213	6799651	placeholder
8	59937722	59970903	8	17473798	17505455	placeholder
7	29303649	29318276	7	29278820	29295422	placeholder
15	6860841	6872909	14	11196857	11207773	placeholder
4	82162629	82174093	4	88193156	88196960	placeholder
3	37449686	37457430	3	174847856	174857402	placeholder
1	257780166	257785391	1	275008391	275014496	placeholder
1	164325463	164349710	1	173487490	173511743	placeholder
8	4586426	4623895	8	74754739	74795890	placeholder
5	24399445	24445855	5	100314157	100359981	placeholder
1	697036	701625	1	688889	691618	placeholder
2	151348363	151370671	2	158935430	158955879	placeholder
11	4166653	4182874	10	18798309	18820056	placeholder
2	28649538	28658977	2	27935941	27945314	placeholder
3	27388794	27400847	3	186111426	186127679	placeholder
10	724444	732554	11	1572352	1587755	placeholder
16	10531484	10553685	16	2676474	2701755	placeholder
2	151803150	151815999	2	159397424	159414620	placeholder
1	287609974	287647241	1	306902521	306932978	placeholder
2	98048985	98056031	2	100054998	100059503	placeholder
1	48783232	48792262	1	50592876	50601571	placeholder
17	7222291	7228291	17	3854070	3862095	placeholder
2	32874584	32889468	2	32661216	32674485	placeholder
3	105997369	106020543	3	106237127	106258107	placeholder
13	2263450	2273981	12	17695040	17720395	placeholder
5	50248537	50256710	5	73092273	73115055	placeholder
8	77091336	77108502	8	1570835	1582080	placeholder
7	89171701	89179230	7	87132642	87139585	placeholder
3	156705184	156713631	3	47300417	47312287	placeholder
13	13885816	13944399	12	4450797	4497671	placeholder
16	12116020	12120316	16	997300	1001604	placeholder
11	22784574	22788090	10	250626	254311	placeholder
1	142244742	142270940	1	150458012	150498106	placeholder
6	57011482	57038377	6	44261187	44288893	placeholder
6	67627045	67628536	6	32449059	32450550	placeholder
6	47712568	47731326	6	53923285	53934149	placeholder
3	183220754	183230288	3	19062524	19067348	placeholder
4	21266610	21377503	4	21462858	21579497	placeholder
5	8071273	8097140	5	117591012	117612393	placeholder
3	89812469	89823801	3	118334880	118346349	placeholder
17	4678011	4718031	17	5702256	5743797	placeholder
11	22654203	22657848	10	402668	406232	placeholder
1	328926418	329054569	1	351271329	351385860	placeholder
3	151178778	151189621	3	53376304	53390060	placeholder
6	30522871	30571649	6	72232490	72267045	placeholder
8	105887	108536	8	78522299	78524899	placeholder
7	71889504	71914799	7	70033129	70052520	placeholder
16	12132631	12140072	16	978241	985145	placeholder
17	3990963	3996010	17	6234977	6240551	placeholder
1	269950920	269975039	1	287708564	287737489	placeholder
1	332468806	332470315	1	354938876	354940385	placeholder
7	89083749	89099921	7	87047501	87062032	placeholder
6	48170407	48178833	6	53458807	53466573	placeholder
1	340458136	340520752	1	361826098	361868297	placeholder
16	12512962	12522549	16	597156	606086	placeholder
3	20279917	20287937	3	193905962	193914460	placeholder
2	205160461	205174902	2	211637724	211652979	placeholder
2	232150544	232200585	2	241177300	241238590	placeholder
3	159049902	159070752	3	44728974	44753806	placeholder
15	1371003	1377120	14	3174903	3181630	placeholder
1	63454650	63486521	1	66879856	66888819	placeholder
3	135266218	135292734	3	70476670	70503179	placeholder
7	24247941	24257883	7	23779212	23789560	placeholder
3	150400716	150405633	3	54580348	54584845	placeholder
7	83915170	83929972	7	82237620	82252388	placeholder
6	42072009	42073506	6	59949295	59950798	placeholder
16	1400303	1415455	16	11970096	11984013	placeholder
7	89573946	89594616	7	87553587	87571887	placeholder
2	164759402	164782340	2	174132183	174171514	placeholder
14	1252701	1273360	15	15666989	15688636	placeholder
6	98746494	98775786	6	554564	592706	placeholder
12	3760238	3769202	13	17089244	17098326	placeholder
15	16414047	16423780	14	19973873	19983015	placeholder
4	5218551	5237267	4	4120841	4142020	placeholder
15	13133094	13145093	14	16979970	16988084	placeholder
4	77812405	77870271	4	81241050	81278066	placeholder
14	9305370	9312390	15	7825376	7832289	placeholder
2	37405185	37428516	2	37473565	37501361	placeholder
7	78874520	78905948	7	77398700	77425838	placeholder
6	22256648	22276496	6	81220914	81237429	placeholder
3	138743001	138838524	3	66778366	66890322	placeholder
1	68582396	68666762	1	72333488	72372049	placeholder
2	222953486	223041392	2	230797403	230901423	placeholder
19	1365254	1369128	19	6918010	6922041	placeholder
5	40639766	40650784	5	83396797	83415112	placeholder
1	293396311	293426262	1	313306006	313322620	placeholder
3	100136495	100145272	3	112393519	112398383	placeholder
8	31123612	31183394	8	47628479	47698190	placeholder
1	192805519	192812611	1	206100001	206107757	placeholder
1	126639066	126660995	1	133850775	133872032	placeholder
3	86281857	86292337	3	121907318	121923112	placeholder
14	2532856	2538054	15	14409159	14414536	placeholder
2	26869853	26896729	2	25834034	25863833	placeholder
3	137082394	137102691	3	68652757	68673439	placeholder
2	221952529	221968214	2	229726855	229745137	placeholder
3	202548014	202557723	3	454221	463933	placeholder
1	323919442	323944750	1	346074248	346096755	placeholder
1	293253416	293259122	1	313160934	313166730	placeholder
5	22591640	22607680	5	102169533	102187807	placeholder
1	239720261	239726305	1	255626061	255631341	placeholder
1	184298693	184324289	1	195888405	195904166	placeholder
13	18785390	18834098	12	21105	47246	placeholder
4	50101450	50119220	4	53679753	53705199	placeholder
1	261808084	261838754	1	279176696	279208089	placeholder
3	35338549	35453699	3	177154811	177181675	placeholder
1	160200686	160250943	1	169416972	169473127	placeholder
7	20672581	20696256	7	19890564	19920540	placeholder
3	165372891	165386262	3	37906800	37914156	placeholder
3	37981339	37983327	3	174114229	174116217	placeholder
5	86655407	86718129	5	37182255	37515299	placeholder
16	8141946	8173148	16	4852647	4893930	placeholder
13	7930077	7955605	12	10119350	10129567	placeholder
2	198524957	198542509	2	260607688	260623947	placeholder
7	29412199	29413702	7	29437640	29439143	placeholder
2	152215152	152233525	2	159843356	159861378	placeholder
3	169378216	169380777	3	33581901	33584471	placeholder
3	33969893	33989036	3	178815642	178833735	placeholder
14	2463496	2483302	15	14467991	14485251	placeholder
1	101790939	101869848	1	107900843	107982509	placeholder
15	12147592	12154359	14	16234967	16239854	placeholder
2	104625702	104655579	2	107292191	107327246	placeholder
2	154332734	154401100	2	162320815	162383746	placeholder
5	56026694	56040771	5	67497794	67517651	placeholder
1	116634708	116641299	1	123048536	123054760	placeholder
17	9770233	9790928	17	1327219	1347724	placeholder
1	319580289	319617211	1	341385908	341418820	placeholder
17	10714757	10724867	17	483128	492368	placeholder
8	26375659	26409279	8	52890145	52925714	placeholder
4	58738276	58834185	4	63174610	63282203	placeholder
19	204192	207331	7	9406	12393	placeholder
19	3197703	3204087	19	5813442	5818849	placeholder
15	11428066	11443359	14	15600938	15615081	placeholder
5	50258174	50269291	5	73081753	73090527	placeholder
15	16664767	16670180	14	20200584	20210863	placeholder
2	143096696	143125858	2	149990742	150018752	placeholder
17	1102644	1121279	17	8483605	8502323	placeholder
1	90060946	90069435	1	95447622	95461557	placeholder
2	132837282	132851091	2	138754570	138765211	placeholder
8	64549386	64562309	8	13359215	13369118	placeholder
16	13060170	13066601	16	59539	66096	placeholder
8	53344889	53366608	8	23366916	23415666	placeholder
1	200747053	200748538	1	214304323	214305808	placeholder
4	13868545	13899774	4	13053715	13091066	placeholder
8	58633111	58639351	8	18300757	18306311	placeholder
2	101870383	101887631	2	104020008	104039130	placeholder
6	70702522	70714580	6	29112816	29126368	placeholder
3	79390398	79401857	3	129389577	129405367	placeholder
6	96369695	96390159	6	3179078	3204237	placeholder
5	13974214	13993676	5	111722329	111741748	placeholder
1	269976209	269998441	1	287738664	287763984	placeholder
5	119015218	119049120	5	3292328	3321781	placeholder
4	89644671	89667076	4	93778564	93803086	placeholder
8	74953910	74968567	8	3510202	3523022	placeholder
13	2113558	2119442	12	18080657	18088717	placeholder
7	91420665	91422144	7	89362612	89364091	placeholder
14	3764003	3800173	15	13135508	13172999	placeholder
1	34398002	34526957	1	34756696	34898759	placeholder
4	49998157	50002961	4	53587025	53590968	placeholder
1	100792276	100817853	1	106792130	106819189	placeholder
13	8662509	8680142	12	9366924	9385303	placeholder
3	79778114	79883812	3	128912934	129019871	placeholder
3	195446949	195507308	3	6213355	6260632	placeholder
7	18011785	18047139	7	17136717	17174793	placeholder
2	153813558	153860003	2	161706679	161768261	placeholder
1	48821548	48843822	1	50629864	50649571	placeholder
3	46350278	46374336	3	164878499	164900864	placeholder
2	92150619	92167421	2	93786495	93803624	placeholder
12	9055709	9068512	13	11356807	11369375	placeholder
15	13771713	13777324	14	17434407	17439417	placeholder
1	248560000	248561482	1	265359456	265360932	placeholder
16	7991379	7996006	16	5066590	5070974	placeholder
5	17103502	17178725	5	108176667	108232956	placeholder
1	257060310	257071969	1	274241367	274254509	placeholder
2	53437341	53460752	2	55290304	55316399	placeholder
1	62318377	62334374	1	65640575	65665219	placeholder
1	246483574	246505820	1	263156518	263177582	placeholder
6	38391499	38418904	6	63766100	63797953	placeholder
6	70902649	70919282	6	28886126	28904861	placeholder
14	430052	433425	15	16530874	16534118	placeholder
2	155013575	155029526	2	163047846	163074943	placeholder
13	12522593	12539146	12	5636497	5652257	placeholder
3	188199115	188207271	3	13649954	13658616	placeholder
2	241505881	241534330	2	251319213	251348291	placeholder
2	209758424	209768887	2	216648006	216658141	placeholder
15	7778235	7783188	14	12211123	12215139	placeholder
5	121153354	121236202	5	1505883	1578516	placeholder
5	24058736	24088573	5	100686765	100720285	placeholder
3	170644533	170650537	3	32232847	32240490	placeholder
7	16278205	16294815	7	15232075	15249455	placeholder
1	71228506	71239249	1	75026266	75037464	placeholder
1	204805478	204806939	1	218386060	218387521	placeholder
1	126438286	126446742	1	133591370	133603780	placeholder
1	316938971	316945958	1	338549785	338612689	placeholder
2	141418412	141431114	2	148170645	148188228	placeholder
15	82106	93232	14	252007	279510	placeholder
8	39114042	39131753	8	38619836	38634435	placeholder
4	49144334	49224645	4	52667403	52752762	placeholder
8	70047896	70069531	8	8151443	8167196	placeholder
7	39547895	39560614	7	40422738	40435500	placeholder
7	75870213	75901269	7	74267131	74290907	placeholder
2	207490900	207521822	2	214232216	214262540	placeholder
1	250661891	250670886	1	267561542	267578679	placeholder
7	51171047	51218942	7	50405782	50432403	placeholder
4	23327525	23331595	4	23806515	23810590	placeholder
4	91890939	91898909	4	96156019	96163203	placeholder
4	86095253	86125494	4	84343588	84374188	placeholder
3	95528443	95553065	3	115000268	115016783	placeholder
1	335962376	336056818	1	358108187	358190321	placeholder
8	75194258	75203441	8	3265605	3275085	placeholder
10	884452	892627	11	1909526	1918144	placeholder
1	123229624	123264358	1	130240453	130288229	placeholder
7	56209690	56279515	7	56093605	56171759	placeholder
2	152242801	152263541	2	159873608	159894621	placeholder
3	147052100	147058576	3	57912101	57917908	placeholder
7	19872263	19897661	7	18984187	19014558	placeholder
7	91461931	91463326	7	89389951	89391382	placeholder
19	2262229	2268611	19	6407133	6412360	placeholder
2	219864289	219898652	2	227477322	227510036	placeholder
13	931879	940999	12	20806868	20826360	placeholder
3	47290376	47311370	3	164008037	164039154	placeholder
7	30343317	30362941	7	30495537	30524796	placeholder
8	68554402	68587821	8	9156449	9191494	placeholder
14	4628631	4650364	15	12481680	12517571	placeholder
6	35016646	35043471	6	67559592	67573342	placeholder
3	200395791	200398180	3	2104623	2106748	placeholder
1	2050889	2073379	1	1656868	1675638	placeholder
14	16444792	16456610	15	664865	678043	placeholder
2	140872681	140878862	2	147619278	147624745	placeholder
1	317072497	317080805	1	338746210	338754855	placeholder
5	51837826	51870465	5	71419472	71457702	placeholder
1	4465066	4500055	1	4147236	4179074	placeholder
1	288519760	288548290	1	307917972	307953947	placeholder
8	35769226	35780746	8	42286052	42295619	placeholder
1	199086110	199108625	1	212618174	212644538	placeholder
1	158016596	158020998	1	167093099	167099063	placeholder
13	17561407	17583482	12	1183437	1205718	placeholder
11	22607990	22617887	10	448938	459339	placeholder
1	288323475	288341639	1	307689424	307704309	placeholder
1	166878980	166907957	1	176340995	176379186	placeholder
3	83326608	83365746	3	125185488	125226866	placeholder
1	99000343	99015298	1	104880159	104907555	placeholder
1	165944189	165958040	1	175317978	175333258	placeholder
1	130681895	130701394	1	138093538	138113440	placeholder
6	12804291	12809908	6	91134160	91144003	placeholder
4	86379812	86410957	4	89286424	89333351	placeholder
1	146488572	146542087	1	154584867	154643841	placeholder
1	222787557	222807764	1	237711935	237734634	placeholder
2	80285002	80298885	2	83504248	83517159	placeholder
1	279215099	279216542	1	297608219	297609662	placeholder
1	128857256	128880227	1	136343123	136365499	placeholder
3	158268143	158297990	3	45569827	45594353	placeholder
1	34056739	34139945	1	34344875	34441435	placeholder
4	11668635	11722401	4	10628672	10673433	placeholder
1	92027338	92049214	1	97698461	97718512	placeholder
1	314054969	314077011	1	335523205	335548599	placeholder
4	101153350	101198429	4	106522106	106557308	placeholder
7	54664118	54722321	7	53352369	53422685	placeholder
11	14784045	14790670	10	7787566	7792686	placeholder
1	281160548	281190599	1	299740731	299777587	placeholder
5	53829786	53846782	5	69279651	69296384	placeholder
1	25727981	25749243	1	25411196	25430499	placeholder
3	92818128	92835876	3	116216251	116237812	placeholder
7	92429376	92434751	7	90362949	90369259	placeholder
3	162948368	162974272	3	40546110	40578218	placeholder
1	143273951	143297035	1	151334860	151359073	placeholder
2	225498217	225511122	2	233662053	233675786	placeholder
3	148922370	148926489	3	55980844	55984918	placeholder
5	122087517	122101529	5	713838	727925	placeholder
3	24297763	24299194	3	189590962	189592393	placeholder
1	277976349	277989462	1	296215412	296231850	placeholder
14	15259398	15263439	15	1812816	1816794	placeholder
3	201133014	201154780	3	1500625	1523151	placeholder
4	34791836	34884657	4	36597658	36687969	placeholder
14	10182074	10201228	15	6936314	6954839	placeholder
8	57045461	57167268	8	19538713	19577933	placeholder
1	31309005	31310433	1	31365338	31366766	placeholder
7	16860795	16904845	7	15867483	15913397	placeholder
1	116591184	116603895	1	122999461	123011873	placeholder
2	89916718	89928763	2	91554908	91567679	placeholder
5	56062128	56074332	5	67466232	67483973	placeholder
3	38883837	38908035	3	173091148	173116715	placeholder
3	22379475	22389074	3	191632456	191646977	placeholder
1	73985391	74003859	1	78013781	78034001	placeholder
1	158385804	158428126	1	167491334	167538655	placeholder
16	12404908	12414828	16	703918	713681	placeholder
1	276761272	276789272	1	294898658	294926140	placeholder
1	329752108	329782063	1	352112834	352150644	placeholder
1	274442970	274477540	1	292458462	292486126	placeholder
1	104579710	104614076	1	110829551	110861268	placeholder
7	22727519	22746830	7	22116196	22138827	placeholder
1	336724500	336738845	1	358739768	358750205	placeholder
1	240057305	240070942	1	255976807	255991877	placeholder
12	863418	872220	13	20093201	20101909	placeholder
2	91855614	91863311	2	93495381	93501088	placeholder
15	4003058	4004905	14	7799905	7832976	placeholder
16	2315239	2326995	16	11062140	11068339	placeholder
16	9681340	9684266	16	3605609	3609431	placeholder
12	109736	126012	13	20853991	20869293	placeholder
2	182246818	182256696	2	193353064	193361473	placeholder
3	45533719	45544575	3	165764831	165774642	placeholder
10	16040089	16046236	11	16102660	16108602	placeholder
1	296577548	296606000	1	316904209	316929269	placeholder
1	43165127	43183991	1	44211492	44233489	placeholder
7	47967513	47992692	7	48289996	48306441	placeholder
3	192022617	192071736	3	9526780	9574358	placeholder
1	134436990	134535526	1	142069254	142192577	placeholder
3	193859570	193893189	3	7733058	7763390	placeholder
12	8189375	8194756	13	12251926	12257059	placeholder
14	5219785	5230822	15	11880640	11892999	placeholder
1	315776560	315794427	1	337407547	337425064	placeholder
7	5976760	5994566	7	4942329	4967709	placeholder
1	228142749	228144168	1	243554523	243555942	placeholder
1	36012510	36022786	1	36578501	36588692	placeholder
16	12142675	12149408	16	968823	975616	placeholder
2	221230325	221245481	2	228959326	228973976	placeholder
15	4228535	4273866	14	8140162	8193457	placeholder
14	4780342	4793197	15	12337729	12349955	placeholder
1	307225049	307397669	1	328575135	328739759	placeholder
5	51872243	51884955	5	71404444	71417706	placeholder
17	8387489	8391113	17	2650758	2656165	placeholder
16	11847794	11855489	16	1256131	1262194	placeholder
2	18523751	18534374	2	16841013	16855349	placeholder
14	260286	273505	15	16686844	16699791	placeholder
1	177075470	177086152	1	189555782	189564579	placeholder
2	208827417	208828863	2	215642688	215644134	placeholder
17	8273988	8280760	17	2769679	2776320	placeholder
1	151905143	151924083	1	160497068	160517472	placeholder
1	339399770	339414610	1	360979477	360993872	placeholder
1	296873807	296911740	1	317186869	317232174	placeholder
3	117403172	117421978	3	90062585	90083750	placeholder
3	64597510	64603063	3	145027940	145033357	placeholder
5	13734949	13746614	5	111953333	111963629	placeholder
4	23989702	23994712	4	24627415	24635126	placeholder
16	12675188	12681579	16	439027	445519	placeholder
15	10426810	10454999	14	14674903	14697174	placeholder
12	9217744	9230450	13	11207085	11216499	placeholder
1	316938381	316942276	1	338606310	338609977	placeholder
1	227299803	227327717	1	242500011	242605070	placeholder
19	4775132	4786570	19	4167930	4178412	placeholder
7	10674606	10692704	7	9413626	9431525	placeholder
2	20978175	20993700	2	19326788	19342307	placeholder
7	81839808	81856598	7	80277623	80295572	placeholder
3	118464898	118529638	3	88825483	88882671	placeholder
14	15217405	15225300	15	1852144	1860604	placeholder
1	40887882	40903821	1	41790548	41807331	placeholder
4	26399239	26420242	4	27117724	27144834	placeholder
1	98837603	98853931	1	104722055	104741263	placeholder
7	39555303	39560602	7	40430220	40435488	placeholder
1	249669156	249696465	1	266476252	266513209	placeholder
7	8515810	8523367	7	7263191	7274053	placeholder
1	340480389	340492486	1	361822923	361835729	placeholder
1	329415245	329431728	1	351751647	351765662	placeholder
11	6995812	7020122	10	15622734	15650111	placeholder
2	154890802	154913522	2	162914883	162938590	placeholder
1	247695402	247713723	1	264402130	264417794	placeholder
1	130769559	130815481	1	138181861	138242149	placeholder
5	26300172	26316273	5	98356223	98368382	placeholder
1	104795261	104801774	1	111055062	111060731	placeholder
1	11982275	11996916	1	10874439	10886623	placeholder
6	72640400	72660749	6	27220250	27240517	placeholder
1	215370584	215416932	1	229661367	229704791	placeholder
11	280494	294247	10	25762594	25789129	placeholder
4	20289371	20307143	4	20245212	20267218	placeholder
2	191530232	191552573	2	203492016	203509701	placeholder
14	5048972	5053127	15	12076155	12080443	placeholder
3	141081237	141082635	3	64366100	64367498	placeholder
7	14437459	14459346	7	13338220	13362884	placeholder
7	19387077	19388481	7	18463811	18465215	placeholder
13	15801031	15810904	12	2701960	2708430	placeholder
10	9042415	9051662	11	11537850	11548224	placeholder
1	22932854	22946179	1	22289272	22302288	placeholder
8	54368250	54457203	8	21912543	22050260	placeholder
1	9800662	9893116	1	8239345	8335721	placeholder
1	63972848	63984814	1	67435017	67446344	placeholder
7	93118961	93131152	7	91052643	91064617	placeholder
7	29432837	29435517	7	29468632	29471640	placeholder
6	59730069	59763982	6	41407306	41450619	placeholder
2	201998995	202012636	2	256880900	256887339	placeholder
3	156493667	156506003	3	47512222	47525817	placeholder
2	182417111	182418898	2	193528162	193529935	placeholder
2	234353709	234379702	2	243524230	243551874	placeholder
1	238331589	238384838	1	254220705	254276755	placeholder
1	177094100	177120898	1	189570574	189601386	placeholder
6	58136088	58141055	6	43110780	43115554	placeholder
19	1217378	1219105	19	7057925	7059705	placeholder
2	192165835	192185321	2	204157990	204175894	placeholder
3	168581571	168627188	3	34402289	34442828	placeholder
2	152434464	152439475	2	160115850	160120688	placeholder
4	49662164	49676423	4	53271022	53279923	placeholder
3	163149100	163160118	3	40373945	40384958	placeholder
2	43743435	43758643	2	44528013	44543935	placeholder
5	121350800	121385071	5	1370158	1398845	placeholder
1	155562391	155592550	1	164266403	164297637	placeholder
3	137505455	137516626	3	68237813	68247087	placeholder
16	12361776	12363831	16	754972	757022	placeholder
1	129055588	129244680	1	136436283	136598493	placeholder
5	45680854	45685540	5	77944128	77951535	placeholder
1	71689142	71712878	1	75487919	75512715	placeholder
2	232746978	232765992	2	241777389	241795379	placeholder
6	3503104	3510711	6	100186297	100193388	placeholder
3	148612712	148653313	3	56273470	56315927	placeholder
6	83378691	83426934	6	19240414	19287093	placeholder
12	1416682	1457451	13	19508134	19552481	placeholder
3	147770883	147773951	3	57171655	57174757	placeholder
1	279132924	279137009	1	297512554	297518512	placeholder
13	637120	643363	12	21434429	21442778	placeholder
2	100839834	100849117	2	102927223	102936060	placeholder
17	7533284	7540956	17	3343480	3351612	placeholder
1	254691570	254702318	1	271733465	271744066	placeholder
4	42072117	42117486	4	44813731	44865482	placeholder
4	29466019	29496618	4	30562416	30592790	placeholder
2	198572373	198618203	2	260529475	260578125	placeholder
12	554121	559384	13	20407175	20412323	placeholder
8	21788047	21800365	8	58022366	58031539	placeholder
5	38765438	38773988	5	85081574	85093520	placeholder
5	23407434	23417099	5	101292516	101302519	placeholder
16	2280445	2307751	16	11075386	11103233	placeholder
2	209524640	209537027	2	216413628	216432074	placeholder
6	36950455	37147177	6	65071103	65312733	placeholder
15	3558357	3559743	14	7127359	7128745	placeholder
2	75926705	75937330	2	78955865	78966426	placeholder
5	45717110	45775592	5	77873060	77902849	placeholder
6	82508490	82512910	6	20137334	20144284	placeholder
7	56107083	56116951	7	55993635	56004175	placeholder
4	46682196	46685336	4	49976804	49979646	placeholder
7	28336550	28360487	7	28182572	28204622	placeholder
1	205008691	205014445	1	218599425	218607234	placeholder
8	43714267	43727322	8	33175906	33188167	placeholder
3	33887357	33894796	3	178913390	178918256	placeholder
1	274485762	274503268	1	292495897	292513290	placeholder
3	119357644	119367922	3	88028024	88038874	placeholder
7	79460689	79467306	7	77963612	77969254	placeholder
1	149916901	149937838	1	158411527	158433314	placeholder
1	252548783	252554279	1	269506131	269515326	placeholder
7	36686302	36689043	7	37388376	37391115	placeholder
11	12565062	12568140	10	10000478	10003577	placeholder
1	115386481	115396186	1	121750907	121760957	placeholder
1	265410784	265430625	1	282944457	282967233	placeholder
14	5056433	5065454	15	12060874	12069906	placeholder
1	160126051	160141155	1	169323245	169333013	placeholder
19	137502	142064	19	8032281	8037478	placeholder
13	8101585	8105910	12	10070024	10075757	placeholder
1	51403826	51419686	1	53552213	53572414	placeholder
3	97916337	97986300	3	113886361	113927040	placeholder
2	100505034	100513127	2	102558991	102567302	placeholder
3	10667846	10705254	3	204117890	204166497	placeholder
5	69078318	69101082	5	53740646	53756688	placeholder
2	217323437	217346454	2	224778570	224806704	placeholder
4	28173431	28204663	4	29082228	29119405	placeholder
2	217011707	217031415	2	224442882	224465425	placeholder
17	10053815	10060053	17	894388	900391	placeholder
1	333238263	333254108	1	355643507	355665749	placeholder
1	286779910	286797195	1	306034546	306051950	placeholder
2	199791159	199792512	2	259244579	259245932	placeholder
1	257014175	257030637	1	274192943	274208397	placeholder
2	92107211	92135357	2	93745034	93767962	placeholder
17	10685720	10699961	17	602144	615661	placeholder
13	18762078	18767276	12	68639	73833	placeholder
2	32174526	32175900	2	31832348	31833707	placeholder
1	63208526	63211678	1	66583335	66586469	placeholder
3	119331469	119344139	3	88055801	88070533	placeholder
5	49303793	49324911	5	74204367	74221924	placeholder
1	153365541	153372226	1	162081151	162086806	placeholder
1	267479379	267484178	1	285107833	285112799	placeholder
6	41829826	41848225	6	60178760	60204170	placeholder
2	18851159	18866637	2	17174836	17188949	placeholder
2	189945508	189954748	2	201822483	201836244	placeholder
1	313087002	313127139	1	334592660	334634278	placeholder
2	31181684	31204423	2	30855957	30880778	placeholder
2	85934076	85939415	2	88204237	88209449	placeholder
17	7546469	7552839	17	3331969	3338634	placeholder
1	340299884	340301168	1	361563801	361567102	placeholder
1	66671459	66681791	1	70271652	70282477	placeholder
8	66727384	66734356	8	11054844	11060525	placeholder
2	155583189	155592900	2	163677780	163687660	placeholder
6	73064743	73078299	6	26857904	26884922	placeholder
3	178263835	178286449	3	23982666	24005857	placeholder
8	11380664	11397936	8	69037769	69051757	placeholder
1	179406121	179410032	1	191665188	191669339	placeholder
15	16903214	16908629	14	20411692	20420656	placeholder
2	179204059	179205418	2	190118371	190119727	placeholder
3	191919393	191952940	3	9651978	9682858	placeholder
16	3912112	3933480	16	9324525	9347053	placeholder
5	119478761	119490816	5	2913996	2925475	placeholder
1	339838642	339848053	1	361295220	361303370	placeholder
16	1103030	1125994	16	12302425	12330244	placeholder
7	62277820	62327924	7	61884521	61901719	placeholder
1	182591147	182631811	1	194389930	194431682	placeholder
1	306056789	306058307	1	327220960	327222478	placeholder
1	279237679	279245003	1	297632979	297640109	placeholder
2	195286493	195303048	2	207651584	207664705	placeholder
11	22557070	22561374	10	512794	518342	placeholder
3	13892063	13893596	3	200751795	200753349	placeholder
3	179562322	179564227	3	22799321	22801234	placeholder
3	89774104	89775427	3	118384522	118385842	placeholder
10	16040101	16046146	11	16102663	16108515	placeholder
3	147256104	147349674	3	57615107	57714526	placeholder
3	22823132	22839040	3	191143829	191158874	placeholder
1	324697143	324719411	1	346909046	346925305	placeholder
7	33194899	33207002	7	33772794	33779501	placeholder
1	33264247	33265597	1	33493630	33494980	placeholder
15	8662272	8670464	14	13098794	13107949	placeholder
1	307032265	307069546	1	328320692	328378706	placeholder
8	69671732	69701655	8	8414813	8439376	placeholder
14	355113	360749	15	16602453	16608028	placeholder
11	14633471	14722868	10	7845606	7938883	placeholder
5	91451630	91472431	5	32073822	32097199	placeholder
1	214882090	214898479	1	229159931	229175194	placeholder
1	49734787	49767443	1	51704074	51743363	placeholder
1	301938466	301946931	1	322822712	322834874	placeholder
1	288042912	288065295	1	307371661	307429482	placeholder
12	2078750	2086640	13	18864783	18884184	placeholder
13	18711571	18713714	12	128132	130358	placeholder
3	47949566	47950907	3	163277768	163279109	placeholder
2	154774479	154783814	2	162801171	162812088	placeholder
14	13425821	13445546	15	3638343	3654054	placeholder
1	204860981	204875402	1	218451793	218466564	placeholder
17	4899551	4930306	17	5432276	5454593	placeholder
1	242392145	242404248	1	258913441	258923493	placeholder
5	92366842	92386334	5	31126296	31152461	placeholder
1	234239549	234260779	1	249997165	250016763	placeholder
7	51650676	51657543	7	50666246	50672608	placeholder
2	18225679	18227023	2	16527670	16529005	placeholder
2	157687514	157707292	2	165875800	165904623	placeholder
11	21192930	21198499	10	1685300	1690579	placeholder
12	8485544	8490159	13	11937373	11953321	placeholder
3	107640936	107663506	3	103887741	103933738	placeholder
7	34782150	34812213	7	35451749	35477355	placeholder
14	2325717	2333349	15	14608608	14616629	placeholder
2	30403033	30418059	2	30024487	30039535	placeholder
5	59916222	59921298	5	63337000	63342332	placeholder
3	25022713	25050816	3	188723561	188746282	placeholder
3	22676168	22693750	3	191302169	191321341	placeholder
3	20814150	20834324	3	193413189	193435166	placeholder
3	62981577	62990205	3	146787235	146796403	placeholder
7	81548859	81599609	7	79954321	80013572	placeholder
8	7771699	7773022	8	71800924	71802232	placeholder
1	279084830	279102631	1	297459144	297476999	placeholder
3	79475689	79482130	3	129298406	129304276	placeholder
4	94399984	94441500	4	98853368	98884440	placeholder
2	84796832	84807664	2	87185881	87207594	placeholder
1	321132898	321152962	1	343001013	343023211	placeholder
3	155807244	155819386	3	48219969	48230628	placeholder
3	169651136	169670556	3	33269886	33285131	placeholder
15	15293825	15300584	14	18920789	18923392	placeholder
7	61853651	61952432	7	61497481	61611783	placeholder
1	96044933	96087137	1	101908644	101942983	placeholder
1	331274424	331327920	1	354368738	354416232	placeholder
15	13749545	13753806	14	17414347	17418922	placeholder
1	302106912	302123749	1	322995309	323014102	placeholder
1	250284367	250291010	1	267103939	267110505	placeholder
3	24598524	24608375	3	189277285	189287954	placeholder
7	90888674	90898260	7	88852468	88860895	placeholder
4	68002454	68013256	4	73183794	73198823	placeholder
1	334708563	334731889	1	357000700	357018720	placeholder
18	9651194	9657416	18	9168630	9174115	placeholder
6	5829286	5854411	6	98015692	98044427	placeholder
16	593047	633361	16	12820843	12880968	placeholder
4	89700636	89715150	4	93836742	93850538	placeholder
18	2895946	2909228	18	2863456	2874188	placeholder
3	50688940	50699907	3	160222763	160234841	placeholder
16	7600530	7620113	16	5476295	5495752	placeholder
2	199239972	199253986	2	259821440	259837890	placeholder
7	52601027	52706084	7	51190532	51265716	placeholder
7	79917786	79950209	7	78421063	78453448	placeholder
11	926241	934509	10	24027588	24052677	placeholder
8	76365399	76377728	8	2750517	2767103	placeholder
5	52873799	52884170	5	70291616	70302012	placeholder
7	22386944	22425577	7	21718005	21763487	placeholder
1	340231323	340253011	1	361498876	361518973	placeholder
8	59283879	59311468	8	17892897	17912916	placeholder
1	104886450	104900072	1	111152190	111166482	placeholder
11	20120297	20129186	10	2647644	2656803	placeholder
6	61173520	61188801	6	39942365	39956727	placeholder
1	329592180	329593497	1	351941663	351942983	placeholder
3	159698446	159705021	3	44046640	44053449	placeholder
7	44768409	44775191	7	45479134	45485814	placeholder
5	5718216	5737810	5	119905945	119920005	placeholder
3	34621155	34633004	3	178069379	178084140	placeholder
6	96318502	96339086	6	3236165	3260891	placeholder
5	119459066	119469851	5	2935247	2946030	placeholder
10	14571234	14590861	11	15000118	15018822	placeholder
7	52007836	52025496	7	50961490	50979993	placeholder
1	81079231	81088175	1	85819150	85828104	placeholder
4	25559300	25574093	4	26203919	26218087	placeholder
1	115932809	115950647	1	122337590	122353507	placeholder
2	16986560	17004801	2	15175114	15197375	placeholder
1	189312257	189334663	1	201172572	201220864	placeholder
3	153673231	153679158	3	50714347	50721499	placeholder
5	7907643	7925457	5	117744739	117782902	placeholder
1	72223582	72253414	1	76053916	76076651	placeholder
8	60415418	60423115	8	17040537	17048457	placeholder
2	53342598	53403569	2	55224486	55273910	placeholder
19	1668943	1678460	19	6722565	6729512	placeholder
1	194034524	194057501	1	207400476	207423384	placeholder
6	99056773	99069765	6	217921	230328	placeholder
3	51147321	51156160	3	159799445	159807106	placeholder
1	25225921	25227223	1	24884146	24885442	placeholder
12	9474063	9487593	13	10960473	10975544	placeholder
10	1613620	1620538	11	3488028	3498890	placeholder
16	8843129	8860957	16	4145802	4165131	placeholder
6	3883645	3890997	6	99844260	99857621	placeholder
1	29783630	29786388	1	29751070	29753837	placeholder
2	21757251	21761319	2	20190786	20195217	placeholder
1	291493811	291582011	1	311202546	311292764	placeholder
4	30525475	30538311	4	31692508	31710046	placeholder
3	172676473	172694550	3	30124046	30145363	placeholder
5	10024765	10026067	5	115788721	115790023	placeholder
5	30869545	30879903	5	93434971	93447543	placeholder
7	31425718	31431328	7	31780558	31786150	placeholder
6	3136029	3147946	6	100533899	100545320	placeholder
4	60710220	60775760	4	65203508	65252041	placeholder
5	30922694	30954058	5	93340488	93387418	placeholder
2	199598946	199607209	2	259460204	259469013	placeholder
5	64991784	65007484	5	58047314	58064699	placeholder
13	12807006	12825640	12	5386550	5399722	placeholder
2	234014009	234208683	2	243197172	243361659	placeholder
1	286810628	286819209	1	306071164	306079837	placeholder
7	81445999	81491370	7	79849501	79889356	placeholder
10	139758	149429	11	274622	285055	placeholder
19	3074461	3088427	19	5687814	5701422	placeholder
5	32405916	32407101	5	91903160	91904357	placeholder
5	64677228	64699089	5	58322377	58367102	placeholder
3	159663227	159686645	3	44064722	44087861	placeholder
2	103871544	103901182	2	106427009	106453727	placeholder
5	120621595	120629324	5	2040294	2047894	placeholder
1	116089222	116128026	1	122494600	122535954	placeholder
15	8921977	8965697	14	13348566	13387388	placeholder
7	2424844	2440025	7	2250337	2263804	placeholder
15	16237900	16239169	14	19811792	19813073	placeholder
8	64511389	64518468	8	13403542	13410512	placeholder
2	241551515	241560027	2	251361917	251370053	placeholder
4	75324109	75354273	4	79823207	79865392	placeholder
1	33629882	33635234	1	33831795	33837371	placeholder
1	283303008	283321709	1	302121188	302131914	placeholder
14	3195325	3205256	15	13737083	13746965	placeholder
17	1567989	1575446	17	7878381	7884728	placeholder
16	8119868	8129326	16	4906968	4916232	placeholder
1	61019845	61028222	1	64158787	64164429	placeholder
5	14055038	14064582	5	111651828	111664015	placeholder
1	99821454	99893729	1	105739464	105811127	placeholder
4	40636274	40639900	4	43304140	43307752	placeholder
1	340043920	340049550	1	361333232	361338839	placeholder
8	60353387	60372745	8	17086719	17101550	placeholder
5	30800905	30810066	5	93526252	93539851	placeholder
14	12652368	12664806	15	4401293	4423004	placeholder
7	92926791	92940356	7	90908259	90925588	placeholder
2	222496841	222513723	2	230330011	230349377	placeholder
14	6529227	6536075	15	10663530	10670700	placeholder
16	12469165	12472783	16	645447	648964	placeholder
7	65802764	65853735	7	66508893	66549952	placeholder
4	24896917	24925388	4	25521924	25551490	placeholder
2	93505418	93521026	2	95180108	95196029	placeholder
5	13370059	13400044	5	112274342	112310263	placeholder
3	79758955	79766291	3	129030203	129038209	placeholder
3	170510964	170525970	3	32367750	32395261	placeholder
6	38339249	38343614	6	63824420	63828779	placeholder
1	74029708	74054316	1	78060669	78086502	placeholder
6	95169298	95243722	6	4232138	4317828	placeholder
4	31912210	31958622	4	33384155	33429541	placeholder
8	3290201	3338318	8	75851648	75885364	placeholder
5	21083681	21157733	5	103823239	103886307	placeholder
19	2559848	2564479	19	6122106	6126761	placeholder
10	844367	850185	11	1826489	1838609	placeholder
13	16468162	16478169	12	2201762	2211888	placeholder
1	336365921	336386741	1	358455404	358469837	placeholder
1	51437650	51453643	1	53591233	53607780	placeholder
13	18356319	18358701	12	495359	497774	placeholder
12	9007553	9018802	13	11406398	11416959	placeholder
3	140994058	140999287	3	64470446	64475414	placeholder
8	44192194	44218561	8	32669515	32717039	placeholder
5	57419697	57446781	5	65979961	66008748	placeholder
7	27166553	27167807	7	26962067	26963312	placeholder
1	36087514	36102059	1	36645952	36658563	placeholder
4	4110673	4118271	4	3121981	3130045	placeholder
3	134623379	134647147	3	71195925	71214852	placeholder
11	22804769	22813342	10	216125	224757	placeholder
2	64231923	64233198	2	66758296	66759571	placeholder
1	181310451	181343278	1	193353936	193389427	placeholder
15	838530	840777	14	1905095	1907461	placeholder
17	8537390	8538614	17	2482825	2509710	placeholder
1	280988810	281066195	1	299568356	299624460	placeholder
4	51238706	51254593	4	54847659	54862871	placeholder
4	63637609	63638848	4	68363327	68364566	placeholder
1	195278638	195291210	1	208778412	208792578	placeholder
16	10801898	10803672	16	2423846	2425813	placeholder
19	5921398	5927000	19	3213387	3218690	placeholder
15	654434	662283	14	1454443	1465453	placeholder
1	166685588	166708183	1	176131264	176154694	placeholder
6	38119812	38133864	6	64007528	64021661	placeholder
12	1158867	1166855	13	19789112	19797180	placeholder
10	5017380	5024915	11	7878824	7885445	placeholder
11	18913833	18925817	10	3697764	3711475	placeholder
2	47455806	47473002	2	48830437	48847220	placeholder
12	9200484	9215104	13	11219173	11233278	placeholder
2	159770554	159842150	2	168246083	168323442	placeholder
1	51455735	51467344	1	53609840	53620572	placeholder
7	28694916	28696194	7	28599318	28600593	placeholder
15	9387493	9393947	14	13784138	13792686	placeholder
2	215613580	215620026	2	222906696	222913476	placeholder
1	106517467	106549278	1	112809199	112856338	placeholder
17	10298452	10301733	17	1086093	1089968	placeholder
4	62510600	62522352	4	67095869	67107701	placeholder
19	3105684	3116569	19	5726079	5736657	placeholder
7	14677630	14687138	7	13565265	13576266	placeholder
13	11159674	11170615	12	6843629	6854012	placeholder
6	47282144	47293590	6	54371822	54383113	placeholder
10	10332413	10344985	11	12750480	12763823	placeholder
13	3362049	3368876	12	15931595	15944152	placeholder
6	42405476	42417171	6	59589226	59599516	placeholder
3	71220739	71238976	3	138080874	138093695	placeholder
5	44519636	44540146	5	79147245	79161311	placeholder
2	207639546	207641363	2	214395994	214397793	placeholder
8	70105921	70131894	8	8092898	8118785	placeholder
6	42882611	42896667	6	59062161	59080766	placeholder
6	24338207	24355795	6	79066155	79082459	placeholder
4	22873092	23004751	4	23366613	23511187	placeholder
3	160251067	160256505	3	43599703	43605059	placeholder
6	41821492	41822731	6	60211063	60212302	placeholder
3	110940929	110942192	3	97621573	97622836	placeholder
11	17596780	17605342	10	5046578	5054683	placeholder
3	194617436	194657443	3	6999700	7031166	placeholder
10	3231306	3259372	11	5769039	5808826	placeholder
5	91952454	91971115	5	31556669	31570680	placeholder
2	209546491	209560287	2	216440340	216454197	placeholder
13	645993	651656	12	21422863	21431947	placeholder
7	80021645	80036740	7	78522403	78541732	placeholder
2	191512196	191520908	2	203478463	203486193	placeholder
8	27950969	27982180	8	51227460	51258267	placeholder
7	8872015	8874436	7	7623769	7625758	placeholder
11	12552542	12555670	10	10012635	10015708	placeholder
1	185173902	185194586	1	196729688	196752469	placeholder
3	16184797	16193661	3	198305781	198318828	placeholder
12	664848	668627	13	20300249	20303981	placeholder
13	1828917	1859387	12	18602667	18675882	placeholder
1	63404924	63415450	1	66792350	66803442	placeholder
11	21362443	21367736	10	1527821	1532853	placeholder
11	20274638	20281337	10	2495144	2501475	placeholder
3	172848198	172849889	3	29943715	29945392	placeholder
1	232359832	232361086	1	248058650	248059904	placeholder
19	7306176	7316693	19	2020512	2030645	placeholder
8	78840183	78846594	8	284545	299340	placeholder
2	243612639	243629516	2	253332348	253354264	placeholder
5	122752270	122755460	5	47787	50765	placeholder
1	116646586	116655867	1	123058902	123067155	placeholder
4	4128805	4141761	4	3138346	3150039	placeholder
2	159526696	159561244	2	167986670	168029306	placeholder
1	251162305	251199329	1	268112166	268157419	placeholder
3	34788980	34798456	3	177889634	177900966	placeholder
1	117132222	117145892	1	123585102	123597847	placeholder
3	125114560	125132482	3	81815050	81840779	placeholder
7	27236416	27253535	7	27026433	27042075	placeholder
5	27016061	27030575	5	97622978	97638226	placeholder
13	17050601	17098710	12	1635632	1670590	placeholder
15	7110245	7123064	14	11473217	11486242	placeholder
3	65793206	65817379	3	143705294	143732257	placeholder
12	9253953	9291131	13	11173403	11183408	placeholder
1	104196069	104219802	1	110461033	110485938	placeholder
3	145768783	145781091	3	59260767	59278130	placeholder
2	55263839	55292514	2	57252604	57285102	placeholder
14	2377473	2378727	15	14564138	14565392	placeholder
15	16977197	16978545	14	20484538	20485892	placeholder
2	225644397	225648425	2	233813864	233817908	placeholder
4	4659586	4660846	4	3566197	3567454	placeholder
7	85526691	85536785	7	83817365	83828456	placeholder
17	8228748	8233813	17	2820426	2825802	placeholder
3	141627877	141636550	3	63812079	63820705	placeholder
1	152579539	152627768	1	161204819	161260996	placeholder
19	5275867	5278780	19	3757888	3761404	placeholder
1	254556653	254566410	1	271588793	271604931	placeholder
2	197259444	197271027	2	261842100	261860525	placeholder
6	98696126	98708310	6	626906	636139	placeholder
6	18392184	18405832	6	85452673	85468658	placeholder
7	20642117	20653076	7	19855978	19871007	placeholder
1	38767805	38790192	1	39601332	39624492	placeholder
4	93141032	93175523	4	97481660	97515156	placeholder
1	335050408	335066890	1	357297302	357309960	placeholder
15	12081624	12097815	14	16175898	16188308	placeholder
5	88278427	88299753	5	35858641	35881736	placeholder
1	150352278	150384868	1	158902486	158929671	placeholder
1	119094903	119136102	1	125737021	125757548	placeholder
5	10438610	10469460	5	115338466	115363262	placeholder
5	32715205	32751510	5	91505957	91547857	placeholder
2	204370296	204391429	2	210715048	210739223	placeholder
3	25062277	25069164	3	188710659	188716171	placeholder
1	50482327	50504036	1	52522035	52545674	placeholder
1	2606632	2635830	1	2133952	2149937	placeholder
15	16980886	16988119	14	20488370	20499993	placeholder
3	147859923	147872119	3	57065549	57082311	placeholder
4	44943075	45092049	4	48093731	48403702	placeholder
1	1909854	1940693	1	1555118	1574376	placeholder
2	149900275	149904739	2	157360702	157365848	placeholder
10	5301126	5316982	11	8164507	8177402	placeholder
11	3055001	3077368	10	20275254	20305892	placeholder
2	154574260	154595519	2	162590231	162604722	placeholder
2	40569154	40584452	2	40986768	41010047	placeholder
5	110420843	110434971	5	11839508	11856178	placeholder
4	7824002	7841224	4	6524617	6543803	placeholder
1	302251649	302274691	1	323151230	323166441	placeholder
1	289257526	289274939	1	308678262	308689339	placeholder
2	133171209	133190918	2	139083238	139106552	placeholder
6	10636752	10645618	6	93418850	93427563	placeholder
13	2305286	2306531	12	17641651	17642896	placeholder
6	36724562	36744851	6	65570211	65587279	placeholder
18	9592318	9594662	18	9106680	9108976	placeholder
2	157655419	157669865	2	165841026	165854758	placeholder
15	6760763	6776292	14	11091669	11108052	placeholder
5	88672206	88684822	5	35433441	35449788	placeholder
4	87588588	87592201	4	90948944	90950171	placeholder
4	41991657	42005476	4	44721068	44737488	placeholder
6	60120205	60130619	6	41052041	41061863	placeholder
5	55301516	55323112	5	68035776	68060366	placeholder
5	91395276	91405649	5	32150956	32160868	placeholder
17	8234614	8249651	17	2814015	2818941	placeholder
3	153958094	153979193	3	50372949	50400265	placeholder
2	143169237	143194226	2	150062888	150096123	placeholder
7	2539795	2556962	7	2359272	2372905	placeholder
3	55568939	55586899	3	154687614	154705252	placeholder
1	99729872	99752471	1	105642958	105664901	placeholder
11	14481119	14507320	10	8061670	8087963	placeholder
1	283287055	283296985	1	302099876	302114543	placeholder
8	27908440	27916250	8	51298292	51307161	placeholder
11	1149395	1152428	10	23555095	23558171	placeholder
11	8283986	8286080	10	14192175	14194176	placeholder
6	74749577	74766045	6	24965854	24987034	placeholder
1	269824774	269836833	1	287588473	287599859	placeholder
1	226486080	226487319	1	241685809	241687048	placeholder
14	5240166	5244118	15	11864679	11868981	placeholder
3	29977109	30007468	3	183195171	183226738	placeholder
13	7785189	7797590	12	10284434	10298764	placeholder
5	30246305	30250433	5	94129714	94134617	placeholder
3	10347067	10372912	3	204483714	204511773	placeholder
6	44940788	44946270	6	56894981	56900801	placeholder
1	289720032	289804798	1	309174634	309261986	placeholder
2	230185698	230210865	2	238947049	238971034	placeholder
5	93956284	93991435	5	29488470	29532202	placeholder
7	28216147	28218982	7	28063746	28066527	placeholder
5	30206004	30216562	5	94167410	94178746	placeholder
8	38038564	38054209	8	39748533	39765885	placeholder
11	1853057	1863028	10	22225227	22227884	placeholder
12	8393503	8402068	13	12039292	12045724	placeholder
2	103625697	103670889	2	106134586	106162909	placeholder
1	29211370	29212522	1	29122425	29123577	placeholder
3	59078219	59138377	3	150964255	151025559	placeholder
8	830064	834994	8	77818589	77823249	placeholder
1	106652072	106688546	1	112960772	112991766	placeholder
17	2225653	2231714	17	7455406	7464003	placeholder
1	328494019	328528184	1	350845291	350877718	placeholder
1	268304749	268308602	1	285961549	285965631	placeholder
3	157850582	157873982	3	46051178	46087196	placeholder
4	91315492	91335893	4	95571096	95591691	placeholder
3	67646737	67664262	3	141916976	141936960	placeholder
4	81391032	81401533	4	88854509	88865158	placeholder
3	3783724	3784951	3	210866308	210867532	placeholder
2	132881813	132955703	2	138793812	138864762	placeholder
2	144170999	144172262	2	151218043	151219309	placeholder
2	138015879	138024571	2	144422262	144433740	placeholder
3	21456200	21462824	3	192687161	192694547	placeholder
14	7512030	7520866	15	9645408	9656001	placeholder
3	131412743	131505074	3	74479614	74594995	placeholder
1	267612655	267645963	1	285247477	285282276	placeholder
3	59682219	59703050	3	150384833	150400190	placeholder
2	10966939	10982575	2	8919113	8932827	placeholder
4	59421577	59437157	4	63909252	63935754	placeholder
1	22959732	22971485	1	22313313	22324458	placeholder
2	86876523	86885410	2	88939638	88940814	placeholder
13	10198576	10208345	12	7800939	7811957	placeholder
1	258626692	258631281	1	275951912	275955560	placeholder
17	10035169	10040955	17	875427	880567	placeholder
7	10563162	10598296	7	9305832	9339177	placeholder
2	12362763	12363987	2	10057779	10059003	placeholder
15	14100081	14120664	14	17707007	17724709	placeholder
1	8323843	8324986	1	6770216	6771359	placeholder
3	192083165	192098891	3	9499030	9510352	placeholder
2	132856276	132872347	2	138773270	138785012	placeholder
4	30319595	30343163	4	31472627	31498052	placeholder
5	92579428	92589311	5	30885469	30897671	placeholder
6	56264290	56276862	6	44914106	44927390	placeholder
11	11518647	11574664	10	10908994	10979247	placeholder
6	71090532	71108085	6	28679097	28682897	placeholder
7	36050627	36070542	7	36748755	36768014	placeholder
3	50661089	50680215	3	160243596	160258891	placeholder
1	237996840	238041316	1	253888859	253930942	placeholder
2	204257682	204258900	2	210605304	210606522	placeholder
5	64720762	64753816	5	58263139	58301866	placeholder
1	103156396	103253365	1	109356485	109463509	placeholder
1	170421444	170439833	1	180283320	180377455	placeholder
1	125436893	125441485	1	132514562	132519112	placeholder
10	6881559	6904308	11	9658898	9677519	placeholder
1	22975793	22986434	1	22330723	22344758	placeholder
6	38203204	38223406	6	63900459	63917847	placeholder
15	10286432	10298323	14	14548404	14561005	placeholder
3	123363747	123368958	3	83675089	83681928	placeholder
3	172527237	172551776	3	30275893	30311260	placeholder
5	3899937	3905349	5	121126893	121130489	placeholder
5	38787822	38807597	5	85059104	85071945	placeholder
10	7435711	7457041	11	10154770	10174690	placeholder
14	5812431	5823534	15	11267872	11278040	placeholder
17	10704232	10708069	17	619954	623569	placeholder
2	66727476	66741783	2	69478077	69495057	placeholder
2	226648401	226656239	2	234934853	234945011	placeholder
1	63319538	63352542	1	66702198	66732952	placeholder
4	83092716	83151716	4	87268199	87314277	placeholder
1	221779863	221786211	1	236668137	236672141	placeholder
5	9662719	9682365	5	116159569	116175809	placeholder
6	26517838	26543915	6	76641213	76657195	placeholder
8	23620235	23633652	8	56037900	56050296	placeholder
2	220102069	220116009	2	227734569	227746320	placeholder
7	5906446	5925026	7	4888702	4907945	placeholder
8	69802819	69814737	8	8295805	8307742	placeholder
1	125841861	125864379	1	132984032	133004779	placeholder
1	24716510	24720377	1	24298441	24302275	placeholder
1	317311379	317328295	1	339028767	339040305	placeholder
1	75299111	75366983	1	79555858	79629805	placeholder
3	191822989	191848784	3	9747070	9768726	placeholder
3	131865605	132052863	3	74058564	74262528	placeholder
12	13291994	13307363	13	7212061	7226923	placeholder
5	40233227	40240127	5	83837549	83843905	placeholder
8	41017459	41035100	8	36204463	36231037	placeholder
7	27924663	27931778	7	27761621	27768073	placeholder
1	51815404	51823093	1	54044783	54045947	placeholder
13	2310292	2323971	12	17602260	17635815	placeholder
3	186968090	186988603	3	14923896	14946350	placeholder
2	133863967	133880865	2	139787275	139815176	placeholder
7	62013897	62071171	2	256937721	256958531	placeholder
2	53463921	53477784	2	55317051	55327703	placeholder
12	1719166	1724436	13	19250763	19256355	placeholder
3	147792756	147793962	3	57151650	57152856	placeholder
7	34250667	34258550	7	34895839	34904037	placeholder
2	205434691	205454672	2	211909722	211933815	placeholder
2	220364814	220376685	2	227984420	228000419	placeholder
1	98105879	98107076	1	103965008	103966133	placeholder
19	2764352	2777310	19	5951664	5963169	placeholder
3	192657984	192696657	3	8899305	8937732	placeholder
4	98105702	98110883	4	103067901	103073043	placeholder
18	6964344	6971761	18	6444762	6452577	placeholder
7	15887952	15898967	7	14830132	14842468	placeholder
5	40605165	40606401	5	83453195	83454431	placeholder
6	24373758	24428937	6	78979897	78990259	placeholder
15	8437390	8445816	14	12872833	12882029	placeholder
3	25494836	25505825	3	188218947	188232106	placeholder
7	22788841	22799924	7	22191386	22201861	placeholder
1	23138575	23148333	1	22493596	22504698	placeholder
3	141601879	141609345	3	63837897	63845733	placeholder
1	28558267	28570635	1	28437693	28453409	placeholder
15	72934	76711	14	213376	217175	placeholder
11	6391468	6403950	10	16317005	16325808	placeholder
5	21684206	21700253	5	103172551	103193747	placeholder
4	89674840	89681798	4	93810367	93816372	placeholder
4	9182305	9205235	4	7956478	7982227	placeholder
1	149153918	149164749	1	157390769	157403569	placeholder
3	50430330	50440201	3	160486399	160497368	placeholder
1	36594640	36616942	1	37194827	37212338	placeholder
1	180163269	180298778	1	192329409	192452476	placeholder
1	64803830	64808885	1	68313769	68316190	placeholder
5	30895653	30905607	5	93410663	93418659	placeholder
12	3718154	3752530	13	17108046	17143171	placeholder
2	95526034	95531982	2	97406853	97411989	placeholder
6	99133884	99137080	6	113711	117771	placeholder
3	91154270	91186375	3	117084751	117104407	placeholder
1	71252897	71263347	1	75050867	75061211	placeholder
10	6209821	6235907	11	9072030	9096761	placeholder
7	23867628	23868813	7	23380380	23381562	placeholder
1	91661668	91670901	1	97235190	97244651	placeholder
1	183538644	183539835	1	195151880	195153071	placeholder
7	74766391	74794005	7	73065085	73090692	placeholder
1	53783106	53798166	1	56086873	56105820	placeholder
12	1709853	1713533	13	19261823	19265400	placeholder
3	120468352	120474931	3	86879306	86886304	placeholder
6	32752955	32762355	6	69924996	69934445	placeholder
3	160223923	160236143	3	43617171	43635242	placeholder
1	239678521	239700943	1	255578222	255613462	placeholder
2	232666880	232677071	2	241703597	241713473	placeholder
1	187292300	187297588	1	198962628	198968159	placeholder
1	261571279	261587414	1	279080979	279096132	placeholder
2	242211705	242212905	2	252028259	252029450	placeholder
1	195677912	195688281	1	209170161	209180570	placeholder
2	15864376	15879642	2	13973038	13989535	placeholder
7	90732658	90745520	7	88710855	88721360	placeholder
1	98707768	98787775	1	104580574	104670217	placeholder
16	2712067	2717779	16	10670026	10676294	placeholder
1	15465783	15476743	1	14432075	14447365	placeholder
15	16909575	16912469	14	20421587	20424416	placeholder
2	33838007	33853347	2	33647471	33659112	placeholder
1	89907928	89920163	1	95290061	95303635	placeholder
8	41280316	41298346	8	35902635	35917675	placeholder
3	123513730	123531410	3	83511964	83529121	placeholder
3	44345405	44372364	3	167043614	167065431	placeholder
1	80235279	80274545	1	84930591	84970211	placeholder
1	11718483	11721735	1	10601100	10605410	placeholder
11	22367739	22371912	10	689461	693923	placeholder
2	160156607	160207305	2	169112686	169174617	placeholder
2	176008935	176014335	2	186587863	186593729	placeholder
1	73577823	73579080	1	77474406	77475663	placeholder
6	91204917	91230952	6	8703115	8724481	placeholder
1	185121890	185152087	1	196681135	196704260	placeholder
1	60969078	60994265	1	64089892	64118307	placeholder
4	93096521	93105268	4	97424092	97431471	placeholder
3	166029432	166036132	3	37229810	37236971	placeholder
6	23568731	23581035	6	79908308	79919282	placeholder
7	44339136	44358504	7	45120645	45146015	placeholder
3	168681485	168723227	3	34308507	34348433	placeholder
6	22650110	22651286	6	80862087	80863263	placeholder
13	11186733	11195663	12	6818177	6828423	placeholder
5	73591831	73626800	5	49626015	49650457	placeholder
1	71276755	71286040	1	75070937	75078680	placeholder
5	100522658	100532458	5	22226617	22238595	placeholder
1	18210023	18213356	1	17322493	17325594	placeholder
6	42318128	42328987	6	59676929	59686606	placeholder
1	25470473	25484355	1	25136444	25160386	placeholder
7	6286342	6310070	7	5192886	5218762	placeholder
13	14896628	14900924	12	3479967	3482402	placeholder
15	16385513	16398937	14	19950934	19961456	placeholder
2	157477900	157486181	2	165633291	165645132	placeholder
7	70586025	70599230	7	68588434	68605664	placeholder
4	85023886	85037971	4	85501827	85519992	placeholder
5	40305840	40329675	5	83745732	83763780	placeholder
3	59630106	59638361	3	150444091	150452708	placeholder
2	101916169	101917330	2	104062189	104063350	placeholder
6	57370131	57371175	6	43884805	43885843	placeholder
5	18956322	18979727	5	106114089	106134018	placeholder
5	849936	858398	5	123511580	123517380	placeholder
5	92366833	92384571	5	31128139	31152470	placeholder
12	1782532	1787233	13	19182948	19187703	placeholder
3	115245821	115256669	3	92530722	92542350	placeholder
3	103333442	103347764	3	109225753	109236188	placeholder
12	18621840	18642996	13	2133688	2147835	placeholder
7	36182614	36193136	7	36899972	36908831	placeholder
8	20459426	20473259	8	59549705	59564720	placeholder
6	24207905	24214295	6	79227397	79233679	placeholder
3	134675615	134692210	3	71154570	71171941	placeholder
1	49920614	49936197	1	51915091	51932358	placeholder
1	315587663	315591288	1	337206910	337210843	placeholder
1	333311025	333336275	1	355725074	355744754	placeholder
19	4848851	4892058	19	4093806	4147354	placeholder
1	253849257	253864682	1	270923863	270940563	placeholder
10	116220	129839	11	144207	182768	placeholder
1	324671831	324687172	1	346882831	346900143	placeholder
1	115436056	115457470	1	121802305	121816221	placeholder
1	123324771	123395681	1	130343808	130426587	placeholder
1	319366495	319385742	1	341135909	341159052	placeholder
17	523940	538347	17	9074586	9093005	placeholder
5	68649448	68730353	5	54116610	54160432	placeholder
10	14090920	14103538	11	14736751	14749286	placeholder
2	190317660	190318818	2	202229343	202230501	placeholder
2	12078587	12092616	2	9838794	9861757	placeholder
14	5614038	5620062	15	11481855	11486064	placeholder
8	74702985	74709251	5	91061599	91062583	placeholder
3	82202712	82223190	3	126361409	126377310	placeholder
6	3390661	3404982	6	100285943	100300051	placeholder
19	323204	329557	19	7877253	7881522	placeholder
7	20018233	20048313	7	19142611	19179254	placeholder
2	230226644	230238753	2	238984677	239001651	placeholder
6	16804307	16827846	6	87119718	87135785	placeholder
1	18469065	18471129	1	17602582	17604897	placeholder
2	105667225	105718678	2	108941943	109032763	placeholder
1	195390791	195415556	1	208905830	208929525	placeholder
15	11110900	11116938	14	15318223	15323893	placeholder
6	70503282	70506235	6	29337099	29339979	placeholder
8	8613730	8640792	8	70991940	71021003	placeholder
8	19380518	19401038	8	60797259	60814724	placeholder
2	68999205	69011161	2	71891316	71905164	placeholder
1	36861002	36876734	1	37451113	37463345	placeholder
2	205210992	205222181	2	211690404	211701434	placeholder
1	176931298	176966692	1	189440043	189462255	placeholder
13	8083811	8087249	12	10092091	10095525	placeholder
2	130427991	130429050	2	136252929	136253982	placeholder
1	270232202	270252432	1	288009017	288027873	placeholder
8	77115662	77128524	8	1550866	1565212	placeholder
1	324078825	324129057	1	346272769	346301917	placeholder
5	32454307	32460114	5	91848602	91853977	placeholder
3	103465226	103493784	3	109098633	109116849	placeholder
8	62352775	62354072	8	15140741	15142048	placeholder
6	12509455	12526827	6	91435131	91451144	placeholder
7	14071104	14092451	7	12981383	12993419	placeholder
3	84508048	84510505	3	123889252	123891689	placeholder
11	20482472	20490549	10	2308368	2312460	placeholder
12	11161621	11162773	13	9291264	9292416	placeholder
4	53711662	53731136	4	57464851	57485048	placeholder
6	52396823	52398014	6	49100887	49102078	placeholder
19	294008	312731	19	7882583	7901251	placeholder
3	179023461	179028636	3	23349551	23364248	placeholder
1	2645349	2680666	1	2168452	2179591	placeholder
1	321346111	321360368	1	343259819	343271032	placeholder
1	299140585	299159013	1	319795156	319816530	placeholder
8	2583448	2603375	8	76448875	76463568	placeholder
14	1170822	1179155	15	15776139	15784922	placeholder
2	159383780	159384905	2	167827209	167828334	placeholder
1	244526275	244527421	1	261169337	261170483	placeholder
8	51753503	51758774	8	24989783	24996472	placeholder
1	27724383	27735863	1	27537848	27550140	placeholder
2	230885118	230886270	2	239772226	239773372	placeholder
8	7675390	7685364	8	71900497	71913806	placeholder
7	89297763	89299059	7	87253110	87254406	placeholder
7	44588718	44597154	7	45326129	45334704	placeholder
1	299829672	299872524	1	320498876	320544302	placeholder
1	312418298	312423239	1	333900220	333907682	placeholder
1	39106749	39107862	1	39943404	39950387	placeholder
4	84630618	84648174	4	85870390	85886260	placeholder
6	26707334	26708339	6	76476125	76477130	placeholder
12	8571059	8582193	13	11850170	11860313	placeholder
3	38972730	38986824	3	172992710	173011507	placeholder
2	202193331	202204937	2	256690198	256699319	placeholder
3	157196363	157207303	3	46800602	46811596	placeholder
3	169897077	169914897	3	33059868	33079916	placeholder
3	183039293	183054830	3	19238496	19254344	placeholder
5	90411010	90450200	5	33357430	33382826	placeholder
3	122726061	122759200	3	84330626	84370605	placeholder
13	7739746	7747712	12	10340101	10347039	placeholder
3	202891868	202893530	3	126165	127850	placeholder
15	13254957	13263718	14	17074544	17081005	placeholder
2	96457650	96478669	2	98441471	98465039	placeholder
2	100681884	100685190	2	102750336	102754478	placeholder
1	277726108	277730925	1	295976619	295981482	placeholder
8	22634610	22642988	8	57123794	57131909	placeholder
3	118938001	118939138	3	88476462	88477599	placeholder
8	19703112	19730197	8	60452967	60471719	placeholder
1	40821004	40878772	1	41721225	41781533	placeholder
7	74686494	74701154	7	72972955	72991301	placeholder
2	156272378	156287159	2	164401237	164413493	placeholder
15	13729178	13733561	14	17397049	17400546	placeholder
11	8363782	8368472	10	14107688	14116785	placeholder
8	48379630	48396352	8	27767936	27787146	placeholder
3	92566390	92748571	3	116250608	116332279	placeholder
6	10778697	10779828	6	93284674	93285805	placeholder
1	300062570	300082209	1	320755639	320775453	placeholder
7	91043327	91063435	7	89000248	89019595	placeholder
13	2282873	2285768	12	17675564	17679223	placeholder
4	38284140	38289388	4	40616313	40620518	placeholder
7	13125744	13174610	7	11972245	12021526	placeholder
7	88891501	88917188	7	86855675	86881012	placeholder
3	186991590	187001230	3	14907992	14917165	placeholder
2	101207105	101213454	2	103316080	103321655	placeholder
4	83176947	83187807	4	87221459	87234436	placeholder
1	286883799	286889263	1	306145551	306155022	placeholder
2	165114188	165122268	2	174568384	174579680	placeholder
1	237683575	237770807	1	253558836	253647418	placeholder
16	5711651	5718918	16	7460968	7466110	placeholder
2	56548012	56549140	2	58673268	58674396	placeholder
1	225099251	225111691	1	240183735	240197715	placeholder
5	3618808	3621498	5	121377266	121378319	placeholder
7	9229352	9260935	7	7974847	8005654	placeholder
4	87490493	87491672	4	91099668	91100844	placeholder
12	14278970	14335915	13	6145259	6216138	placeholder
1	159966107	159977232	1	169160722	169171328	placeholder
1	285246481	285289373	1	304485216	304538778	placeholder
5	53795571	53796690	5	69335224	69336349	placeholder
3	33682601	33690688	3	179143861	179153066	placeholder
8	69292882	69306539	8	8804799	8815590	placeholder
3	191794921	191807483	3	9785367	9795449	placeholder
1	330587511	330605480	1	353649005	353673595	placeholder
11	8525113	8526909	10	13949388	13951136	placeholder
1	15622474	15628986	1	14607544	14614553	placeholder
1	28456355	28463009	1	28347255	28357479	placeholder
3	149070272	149260652	3	55647284	55863785	placeholder
1	160021449	160068682	1	169215718	169267418	placeholder
7	2449357	2461054	7	2272475	2284849	placeholder
2	152493129	152501588	2	160175258	160182647	placeholder
7	64984531	65006465	7	65424227	65456658	placeholder
8	25858811	25884374	8	53457322	53485800	placeholder
16	1940688	1956314	16	11423439	11441486	placeholder
8	67423922	67430779	8	10361284	10367964	placeholder
1	194829453	194840695	1	208327259	208337731	placeholder
3	81885676	81935218	3	126648067	126669186	placeholder
1	254542856	254553655	1	271574253	271585961	placeholder
1	312063751	312070997	1	333470666	333486182	placeholder
5	9920685	9921801	5	115897260	115898376	placeholder
2	23972473	23975909	2	22582837	22585605	placeholder
5	86454681	86455797	5	37704831	37705947	placeholder
6	45558737	45565146	6	56201327	56208089	placeholder
5	120773034	120789889	5	1900418	1910254	placeholder
17	9737566	9749505	17	1370566	1381815	placeholder
2	206297940	206306020	2	212906799	212914377	placeholder
6	45404819	45420330	6	56356678	56371079	placeholder
13	16247709	16254254	12	2303300	2309083	placeholder
1	152743364	152746193	1	161387390	161390228	placeholder
2	145979206	145980322	2	153250095	153251211	placeholder
8	13972108	13986645	8	66386070	66398271	placeholder
2	207600450	207615795	2	214348989	214368484	placeholder
3	191860243	191869494	3	9724714	9734317	placeholder
1	62945850	62965980	1	66304554	66325705	placeholder
7	62549995	62551105	7	62045004	62046114	placeholder
8	11616102	11628646	8	68842435	68855065	placeholder
5	97257590	97268163	5	25790672	25801291	placeholder
2	100121453	100122572	2	102112022	102113141	placeholder
5	40545880	40546981	5	83511721	83512822	placeholder
5	51739722	51740835	5	71560884	71562000	placeholder
5	46731037	46745619	5	76889299	76894928	placeholder
1	191934916	191988004	1	205146893	205191492	placeholder
4	95236237	95269002	4	99799843	99832700	placeholder
2	85286506	85323767	2	87634029	87668836	placeholder
1	242890718	242992647	1	259475700	259599404	placeholder
3	37533380	37534490	3	174738437	174739547	placeholder
3	61881098	61895686	3	147961583	147977640	placeholder
2	63668762	63685941	2	66200432	66217753	placeholder
5	100540780	100556378	5	22202342	22217347	placeholder
1	309984921	309992893	1	331810811	331815687	placeholder
4	99404498	99417465	4	104569317	104580932	placeholder
3	168056225	168061949	3	35017761	35024380	placeholder
3	157335905	157342583	3	46629602	46636150	placeholder
2	134827672	134889599	2	140840745	140899497	placeholder
1	153875253	153882502	1	162658361	162664887	placeholder
3	65590375	65607059	3	143919633	143941239	placeholder
6	74295814	74364807	6	25274838	25323769	placeholder
6	57811051	57818632	6	43448356	43457589	placeholder
2	176538799	176539906	2	187112820	187113927	placeholder
7	28183370	28196561	7	28028955	28040162	placeholder
15	14780820	14790086	14	18303428	18311274	placeholder
8	11527314	11542694	8	68922660	68938796	placeholder
11	2451134	2452238	10	21141415	21142513	placeholder
15	14914426	14918020	14	18420519	18423912	placeholder
10	1677187	1683711	11	3696890	3706069	placeholder
3	161493829	161510864	3	42244565	42262031	placeholder
8	30902217	30904757	8	47943600	47947066	placeholder
7	2944764	2950970	7	2680973	2690882	placeholder
1	242730034	242739413	1	259295585	259307220	placeholder
15	4145087	4175276	14	8027275	8071591	placeholder
1	46413028	46428597	1	47969043	47985591	placeholder
6	69966400	69971437	6	29881258	29886302	placeholder
7	23011792	23104885	7	22461496	22565171	placeholder
3	196180972	196227080	3	5507691	5542866	placeholder
4	50443862	50452450	4	54033151	54042368	placeholder
17	7219230	7220337	17	3850474	3851581	placeholder
1	240047278	240055900	1	255966702	255975412	placeholder
11	14733759	14734875	10	7839020	7840136	placeholder
6	42601816	42603757	6	59394010	59395902	placeholder
6	10648551	10665497	6	93397153	93415561	placeholder
12	1488379	1493807	13	19473236	19477908	placeholder
6	45172766	45179457	6	56595129	56601988	placeholder
5	2812789	2827870	5	122036067	122056456	placeholder
13	3815620	3823886	12	15347174	15356652	placeholder
5	110280203	110312088	5	11962125	11990100	placeholder
3	82964901	82973316	3	125534105	125542022	placeholder
18	3103488	3108974	18	3055134	3062348	placeholder
5	97554525	97555599	5	25481169	25482234	placeholder
16	12156854	12164487	16	954587	961531	placeholder
8	70178495	70220260	8	7993391	8039906	placeholder
10	8266030	8268589	11	10835960	10838781	placeholder
1	154293222	154355248	1	163076897	163131550	placeholder
2	121899787	121916221	2	127478522	127488688	placeholder
6	53078855	53091907	6	48342838	48354057	placeholder
17	10376880	10381976	17	825404	830365	placeholder
1	256837192	256898454	1	274016953	274078295	placeholder
6	90685521	90699448	6	9155027	9167051	placeholder
13	18704680	18710384	12	131539	137189	placeholder
5	30415167	30416245	5	93939277	93940361	placeholder
15	2041717	2054251	14	4676553	4706581	placeholder
3	119307887	119323480	3	88078220	88092128	placeholder
19	3006219	3007299	19	5623926	5625015	placeholder
1	65985418	65990096	1	69623801	69630098	placeholder
1	227615404	227616496	1	242939389	242940481	placeholder
15	13332415	13336053	14	17140290	17143885	placeholder
7	20000496	20009868	7	19115193	19133743	placeholder
1	210967143	210968226	1	224801211	224802294	placeholder
3	152921202	152951406	3	51497817	51528702	placeholder
1	175698088	175699180	1	188319042	188320134	placeholder
7	8992462	9003253	7	7741730	7751855	placeholder
1	71144410	71145508	1	74939683	74940781	placeholder
5	37412182	37430820	5	86586858	86611817	placeholder
3	168250532	168262281	3	34821105	34833202	placeholder
5	40929882	40944111	5	83102866	83117714	placeholder
6	48947338	48963579	6	52629658	52644627	placeholder
7	84594525	84628425	7	82899738	82933026	placeholder
3	130849038	130858480	3	75176235	75185867	placeholder
1	320908235	320911136	1	342766886	342769775	placeholder
10	26734537	26736575	11	24754935	24756435	placeholder
2	199143447	199150556	2	259924727	259936558	placeholder
4	79253433	79308557	4	82240043	82280204	placeholder
4	2679161	2685981	4	2216467	2220803	placeholder
3	146019090	146026765	3	58995376	59004558	placeholder
14	1227461	1232576	15	15708236	15712803	placeholder
5	96920838	96934325	5	26141212	26159806	placeholder
3	79372640	79377950	3	129418361	129424893	placeholder
6	74396666	74410369	6	25231519	25246811	placeholder
2	31570211	31571285	2	31189360	31190461	placeholder
1	126295354	126306505	1	133444419	133474812	placeholder
1	63156755	63157826	1	66524144	66525221	placeholder
2	153831814	153842036	2	161730066	161739910	placeholder
8	13578035	13593154	8	66797947	66819391	placeholder
16	12339288	12340380	16	779129	780221	placeholder
15	8213506	8248246	14	12647892	12683821	placeholder
7	29446131	29447343	7	29481598	29482830	placeholder
2	11313486	11321927	2	9243184	9250731	placeholder
5	82483695	82500125	5	41775478	41785525	placeholder
1	286487022	286499578	1	305784751	305802993	placeholder
6	26040451	26041534	6	77202034	77203114	placeholder
8	10512709	10524537	8	69790319	69800367	placeholder
8	6816876	6831109	8	72731913	72751982	placeholder
6	18314309	18330498	6	85548133	85562813	placeholder
2	223463537	223491923	2	231474906	231507953	placeholder
5	56258537	56268621	5	67264722	67273856	placeholder
5	79420407	79421481	5	44934207	44935281	placeholder
5	40690980	40692087	5	83358109	83359216	placeholder
3	57351371	57367422	3	152842678	152867837	placeholder
3	179291050	179301708	3	23103183	23112866	placeholder
3	103388042	103401220	3	109175164	109187837	placeholder
16	12653790	12656037	16	464229	466089	placeholder
2	188287571	188294187	2	200005979	200012237	placeholder
4	21380182	21387286	4	21582171	21590834	placeholder
2	175210004	175234493	2	185731526	185758526	placeholder
6	27831079	27832165	6	75226469	75227555	placeholder
1	130902505	130903552	1	138328848	138329895	placeholder
15	14885801	14889280	14	18393575	18396904	placeholder
3	34452795	34477699	3	178232851	178257757	placeholder
11	461330	471917	10	25249947	25266950	placeholder
3	168186835	168195714	3	34890403	34900306	placeholder
8	62300651	62309001	8	15182629	15191361	placeholder
10	216830	226192	11	422675	463956	placeholder
7	34750224	34754037	7	35418175	35425360	placeholder
14	1641499	1642567	15	15294522	15295590	placeholder
2	12276284	12333906	2	10014876	10025038	placeholder
16	12575131	12580087	16	540949	545763	placeholder
15	16534294	16541023	14	20085495	20090611	placeholder
1	232125605	232126679	1	247822427	247823501	placeholder
1	150707857	150724984	1	159277274	159292343	placeholder
1	69933612	69947560	1	73759893	73772186	placeholder
1	114825369	114832665	1	121148635	121156355	placeholder
1	178832845	178847041	1	191143675	191153344	placeholder
2	96484880	96500692	2	98471424	98483026	placeholder
5	87185037	87192813	5	37005031	37012963	placeholder
15	6373584	6379027	14	10794310	10799738	placeholder
1	274587568	274598593	1	292606125	292620210	placeholder
19	708567	723194	19	7489149	7501643	placeholder
1	101581055	101612782	1	107670537	107703472	placeholder
7	37704930	37731574	7	38469433	38492805	placeholder
3	69864816	69884731	3	139456533	139486511	placeholder
17	8186912	8189617	17	2870279	2872749	placeholder
1	237533323	237546527	1	253375753	253398192	placeholder
2	104348720	104369986	2	106920955	106939560	placeholder
1	101445679	101469732	1	107532974	107571891	placeholder
7	33152643	33156310	7	33737790	33741220	placeholder
10	25601506	25612832	11	23619476	23632554	placeholder
14	7044276	7050003	15	10103787	10110007	placeholder
2	51777595	51867192	2	53411401	53509638	placeholder
15	3845666	3851902	14	7575679	7589020	placeholder
5	25176159	25196169	5	99563897	99583374	placeholder
1	306897527	306917314	1	328172820	328193332	placeholder
3	38423298	38442766	3	173641711	173663736	placeholder
19	2792875	2801458	19	5405352	5410609	placeholder
2	92085531	92092639	2	93719049	93727293	placeholder
3	119084713	119116858	3	88294157	88325024	placeholder
1	40710120	40719936	1	41600901	41610722	placeholder
3	127185274	127198117	3	79598623	79611618	placeholder
12	8344775	8354483	13	12085333	12093394	placeholder
3	5735204	5736212	3	209109230	209110235	placeholder
2	101232333	101248355	2	103345491	103363572	placeholder
13	2290247	2294200	12	17655541	17666449	placeholder
3	199700458	199732038	3	2671874	2700375	placeholder
4	55095381	55096449	4	58983860	58984919	placeholder
13	16874131	16878438	12	1837541	1841905	placeholder
1	315732401	315755449	1	337358260	337386612	placeholder
11	20638902	20644515	10	2161359	2166779	placeholder
3	36722694	36755363	3	175665975	175716494	placeholder
13	5011155	5039502	12	13726680	13764816	placeholder
12	4174115	4177343	13	16670283	16673619	placeholder
6	81713985	81721119	6	20904092	20912041	placeholder
6	85110559	85216589	6	17394604	17508954	placeholder
17	10574896	10579730	17	629611	633810	placeholder
1	170512787	170537560	1	180401235	180426454	placeholder
5	31481378	31503100	5	92823411	92843030	placeholder
7	30526882	30549073	7	30697378	30721608	placeholder
15	1238662	1249751	14	2857110	2873952	placeholder
2	109259836	109264771	2	114673750	114678753	placeholder
1	181559202	181560261	1	193529082	193530141	placeholder
15	7403952	7405008	14	11788541	11789597	placeholder
17	10742478	10743501	17	465380	466403	placeholder
10	4655782	4656829	11	7470361	7471408	placeholder
6	26745818	26746826	6	76431938	76432943	placeholder
15	10470413	10485837	14	14710549	14726038	placeholder
3	144179471	144197948	3	61003818	61024480	placeholder
5	40518394	40527191	5	83528293	83538696	placeholder
2	33095055	33097085	2	32901233	32902838	placeholder
5	4482352	4483405	5	120698743	120699799	placeholder
8	44137456	44153320	8	32785011	32803694	placeholder
17	10850980	10856412	17	345377	347372	placeholder
6	27658233	27673582	6	75398197	75420955	placeholder
12	651407	656584	13	20311919	20316616	placeholder
1	246966841	246967885	1	263680806	263681847	placeholder
4	55112136	55113192	4	59008458	59009514	placeholder
16	12195638	12198321	16	920503	922956	placeholder
2	203171883	203232113	2	209477369	209532018	placeholder
4	22191292	22193214	4	22600374	22602285	placeholder
2	148554949	148577373	2	156009573	156030160	placeholder
1	292918321	292933376	1	312788739	312802844	placeholder
1	23339863	23352822	1	22689670	22706685	placeholder
7	22802270	22811673	7	22204167	22214467	placeholder
18	7929755	7933699	18	7390292	7394035	placeholder
1	165776481	165782646	1	175115100	175122698	placeholder
15	1818425	1827654	14	4274325	4289847	placeholder
5	26390841	26407335	5	98257000	98281403	placeholder
1	286904018	286909364	1	306170440	306174619	placeholder
6	40891531	40902924	6	61165215	61175330	placeholder
5	90116861	90148061	5	33718042	33756443	placeholder
7	13182195	13194826	7	12033155	12045793	placeholder
2	151907185	151930343	2	159497557	159521111	placeholder
1	168914063	168915107	1	178532019	178533069	placeholder
3	159354965	159364977	3	44395086	44405949	placeholder
10	8219226	8238068	11	10794900	10811126	placeholder
1	247102038	247116464	1	263812434	263833007	placeholder
17	3168216	3169311	17	6920991	6922050	placeholder
19	7583064	7586003	19	1750399	1754118	placeholder
3	171580715	171676640	3	31254187	31348462	placeholder
16	11355438	11358751	16	1804759	1808287	placeholder
1	249208199	249210919	1	266035553	266038594	placeholder
12	3251726	3260188	13	17668556	17677367	placeholder
15	11545058	11552206	14	15710071	15714962	placeholder
6	88229504	88239466	6	13860341	13870018	placeholder
14	2436510	2453800	15	14494807	14512683	placeholder
19	5397167	5401590	19	3647531	3651785	placeholder
4	25172690	25189378	4	25783270	25797930	placeholder
1	115994796	116043148	1	122388255	122439213	placeholder
10	16118497	16119487	11	16146281	16147256	placeholder
14	16668093	16706982	15	399762	423463	placeholder
1	4752312	4767364	1	3908210	3920009	placeholder
3	146230987	146237163	3	58830058	58840165	placeholder
1	98960514	98993027	1	104838723	104873275	placeholder
1	181485529	181508256	1	193481954	193499965	placeholder
3	37997277	37998318	3	174101015	174102056	placeholder
5	22800263	22809336	5	101948171	101958427	placeholder
5	97767546	97851713	5	25133643	25248735	placeholder
4	64092570	64112905	4	68866745	68899270	placeholder
1	100468055	100469090	1	106456004	106457045	placeholder
6	7906992	7921273	6	96298256	96309964	placeholder
1	72292973	72294268	1	76114668	76115976	placeholder
16	12450941	12454586	16	663848	667236	placeholder
1	259656140	259686908	1	277017683	277055322	placeholder
6	85369993	85389622	6	17187435	17204473	placeholder
5	10091701	10243402	5	115580009	115723557	placeholder
3	141492894	141508735	3	63935028	63953563	placeholder
3	63554607	63566648	3	146169728	146181097	placeholder
1	299712479	299713295	1	320375025	320375841	placeholder
2	142247982	142262794	2	149001928	149016258	placeholder
6	38438824	38441419	6	63739763	63742354	placeholder
8	8720737	8730157	8	70914311	70922552	placeholder
6	94005393	94017885	6	5766391	5783124	placeholder
13	14918967	14928791	12	3453941	3461836	placeholder
1	115219047	115226720	1	121582234	121590066	placeholder
3	29635480	29645612	3	183579438	183593690	placeholder
5	13953037	13967716	5	111750942	111763152	placeholder
3	153708633	153722086	3	50665412	50682155	placeholder
10	7979158	7980214	11	10600715	10601771	placeholder
2	31440124	31455602	2	31021121	31042029	placeholder
2	193499973	193502451	2	205626401	205628495	placeholder
3	91367155	91381700	3	116962942	116981869	placeholder
6	26756781	26757792	6	76420058	76421063	placeholder
2	65514418	65525927	2	68178855	68197355	placeholder
17	10936614	10939518	17	282461	285294	placeholder
1	41739249	41740284	1	42731822	42746758	placeholder
1	43130180	43131234	1	44161692	44170324	placeholder
6	45210897	45225296	6	56548267	56562042	placeholder
5	18069851	18071657	5	107121927	107124850	placeholder
12	17351071	17360706	13	3361891	3365991	placeholder
8	44019960	44041888	8	32881009	32909268	placeholder
1	241074763	241087590	1	257139048	257169063	placeholder
10	11607353	11673005	11	13769172	13788690	placeholder
1	52919816	52929393	1	55248243	55257110	placeholder
6	80636656	80654417	6	21629991	21641414	placeholder
1	107575401	107584405	1	113949541	113959460	placeholder
6	43123975	43124989	6	58810589	58811603	placeholder
4	23149425	23165175	4	23659710	23682018	placeholder
6	10340658	10348683	6	93795306	93804786	placeholder
5	31430278	31438997	5	92895049	92904678	placeholder
7	30950073	30951090	7	31192463	31193480	placeholder
6	94274749	94297383	6	5361799	5398456	placeholder
7	92448677	92454371	7	90381902	90387398	placeholder
14	1067489	1072517	15	15882936	15887912	placeholder
3	34606462	34616096	3	178089765	178102168	placeholder
6	113899	125887	6	103065847	103072760	placeholder
2	29978167	30001392	2	29520826	29554633	placeholder
6	48142383	48152762	6	53480716	53487433	placeholder
1	311773962	311778046	1	333156464	333159938	placeholder
1	334980758	335028448	1	357248491	357280946	placeholder
1	332339419	332417893	1	354826126	354889246	placeholder
14	13838678	13850408	15	3229092	3238713	placeholder
3	10201406	10226645	3	204626896	204651580	placeholder
3	123377319	123386776	3	83659191	83665782	placeholder
1	142142418	142150841	1	150344977	150359220	placeholder
12	11429861	11430905	13	9094485	9095529	placeholder
15	6499082	6506384	14	10945063	10951135	placeholder
8	40908888	40913919	8	36360195	36374645	placeholder
1	24947510	24957265	1	24573313	24582009	placeholder
5	21777201	21780650	5	103069796	103073527	placeholder
16	12837685	12839617	16	294120	296107	placeholder
1	48806835	48817831	1	50615403	50621602	placeholder
1	177219791	177220814	1	189707583	189708606	placeholder
1	215695383	215733238	1	229997276	230033452	placeholder
1	239348027	239362240	1	255268560	255276613	placeholder
19	269788	271723	19	7914574	7916722	placeholder
13	18379496	18381111	12	473324	474922	placeholder
1	301798784	301812911	1	322680430	322702166	placeholder
17	4468326	4476514	17	5749293	5757452	placeholder
6	68199933	68210861	6	31832187	31838310	placeholder
10	9019741	9034292	11	11518346	11530198	placeholder
6	85796610	85801274	6	16782890	16787354	placeholder
7	85093412	85121781	7	83381741	83409877	placeholder
6	40460725	40463178	6	61658076	61660500	placeholder
2	236743327	236756600	2	246093341	246101281	placeholder
10	6421558	6428193	11	9257410	9263259	placeholder
3	45424599	45447385	3	165863083	165891446	placeholder
6	80963915	80976890	6	21460362	21470031	placeholder
6	18265398	18266391	6	85611608	85612601	placeholder
2	59953119	59961933	2	62091648	62098120	placeholder
1	311739196	311750665	1	333121921	333132460	placeholder
2	177691433	177707665	2	188337102	188351132	placeholder
7	82004330	82011548	7	80455299	80462746	placeholder
1	36180669	36225900	1	36727871	36785175	placeholder
3	185021943	185031865	3	17072336	17082717	placeholder
2	150247392	150248997	2	157762831	157764177	placeholder
1	302021737	302045398	1	322901906	322925011	placeholder
3	179199049	179202984	3	23210878	23215828	placeholder
3	131022712	131030811	3	75011400	75020029	placeholder
1	63254576	63265150	1	66632080	66645365	placeholder
10	9001174	9006792	11	11500708	11506609	placeholder
3	126299235	126322880	3	80512602	80536116	placeholder
8	9471639	9477303	8	70184878	70191794	placeholder
5	58816304	58822278	5	64540749	64555262	placeholder
4	53143261	53144284	4	56823065	56824088	placeholder
6	48529315	48532129	6	53117425	53119992	placeholder
5	40625389	40632745	5	83418937	83431669	placeholder
16	6799455	6805076	16	6357393	6363657	placeholder
1	166655328	166663398	1	176109288	176116892	placeholder
13	16996488	17010329	12	1712635	1724643	placeholder
5	97516027	97604230	5	25431809	25524921	placeholder
1	177055086	177056097	1	189530566	189531577	placeholder
2	215469359	215485677	2	222748005	222777400	placeholder
2	156003969	156013292	2	164111286	164120618	placeholder
1	198330841	198427605	1	212088467	212178320	placeholder
6	60592461	60616584	6	40541926	40573744	placeholder
8	23434267	23444860	8	56264451	56276002	placeholder
4	57600660	57601671	4	61762027	61763038	placeholder
1	335940169	335947598	1	358091435	358097242	placeholder
15	15305426	15310955	14	18928786	18932368	placeholder
2	190026298	190046905	2	201919322	201942799	placeholder
7	46562417	46577740	7	47114136	47126273	placeholder
12	417825	421254	13	20541671	20545187	placeholder
6	26714190	26715198	6	76469911	76470919	placeholder
3	119432198	119441271	3	87955117	87966362	placeholder
3	82000186	82011624	3	126582684	126621159	placeholder
2	97227252	97228263	2	99197344	99198358	placeholder
19	4389416	4395881	19	4529027	4535927	placeholder
1	96023668	96030340	1	101880769	101890210	placeholder
10	8634194	8645957	11	11153047	11162643	placeholder
3	99964448	99990170	3	112546469	112571134	placeholder
10	3107957	3143016	11	5617512	5645573	placeholder
3	10376394	10383208	3	204463917	204478905	placeholder
3	196142225	196143230	3	5586354	5587362	placeholder
3	134478656	134495571	3	71351247	71368046	placeholder
15	3521919	3527178	14	7074780	7082693	placeholder
6	48062593	48083886	6	53534824	53557186	placeholder
7	25968736	25977768	7	25773854	25781432	placeholder
1	66104448	66113669	1	69741088	69757782	placeholder
3	127432890	127441699	3	79332777	79338622	placeholder
1	257105049	257111603	1	274289767	274301670	placeholder
4	70513076	70646611	4	75481186	75533161	placeholder
6	45446264	45450552	6	56326721	56332509	placeholder
5	22630984	22631989	5	102142854	102143862	placeholder
3	35023569	35032019	3	177644691	177658178	placeholder
7	80788133	80806299	7	79233336	79248259	placeholder
12	13265518	13275612	13	7246613	7260695	placeholder
11	22739175	22747703	10	313967	317869	placeholder
6	45476737	45484572	6	56289932	56297240	placeholder
2	33105203	33110394	2	32917487	32920019	placeholder
6	71953692	71963230	6	27809566	27819590	placeholder
15	10978212	10987968	14	15197437	15203377	placeholder
14	1622077	1623076	15	15314768	15315767	placeholder
13	15758635	15766412	12	2739681	2747320	placeholder
2	94404702	94412044	2	96144002	96149662	placeholder
16	7665985	7670494	16	5423840	5427585	placeholder
2	215072870	215081627	2	222352807	222358831	placeholder
1	71786686	71929521	1	75601818	75750592	placeholder
1	215580216	215588672	1	229877869	229886948	placeholder
1	17881551	17887590	1	16965088	16971695	placeholder
7	74360800	74381073	7	72633772	72658324	placeholder
2	154625358	154642439	2	162642712	162658467	placeholder
2	152806093	152807089	2	160544014	160545010	placeholder
2	99466194	99482470	2	101414476	101430935	placeholder
3	15817555	15823516	3	198680968	198688356	placeholder
1	311754508	311762199	1	333137017	333144660	placeholder
2	59228271	59244585	2	61324456	61340981	placeholder
7	39920602	39950738	7	40808485	40837120	placeholder
3	71159361	71160357	3	138159475	138160471	placeholder
5	94963732	94990436	5	28408255	28432544	placeholder
1	332545097	332545961	1	355022678	355023542	placeholder
4	96535076	96544445	4	101318350	101327524	placeholder
2	222434095	222439839	2	230250971	230258967	placeholder
2	64714528	64727374	2	67273573	67286413	placeholder
1	246362746	246375312	1	263039206	263051881	placeholder
3	147481140	147491566	3	57474208	57483428	placeholder
3	179095038	179126174	3	23277607	23296666	placeholder
8	19264187	19271602	8	60922734	60928390	placeholder
8	59623501	59720428	8	17673597	17730634	placeholder
11	12387946	12392991	10	10167497	10172797	placeholder
1	69953916	69963537	1	73778823	73786125	placeholder
4	64250360	64260216	4	69013619	69026242	placeholder
13	2924971	2930390	12	16565758	16573230	placeholder
1	293908991	293913669	1	313875229	313879548	placeholder
1	148428908	148429898	1	156612036	156613026	placeholder
6	91359143	91373926	10	18684522	18702181	placeholder
2	84744929	84770055	2	87145060	87167459	placeholder
3	132711035	132717901	3	73335937	73343777	placeholder
2	120330037	120331024	2	126158472	126159459	placeholder
8	51820274	51838115	8	24907184	24921527	placeholder
2	34867920	34871732	2	34716533	34720750	placeholder
5	92499893	92532502	5	30955661	31000560	placeholder
3	160946859	160987000	3	42848351	42891569	placeholder
6	52985988	52998077	6	48446140	48462554	placeholder
3	126790650	126792297	3	80007456	80009107	placeholder
3	172445741	172456238	3	30380961	30392299	placeholder
8	48525711	48569928	8	27519285	27597081	placeholder
1	274144535	274156679	1	292110342	292120146	placeholder
16	7227402	7242107	16	5855361	5870306	placeholder
3	119347024	119356910	3	88037541	88052934	placeholder
3	169446630	169452803	3	33492572	33499546	placeholder
1	22903176	22905372	1	22249981	22252562	placeholder
2	33377753	33392644	2	33253856	33270549	placeholder
1	55347149	55400678	1	57803474	57856303	placeholder
6	88269513	88289152	6	13790899	13804386	placeholder
1	104450761	104456803	1	110700156	110707217	placeholder
4	23363527	23366401	4	23832520	23835355	placeholder
16	2514259	2523986	16	10864887	10876672	placeholder
1	12049101	12061974	1	10935029	10946630	placeholder
4	99374311	99390487	4	104547492	104562191	placeholder
17	4671641	4675810	17	5695186	5700162	placeholder
1	48687679	48700814	1	50486254	50496448	placeholder
12	11380850	11381783	13	9142718	9143651	placeholder
5	3498002	3498959	5	121473563	121474520	placeholder
17	8077435	8081002	17	2938783	2944301	placeholder
7	22154035	22171499	7	21464369	21482995	placeholder
4	17270867	17299256	4	17011757	17032911	placeholder
5	18900991	18918557	5	106173160	106193938	placeholder
1	11727876	11744240	1	10613757	10626564	placeholder
3	98099868	98100693	3	113822366	113823191	placeholder
1	199249441	199253659	1	212798578	212802979	placeholder
6	60252237	60261588	6	40919516	40927296	placeholder
7	58593933	58618025	7	59212133	59259473	placeholder
2	76096608	76111979	2	79113207	79125600	placeholder
6	26767234	26797119	6	76411995	76412937	placeholder
3	94443798	94482740	3	115509287	115525223	placeholder
1	149672	155534	1	206860	212897	placeholder
3	51177085	51178060	3	159779682	159780657	placeholder
1	314390842	314398302	1	335875802	335883328	placeholder
2	174997999	175006219	2	185450400	185460293	placeholder
1	150441371	150483117	1	158979021	159019614	placeholder
3	148888426	148894060	3	56013692	56018676	placeholder
6	33159067	33175965	6	69520792	69543809	placeholder
2	222363462	222366450	2	230170701	230175844	placeholder
13	2243892	2246984	12	17750400	17796876	placeholder
6	46547831	46617732	6	55088439	55158589	placeholder
13	12874237	12877062	12	5341239	5344530	placeholder
3	89851761	89854122	3	118303433	118305799	placeholder
15	3624575	3630448	14	7216218	7225042	placeholder
8	30025396	30036760	8	48873754	48895395	placeholder
2	91871230	91882399	2	93505336	93524882	placeholder
15	15798952	15806293	14	19393295	19400224	placeholder
2	199763133	199767804	2	259279227	259283592	placeholder
7	20911338	20935409	7	20139493	20166691	placeholder
1	225156754	225193736	1	240259288	240312611	placeholder
5	94056574	94076334	5	29398613	29409289	placeholder
7	30501244	30516615	7	30672273	30688797	placeholder
19	829217	832626	19	7385250	7389214	placeholder
3	141419523	141468921	3	63976272	64159661	placeholder
3	153507475	153528272	3	50875463	50894795	placeholder
17	10166811	10181895	17	1011035	1026365	placeholder
16	2034870	2040464	16	11338589	11344084	placeholder
7	31709098	31721617	7	32075985	32091325	placeholder
2	104966617	104996491	2	107794152	107833579	placeholder
5	97525550	97526501	5	25515321	25516272	placeholder
11	22519435	22523265	10	547794	551155	placeholder
6	48537921	48539978	6	53109840	53111959	placeholder
3	91703783	91751360	3	116790103	116823073	placeholder
2	217206043	217299946	2	224644434	224752154	placeholder
2	2823163	2849783	2	2459276	2548859	placeholder
4	26385379	26393306	4	27106878	27111728	placeholder
1	28124513	28151774	1	27995831	28023580	placeholder
1	121908789	121913597	1	128909658	128914610	placeholder
16	11072844	11076446	16	1997989	2001903	placeholder
3	17334551	17407264	3	197135327	197202270	placeholder
4	4675358	4680752	4	3576584	3580640	placeholder
19	2837316	2856557	19	5447342	5467556	placeholder
2	101819937	101830245	2	103965330	103976889	placeholder
2	152024709	152031327	2	159633270	159639824	placeholder
1	272334026	272337620	1	290204129	290208171	placeholder
3	141942355	141959035	3	63457944	63464560	placeholder
1	184800152	184801109	1	196342498	196343455	placeholder
1	257043414	257056255	1	274220203	274237458	placeholder
3	79962025	79969244	3	128821049	128828183	placeholder
15	11609747	11618912	14	15761755	15770944	placeholder
1	144511717	144549675	1	152592146	152624845	placeholder
1	317795713	317812693	1	339505987	339517363	placeholder
8	49388035	49404591	8	26540011	26550179	placeholder
1	69852085	69863721	1	73665336	73682889	placeholder
4	37394578	37398648	4	39539468	39543598	placeholder
3	69648377	69668230	3	139689654	139707163	placeholder
5	108115640	108133694	5	14183461	14224182	placeholder
2	155167769	155174808	2	163222498	163229942	placeholder
14	3870911	3884291	15	13055168	13069271	placeholder
1	287745968	287758239	1	307048521	307060950	placeholder
3	65819961	65906645	3	143616135	143702774	placeholder
6	48513056	48514975	6	53133217	53135147	placeholder
15	14877942	14884938	14	18388576	18392714	placeholder
1	340059424	340068864	1	361349588	361359277	placeholder
10	10108212	10125620	11	12559169	12572222	placeholder
3	119133293	119142106	3	88268074	88275967	placeholder
10	14476890	14486215	11	14940313	14946874	placeholder
15	7946286	7955549	14	12390351	12397841	placeholder
1	41279587	41294517	1	42244766	42262516	placeholder
12	8111226	8125959	13	12319185	12338736	placeholder
3	182323002	182344915	3	19958541	19974692	placeholder
16	4663984	4695482	16	8523136	8550565	placeholder
2	21470521	21476403	2	19877661	19883322	placeholder
1	121492982	121513649	1	128519142	128544717	placeholder
2	137513682	137537845	2	143899890	143917743	placeholder
3	186156678	186157644	3	15802088	15803054	placeholder
3	147836535	147850924	3	57089945	57107045	placeholder
1	227733392	227744622	1	243066191	243079027	placeholder
8	28814723	28819444	8	50282160	50287528	placeholder
1	164369013	164387476	1	173538455	173557882	placeholder
10	1405811	1410656	11	3068291	3074558	placeholder
15	13837458	13847179	14	17486808	17493126	placeholder
3	63020543	63034800	3	146739150	146755199	placeholder
5	122563566	122580856	5	243356	264312	placeholder
16	11156062	11158103	16	2089869	2091932	placeholder
3	125142861	125167978	3	81782237	81806643	placeholder
1	221882984	221902693	1	236772575	236788394	placeholder
5	13198921	13209069	5	112482790	112492445	placeholder
5	2974603	2985468	5	121909192	121918993	placeholder
6	71592159	71593104	6	28149545	28150490	placeholder
5	82056582	82064033	5	42159631	42172725	placeholder
10	298389	301813	11	668679	672142	placeholder
2	11752417	11764056	2	9639988	9651427	placeholder
6	35104468	35130549	6	67451610	67469896	placeholder
1	292731010	292744256	1	312560962	312572824	placeholder
1	14125200	14137674	1	13050141	13063794	placeholder
1	313567755	313577900	1	335037020	335048149	placeholder
3	2605286	2626636	3	211784343	211801246	placeholder
5	56788980	56826916	5	66640287	66686192	placeholder
1	233800614	233818295	1	249508413	249525483	placeholder
4	84622798	84629302	4	85887586	85893611	placeholder
1	323533029	323534405	1	345668521	345670616	placeholder
6	26490304	26491246	6	76694440	76695382	placeholder
8	13828119	13834483	8	66548127	66554083	placeholder
6	85705415	85727789	6	16862342	16879687	placeholder
1	101633646	101641005	1	107727590	107735031	placeholder
1	71679862	71684213	1	75477003	75484007	placeholder
5	107887894	107888836	5	14479971	14480913	placeholder
16	10043039	10046825	16	3204488	3209805	placeholder
1	15592279	15604451	1	14569441	14591552	placeholder
2	104042525	104059359	2	106512462	106535420	placeholder
15	8695926	8710301	14	13134727	13144479	placeholder
15	4451449	4469383	14	8437074	8456779	placeholder
2	86800470	86833265	2	88871302	88898107	placeholder
14	2546099	2552067	15	14394883	14400785	placeholder
3	49925440	49934898	3	161024087	161032592	placeholder
5	82528919	82535125	5	41723682	41729872	placeholder
12	1652769	1656295	13	19318068	19322184	placeholder
2	186547442	186579677	2	197966404	197992899	placeholder
2	18283311	18295325	2	16586875	16602327	placeholder
12	4418644	4429502	13	16224000	16236048	placeholder
3	139030504	139031446	3	66539798	66540740	placeholder
2	104067627	104078661	2	106552762	106568553	placeholder
1	214774649	214785046	1	229044311	229060733	placeholder
18	659655	663393	18	763270	766213	placeholder
4	70131447	70147180	4	75308820	75320631	placeholder
2	205187647	205204276	2	211666122	211683947	placeholder
8	41180666	41206715	8	36040393	36058088	placeholder
12	15293995	15296354	13	5355063	5357834	placeholder
16	1599566	1610956	16	11768274	11778298	placeholder
2	32893468	32901883	2	32678547	32692070	placeholder
4	8620652	8640261	4	7327449	7354256	placeholder
4	82413763	82426076	4	87982959	87991541	placeholder
1	13630224	13639966	1	12542897	12551677	placeholder
13	1732697	1741356	12	18873855	18888777	placeholder
1	94721140	94731038	1	100473721	100482335	placeholder
3	27315336	27321928	3	186200349	186212212	placeholder
2	30103829	30130485	2	29672027	29705209	placeholder
1	61861450	61874189	1	65099141	65110467	placeholder
3	94801863	94802799	3	115363668	115364604	placeholder
2	37061664	37073579	2	37060176	37070360	placeholder
3	142635885	142642822	3	62710498	62718530	placeholder
3	45126652	45141829	3	166188275	166199169	placeholder
16	7539106	7548036	16	5549463	5561045	placeholder
6	65615466	65632840	6	34397606	34413889	placeholder
3	141483280	141488786	3	63957564	63963105	placeholder
16	11215413	11218082	16	1951676	1954940	placeholder
2	155865948	155902677	2	163958331	164003562	placeholder
2	153879467	153891812	2	161803400	161816578	placeholder
2	182792656	182800050	2	193908664	193916392	placeholder
3	135474273	135485518	3	70286973	70301013	placeholder
14	6719342	6740259	15	10456148	10483191	placeholder
1	156246797	156253137	1	165014552	165022493	placeholder
1	324298228	324311674	1	346483180	346495720	placeholder
4	55056982	55070409	4	58947953	58963521	placeholder
1	27365871	27372522	1	27163876	27169666	placeholder
1	302294552	302302252	1	323190434	323195278	placeholder
5	92281210	92319137	5	31196300	31239058	placeholder
3	177031604	177032585	3	25293929	25294916	placeholder
3	51088470	51098062	3	159854555	159867065	placeholder
15	8829368	8833665	14	13263156	13267131	placeholder
6	43228006	43249193	6	58687083	58707347	placeholder
3	105487727	105504020	3	106836780	106856990	placeholder
13	1658227	1664196	12	19018072	19028005	placeholder
3	24389512	24422317	3	189465321	189508211	placeholder
3	20679431	20680349	3	193595126	193596053	placeholder
8	22037766	22051484	8	57743956	57760531	placeholder
1	33354425	33472724	1	33603134	33642234	placeholder
1	121545686	121546607	1	128577817	128578738	placeholder
1	195297942	195308820	1	208799077	208812799	placeholder
14	3731889	3737295	15	13195877	13200896	placeholder
3	160639541	160645780	3	43193575	43199788	placeholder
1	27966154	28090505	1	27814751	27953863	placeholder
3	201427806	201471143	4	81578358	81688771	placeholder
8	54922949	54991038	8	21432878	21493499	placeholder
16	7806978	7812998	16	5266997	5274165	placeholder
10	8994439	8998852	11	11494132	11498425	placeholder
3	62041679	62052045	3	147800148	147809435	placeholder
1	68676045	68692101	1	72385230	72400020	placeholder
1	289180686	289190944	1	308612425	308620953	placeholder
1	63373764	63403644	1	66751794	66790769	placeholder
3	159976874	159985553	3	43886433	43893533	placeholder
1	124214390	124224961	1	131314805	131331070	placeholder
3	189513228	189514140	3	12293792	12294710	placeholder
14	336453	338778	15	16623564	16625852	placeholder
10	805704	807885	11	1728718	1741431	placeholder
2	126771460	126773979	2	132285720	132288206	placeholder
11	22770616	22772916	10	280103	285882	placeholder
1	276224083	276235439	1	294433383	294448799	placeholder
3	31300980	31301889	3	181821723	181822629	placeholder
1	36056342	36066725	1	36625899	36638207	placeholder
7	8457513	8472566	7	7205429	7220041	placeholder
14	5390029	5392411	15	11723034	11725634	placeholder
2	182132373	182133261	2	193234896	193235784	placeholder
2	100256038	100266185	2	102257188	102266846	placeholder
12	14838725	14843475	13	5586306	5590604	placeholder
5	30969792	30995175	5	93316697	93339097	placeholder
4	74321715	74322618	4	79171594	79172497	placeholder
1	259113679	259117601	1	276492329	276497882	placeholder
6	38534346	38539448	6	63640466	63645424	placeholder
14	12784717	12793065	15	4267368	4281604	placeholder
1	51271444	51293521	1	53397316	53419172	placeholder
7	30904032	30912490	7	31143757	31151950	placeholder
1	258637818	258644559	1	275963226	275971216	placeholder
3	168881849	168889416	3	34114433	34122495	placeholder
17	8622770	8625967	17	2412831	2418435	placeholder
10	9590942	9591821	11	12037241	12038120	placeholder
8	48898159	48917381	8	27092185	27126538	placeholder
6	1489671	1523508	6	101676812	101703186	placeholder
3	154025595	154040479	3	50284642	50300434	placeholder
10	16559312	16572061	11	16463791	16477062	placeholder
5	36229103	36241061	5	87875770	87889902	placeholder
1	239597428	239613525	1	255492682	255513444	placeholder
2	28693817	28705324	2	27979805	27997347	placeholder
15	7243547	7258702	14	11625809	11636289	placeholder
6	90809904	90821646	6	9049285	9059308	placeholder
3	141656682	141664134	3	63780174	63789189	placeholder
3	161145744	161147918	3	42699955	42702552	placeholder
1	299206745	299248879	1	319865348	319905361	placeholder
3	37935328	37948512	3	174150937	174159371	placeholder
12	9318350	9319265	13	11123617	11124532	placeholder
1	53464921	53467932	1	55782026	55785002	placeholder
3	98656478	98668829	3	113508971	113516901	placeholder
8	48050796	48065468	8	28218322	28232938	placeholder
14	16730789	16739389	15	368917	378273	placeholder
19	7205815	7215199	19	2130708	2138843	placeholder
1	63987933	63994024	1	67449628	67460726	placeholder
3	51192279	51193173	3	159762136	159763030	placeholder
1	253998669	254022257	1	270960382	270994733	placeholder
2	219842510	219848119	2	227452445	227457693	placeholder
16	2171687	2183856	16	11205845	11213994	placeholder
3	156999424	157008551	3	47018172	47025916	placeholder
1	233842059	233858179	1	249543827	249557432	placeholder
19	1248471	1253320	19	7026958	7032038	placeholder
1	115872850	115886494	1	122276643	122292065	placeholder
1	195725915	195736238	1	209218204	209229032	placeholder
2	73961960	73976454	2	77008141	77020537	placeholder
5	69797733	69853268	5	52905277	53001743	placeholder
1	116729582	116740120	1	123148406	123161462	placeholder
3	44029873	44035617	3	167409949	167416064	placeholder
2	192072143	192084492	2	204071159	204084025	placeholder
4	82214165	82226647	4	88144616	88161319	placeholder
1	64064259	64065051	1	67524274	67525066	placeholder
1	116548997	116553394	1	122957875	122962644	placeholder
14	13453037	13483032	15	3604988	3630404	placeholder
14	6490429	6495376	15	10708181	10715606	placeholder
3	186825677	186847069	3	15080934	15107330	placeholder
2	152011920	152012820	2	159615598	159616498	placeholder
5	109130339	109133803	5	13182617	13188403	placeholder
2	98247086	98253857	2	100265850	100272598	placeholder
3	147191074	147235651	3	57737934	57780522	placeholder
3	1802393	1814558	3	212450866	212464386	placeholder
2	141642582	141656661	2	148423283	148441247	placeholder
17	3069160	3075355	17	6996828	7003409	placeholder
3	197530097	197538082	3	4338932	4345787	placeholder
17	9529587	9532221	17	1551622	1555193	placeholder
1	269941830	269943612	1	287699372	287701151	placeholder
1	138347527	138362693	1	146361776	146371513	placeholder
7	6312509	6320160	7	5221370	5228845	placeholder
1	153890669	153908381	1	162672781	162686428	placeholder
8	24570268	24594920	8	54988203	55011081	placeholder
11	8316991	8324157	10	14152270	14159162	placeholder
1	56722420	56723320	1	59323164	59324064	placeholder
1	274508300	274514686	1	292517773	292531126	placeholder
1	169200022	169266649	1	178870222	178960239	placeholder
1	202598687	202599560	1	216387054	216387927	placeholder
2	25533048	25542415	2	24330891	24338358	placeholder
2	18265919	18272655	2	16573482	16579299	placeholder
7	2582891	2595838	7	2397354	2406966	placeholder
1	257144325	257160403	1	274337628	274361372	placeholder
1	102545557	102563787	1	108715761	108736721	placeholder
3	48554490	48555384	3	162565185	162566079	placeholder
11	12557737	12561263	10	10007128	10010629	placeholder
8	22606094	22614125	8	57147643	57155293	placeholder
1	98491722	98497212	1	104372213	104378644	placeholder
2	167951333	167972473	2	177598786	177624877	placeholder
1	285003644	285004535	1	304173812	304174703	placeholder
16	11899647	11911538	16	1199517	1211443	placeholder
3	37424175	37432021	3	174884642	174893101	placeholder
19	5338339	5345652	19	3701890	3707518	placeholder
19	5461109	5463039	19	3606732	3608897	placeholder
2	8700272	8798173	2	6812249	6827647	placeholder
12	8361177	8363588	13	12078154	12080192	placeholder
1	187074360	187083196	1	198740137	198748312	placeholder
4	55036367	55039935	4	58922593	58926135	placeholder
6	1125099	1153463	6	101989267	102006354	placeholder
14	15080029	15094819	15	1981451	1994704	placeholder
4	38904472	38925812	4	41329327	41348988	placeholder
1	238839123	238849542	1	254773785	254783656	placeholder
1	194990387	195006042	1	208504078	208516045	placeholder
1	34707649	34708534	1	35081290	35082175	placeholder
2	169697580	169702537	2	179633090	179637351	placeholder
2	18948703	18960143	2	17260053	17273314	placeholder
17	6459442	6471181	17	4211564	4220944	placeholder
1	214918479	214935673	1	229197504	229218550	placeholder
3	94212603	94213455	3	115582815	115583667	placeholder
7	29130364	29142922	7	29075086	29085391	placeholder
1	50404155	50409130	1	52425322	52430336	placeholder
1	281347005	281359181	1	299956425	299967607	placeholder
17	8196851	8201116	17	2856960	2861002	placeholder
1	192757757	192769849	1	206056833	206063878	placeholder
1	193436955	193447570	1	206778003	206792428	placeholder
5	69036122	69054615	5	53789205	53832207	placeholder
1	64785259	64796625	1	68299560	68307147	placeholder
4	51164164	51169535	4	54767935	54775664	placeholder
1	224964945	224989821	1	240046531	240068913	placeholder
2	208938691	209015672	2	215770577	215830828	placeholder
15	13928487	13940701	14	17566441	17575862	placeholder
8	76054681	76079630	8	2459595	2478727	placeholder
3	153399497	153416303	3	50992011	51011908	placeholder
5	46764623	46772155	5	76849068	76859979	placeholder
3	25732166	25736330	3	187972801	187977253	placeholder
2	207650944	207663239	2	214405161	214416505	placeholder
3	63642884	63653336	3	146070043	146085744	placeholder
4	119628464	119636862	4	124679945	124687927	placeholder
3	100068641	100072049	3	112450155	112453640	placeholder
2	22475030	22484261	2	20852234	20857110	placeholder
19	224084	224975	19	7954446	7955316	placeholder
13	13758293	13766618	12	4604302	4613773	placeholder
1	71419570	71430767	1	75211794	75240207	placeholder
2	215428801	215442696	2	222695292	222710419	placeholder
1	207170940	207187765	1	220811921	220830950	placeholder
1	283509210	283551242	1	302355824	302402929	placeholder
2	8911911	8936038	2	6951226	6972370	placeholder
19	80743	83638	6	103184259	103186720	placeholder
7	27999693	28012565	7	27826489	27842195	placeholder
5	68350783	68360219	5	54438843	54446795	placeholder
3	61708029	61735276	3	148016275	148052064	placeholder
5	50227586	50230754	5	73119794	73122558	placeholder
3	202903178	202906836	3	112767	116356	placeholder
6	81185630	81224383	6	21288629	21306528	placeholder
5	37380061	37380940	5	86659289	86660168	placeholder
1	226319786	226322115	1	241511614	241513700	placeholder
6	24977235	24983952	6	78394881	78402084	placeholder
1	53801186	53808430	1	56114652	56123993	placeholder
12	9031999	9037567	13	11389319	11395621	placeholder
1	257309801	257322769	1	274494125	274513433	placeholder
12	4397666	4402933	13	16253178	16257825	placeholder
17	4122556	4127757	17	6108451	6115542	placeholder
14	10207303	10219373	15	6915893	6929028	placeholder
18	9348056	9348860	18	8855739	8856543	placeholder
5	39259869	39270425	5	84628909	84637960	placeholder
6	16886085	16907394	6	87043492	87067083	placeholder
1	131988055	132010362	1	139488901	139512529	placeholder
6	89181616	89188838	6	12323545	12341629	placeholder
1	268348600	268362906	1	286001671	286015691	placeholder
6	12889795	12899786	6	91026650	91037151	placeholder
2	97289388	97323679	2	99256745	99289752	placeholder
1	265268174	265285136	1	282795136	282815450	placeholder
12	10114266	10124525	13	10317701	10327319	placeholder
1	25288528	25293982	1	24955744	24960791	placeholder
1	49401635	49416134	1	51338534	51354501	placeholder
1	150193679	150203047	1	158736338	158747103	placeholder
19	2110888	2113774	19	6527372	6529737	placeholder
1	319558202	319564842	1	341356063	341368305	placeholder
1	26170786	26178960	1	25863346	25872142	placeholder
15	11815975	11822204	14	15945080	15949411	placeholder
7	14137997	14149147	7	13041280	13049725	placeholder
8	55327899	55353461	8	20961913	20993756	placeholder
19	4614832	4619523	19	4311188	4315170	placeholder
2	194804017	194977216	2	207072377	207274966	placeholder
16	12251298	12253216	16	865883	868329	placeholder
6	85821213	85832662	6	16755783	16768641	placeholder
1	194892286	194897795	1	208389197	208397975	placeholder
18	8524843	8546272	18	8092360	8097007	placeholder
1	254741484	254742348	1	271781206	271782070	placeholder
4	89849200	89866806	4	94034996	94041672	placeholder
1	73176751	73186162	1	77037373	77050683	placeholder
11	18850891	18854159	10	3770056	3773202	placeholder
1	165481809	165493405	1	174740690	174758126	placeholder
1	287728898	287731961	1	307026867	307029469	placeholder
3	156906888	156911165	3	47109046	47113356	placeholder
15	16678785	16687782	14	20213894	20223089	placeholder
5	99744196	99758457	5	23072366	23080414	placeholder
2	207667909	207676090	2	214420754	214428485	placeholder
1	211793548	211799708	1	225768885	225780325	placeholder
2	97826616	97827474	2	99813939	99814797	placeholder
1	92855404	92877105	1	98584557	98605697	placeholder
6	84882667	84893085	6	17703142	17715296	placeholder
1	319354887	319362939	1	341122187	341128832	placeholder
2	89832874	89865248	2	91470513	91504531	placeholder
16	8077546	8082426	16	4960151	4967902	placeholder
1	261844406	261845264	1	279212071	279247850	placeholder
14	8207536	8217960	15	8927918	8939126	placeholder
1	61673109	61687240	1	64906752	64926321	placeholder
1	88472720	88476126	1	93749866	93754892	placeholder
10	7938831	7949914	11	10568327	10577395	placeholder
2	199317794	199326674	2	259738533	259754781	placeholder
3	68068687	68083691	3	141500061	141512695	placeholder
4	58287057	58315955	4	62674180	62694009	placeholder
1	223400365	223405759	1	238421576	238426668	placeholder
1	69660684	69678740	1	73481969	73494318	placeholder
13	1668403	1675124	12	19000057	19013193	placeholder
2	185787637	185789688	2	197160633	197162656	placeholder
1	295461490	295499022	1	315617169	315653076	placeholder
1	87683757	87697409	1	92901339	92916039	placeholder
1	53171958	53190608	1	55552983	55566469	placeholder
6	59442253	59450323	6	41739558	41748647	placeholder
3	148005459	148007004	3	56981675	56983997	placeholder
1	276994812	276998550	1	295182052	295185892	placeholder
3	119046249	119078625	3	88332907	88367319	placeholder
7	9014680	9028964	7	7760685	7775267	placeholder
7	80722813	80741705	7	79161888	79185693	placeholder
2	100379433	100393837	2	102399106	102409555	placeholder
2	126799428	126801676	2	132315331	132317535	placeholder
2	15390910	15398178	2	13411957	13418875	placeholder
4	42487466	42503701	4	45324672	45343268	placeholder
10	5322758	5327764	11	8180936	8187793	placeholder
16	11435811	11438545	16	1683888	1687271	placeholder
2	76957364	76973634	2	79864013	79884424	placeholder
19	5611251	5613803	19	3479194	3481635	placeholder
14	5035577	5039948	15	12089468	12094030	placeholder
3	103231650	103239597	3	109320336	109327097	placeholder
1	31053813	31054665	1	31112916	31113765	placeholder
3	40899701	40932452	3	170789611	170812230	placeholder
17	2250934	2255267	17	7441776	7444755	placeholder
6	76203661	76233911	6	23892800	23914988	placeholder
1	6557554	6567057	1	5257927	5268324	placeholder
19	333186	336380	19	7870669	7873780	placeholder
5	31957318	31967013	5	92344114	92353958	placeholder
3	50472232	50481034	3	160452129	160460884	placeholder
8	44083195	44092397	8	32836082	32843268	placeholder
2	100320966	100328681	2	102329479	102337560	placeholder
11	8475153	8481049	10	13993947	14000438	placeholder
7	70475989	70515393	7	68455214	68505057	placeholder
1	8722367	8763204	1	7128516	7165230	placeholder
1	340579600	340589603	1	361945437	361955674	placeholder
3	150231919	150240488	3	54770583	54777936	placeholder
1	49090090	49103329	1	50989129	51003593	placeholder
8	44452280	44455259	8	32395693	32398225	placeholder
3	14154856	14165120	3	200467477	200476399	placeholder
5	94010238	94015502	5	29458636	29464014	placeholder
2	158393782	158394406	2	166651634	166652258	placeholder
4	53231249	53248016	4	56918733	56928260	placeholder
3	64534972	64544898	3	145086937	145098308	placeholder
6	93898467	93909308	6	6141479	6153524	placeholder
2	12300639	12312436	2	9990124	10000222	placeholder
2	226021126	226089532	2	234219323	234280150	placeholder
2	160856716	160880936	2	169873634	169903702	placeholder
14	16514005	16520638	15	598201	603234	placeholder
3	57118807	57147850	3	153063513	153094485	placeholder
2	31871776	31875803	2	31534557	31539396	placeholder
14	1445313	1447456	15	15492327	15494151	placeholder
4	93191241	93198507	4	97528746	97535387	placeholder
8	75330020	75339231	8	1838928	1844395	placeholder
6	99223327	99226167	6	27810	30780	placeholder
3	35040490	35054858	3	177621331	177635440	placeholder
16	12050693	12051503	16	1062763	1063582	placeholder
15	1460130	1465592	14	3344663	3356448	placeholder
3	66233328	66239918	3	143382290	143388189	placeholder
4	24446558	24447386	4	25070817	25071636	placeholder
12	584630	585467	13	20381087	20381924	placeholder
2	159633883	159645863	2	168106162	168121861	placeholder
1	337194032	337216063	1	359149896	359165910	placeholder
5	59054258	59068081	5	64275805	64291579	placeholder
6	23613009	23626822	6	79845588	79854341	placeholder
6	36192078	36196198	6	66177338	66182203	placeholder
14	1242175	1244960	15	15696333	15699283	placeholder
2	32241488	32245485	2	31918778	31924642	placeholder
7	47659691	47660504	7	48068512	48069325	placeholder
10	16001659	16012408	11	16061984	16074129	placeholder
6	62301339	62307337	6	38838385	38844827	placeholder
10	10428399	10430480	11	12839843	12841922	placeholder
17	10734880	10738314	17	470508	473754	placeholder
8	49368224	49373582	8	26573417	26581667	placeholder
3	13144627	13145497	3	201534841	201535723	placeholder
5	1412073	1450046	5	123089141	123123847	placeholder
7	72249386	72250202	7	70382567	70383383	placeholder
7	38550743	38583893	7	39380273	39400580	placeholder
15	15693886	15712644	14	19291709	19309631	placeholder
4	32331641	32332445	4	33853401	33854205	placeholder
3	202734335	202740733	3	275513	280262	placeholder
3	10482896	10497758	3	204367974	204384579	placeholder
19	361721	365011	19	7843436	7846546	placeholder
8	38029180	38036778	8	39767674	39778185	placeholder
14	9733441	9756565	15	7376153	7391060	placeholder
2	18508678	18515240	2	16822399	16830578	placeholder
14	9620754	9621606	15	7501819	7502671	placeholder
3	16072733	16094258	3	198389823	198413196	placeholder
3	199171788	199190098	3	3103180	3116687	placeholder
6	70311337	70318933	6	29516646	29529274	placeholder
1	115679516	115686260	1	122084760	122089749	placeholder
8	76349326	76357359	8	2737585	2742791	placeholder
3	51125888	51133530	3	159821053	159828455	placeholder
1	237365545	237396932	1	253157888	253201565	placeholder
1	317159486	317191045	1	338847981	338876567	placeholder
2	216252706	216260225	2	223613316	223623009	placeholder
6	95282177	95307831	6	4135318	4169543	placeholder
4	33981601	33986652	4	35774881	35779711	placeholder
2	129567894	129585846	2	135399130	135416777	placeholder
13	711571	713925	12	21286008	21288105	placeholder
3	49527192	49538011	3	161462602	161474837	placeholder
6	72847179	72848007	6	27081056	27081887	placeholder
6	44858433	44861567	6	56981917	56985422	placeholder
17	2125357	2140485	17	7536298	7549286	placeholder
2	163305303	163390545	2	172671860	172752970	placeholder
14	4831418	4833734	15	12297172	12300257	placeholder
2	150997574	150999717	2	158557461	158560283	placeholder
17	10369657	10373524	17	833838	837502	placeholder
8	78955207	78961560	8	172690	178667	placeholder
3	167342435	167371330	3	35794374	35830628	placeholder
1	142118263	142124614	1	150310672	150317942	placeholder
1	178268392	178271854	1	190651161	190654569	placeholder
2	240869385	240875968	2	250746315	250752591	placeholder
3	187292758	187301915	3	14576832	14590441	placeholder
11	219179	231491	10	25889062	25921153	placeholder
2	106016739	106030166	2	109527791	109565998	placeholder
1	22908179	22909007	1	22257414	22258242	placeholder
3	122826208	122862881	3	84218251	84263626	placeholder
1	178424222	178427669	1	190773388	190776452	placeholder
1	34766406	34770451	1	35155913	35162003	placeholder
6	23681373	23700502	6	79771422	79790437	placeholder
8	62417900	62472583	8	15024114	15078131	placeholder
4	21969591	21973580	4	22311717	22315587	placeholder
3	40179286	40181999	3	171542742	171545426	placeholder
4	6363320	6372653	4	5210668	5220562	placeholder
12	301006	304935	13	20663546	20667546	placeholder
1	318090156	318098825	1	339832785	339841287	placeholder
2	241466255	241487402	2	251272334	251296692	placeholder
6	31572528	31576764	6	71172203	71176023	placeholder
1	104368096	104398614	1	110603603	110632904	placeholder
6	22510653	22555382	6	80949444	80995159	placeholder
6	3222482	3242582	6	100436779	100458202	placeholder
10	11136651	11144432	11	13489043	13497312	placeholder
8	67442160	67451290	8	10339074	10349662	placeholder
3	120330781	120334766	3	87033216	87038253	placeholder
1	52533412	52596679	1	54835160	54920577	placeholder
8	8114356	8121267	8	71495804	71502083	placeholder
1	36032237	36037826	1	36596974	36602482	placeholder
7	17486564	17492128	7	16530304	16536339	placeholder
6	61226730	61364743	6	39760727	39893575	placeholder
3	62847104	62877785	3	146903423	146938612	placeholder
3	61952450	61953263	3	147908177	147908990	placeholder
1	208667373	208682150	1	222453627	222464952	placeholder
2	236974860	236997731	2	246358882	246382034	placeholder
1	104618577	104628266	1	110865728	110875140	placeholder
2	200143860	200150933	2	258869438	258875420	placeholder
5	32052606	32066785	5	92243383	92253132	placeholder
15	14089309	14093707	14	17700317	17703621	placeholder
1	226188701	226221860	1	241377914	241415163	placeholder
4	76943826	77008791	4	80706780	80749607	placeholder
1	251522801	251568642	1	268480001	268519565	placeholder
7	17494320	17512618	7	16538470	16557715	placeholder
2	3300991	3310946	2	2870838	2873767	placeholder
1	313470792	313482485	1	334937147	334944244	placeholder
8	22657135	22679235	8	57086812	57106253	placeholder
3	67298402	67306292	3	142315152	142322389	placeholder
5	40947318	40952515	5	83096954	83099729	placeholder
17	9475873	9481164	17	1606847	1612030	placeholder
15	6148725	6154184	14	10539167	10544060	placeholder
3	15994668	16001382	3	198490878	198499836	placeholder
2	195304687	195315620	2	207666344	207678062	placeholder
2	97037993	97059033	2	99030672	99053052	placeholder
3	47595947	47598342	3	163664679	163666769	placeholder
6	62277019	62295533	6	38853739	38882608	placeholder
1	277972325	277974700	1	296211098	296213801	placeholder
2	191498295	191507330	2	203460982	203472806	placeholder
3	28762959	28770011	3	184618194	184625516	placeholder
13	10271083	10271890	12	7747871	7748678	placeholder
4	5930537	5963779	4	4803729	4835783	placeholder
13	7419475	7426028	12	10751650	10782754	placeholder
8	22254053	22313554	8	57478409	57531019	placeholder
5	31367810	31375888	5	92971275	92979032	placeholder
1	11781105	11799406	1	10658871	10679776	placeholder
8	76701902	76710293	8	3046030	3055564	placeholder
6	71016541	71034314	6	28763235	28787534	placeholder
1	249458028	249487122	1	266319483	266357369	placeholder
1	81063247	81067862	1	85801874	85806787	placeholder
4	98708621	98710938	4	103733111	103737119	placeholder
6	68040762	68163630	6	31881115	32028712	placeholder
17	2149170	2166597	17	7507431	7528101	placeholder
2	184933753	184935532	2	196297299	196299146	placeholder
2	190589678	190624297	2	202560418	202602306	placeholder
2	160127119	160132411	2	169086451	169092991	placeholder
3	37908290	37915933	3	174176282	174190876	placeholder
8	11144088	11160918	8	69270048	69291524	placeholder
17	10015948	10017796	17	857412	859296	placeholder
1	27115016	27122130	1	26899703	26912150	placeholder
7	50864174	50903716	7	50196430	50215175	placeholder
3	168519057	168536899	3	34487671	34510993	placeholder
16	1377895	1380509	16	12012802	12015694	placeholder
1	80525011	80542438	1	85210730	85228753	placeholder
15	3493631	3499096	14	7028406	7035430	placeholder
17	9847119	9849507	17	1265451	1268168	placeholder
8	49302252	49328278	8	26634789	26662918	placeholder
7	26101433	26103857	7	25929554	25931947	placeholder
12	17319478	17339336	13	3376961	3403894	placeholder
4	69913924	69954851	4	75047929	75129172	placeholder
17	11032907	11033699	17	190766	191558	placeholder
16	9386969	9391256	16	3875619	3880621	placeholder
14	7060443	7065364	15	10090261	10095677	placeholder
2	226101434	226102199	2	234291499	234292264	placeholder
2	84049990	84050728	2	86491932	86492676	placeholder
2	129532754	129538076	2	135361147	135365852	placeholder
5	5487818	5492862	5	120125222	120132128	placeholder
3	32830483	32848615	3	180097421	180115863	placeholder
1	255366356	255393761	1	272469077	272497700	placeholder
4	82101492	82110494	4	88247484	88256674	placeholder
5	99301871	99307606	5	23554680	23561448	placeholder
3	28420127	28431937	3	184951082	184962867	placeholder
1	74651681	74686215	1	78804713	78846889	placeholder
1	25794889	25809798	1	25479984	25489142	placeholder
16	11042279	11043038	16	1964671	1965424	placeholder
2	33727580	33737460	2	33589673	33599686	placeholder
10	6283376	6296776	11	9142436	9152518	placeholder
1	51596797	51605799	1	53777962	53790564	placeholder
8	44525644	44526313	8	32316058	32316727	placeholder
3	159044633	159045422	3	44758202	44758970	placeholder
6	4179096	4198833	6	99486671	99505934	placeholder
2	51317079	51328272	2	52846764	52860973	placeholder
2	128176973	128183577	2	133912318	133918172	placeholder
8	11096794	11104635	8	69331517	69337997	placeholder
13	2705636	2710424	12	16956063	16963063	placeholder
5	20647869	20648658	5	104360688	104361477	placeholder
13	1479235	1490881	12	19417883	19449049	placeholder
3	200799305	200819571	3	1748748	1767401	placeholder
8	38837171	38864901	8	38859681	38884380	placeholder
10	7618070	7660576	11	10305485	10341668	placeholder
4	78031489	78037150	4	81387896	81391175	placeholder
1	239572300	239583146	1	255471429	255480055	placeholder
13	7564835	7570230	12	10589770	10598607	placeholder
1	152880150	152901618	1	161537082	161557655	placeholder
5	419600	425789	5	124002368	124007453	placeholder
1	292770892	292785058	1	312599965	312612537	placeholder
6	71967399	71983249	6	27788086	27806258	placeholder
3	120613146	120624580	3	86732253	86747799	placeholder
16	7151948	7156727	16	5957247	5962031	placeholder
1	126232140	126237010	1	133376425	133385689	placeholder
3	63537420	63545510	3	146189327	146197780	placeholder
17	8207204	8210759	17	2845767	2849217	placeholder
2	127968619	127974571	2	133682479	133704042	placeholder
3	27289407	27310453	3	186221239	186241228	placeholder
10	9013538	9016333	11	11511783	11514398	placeholder
5	86165063	86167974	5	37988224	37992864	placeholder
5	36370568	36376605	5	87738616	87744176	placeholder
6	98662098	98666984	6	666757	673006	placeholder
7	64066882	64121463	7	64087783	64149357	placeholder
19	154746	155935	19	8049730	8052053	placeholder
3	173517467	173524569	3	29217727	29225066	placeholder
2	199947706	199959287	2	259069036	259079021	placeholder
8	19664213	19682718	8	60493652	60517172	placeholder
15	13736575	13744051	14	17403823	17408870	placeholder
14	15795426	15799596	15	1238400	1243167	placeholder
17	9955066	9958290	17	1148583	1153971	placeholder
3	50648363	50656778	3	160263284	160273099	placeholder
2	247707900	247720483	2	263834971	263845056	placeholder
18	9668407	9674040	18	9185502	9191347	placeholder
1	191921613	191929563	1	205131586	205142738	placeholder
19	2994619	3004044	19	5613287	5621785	placeholder
5	56422293	56427023	5	67096447	67100604	placeholder
2	21461974	21467661	2	19869436	19873915	placeholder
1	195844793	195856504	1	209340227	209360763	placeholder
5	26719362	26736431	5	97917009	97941695	placeholder
4	91750572	91751352	4	96003939	96004719	placeholder
1	199863926	199867354	1	213460073	213463961	placeholder
1	68487294	68496616	1	72229329	72238335	placeholder
3	28658183	28675400	3	184613200	184735305	placeholder
17	10505894	10510309	17	697502	702042	placeholder
1	16134541	16150103	1	15144084	15159192	placeholder
2	2377968	2392987	2	2014684	2029979	placeholder
19	855269	856461	19	7361668	7362991	placeholder
19	7196561	7200345	19	2142612	2146692	placeholder
5	120603322	120607312	5	2057977	2065644	placeholder
16	11350294	11353897	16	1810077	1814014	placeholder
2	203325022	203331644	2	209633098	209641754	placeholder
3	32382143	32399501	3	180606486	180627029	placeholder
1	323520687	323523204	1	345655028	345657961	placeholder
7	14011553	14021577	7	12924182	12932289	placeholder
4	47009866	47010640	4	50399852	50400626	placeholder
8	38599633	38603721	8	39143022	39146692	placeholder
8	78419544	78426717	8	771045	780422	placeholder
1	27662686	27666939	1	27486312	27491513	placeholder
14	13373083	13375836	15	3701137	3703345	placeholder
10	4637058	4637811	11	7445474	7446236	placeholder
13	10296015	10301671	12	7719212	7725187	placeholder
2	34372735	34379845	2	34179381	34188563	placeholder
5	120842534	120843314	5	1846989	1847760	placeholder
4	98808814	98819920	4	103859031	103869338	placeholder
12	1737246	1743880	13	19229284	19237738	placeholder
7	33508222	33508735	7	34080100	34080616	placeholder
8	62976284	62987406	8	14534213	14545417	placeholder
3	35936966	35943526	3	176555249	176570635	placeholder
1	96290330	96296583	1	102172890	102178947	placeholder
4	131327812	131337848	4	132701260	132710811	placeholder
3	147656426	147661498	3	57292214	57298887	placeholder
5	96993879	96999990	5	26063667	26072244	placeholder
2	747341	757961	2	549806	556548	placeholder
3	88131677	88144999	3	119965951	119983130	placeholder
2	92024807	92031833	2	93663173	93669568	placeholder
2	97611829	97612606	2	99615490	99616249	placeholder
1	276527981	276543718	1	294715423	294723704	placeholder
6	38481516	38485403	6	63690070	63693837	placeholder
19	2864200	2868137	19	5475199	5478772	placeholder
15	4758677	4765434	14	8834803	8841943	placeholder
1	291903114	291917870	1	311604021	311620284	placeholder
4	83226179	83233981	4	87185574	87199262	placeholder
1	276900305	276901073	1	295064016	295064784	placeholder
3	163289993	163296818	3	40230710	40238778	placeholder
8	23446127	23452768	8	56254964	56263248	placeholder
2	181240681	181249336	2	192308683	192317366	placeholder
1	18691347	18700150	1	17844427	17852399	placeholder
13	11081951	11089776	12	6921306	6927660	placeholder
1	246918795	246942915	1	263622390	263650476	placeholder
5	30400036	30407851	5	93946626	93954993	placeholder
7	70741667	70744028	7	68768389	68770990	placeholder
3	172890251	172896884	3	29888720	29900241	placeholder
3	150548369	150552248	3	54406322	54410979	placeholder
7	19486662	19520378	7	18575211	18597085	placeholder
1	324259902	324269439	1	346442405	346452092	placeholder
4	29177610	29185843	4	30231192	30244793	placeholder
2	8799761	8812996	2	6828886	6841506	placeholder
3	42043216	42059794	3	169642949	169650411	placeholder
3	147023874	147039666	3	57941531	57951000	placeholder
7	24466378	24472728	7	24003631	24010101	placeholder
14	5233574	5238663	15	11870395	11877947	placeholder
2	73754069	73755520	2	76783939	76785422	placeholder
1	104104595	104124960	1	110363753	110384821	placeholder
5	41018979	41024704	5	83000460	83005094	placeholder
1	18305097	18310616	1	17426075	17432948	placeholder
1	179472307	179557235	1	191707576	191775981	placeholder
3	64216301	64232809	3	145445424	145461443	placeholder
16	11642444	11644982	16	1467275	1469871	placeholder
1	269236436	269238997	1	286972826	286974908	placeholder
1	292690304	292712093	1	312493492	312535143	placeholder
1	33172154	33186649	1	33401815	33415915	placeholder
11	5248668	5267255	10	17488074	17508585	placeholder
3	178919263	178948745	3	23444091	23471602	placeholder
3	147063390	147064919	3	57905468	57907756	placeholder
2	90311999	90326213	2	91966468	91981774	placeholder
6	40515661	40524632	6	61589010	61597499	placeholder
3	191812422	191821978	3	9769815	9780451	placeholder
1	336576769	336588187	1	358622992	358634580	placeholder
10	6918159	6935391	11	9690348	9707875	placeholder
2	191808132	191821247	2	203799410	203846355	placeholder
11	320756	323927	10	25672974	25712268	placeholder
2	76065372	76069847	2	79078789	79084738	placeholder
3	25364648	25365395	3	188363668	188364415	placeholder
2	177513342	177532222	2	188147131	188167601	placeholder
5	16493132	16551046	5	108806805	108859497	placeholder
1	89992833	90005669	1	95379522	95396882	placeholder
3	30225208	30228152	3	182983335	182986394	placeholder
18	7048308	7051747	18	6495261	6499297	placeholder
1	102033226	102045079	1	108138419	108147955	placeholder
16	1384889	1392249	16	12002268	12008764	placeholder
7	21861268	21866449	7	21159207	21164788	placeholder
1	67819677	67827706	1	71583832	71594290	placeholder
12	1730096	1740888	13	19179023	19244870	placeholder
3	92470809	92492839	3	116354920	116369825	placeholder
3	61934861	61946767	3	147914112	147925409	placeholder
17	4423788	4428916	17	5798863	5802427	placeholder
2	100664161	100669765	2	102729344	102735310	placeholder
2	180411887	180417725	2	191369763	191375911	placeholder
5	122487215	122506047	5	323320	341384	placeholder
3	32854132	32863269	3	180081974	180091695	placeholder
14	5441897	5444492	15	11665123	11667858	placeholder
3	197178831	197205346	3	4638907	4664318	placeholder
1	331334723	331346378	1	354428260	354436322	placeholder
10	6509375	6514097	11	9342244	9347509	placeholder
1	31008833	31009577	1	31070566	31071310	placeholder
6	4998962	5025052	6	98699268	98726728	placeholder
5	18092663	18108022	5	107067139	107088532	placeholder
8	68755661	68760650	8	8984272	8990481	placeholder
1	87289048	87289786	1	92454464	92455202	placeholder
2	131330801	131338909	2	137015035	137023161	placeholder
3	62156572	62157310	3	147693116	147693854	placeholder
11	2942685	2952434	10	20457626	20468603	placeholder
3	29681367	29684479	3	183533967	183539178	placeholder
6	57457845	57489327	6	43763087	43798359	placeholder
1	322475354	322480233	1	344519452	344524856	placeholder
5	87232760	87249097	5	36931719	36940374	placeholder
1	178307659	178319494	1	190678164	190689061	placeholder
7	33225792	33226469	7	33795150	33795849	placeholder
1	80456980	80480485	1	85144678	85164030	placeholder
11	8840002	8845704	10	13653953	13659481	placeholder
14	327515	331421	15	16629883	16633801	placeholder
18	7919843	7925107	18	7380581	7385815	placeholder
4	23141536	23142271	4	23651500	23652235	placeholder
1	207245286	207253447	1	220884389	220898277	placeholder
2	18501506	18505536	2	16815523	16819347	placeholder
3	100512890	100519898	3	112032781	112038538	placeholder
1	279153707	279160029	1	297538850	297545255	placeholder
2	216284890	216292693	2	223647045	223655551	placeholder
4	36102970	36111085	4	38052564	38060858	placeholder
2	149346299	149351211	2	156828932	156833312	placeholder
8	77252959	77253589	8	1437325	1438015	placeholder
5	20794147	20798629	5	104197217	104203036	placeholder
5	13434865	13437159	5	112236785	112239516	placeholder
17	10147267	10149575	17	988061	990826	placeholder
7	55042979	55085689	7	54674098	54711662	placeholder
12	157890	159264	13	20817295	20818697	placeholder
1	139229602	139242245	1	147356198	147368244	placeholder
3	166916586	166917306	3	36203382	36204111	placeholder
1	300006988	300012757	1	320691163	320696466	placeholder
5	51274813	51285179	5	72032770	72039884	placeholder
5	29311547	29342158	5	95136939	95168732	placeholder
14	387112	388605	15	16573650	16575108	placeholder
1	280489106	280524600	1	299026995	299081474	placeholder
2	105008369	105033742	2	107862851	107898143	placeholder
14	2316993	2319943	15	14621703	14625161	placeholder
19	3364951	3369142	19	5392473	5397709	placeholder
6	49159811	49172164	6	52410582	52424585	placeholder
6	57198996	57222766	6	44054161	44080334	placeholder
3	104457457	104466397	3	108067978	108077559	placeholder
1	284082576	284089228	1	302984613	302990623	placeholder
6	42661157	42663899	6	59319100	59327535	placeholder
4	51950937	51984709	4	55584783	55634532	placeholder
7	51229128	51271509	7	50444789	50475283	placeholder
3	183179571	183189550	3	19097104	19110118	placeholder
14	16041545	16065113	15	1029838	1035851	placeholder
1	51085563	51098424	1	53184426	53203111	placeholder
1	149261527	149262250	1	157500324	157501047	placeholder
5	9685378	9689614	5	116151346	116156696	placeholder
4	91346138	91360617	4	95598232	95611781	placeholder
6	24987950	25001538	6	78377282	78387544	placeholder
5	30819616	30826776	5	93504270	93511573	placeholder
1	12266487	12282527	1	11159079	11162680	placeholder
2	195539	196259	2	8131	8851	placeholder
1	94914839	94941081	1	100668570	100696139	placeholder
1	69922636	69927827	1	73740258	73744716	placeholder
1	63936136	63942006	1	67386975	67393638	placeholder
14	15051660	15057318	15	2016643	2022708	placeholder
5	13227899	13233721	5	112457169	112463367	placeholder
11	22658948	22660578	10	399933	401575	placeholder
14	13701195	13701837	15	3386769	3387414	placeholder
11	17589335	17594438	10	5057245	5062342	placeholder
2	182204474	182214344	2	193309209	193324854	placeholder
14	3806376	3810458	15	13127984	13131739	placeholder
15	7433967	7438643	14	11821930	11826403	placeholder
4	29877062	29882229	4	31016447	31020374	placeholder
1	117197797	117208471	1	123646074	123658856	placeholder
13	8616442	8619434	12	9432658	9435645	placeholder
6	51923820	51931579	6	49555931	49567684	placeholder
2	84998724	85002095	2	87374055	87377512	placeholder
2	105840084	105856932	2	109184781	109205467	placeholder
1	65717172	65721586	1	69353594	69358363	placeholder
3	188400294	188407827	3	13423791	13432563	placeholder
4	81125543	81126182	4	83954859	83955498	placeholder
8	69338074	69344254	8	8769320	8776266	placeholder
1	99111041	99113958	1	105030186	105032882	placeholder
8	52249197	52273735	8	24394948	24429350	placeholder
1	216326628	216336173	1	230769086	230776462	placeholder
13	8721370	8722081	12	9323998	9324709	placeholder
3	25478344	25483648	3	188243992	188249008	placeholder
3	200126125	200131413	3	2354483	2361279	placeholder
14	1478287	1480312	15	15460804	15463010	placeholder
16	11925471	11928140	16	1181726	1199533	placeholder
12	18418858	18423955	13	2364393	2370546	placeholder
3	152419510	152423207	3	52073708	52078246	placeholder
8	69408206	69421057	8	8689848	8700221	placeholder
3	146512858	146526210	3	58509415	58529687	placeholder
2	103844406	103866151	2	106394139	106421695	placeholder
5	53027669	53028374	5	70132624	70133329	placeholder
12	3569181	3574819	13	17353492	17360037	placeholder
6	12960884	12993324	6	90929441	90963386	placeholder
14	8710333	8715082	15	8431678	8436923	placeholder
4	85811429	85828384	4	84694670	84721327	placeholder
2	134135503	134136160	2	140104422	140105076	placeholder
12	497000	497879	13	20466860	20467739	placeholder
15	14125645	14132312	14	17728328	17733561	placeholder
2	197177592	197190918	2	261935991	261942417	placeholder
3	110415462	110432302	3	98372582	98406867	placeholder
15	902349	905505	14	2020845	2024993	placeholder
2	134571607	134587889	2	140580104	140595601	placeholder
10	16031542	16036249	11	16092582	16098403	placeholder
15	1010527	1013672	14	2268592	2272611	placeholder
8	11129158	11138353	8	69297167	69305717	placeholder
13	18267143	18331559	12	589244	591765	placeholder
5	69536191	69586943	5	53203865	53259766	placeholder
5	88692701	88708053	5	35404989	35420568	placeholder
4	96607021	96611629	4	101395263	101402307	placeholder
8	37570576	37584179	8	40254080	40274840	placeholder
1	104440976	104446146	1	110693018	110696966	placeholder
2	209734113	209744781	2	216617967	216634175	placeholder
7	5187243	5188310	7	4271027	4282732	placeholder
1	100921256	100928467	1	106927251	106934342	placeholder
8	54811734	54812379	8	21584928	21585573	placeholder
1	205764075	205768391	1	219398353	219401373	placeholder
1	75268083	75285794	1	79521150	79544814	placeholder
10	6393568	6410029	11	9236188	9249054	placeholder
19	7191943	7227968	19	2146996	2149368	placeholder
1	31741757	31750166	1	31832780	31843246	placeholder
5	32415328	32418633	5	91889842	91893909	placeholder
11	1020650	1027644	10	23856792	23865283	placeholder
5	59968952	59970169	5	63275786	63279142	placeholder
6	40905813	40911000	6	61156798	61162402	placeholder
3	119978668	119983476	3	87398699	87403999	placeholder
3	147105442	147109622	3	57857772	57862343	placeholder
3	45553782	45577076	3	165731728	165754666	placeholder
12	163559	164234	13	20812783	20813461	placeholder
5	16258378	16283585	5	109067355	109090786	placeholder
3	30547002	30555281	3	182711235	182719529	placeholder
1	93942873	93949163	1	99788314	99795073	placeholder
3	199864182	199919825	3	2513923	2561650	placeholder
5	13685211	13704781	5	111994198	112011191	placeholder
2	195055021	195055711	2	207406415	207407105	placeholder
3	59537065	59553351	3	150536958	150593152	placeholder
14	16369146	16391466	15	711701	751653	placeholder
3	142422610	142430719	3	62945258	62953111	placeholder
11	3239511	3300787	10	19927449	20026523	placeholder
16	12841718	12843326	16	290156	291742	placeholder
3	49426346	49439463	3	161557177	161568202	placeholder
8	75815269	75827986	8	2239661	2251285	placeholder
7	31165169	31170919	7	31429156	31435715	placeholder
3	126932515	126951797	3	79856711	79875062	placeholder
1	270290847	270302642	1	288076401	288089099	placeholder
5	59571175	59594761	5	63682484	63701237	placeholder
11	10452585	10454415	10	12021684	12023479	placeholder
4	87824927	87833354	4	90638019	90652786	placeholder
6	40969049	40973392	6	61091908	61096373	placeholder
3	60372043	60381837	3	149586258	149595850	placeholder
1	69969412	69980037	1	73793220	73803703	placeholder
1	199439305	199452790	1	212982845	212993786	placeholder
3	150505749	150506418	3	54455687	54456356	placeholder
11	22448612	22451129	10	621120	623587	placeholder
1	148764468	148776398	1	156963359	156978593	placeholder
3	163301658	163314364	3	40216684	40226647	placeholder
11	20370448	20375915	10	2406049	2407220	placeholder
15	8171234	8177467	14	12601554	12609194	placeholder
13	5066412	5070426	12	13690220	13695786	placeholder
3	23483458	23492224	3	190457539	190467489	placeholder
1	1555380	1560605	1	1313952	1317482	placeholder
5	31740701	31752830	5	92553390	92565581	placeholder
2	230507557	230593904	2	239321322	239374607	placeholder
1	227684312	227684963	1	243015421	243016072	placeholder
6	26827192	26839895	6	76333844	76349717	placeholder
6	63687037	63694191	6	36407210	36415145	placeholder
13	2633208	2641374	12	17067113	17078009	placeholder
13	17025722	17032591	12	1688210	1697850	placeholder
3	105389507	105419792	3	106966872	107001037	placeholder
2	195323663	195327891	2	207687707	207692244	placeholder
4	13832853	13836668	4	13016194	13020280	placeholder
7	41317539	41322158	7	42278866	42282049	placeholder
1	243228894	243234314	1	259817218	259821070	placeholder
12	11361865	11365399	13	9158129	9162749	placeholder
14	7377559	7399236	15	9768878	9785677	placeholder
2	176023651	176029320	2	186604541	186610367	placeholder
7	14464643	14475292	7	13369191	13380726	placeholder
11	20456183	20459427	10	2336549	2339722	placeholder
6	23639699	23648508	6	79821744	79830330	placeholder
1	319300526	319309361	1	341071668	341081624	placeholder
6	36609536	36614202	6	65708342	65713145	placeholder
1	116356323	116377862	1	122757862	122776467	placeholder
6	49100059	49103870	6	52491317	52493052	placeholder
15	6877981	6882286	14	11217388	11220954	placeholder
7	74443948	74450668	7	72702690	72711949	placeholder
3	193845767	193849200	3	7771851	7776735	placeholder
6	186136	188124	6	102995650	102998011	placeholder
4	87586630	87587689	4	90952660	90953705	placeholder
15	16426883	16429018	14	19986146	19987905	placeholder
6	30118608	30119343	6	72659511	72660246	placeholder
4	77673821	77764181	4	81155688	81222834	placeholder
4	40135286	40158527	4	42724485	42747901	placeholder
16	8445098	8449619	16	4602654	4607348	placeholder
17	10783014	10785145	17	424518	426508	placeholder
16	11776449	11778594	16	1333401	1335507	placeholder
3	86273216	86277271	3	121927617	121932316	placeholder
4	123759470	123773233	4	127504547	127517099	placeholder
7	91879097	91909625	7	89795453	89820832	placeholder
16	13068473	13069415	16	56773	57720	placeholder
5	67306286	67355624	5	55529050	55566516	placeholder
4	98496765	98503296	4	103445940	103452355	placeholder
8	55892387	56072923	8	20281475	20433609	placeholder
1	340613237	340615678	1	361972660	361974945	placeholder
6	8820396	8824699	6	95429930	95434405	placeholder
16	10500906	10504677	16	2735542	2740038	placeholder
3	88359509	88366204	3	119727872	119735662	placeholder
1	207270472	207277559	1	220917589	220924635	placeholder
6	89667964	89676713	6	10351551	10360781	placeholder
1	180699246	180716990	1	192750930	192762746	placeholder
1	216317714	216319044	1	230757538	230758868	placeholder
2	34004911	34008932	2	33826528	33831444	placeholder
4	61503512	61504974	4	66039436	66040874	placeholder
7	17310802	17324398	7	16341181	16353473	placeholder
1	64130014	64137006	1	67590261	67600403	placeholder
3	153734284	153742180	3	50643465	50651962	placeholder
13	8712093	8714153	12	9331702	9334264	placeholder
2	163988528	163989209	2	173391369	173392050	placeholder
5	98232132	98232597	5	24708117	24708579	placeholder
1	153883459	153889403	1	162665860	162671393	placeholder
1	65531945	65548530	1	69145506	69165195	placeholder
1	302176729	302182645	1	323076157	323082551	placeholder
1	122949515	122962462	1	129961485	129974101	placeholder
5	64843885	64851100	5	58185299	58192279	placeholder
7	22848039	22854945	7	22259669	22266683	placeholder
1	373899	377571	1	434650	438252	placeholder
7	29066180	29080756	7	28988774	29006267	placeholder
6	44188021	44209152	6	57657126	57670274	placeholder
4	60681732	60695113	4	65174595	65185571	placeholder
5	56450314	56465277	5	67056529	67071906	placeholder
3	28872364	28897209	3	184489238	184518114	placeholder
1	300929692	300937390	1	321742263	321748221	placeholder
17	3468	28393	10	26318151	26340378	placeholder
15	15313755	15316006	14	18935003	18937001	placeholder
3	79437325	79460674	3	129317794	129350950	placeholder
1	208689948	208697562	1	222472715	222480328	placeholder
4	78347909	78414406	4	81522038	81548030	placeholder
2	76704248	76718060	2	79635643	79649400	placeholder
1	298523514	298544047	1	319116200	319135952	placeholder
7	5539862	5556215	7	4624723	4638062	placeholder
1	71157221	71164959	1	74956329	74966410	placeholder
12	9503000	9507645	13	10938567	10942588	placeholder
17	4270974	4279616	17	5962515	5970432	placeholder
2	19652649	19662226	2	17963018	17974491	placeholder
1	183620600	183630740	1	195243869	195247113	placeholder
6	58548555	58625877	6	42605784	42674699	placeholder
1	289446176	289450516	1	308875064	308878555	placeholder
16	5126817	5130460	16	8058557	8063511	placeholder
1	10772773	10785542	1	9223421	9231561	placeholder
4	86699799	86705099	4	91935395	91942830	placeholder
2	155184353	155236173	2	163242361	163295832	placeholder
2	198914125	198917228	2	260183034	260186209	placeholder
4	20587268	20589924	4	20691915	20694014	placeholder
8	22054936	22056332	8	57739212	57740565	placeholder
7	58360986	58388411	7	59010742	59043245	placeholder
6	53094814	53232352	6	48188145	48340134	placeholder
1	211244265	211262636	1	225074475	225095952	placeholder
4	88429057	88442522	4	92345387	92354813	placeholder
1	96183401	96190216	1	102071513	102077883	placeholder
7	80970608	80998761	7	79404656	79430904	placeholder
11	10454717	10459376	10	12016710	12021383	placeholder
8	2607522	2613758	8	76441348	76445412	placeholder
1	292759061	292767239	1	312587662	312596208	placeholder
7	13691892	13695517	7	12567753	12571369	placeholder
6	12647375	12654676	6	91308661	91317262	placeholder
11	18159149	18185362	10	4403726	4536911	placeholder
1	190080565	190082706	1	203208688	203210816	placeholder
2	21856531	21863415	2	20289978	20294883	placeholder
10	93483	105631	11	52027	99173	placeholder
5	92451926	92466680	5	31038279	31050990	placeholder
6	70948738	70954713	6	28842566	28850482	placeholder
8	62399927	62411446	8	15082506	15094292	placeholder
1	261554129	261560281	1	279066177	279072036	placeholder
2	159507744	159508374	2	167964866	167965496	placeholder
16	8862864	8867015	16	4140110	4144045	placeholder
16	8747996	8761696	16	4244643	4258726	placeholder
16	12168178	12170042	16	949141	950902	placeholder
3	166763976	166815126	3	36329328	36386155	placeholder
1	193529368	193595726	1	206878089	206939831	placeholder
6	38152316	38174546	6	63945926	63969292	placeholder
3	20381191	20392822	3	193788046	193800675	placeholder
3	126976863	126978751	3	79830684	79832956	placeholder
2	155146105	155149897	2	163193525	163197299	placeholder
1	149325196	149332024	1	157554036	157561919	placeholder
1	48869365	48872563	1	50680560	50683937	placeholder
1	311964523	311971635	1	333343044	333352040	placeholder
4	100695135	100698589	4	105993177	105996705	placeholder
15	11002502	11003138	14	15214955	15215588	placeholder
7	20657072	20660694	7	19875386	19879079	placeholder
5	10376409	10409750	5	115390802	115427317	placeholder
6	19556540	19574147	6	84196220	84210204	placeholder
4	4598152	4608126	4	3508925	3517913	placeholder
2	24838046	24843015	2	23552816	23560204	placeholder
12	10890271	10910985	13	9513231	9535899	placeholder
3	171749336	171753625	3	31172768	31177435	placeholder
5	13190977	13194495	5	112466942	112502253	placeholder
2	188317565	188322880	2	200039326	200048575	placeholder
14	557385	557991	15	16407394	16408000	placeholder
14	16128136	16134458	15	945149	954816	placeholder
11	13200153	13211874	10	9480455	9491882	placeholder
1	192793004	192797407	1	206087801	206092178	placeholder
10	1580773	1586475	11	3452240	3458431	placeholder
1	167342601	167349240	1	176789898	176798766	placeholder
19	7595033	7604135	19	1731696	1740847	placeholder
1	323826794	323841896	1	345975555	345986867	placeholder
12	4499014	4502746	13	16146573	16150392	placeholder
2	64671214	64685424	2	67230432	67248233	placeholder
8	75025323	75032966	8	3441390	3449045	placeholder
1	46892089	46892662	1	48532231	48532804	placeholder
2	16634066	16645688	2	14766390	14789835	placeholder
3	155884611	155888417	3	48148517	48158438	placeholder
6	61511096	61517538	6	39610907	39617090	placeholder
1	322447973	322448585	1	344492431	344493043	placeholder
10	15982980	15983598	11	16044048	16044666	placeholder
7	31683448	31698236	7	32055611	32069397	placeholder
8	38562587	38570043	8	39174574	39181238	placeholder
2	154320436	154326209	2	162308203	162314331	placeholder
16	2340275	2348154	16	11041457	11046790	placeholder
3	69338878	69342612	3	140266816	140270510	placeholder
3	88037252	88041658	3	120065185	120069523	placeholder
4	77567455	77614326	4	81038340	81103163	placeholder
3	148910475	148916573	3	55991077	55998104	placeholder
11	22758390	22761345	10	291640	294544	placeholder
4	85226435	85238516	4	85327381	85338712	placeholder
2	47063191	47067528	2	48386535	48396299	placeholder
5	9237075	9243630	5	116452429	116459594	placeholder
4	35905701	35909208	4	37851134	37854744	placeholder
1	164314990	164319213	1	173477191	173481793	placeholder
14	3729322	3729838	15	13202328	13202844	placeholder
13	2348193	2370130	12	17539719	17572492	placeholder
1	322403588	322409111	1	344444272	344450807	placeholder
6	22932687	22946958	6	80514986	80534419	placeholder
2	18871153	18878659	2	17192652	17199412	placeholder
6	18097288	18113782	6	85765049	85788253	placeholder
3	163183721	163195801	3	40338364	40349632	placeholder
1	226696650	226698708	1	241931529	241933660	placeholder
2	154924588	154927276	2	162949350	162952105	placeholder
1	82136437	82147210	1	86936998	86949079	placeholder
13	7625153	7629411	12	10467719	10471968	placeholder
15	12888118	12890977	14	16788996	16791150	placeholder
7	33749014	33759374	7	34329576	34334728	placeholder
8	74370634	74379033	8	3905855	3911752	placeholder
6	98746494	98752454	6	587294	592706	placeholder
3	148395538	148465222	3	56479431	56569408	placeholder
8	25625821	25660689	8	53737180	53785661	placeholder
4	81468746	81472958	4	88913714	88924901	placeholder
3	200705348	200724359	3	1841001	1849164	placeholder
5	68906581	68970386	5	53912443	53955481	placeholder
2	38680823	38683861	2	38888477	38891527	placeholder
1	268963445	268967264	1	286664452	286668364	placeholder
7	49668921	49679773	7	49445552	49450184	placeholder
6	12681175	12687137	6	91274983	91284746	placeholder
2	157171646	157174902	2	165286829	165290849	placeholder
1	336767970	336771341	1	358777072	358779722	placeholder
1	185089536	185094365	1	196638523	196643048	placeholder
16	9961984	9971100	16	3290365	3299112	placeholder
4	25301754	25325846	4	25913752	25938621	placeholder
8	25925588	25934084	8	53405919	53413461	placeholder
15	10366916	10391522	14	14624912	14645518	placeholder
11	19447931	19451204	10	3264102	3267062	placeholder
1	318755328	318758376	1	340550593	340553477	placeholder
8	8840174	8849433	8	70799057	70807501	placeholder
5	109554079	109558939	5	12733592	12739513	placeholder
4	41101387	41148805	4	43776711	43822416	placeholder
14	5920384	5928631	15	11160340	11168981	placeholder
1	321024235	321051239	1	342876778	342912231	placeholder
14	15790508	15794341	15	1244372	1247651	placeholder
6	31158077	31217270	6	71553047	71608948	placeholder
6	46621653	46635071	6	55073786	55084354	placeholder
2	151844557	151848514	2	159444311	159447349	placeholder
7	28874984	28880756	7	28785135	28790929	placeholder
19	3100736	3102682	19	5718217	5722242	placeholder
16	10086006	10098203	16	3144706	3161127	placeholder
3	89943451	89984166	3	118142478	118180822	placeholder
8	28984128	29009467	8	50056970	50087188	placeholder
3	92638879	92748571	3	116250608	116302340	placeholder
3	168486132	168490813	3	34548309	34553284	placeholder
7	28765478	28772025	7	28663726	28671634	placeholder
3	68163324	68202004	3	141343715	141366718	placeholder
1	267352175	267356463	1	284969188	284973556	placeholder
1	178233275	178238945	1	190629636	190632585	placeholder
6	41118769	41130002	6	60929068	60940117	placeholder
3	197470157	197491490	3	4375070	4394874	placeholder
1	294068159	294072790	1	314056564	314068138	placeholder
6	38445950	38448441	6	63733045	63735605	placeholder
6	38370194	38381342	6	63813689	63818809	placeholder
3	92865791	92880368	3	116195674	116206959	placeholder
1	71147734	71151892	1	74942986	74946679	placeholder
8	622855	624529	8	78013098	78014796	placeholder
6	44846683	44851891	6	56991469	56996083	placeholder
1	12263218	12264739	1	11147257	11148864	placeholder
2	174393185	174399553	2	184862034	184866806	placeholder
11	20678536	20682749	10	2123674	2127991	placeholder
1	61844510	61852462	1	65084489	65089937	placeholder
19	7219525	7232980	19	2109638	2124463	placeholder
15	8853369	8881253	14	13285557	13309973	placeholder
7	33385247	33394321	7	33964420	33978587	placeholder
1	267155047	267161513	1	284746640	284753365	placeholder
7	22097499	22109116	7	21407056	21423733	placeholder
1	205928129	205933669	1	219441183	219447375	placeholder
2	209838299	209838896	2	216721221	216721812	placeholder
3	64043598	64048280	3	145637661	145642472	placeholder
3	160191995	160202484	3	43655350	43664719	placeholder
2	122908565	122919621	2	128568437	128581657	placeholder
5	36383699	36396095	5	87716134	87725098	placeholder
17	7885402	7896967	1	100670672	100671224	placeholder
3	147814529	147821312	3	57122818	57130481	placeholder
5	50189852	50192716	5	73161905	73164753	placeholder
2	185867117	185870823	2	197239413	197242668	placeholder
8	59322029	59327780	8	17876782	17882177	placeholder
1	23846941	23860676	1	23263516	23280090	placeholder
3	110567946	110574702	3	98144123	98152489	placeholder
4	100716346	100720665	4	106016212	106021743	placeholder
2	214892170	214894185	2	222171841	222175071	placeholder
5	122190876	122201105	5	614097	624554	placeholder
5	31100818	31113028	5	93173073	93199234	placeholder
5	7958738	7965841	5	117736249	117739044	placeholder
16	12477456	12479296	16	638935	640983	placeholder
19	199729	201396	7	16180	18090	placeholder
8	35445055	35457194	8	42637457	42642912	placeholder
1	238179295	238193291	1	254067112	254081230	placeholder
10	7409053	7413226	11	10132600	10135891	placeholder
7	29455189	29457452	7	29495494	29498114	placeholder
12	11216472	11221791	13	9242226	9250181	placeholder
1	33080674	33082257	1	33305594	33307121	placeholder
19	1556365	1565033	19	6771748	6780360	placeholder
1	263487983	263526400	1	280835340	280883189	placeholder
7	48309406	48312633	7	48511202	48514093	placeholder
1	50655444	50664485	1	52659500	52669736	placeholder
16	3999798	4004101	16	9244830	9250200	placeholder
5	59929658	59934714	5	63323575	63329066	placeholder
2	59111734	59120363	2	61205734	61211801	placeholder
16	11431729	11434606	16	1688463	1691819	placeholder
4	28599399	28599993	4	29595270	29595864	placeholder
1	331222761	331223355	1	354315415	354316009	placeholder
11	10397447	10401520	10	12069911	12073572	placeholder
2	168112725	168116182	2	177771104	177774751	placeholder
2	175999424	176004892	2	186579594	186583814	placeholder
1	211131841	211142373	1	224965375	224975655	placeholder
3	99938674	99954935	3	112582374	112598570	placeholder
8	44781156	44808001	8	31947748	31978726	placeholder
15	12917227	12917722	14	16812125	16812623	placeholder
12	13089754	13096225	13	7441174	7448293	placeholder
2	151545378	151549078	2	159161531	159165085	placeholder
1	116575158	116582178	1	122983514	122989560	placeholder
1	293333588	293335195	1	313253301	313254911	placeholder
3	153472864	153489230	3	50909341	50927371	placeholder
13	11128549	11132938	12	6882566	6887557	placeholder
2	103535565	103538813	2	106030158	106033421	placeholder
19	2105305	2108879	19	6532555	6536545	placeholder
3	32653728	32666002	3	180296000	180309533	placeholder
14	7292621	7296124	15	9861353	9864324	placeholder
14	14512812	14518860	15	2580908	2583530	placeholder
6	86036079	86049920	6	16515048	16529164	placeholder
6	44221877	44231108	6	57634588	57643907	placeholder
1	195014176	195046733	1	208523586	208544826	placeholder
2	40922808	40924102	2	41366416	41367595	placeholder
3	59778572	59780239	3	150303730	150305685	placeholder
7	26836755	26843506	7	26634163	26640926	placeholder
5	56125128	56129180	5	67416855	67420921	placeholder
1	315475279	315481141	1	337076472	337083481	placeholder
1	81780158	81782288	1	86558836	86560843	placeholder
1	164281373	164288985	1	173430933	173439187	placeholder
19	3246394	3274868	19	5859861	5889160	placeholder
16	2150657	2162132	16	11220828	11230187	placeholder
16	11700227	11702583	16	1406322	1411492	placeholder
17	4287121	4294277	17	5947405	5956831	placeholder
7	28313833	28318761	7	28156139	28161824	placeholder
1	204536239	204539119	1	218061387	218064307	placeholder
2	105867471	105874549	2	109301661	109318186	placeholder
1	62482691	62507511	1	65830574	65856192	placeholder
4	52972743	52975149	4	56615966	56618329	placeholder
6	22587987	22588557	6	80922682	80923252	placeholder
8	74931641	74938369	8	3538933	3544151	placeholder
1	199053374	199053962	1	212588459	212589047	placeholder
1	33255276	33259888	1	33484485	33488347	placeholder
3	91098395	91111919	3	117140873	117154503	placeholder
6	41586434	41589323	6	60457356	60460224	placeholder
3	120529465	120563748	3	86790568	86825725	placeholder
7	28176456	28177032	7	28020775	28021351	placeholder
3	182021886	182026648	3	20254142	20257971	placeholder
6	149559	154613	6	103026345	103035388	placeholder
8	75170946	75171519	8	3294404	3294977	placeholder
12	177179	178728	13	20798599	20800153	placeholder
4	89623283	89627054	4	93756938	93759802	placeholder
13	18022612	18024637	12	822560	824664	placeholder
16	11735261	11739465	16	1372036	1376285	placeholder
10	603838	607173	11	1252956	1260212	placeholder
11	13162938	13163457	10	9521033	9521558	placeholder
3	167153583	167159846	3	36017385	36023905	placeholder
1	167293200	167297016	1	176757592	176761191	placeholder
3	98813394	98830919	3	113417371	113426699	placeholder
19	1681013	1682925	19	6731992	6733462	placeholder
1	23840621	23843673	1	23256712	23260301	placeholder
3	49251114	49261783	3	161768477	161778299	placeholder
17	9035673	9045654	17	2015610	2022509	placeholder
2	159587367	159592375	2	168054908	168061713	placeholder
10	16173361	16195767	11	16167009	16174077	placeholder
1	83769912	83773204	1	88599883	88603717	placeholder
15	1145896	1147654	14	2575773	2577461	placeholder
3	22705593	22709741	3	191284415	191291214	placeholder
7	28234864	28248584	7	28079169	28085855	placeholder
1	187088522	187093738	1	198754349	198759642	placeholder
4	40088847	40092503	4	42678831	42682658	placeholder
5	23919832	23929318	5	100873725	100887237	placeholder
6	40613771	40614491	6	61486527	61487247	placeholder
16	8412259	8415477	16	4639474	4643105	placeholder
2	157326340	157367227	2	165476122	165502086	placeholder
7	24228582	24229149	7	23756398	23756965	placeholder
6	31780069	31783858	6	70935203	70949417	placeholder
3	181239658	181248038	3	21008709	21022171	placeholder
2	206312767	206314127	2	212922800	212923817	placeholder
2	185851117	185851681	2	197226464	197227028	placeholder
1	79452355	79462724	1	84077757	84095023	placeholder
8	23502756	23507601	8	56196005	56198994	placeholder
18	8910413	8911678	18	8438315	8439631	placeholder
17	8379266	8382612	17	2660536	2662770	placeholder
3	193754875	193760309	3	7847763	7852834	placeholder
1	268266310	268272656	1	285928576	285934710	placeholder
5	90202176	90205339	5	33637564	33641451	placeholder
3	126108751	126116539	3	80740250	80747993	placeholder
2	24774570	24780509	2	23475434	23482276	placeholder
4	60566125	60573573	4	65077517	65086278	placeholder
19	1210317	1213611	19	7064961	7067773	placeholder
5	30697166	30704283	5	93655815	93662355	placeholder
4	72691225	72815375	4	77438981	77501091	placeholder
1	101719766	101745499	1	107825683	107852533	placeholder
3	142757363	142761344	3	62588310	62593735	placeholder
8	24598863	24599397	8	54981459	54981993	placeholder
2	212033475	212047872	2	219056085	219073568	placeholder
16	11636569	11637127	16	1476668	1477226	placeholder
6	8804492	8815200	6	95438480	95448118	placeholder
3	17320955	17321901	3	197213867	197214634	placeholder
1	5413909	5414467	1	4323838	4324396	placeholder
14	15248799	15257220	15	1818545	1827335	placeholder
2	194055655	194059974	2	206244866	206249613	placeholder
5	38685548	38698669	5	85172431	85183693	placeholder
16	10580870	10582641	16	2643150	2644944	placeholder
4	45737004	45738792	4	48918594	48920302	placeholder
3	105339387	105347124	3	107045371	107055601	placeholder
3	141618144	141623395	3	63824462	63830276	placeholder
1	266707151	266707709	1	284274227	284274785	placeholder
2	106042885	106076534	2	109662770	109715084	placeholder
3	24886662	24895714	3	188916251	188930559	placeholder
1	246126786	246144862	1	262851419	262868078	placeholder
8	79079921	79089534	8	33095	42640	placeholder
1	101555113	101561050	1	107645324	107651731	placeholder
4	7169003	7175437	4	5959508	5965653	placeholder
3	65754757	65765094	3	143756041	143766874	placeholder
7	50587469	50685748	7	50000269	50051035	placeholder
6	3412910	3414949	6	100275665	100279599	placeholder
2	50265408	50265969	2	51689149	51689710	placeholder
2	212086917	212092190	2	219113440	219119164	placeholder
1	321179041	321180076	1	343041384	343042479	placeholder
3	30124036	30130691	3	183068471	183075113	placeholder
1	252381705	252397773	1	269347547	269360463	placeholder
1	27354175	27359765	1	27153792	27157753	placeholder
3	178074973	178083873	3	24201385	24210529	placeholder
1	210842605	210847118	1	224663963	224668066	placeholder
2	95571485	95577922	2	97450621	97458107	placeholder
13	17957670	17960411	12	882428	885137	placeholder
1	49837866	49841125	1	51820183	51831102	placeholder
1	250230558	250235686	1	267059370	267063857	placeholder
3	145504745	145513820	3	59583277	59596109	placeholder
16	7416060	7416609	16	5672697	5677476	placeholder
18	2515673	2519173	18	2446369	2451483	placeholder
1	258541098	258543520	1	275837312	275843715	placeholder
14	3574049	3578102	15	13356187	13361099	placeholder
5	52018373	52022151	5	71267983	71271685	placeholder
1	238278914	238286144	1	254164627	254171850	placeholder
3	63482492	63486970	3	146268840	146273120	placeholder
1	24218518	24224537	1	23697232	23704236	placeholder
4	50920485	50923711	4	54558392	54562769	placeholder
19	7571279	7575270	19	1762624	1767002	placeholder
10	5571064	5573175	11	8443090	8445141	placeholder
1	166863518	166873559	1	176317813	176333044	placeholder
1	179259976	179265416	1	191505791	191511228	placeholder
4	38560611	38562938	4	40952998	40955109	placeholder
7	90750501	90755828	7	88725353	88730158	placeholder
3	32616629	32619941	3	180352280	180354631	placeholder
15	17031019	17032222	14	20532651	20533861	placeholder
1	340431137	340437972	1	361758354	361773600	placeholder
6	84698964	84796369	6	17773255	17851597	placeholder
16	8017452	8019893	16	5040882	5043565	placeholder
1	292833834	292837246	1	312670049	312673718	placeholder
1	118632127	118647636	1	125216990	125228346	placeholder
2	264193506	264201395	2	278861643	278869245	placeholder
1	26697362	26703558	1	26465248	26471837	placeholder
4	88913780	88918079	4	93012193	93016573	placeholder
1	99189258	99204084	1	105100058	105110214	placeholder
1	97593787	97596548	1	103601755	103604825	placeholder
1	16992333	16995949	1	16057646	16062408	placeholder
19	3142931	3151531	19	5761671	5768971	placeholder
11	20594962	20597881	10	2210085	2213184	placeholder
6	70940998	70945238	6	28854846	28859422	placeholder
3	17147722	17168394	3	197371582	197396493	placeholder
1	126202841	126211126	1	133352055	133358921	placeholder
8	19686141	19689297	8	60487211	60490014	placeholder
7	46532084	46541419	7	47089950	47096341	placeholder
2	191870363	191877412	2	203864112	203870693	placeholder
2	148765021	148773868	2	156213260	156222363	placeholder
17	8308933	8310835	17	2739205	2741294	placeholder
6	12638486	12644703	6	91318744	91323893	placeholder
1	138150304	138167181	1	146168917	146187212	placeholder
6	81966757	81981004	6	20629971	20638346	placeholder
3	186310325	186314428	3	15634977	15639307	placeholder
1	187098340	187106336	1	198764181	198774365	placeholder
1	71289688	71314887	1	75084316	75112619	placeholder
7	92368255	92382374	7	90305790	90311970	placeholder
2	33936823	33938013	2	33748190	33749743	placeholder
13	7655240	7659992	12	10436524	10442490	placeholder
7	79453578	79456679	7	77956413	77959274	placeholder
5	2052233	2058663	5	122382300	122386822	placeholder
4	84590487	84594798	4	85936246	85940305	placeholder
7	48353218	48357186	7	48566239	48571054	placeholder
7	51640696	51648916	7	50658025	50664383	placeholder
17	8263894	8269610	17	2780598	2786407	placeholder
3	119707701	119718686	3	87670583	87680176	placeholder
1	317085010	317092436	1	338758969	338768014	placeholder
15	7042018	7045744	14	11401396	11405627	placeholder
2	16036317	16042855	2	14144601	14149959	placeholder
17	10514639	10516489	17	691310	693084	placeholder
10	2902080	2908265	11	5364451	5369368	placeholder
1	336987839	337011828	1	358953357	358980076	placeholder
1	61165030	61165546	1	64334038	64334554	placeholder
17	202833	209340	17	9490994	9495208	placeholder
3	160864958	160871886	3	42945768	42977489	placeholder
3	14145687	14152665	3	200478945	200487414	placeholder
7	39597002	39611348	7	40479542	40491425	placeholder
3	25403569	25410900	3	188313124	188320889	placeholder
3	141590542	141598240	3	63849495	63856866	placeholder
2	185197476	185213320	2	196559814	196568718	placeholder
1	322451562	322455298	1	344495950	344499040	placeholder
1	242095080	242107856	1	258343415	258354101	placeholder
7	58527235	58528975	7	59118201	59123123	placeholder
10	5891086	5911039	11	8777268	8794673	placeholder
3	110679055	110681532	3	97969365	97971835	placeholder
14	507974	509271	15	16455354	16456525	placeholder
7	18665682	18681274	7	17659010	17677466	placeholder
1	333057085	333057601	1	355483914	355484430	placeholder
2	209719475	209721161	2	216608357	216609971	placeholder
1	30639189	30647763	1	30717482	30731001	placeholder
16	11254551	11255625	16	1913563	1914803	placeholder
5	64972091	64977976	5	58083400	58090969	placeholder
19	3235425	3241623	19	5845947	5854119	placeholder
16	11440711	11442788	16	1679652	1681745	placeholder
12	4180441	4184585	13	16661698	16665668	placeholder
1	13015273	13018879	1	11939198	11943293	placeholder
2	155039138	155041755	2	163083184	163085796	placeholder
7	2355498	2365420	7	2181273	2194733	placeholder
13	16505055	16507805	12	2173393	2176107	placeholder
7	85566800	85579852	7	83859827	83873649	placeholder
3	41926571	41943810	3	169761827	169774645	placeholder
3	178192776	178196994	3	24085487	24089532	placeholder
2	48694049	48703094	2	50024729	50034279	placeholder
1	138299566	138310972	1	146324054	146335820	placeholder
7	31073007	31082972	7	31330447	31344063	placeholder
11	3482847	3487746	10	19653024	19660190	placeholder
1	315627317	315643957	1	337255636	337266116	placeholder
4	82003746	82009136	4	88357523	88362495	placeholder
14	4696230	4696707	15	12437236	12437716	placeholder
2	178194373	178228232	2	188925195	188969852	placeholder
12	8266548	8270141	13	12172697	12176721	placeholder
1	272062027	272062531	1	289900978	289901482	placeholder
4	57788299	57791186	4	62020482	62023480	placeholder
3	103669014	103674758	3	108914572	108921214	placeholder
16	12474271	12474894	16	643346	643969	placeholder
1	10884822	10887772	1	9328958	9331898	placeholder
10	6374000	6381634	11	9218285	9224783	placeholder
10	6319377	6327094	11	9173077	9178436	placeholder
7	80083328	80091049	7	78588329	78593675	placeholder
6	95373060	95377294	6	4059922	4066795	placeholder
5	36557387	36557882	5	87556966	87557461	placeholder
1	69695670	69696171	1	73516092	73516593	placeholder
5	86466440	86470749	5	37689158	37692340	placeholder
14	666536	669576	15	16292936	16296303	placeholder
7	31110519	31111782	7	31374356	31376666	placeholder
10	14489620	14498977	11	14950426	14953791	placeholder
1	50306395	50320330	1	52325513	52339215	placeholder
1	299748754	299750375	1	320415542	320417113	placeholder
7	12209731	12214316	7	10974990	10979170	placeholder
1	301782685	301784771	1	322664167	322669481	placeholder
7	22214712	22217902	7	21526255	21528771	placeholder
3	167424399	167429692	3	35734883	35739589	placeholder
19	1156780	1157848	19	7105659	7107032	placeholder
2	230925956	230939172	2	239822225	239828428	placeholder
1	200780994	200781492	1	214336555	214337053	placeholder
1	165769195	165772532	1	175103901	175111065	placeholder
3	168953431	168960511	3	34055133	34062439	placeholder
7	92731491	92733674	7	90654082	90656039	placeholder
1	89207154	89219583	1	94539028	94552838	placeholder
3	155105752	155111151	3	48988905	48994909	placeholder
3	46554650	46563831	3	164685395	164691521	placeholder
10	817518	821440	11	1749177	1754559	placeholder
4	22268525	22275115	4	22673341	22681495	placeholder
1	319224489	319227410	1	340983692	340986560	placeholder
2	146031074	146034113	2	153301133	153304206	placeholder
15	7394520	7396190	14	11779080	11780715	placeholder
11	21569852	21574071	10	1343166	1346673	placeholder
7	36977299	36978925	7	37686253	37687806	placeholder
4	74561731	74593944	4	79274281	79312427	placeholder
13	17480936	17483427	12	1276014	1278388	placeholder
6	58037356	58046370	6	43200466	43211701	placeholder
3	143079293	143083335	3	62236225	62241471	placeholder
6	32994229	32994733	6	69702790	69703294	placeholder
6	38475849	38477030	6	63698481	63699665	placeholder
4	64331948	64342983	4	69067521	69106579	placeholder
1	195744255	195747193	1	209236104	209238788	placeholder
2	202225587	202229657	2	256662848	256667768	placeholder
3	64275503	64280378	3	145389003	145399167	placeholder
7	14427614	14430493	7	13329090	13331667	placeholder
15	15593186	15594374	14	19199075	19203382	placeholder
13	17557106	17559442	12	1207213	1209536	placeholder
12	169662	170504	13	20806908	20807719	placeholder
17	8192052	8194335	17	2864717	2866862	placeholder
1	187167284	187172418	1	198835769	198842138	placeholder
6	93663914	93677454	6	6410166	6425812	placeholder
7	32950974	32967871	7	33485501	33501872	placeholder
5	5502835	5506854	5	120109056	120114319	placeholder
10	11104666	11107634	11	13458617	13461221	placeholder
2	96579574	96586021	2	98566536	98569779	placeholder
2	154958033	154962078	2	162984869	162988848	placeholder
1	261799247	261806490	1	279169843	279173252	placeholder
2	197229986	197236230	2	261889620	261901590	placeholder
1	97882598	97889880	1	103912651	103918787	placeholder
14	8303822	8315966	15	8835009	8846355	placeholder
1	287652432	287655955	1	306938173	306941871	placeholder
12	8455230	8457771	13	11982583	11985440	placeholder
4	53703613	53706064	4	57457190	57459096	placeholder
1	287506118	287581938	1	306785489	306849416	placeholder
16	12571768	12573395	16	547231	548566	placeholder
7	47592816	47597950	7	47978924	47981929	placeholder
1	50179619	50182630	1	52194876	52197882	placeholder
2	97461149	97468662	2	99455530	99460794	placeholder
16	11059030	11062174	16	1983926	1987088	placeholder
4	68152377	68253676	4	73388394	73576209	placeholder
8	7783033	7803716	8	71780865	71790975	placeholder
14	4050310	4062511	15	12882039	12894593	placeholder
14	16017040	16027198	15	1051648	1060700	placeholder
12	8131734	8137250	13	12309047	12314153	placeholder
5	23394563	23401529	5	101307497	101313225	placeholder
3	66627561	66650336	3	143038258	143067960	placeholder
3	32604713	32612146	3	180358419	180364821	placeholder
2	191058677	191063842	2	203110398	203115505	placeholder
2	186416452	186424135	2	197812055	197819925	placeholder
16	12647938	12648751	16	471086	471850	placeholder
5	3018411	3024949	5	121877724	121879907	placeholder
3	50494106	50496866	3	160433951	160435619	placeholder
1	260740393	260753304	1	278198509	278225531	placeholder
2	220412610	220414564	2	228031484	228033866	placeholder
13	4996071	4998427	12	13781002	13784422	placeholder
14	1403840	1419992	15	15522180	15537632	placeholder
13	7478642	7487287	12	10680472	10688466	placeholder
8	29957069	29962309	8	48974748	48982293	placeholder
4	87038756	87040852	4	91594780	91596835	placeholder
14	2321286	2323726	15	14618710	14620288	placeholder
13	1920599	1925202	12	18440360	18449168	placeholder
14	5269420	5272956	15	11836450	11840210	placeholder
2	130846420	130854731	2	136727423	136735026	placeholder
12	3269425	3270958	13	17658599	17660223	placeholder
1	224660827	224663976	1	239705656	239708786	placeholder
13	16540489	16542615	12	2142701	2145235	placeholder
1	210825645	210836058	1	224643776	224655340	placeholder
2	24114877	24120448	2	22735729	22743706	placeholder
6	88258559	88265626	6	13817678	13823356	placeholder
16	7553981	7554806	16	5542029	5542905	placeholder
2	155055081	155067278	2	163096228	163111172	placeholder
7	12967529	12971481	7	11805176	11808772	placeholder
1	246146416	246153076	1	262869571	262879257	placeholder
1	336749677	336753679	1	358757864	358762212	placeholder
7	26137628	26148066	7	25970343	25975579	placeholder
14	156874	158286	15	16797955	16799502	placeholder
7	31031674	31041268	7	31290490	31300450	placeholder
16	2552102	2553686	16	10834842	10836742	placeholder
7	84046690	84054452	7	82293929	82367575	placeholder
2	222397432	222399353	2	230212160	230214202	placeholder
1	300849133	300858735	1	321645848	321655804	placeholder
19	5670720	5672207	19	3429326	3430365	placeholder
11	20674090	20676727	10	2130075	2132632	placeholder
7	71824126	71827494	7	69959217	69962120	placeholder
1	50883329	50887935	1	52920601	52923240	placeholder
6	44577242	44578996	6	57254965	57256499	placeholder
4	50851606	50858172	4	54484269	54490000	placeholder
3	156404462	156408308	3	47624609	47628015	placeholder
15	3563191	3568025	14	7132117	7138984	placeholder
14	13661587	13671643	15	3418461	3425999	placeholder
2	189803121	189820477	2	201653648	201673775	placeholder
5	66488780	66497100	5	56453378	56460298	placeholder
6	85851838	85852267	6	16736432	16736852	placeholder
2	207409440	207417512	2	214153544	214156570	placeholder
2	100835201	100837573	2	102920677	102924681	placeholder
3	137864584	137872004	3	67830192	67839060	placeholder
1	97779034	97783809	1	103799679	103803328	placeholder
13	1231663	1232113	12	19924837	19925287	placeholder
6	27388070	27391391	6	75694333	75697491	placeholder
7	62120784	62130137	7	61726696	61739557	placeholder
2	47423769	47425809	2	48795030	48797374	placeholder
3	59015670	59020796	3	151086476	151096386	placeholder
3	193622216	193631215	3	7979438	7985087	placeholder
2	24607066	24607504	2	23295156	23295594	placeholder
1	280775957	280782344	1	299334725	299339960	placeholder
19	3122065	3124346	19	5742564	5745951	placeholder
1	317041423	317043989	1	338713056	338715799	placeholder
5	22722967	22725738	5	102034320	102037699	placeholder
1	129245080	129271085	1	136598896	136628038	placeholder
13	14970970	14974587	12	3415347	3418429	placeholder
14	12632318	12640609	15	4435635	4443056	placeholder
2	9374537	9375754	2	7463880	7465468	placeholder
1	323497750	323506795	1	345632184	345638528	placeholder
8	22960639	22965490	8	56774191	56778215	placeholder
2	97104712	97108777	2	99087440	99090933	placeholder
1	165495973	165502391	1	174760706	174770595	placeholder
3	155077355	155081592	3	49021642	49028724	placeholder
4	98508898	98516015	4	103458388	103464570	placeholder
17	11013697	11014108	17	210200	210611	placeholder
1	208737150	208749780	1	222519299	222528375	placeholder
8	53385711	53392192	8	23353358	23354788	placeholder
1	317414750	317416436	1	339122594	339127662	placeholder
2	69111528	69117425	2	72020389	72025728	placeholder
4	84866770	84868689	4	85659372	85661242	placeholder
14	481563	482197	15	16480281	16480998	placeholder
2	101937373	101943570	2	104086774	104096740	placeholder
7	36938411	36942899	7	37654708	37658097	placeholder
1	89175274	89206887	1	94495301	94538774	placeholder
17	6657043	6663635	17	4024183	4030663	placeholder
10	1647823	1649569	11	3574688	3576668	placeholder
1	187051244	187059576	1	198720939	198728471	placeholder
1	339538498	339542480	1	361084016	361088915	placeholder
5	7972810	7974582	5	117728049	117729630	placeholder
7	36535127	36539709	7	37233953	37241769	placeholder
5	100064100	100067486	5	22747617	22751181	placeholder
6	45467807	45471356	6	56303835	56307707	placeholder
13	17586505	17588454	12	1178322	1180382	placeholder
2	177537602	177541309	2	188174281	188177994	placeholder
3	65739564	65743649	3	143775376	143778295	placeholder
1	242764701	242769078	1	259342905	259346775	placeholder
4	38714990	38724301	4	41143501	41152021	placeholder
15	8679307	8682071	14	13117428	13120161	placeholder
3	94999229	95031724	3	115264919	115273539	placeholder
14	3581603	3582990	15	13350780	13352073	placeholder
14	5194885	5196656	15	11916937	11918832	placeholder
1	298683200	298691812	1	319286726	319289890	placeholder
15	7027018	7036768	14	11381190	11392654	placeholder
1	335732773	335739881	1	357901461	357903796	placeholder
2	240768164	240777563	2	250643761	250656136	placeholder
1	82074448	82087388	1	86878870	86891759	placeholder
3	55463244	55467680	3	154801848	154807018	placeholder
17	11106516	11107623	17	111082	112631	placeholder
2	61378402	61381460	2	63647784	63650785	placeholder
7	16095294	16155461	7	15098702	15104642	placeholder
1	152141770	152148989	1	160752171	160759576	placeholder
7	33125856	33128379	7	33707002	33711506	placeholder
13	15828967	15835780	12	2680794	2687761	placeholder
3	58978685	58986699	3	151136950	151145158	placeholder
2	24354390	24379722	2	23009621	23042409	placeholder
6	43217633	43220988	6	58714328	58718782	placeholder
1	72620233	72623024	1	76445297	76447668	placeholder
1	104566145	104568656	1	110817096	110819511	placeholder
5	50297369	50337869	5	73018344	73054591	placeholder
1	255738651	255740872	1	272868587	272870501	placeholder
2	177885194	177893091	2	188544106	188548749	placeholder
12	13722843	13728549	13	6784278	6789168	placeholder
7	26519875	26534917	7	26359808	26371914	placeholder
4	81370530	81374435	4	88809781	88813677	placeholder
1	82198386	82204454	1	87000248	87006718	placeholder
13	1910005	1916937	12	18453755	18461262	placeholder
10	6504131	6504545	11	9337129	9337543	placeholder
5	69915893	69924416	5	52841204	52851331	placeholder
2	94358585	94364804	2	96101959	96109332	placeholder
1	55403936	55405794	1	57860972	57863573	placeholder
19	7465773	7468057	19	1869187	1871211	placeholder
17	10426748	10427165	17	778858	779275	placeholder
1	306769724	306770141	1	328039284	328039701	placeholder
1	312476716	312482925	1	333966884	333970860	placeholder
4	38899792	38900919	4	41324693	41325817	placeholder
2	153910371	153916607	2	161831689	161838099	placeholder
1	106289336	106298830	1	112561212	112570155	placeholder
13	12473168	12475098	12	5696984	5698742	placeholder
5	20787448	20787764	5	104209328	104209619	placeholder
14	7530516	7533087	15	9633457	9637905	placeholder
1	96403439	96405553	1	102285647	102287858	placeholder
5	32396830	32398888	5	91908726	91910796	placeholder
5	24228612	24233073	5	100517241	100528845	placeholder
6	26959597	26963541	6	76184179	76187971	placeholder
1	319270179	319272241	1	341032157	341034145	placeholder
5	120881821	120886469	5	1813137	1815359	placeholder
4	60589986	60595013	4	65101991	65103447	placeholder
1	323739356	323742265	1	345879230	345882018	placeholder
1	104425676	104426087	1	110672821	110673232	placeholder
16	7817504	7822545	16	5256131	5261583	placeholder
5	52204550	52204916	5	71077897	71078263	placeholder
4	82155016	82157934	4	88201640	88203850	placeholder
2	220349036	220356184	2	227966601	227974742	placeholder
8	30367199	30368287	8	48526540	48527982	placeholder
4	49827794	49831811	4	53436803	53440398	placeholder
3	106256617	106266078	3	105922553	105930117	placeholder
2	212001426	212014250	2	219018854	219033299	placeholder
5	53239696	53245446	5	69880113	69892827	placeholder
1	156238669	156242371	1	165006170	165009450	placeholder
3	85464619	85469375	3	122808409	122813807	placeholder
7	88500198	88500600	7	86502033	86502435	placeholder
4	64131285	64135768	4	68910230	68915074	placeholder
3	82806809	82808732	3	125712039	125713933	placeholder
7	10718007	10729988	7	9452046	9462496	placeholder
19	4787838	4796612	19	4159043	4166664	placeholder
5	57825831	57828510	5	65585443	65588130	placeholder
3	195396208	195409212	3	6301274	6308591	placeholder
2	134606778	134607177	2	140621209	140621608	placeholder
1	210673727	210679501	1	224421978	224428099	placeholder
3	166737091	166739283	3	36413305	36414406	placeholder
8	38763798	38766675	8	38954010	38957140	placeholder
8	48506126	48512304	8	27604297	27610624	placeholder
1	39032024	39032782	1	39877906	39878663	placeholder
3	172504775	172511632	3	30329332	30335589	placeholder
1	249709398	249712782	1	266519481	266523126	placeholder
17	8369986	8371852	17	2672056	2674543	placeholder
1	248287385	248298405	1	265068262	265085167	placeholder
6	97327912	97331841	6	2267015	2270891	placeholder
6	93482686	93494269	6	6594261	6602967	placeholder
1	118977533	118989282	1	125605466	125615629	placeholder
1	88409109	88410491	1	93685934	93687315	placeholder
12	8389944	8391395	13	12048203	12049791	placeholder
7	22248880	22296196	7	21561187	21600880	placeholder
14	5934523	5942396	15	11147674	11154414	placeholder
1	266726425	266736592	1	284294073	284301534	placeholder
1	29073505	29077594	1	29007953	29012015	placeholder
6	96286443	96294271	6	3278598	3285496	placeholder
4	54685075	54690642	4	58442313	58447186	placeholder
13	279318	281178	12	22749309	22752173	placeholder
2	86841162	86841525	2	88905866	88906232	placeholder
7	36991717	37000474	7	37699475	37706023	placeholder
3	157148970	157151024	3	46857482	46859522	placeholder
17	10543639	10545107	17	662666	664292	placeholder
3	185062139	185064563	3	17040595	17042897	placeholder
3	186225710	186227818	3	15725301	15727229	placeholder
11	15054643	15063606	10	7517844	7526011	placeholder
2	209537925	209540563	2	216432968	216435206	placeholder
3	100523685	100526085	3	112027515	112029421	placeholder
2	164068720	164069173	2	173463870	173464323	placeholder
8	11611309	11614893	8	68855857	68858494	placeholder
2	168036498	168039915	2	177696571	177702035	placeholder
7	93104067	93108901	7	91037348	91043296	placeholder
1	322547857	322548298	1	344599000	344599440	placeholder
2	156365900	156372211	2	164502154	164511446	placeholder
6	8083988	8092906	6	96130652	96141946	placeholder
12	1611754	1614106	13	19360984	19363340	placeholder
3	113893647	113911728	3	94021751	94043330	placeholder
7	28324795	28329215	7	28168830	28173245	placeholder
7	10628098	10637655	7	9371762	9384092	placeholder
16	1383223	1384512	16	12009082	12010203	placeholder
3	3401289	3455513	3	211161834	211216537	placeholder
1	126413735	126425730	1	133567955	133578965	placeholder
2	103359027	103362062	2	105808451	105811598	placeholder
10	6530053	6537478	11	9366683	9371274	placeholder
6	24674724	24680114	6	78730520	78735642	placeholder
7	28859822	28864392	7	28767296	28770734	placeholder
2	160145737	160148994	2	169102671	169105132	placeholder
11	22751172	22751717	10	300657	301213	placeholder
1	53630615	53634490	1	55927469	55931294	placeholder
1	337472712	337478786	1	359367960	359375327	placeholder
1	48974186	48978557	1	50863363	50866604	placeholder
1	50141366	50151571	1	52162641	52172513	placeholder
5	52246562	52246937	5	71037612	71037987	placeholder
19	1180154	1183782	19	7091900	7095094	placeholder
1	44204	44946	1	88510	89179	placeholder
1	227824479	227828950	1	243158579	243163345	placeholder
16	13058278	13059054	16	67194	67986	placeholder
4	49848604	49853876	4	53452785	53460091	placeholder
1	194781477	194788425	1	208268437	208277161	placeholder
2	72755808	72756183	2	75767841	75768216	placeholder
3	3582266	3587826	3	211063148	211076245	placeholder
1	318073214	318075355	1	339813856	339815991	placeholder
1	118663588	118665422	1	125241687	125243543	placeholder
14	984520	985927	15	15973736	15975084	placeholder
11	20703857	20706566	10	2100404	2103146	placeholder
1	272453761	272456263	1	290328197	290330867	placeholder
15	12929485	12932128	14	16824048	16826690	placeholder
12	10970210	10973482	13	9472307	9475144	placeholder
5	5606945	5615235	5	120005859	120012137	placeholder
14	1921134	1921806	15	15011477	15012165	placeholder
2	55123649	55130861	2	57077630	57086433	placeholder
6	63839952	63841137	6	36251096	36253874	placeholder
14	5358772	5360700	15	11753388	11755536	placeholder
4	125709916	125711856	4	128895217	128897125	placeholder
3	89358509	89413474	3	118727245	118770659	placeholder
1	285016211	285017666	1	304187451	304188909	placeholder
1	62395777	62397971	1	65721511	65723775	placeholder
14	16413201	16413782	15	695899	696470	placeholder
14	9179118	9185857	15	7957489	7963096	placeholder
1	227621079	227625402	1	242944954	242949962	placeholder
8	4151793	4158258	8	75169209	75172260	placeholder
1	71179144	71180970	1	74980514	74982360	placeholder
4	53327749	53330519	4	56993800	56996986	placeholder
2	157675845	157677107	2	165865349	165866669	placeholder
7	33812889	33814996	7	34395432	34398333	placeholder
11	1213007	1216294	10	23396520	23401515	placeholder
1	233949873	233951686	1	249650105	249651875	placeholder
3	16028281	16032793	3	198450540	198455718	placeholder
17	8392822	8393176	17	2647967	2648321	placeholder
17	11002935	11003433	17	220899	221428	placeholder
15	869193	871619	14	1968794	1973042	placeholder
1	319413064	319415505	1	341199342	341201750	placeholder
1	273414840	273418676	1	291300579	291304352	placeholder
2	89880601	89880952	2	91517648	91517999	placeholder
8	22954200	22956319	8	56783029	56785147	placeholder
1	55580961	55585355	1	58036368	58041221	placeholder
1	292903506	292906421	1	312772920	312776947	placeholder
1	16705168	16716826	1	15728716	15744973	placeholder
4	82562879	82567375	4	87840339	87843553	placeholder
1	92008352	92012875	1	97678876	97680008	placeholder
1	295170731	295177119	1	315293965	315301508	placeholder
15	12454052	12454400	14	16419819	16420167	placeholder
5	54478616	54493392	5	68843196	68858368	placeholder
1	5384184	5397338	1	4300297	4312510	placeholder
4	29983897	29998908	4	31104478	31113652	placeholder
1	50867681	50869361	1	52896703	52898568	placeholder
12	9493580	9496263	13	10949158	10951674	placeholder
3	32635268	32637846	3	180329129	180332453	placeholder
6	12092910	12096665	6	91889723	91893846	placeholder
3	29770768	29776004	3	183442340	183446499	placeholder
3	166609059	166612732	3	36565659	36570187	placeholder
1	107647842	107650903	1	114014445	114017123	placeholder
1	8158536	8166056	1	6597176	6604477	placeholder
4	88986060	88986393	4	93100434	93100767	placeholder
3	29804535	29807669	3	183410582	183413718	placeholder
6	85232501	85248056	6	17355121	17373675	placeholder
3	155389564	155391528	3	48664641	48666586	placeholder
14	4774282	4776919	15	12353526	12356395	placeholder
1	177123120	177124503	1	189603619	189605093	placeholder
2	35163893	35165417	2	35047716	35055125	placeholder
15	15792536	15795457	14	19386115	19389743	placeholder
3	141639083	141642962	3	63804228	63809814	placeholder
6	80676355	80766535	6	21597990	21618120	placeholder
7	20380575	20391431	7	19581009	19589865	placeholder
3	24506215	24508985	3	189383164	189386052	placeholder
5	49292822	49298746	5	74229045	74236564	placeholder
3	63571776	63577628	3	146159712	146164719	placeholder
1	166473103	166476487	1	175925447	175929388	placeholder
1	20880183	20883202	1	20091593	20094344	placeholder
1	100866365	100868635	1	106870886	106873199	placeholder
5	26276636	26276954	5	98395286	98395607	placeholder
1	18589540	18594027	1	17727361	17730797	placeholder
1	246467437	246472655	1	263142893	263146864	placeholder
7	33321806	33326967	7	33891859	33897306	placeholder
19	5308331	5311325	19	3726772	3729724	placeholder
5	90516738	90521946	5	33296291	33302086	placeholder
2	84730442	84741187	2	87131505	87141879	placeholder
11	3127183	3127495	10	20191082	20191388	placeholder
1	285066748	285078367	1	304258948	304269085	placeholder
2	85868957	85877213	2	88145369	88154391	placeholder
2	961532	967080	2	754338	758538	placeholder
3	16419270	16451687	3	198151749	198188533	placeholder
5	21004572	21004878	5	103973984	103974290	placeholder
3	178140422	178142038	3	24143562	24145116	placeholder
10	6963319	6968536	11	9729054	9733174	placeholder
4	31829479	31830987	4	33290129	33291623	placeholder
1	17590709	17595295	1	16657507	16663772	placeholder
13	3757695	3762840	12	15431104	15434401	placeholder
1	214686345	214692140	1	228908704	228913189	placeholder
3	163070613	163070952	3	40459775	40460114	placeholder
12	3602946	3603927	13	17330005	17331693	placeholder
8	74980402	74994729	8	3480639	3498577	placeholder
4	2741324	2745950	4	2256001	2257492	placeholder
1	221497393	221499812	1	236343648	236346023	placeholder
2	120112681	120114286	2	125910908	125912825	placeholder
1	292797929	292805194	1	312626646	312634980	placeholder
1	165883410	165885884	1	175223579	175226576	placeholder
1	227695965	227697486	1	243027827	243029742	placeholder
7	83874689	83881540	7	82206420	82211780	placeholder
2	97293310	97293601	2	99260607	99260898	placeholder
3	29664628	29666082	3	183548242	183550494	placeholder
1	279404367	279416879	1	297824898	297835498	placeholder
2	141081791	141083561	2	147847416	147849161	placeholder
1	50080112	50082055	1	52088542	52089975	placeholder
3	20399559	20405886	3	193775662	193781118	placeholder
17	4329867	4339359	17	5904459	5913373	placeholder
1	40389522	40412727	1	41246092	41272788	placeholder
10	4694062	4694341	11	7516557	7516836	placeholder
16	10992921	10994434	16	2198967	2259317	placeholder
11	6381860	6384765	10	16331634	16335423	placeholder
3	145595470	145598255	3	59480306	59483040	placeholder
3	6472656	6473520	3	208445517	208446382	placeholder
2	103234791	103238602	2	105645342	105647234	placeholder
13	629866	632952	12	21538798	21542206	placeholder
18	9056294	9056570	18	8572457	8572733	placeholder
1	328890537	328896414	1	351250548	351256836	placeholder
1	26778437	26782074	1	26540415	26543838	placeholder
3	153948284	153951976	3	50407014	50411268	placeholder
1	63365548	63372153	1	66744046	66750224	placeholder
1	228934996	228937770	1	244376720	244380184	placeholder
3	178042139	178042400	3	24246897	24247158	placeholder
7	8613359	8613815	7	7358711	7359171	placeholder
5	65920569	65940545	5	57057505	57097271	placeholder
3	81805727	81841619	3	126752194	126782366	placeholder
3	26306156	26334502	3	187299521	187339859	placeholder
2	212917607	212920737	2	219985783	219988431	placeholder
1	1875011	1875263	1	1533352	1533604	placeholder
3	177914771	177920765	3	24376059	24382740	placeholder
14	472981	473233	15	16491820	16492072	placeholder
3	37952335	37957392	3	174139081	174144581	placeholder
1	252511787	252513542	1	269472603	269478858	placeholder
15	9361085	9361328	14	13760209	13760452	placeholder
6	22232607	22232835	6	81261566	81261788	placeholder
8	28559284	28562626	8	50543857	50547675	placeholder
3	83471032	83474465	3	125071742	125074488	placeholder
6	30713790	30715322	6	72073402	72075141	placeholder
3	169678392	169679077	3	33261016	33261684	placeholder
1	329104370	329115809	1	351447532	351453499	placeholder
12	18761288	18763391	13	1991113	1993098	placeholder
3	30574796	30576603	3	182690319	182691784	placeholder
13	15709697	15711455	12	2788683	2790050	placeholder
2	182396062	182397673	2	193499431	193501112	placeholder
3	23274407	23276212	3	190667378	190670299	placeholder
2	27107810	27108035	2	26077474	26077699	placeholder
6	38992139	38994329	6	63104506	63107170	placeholder
3	15563865	15564998	3	198959362	198961483	placeholder
2	192136763	192139586	2	204127715	204130201	placeholder
1	51390208	51395001	1	53532769	53537547	placeholder
2	182008946	182009132	2	193119723	193119909	placeholder
1	287014445	287020253	1	306291957	306297969	placeholder
3	146240468	146241259	3	58826122	58826554	placeholder
3	23649436	23651663	3	190311196	190313637	placeholder
1	41273832	41275831	1	42239300	42240960	placeholder
1	243073411	243073567	1	259680176	259680332	placeholder
