Species_1	Start_1	End_1	Species_2	Start_2	End_2	fill
1	65746531	65838890	1	69611355	69633321	placeholder
1	148936096	149069608	1	157526763	157668867	placeholder
8	42966448	43092062	8	45211844	45325587	placeholder
5	21571446	21593801	5	21986420	22009104	placeholder
1	198202236	198243518	1	211287157	211334962	placeholder
2	191945511	192002093	2	208633051	208694673	placeholder
14	14408711	14503783	15	17301952	17400748	placeholder
4	22456142	22582721	4	110480783	110607770	placeholder
1	270038753	270125470	1	287786458	287872147	placeholder
1	126070166	126166134	1	133265325	133343283	placeholder
14	5859568	5915779	15	6196696	6254372	placeholder
1	310054045	310226185	1	331183342	331339874	placeholder
7	41879020	42009147	7	49376541	49497577	placeholder
5	24709095	24743371	5	25355469	25404029	placeholder
1	239740195	239799764	1	255321651	255400182	placeholder
3	64068408	64111453	3	148269733	148322388	placeholder
3	65933528	65979642	3	146249963	146289231	placeholder
2	47369246	47409108	2	50345637	50395746	placeholder
3	197899120	197959211	3	4545000	4594574	placeholder
2	198317496	198392263	2	215307712	215380840	placeholder
5	77784247	77837529	5	78167005	78188954	placeholder
12	11705357	11955692	13	12266162	12536501	placeholder
1	40467695	40605557	1	41946277	42092070	placeholder
16	10002106	10041753	16	11151025	11196709	placeholder
3	153841800	153945808	3	51024125	51140168	placeholder
13	13692774	13730122	12	4624079	4661882	placeholder
8	55648999	55715066	8	58550578	58671911	placeholder
17	7820850	7849822	17	9201505	9232932	placeholder
1	227650323	227674007	1	242392975	242415261	placeholder
1	55495909	55568752	1	58304096	58371165	placeholder
17	1875274	1969990	17	3321897	3421595	placeholder
1	337045295	337197606	16	4216460	4356322	placeholder
2	152269843	152317762	2	165972541	166022882	placeholder
1	173115847	173225833	1	184375563	184534975	placeholder
7	88785669	88883444	7	5305486	5398136	placeholder
1	226244444	226301853	1	240890213	240958550	placeholder
7	30649792	30742536	7	61182143	61255764	placeholder
16	13020831	13048086	16	14321090	14348842	placeholder
1	254251440	254273160	1	270892137	270917166	placeholder
1	340441203	340457170	1	362717352	362733068	placeholder
7	15905138	16030611	7	76542391	76678814	placeholder
1	63230614	63248112	1	66740453	66771344	placeholder
1	139247389	139332755	1	147354588	147387578	placeholder
15	14731807	14746046	14	19416027	19429951	placeholder
5	52903400	52945682	5	54819330	54860978	placeholder
4	19829077	19898892	4	113536374	113626746	placeholder
1	143309865	143409578	1	151514934	151615030	placeholder
2	90211784	90306194	2	94025987	94122999	placeholder
16	8925450	9028643	16	10016769	10139802	placeholder
2	103475212	103503025	2	108223688	108243882	placeholder
4	57144996	57220345	4	75545621	75621838	placeholder
6	85593186	85678509	6	87070496	87160423	placeholder
2	243389519	243490749	2	264185419	264284534	placeholder
16	11856908	11882451	16	13166531	13190444	placeholder
1	333403470	333571816	1	355499137	355665063	placeholder
7	29771975	29948810	7	61979104	62146380	placeholder
14	1843998	1869919	15	1837882	1864439	placeholder
1	270326380	270370401	1	288128095	288169479	placeholder
5	38723730	38762385	5	40039483	40087664	placeholder
1	17345116	17409434	1	17009633	17087286	placeholder
1	276478812	276524718	1	294730049	294776517	placeholder
16	10138522	10204439	16	11313259	11391942	placeholder
1	217716540	217754577	1	231883853	231921336	placeholder
1	273477741	273804175	1	291438707	291773781	placeholder
6	30925131	30997296	6	31100841	31176576	placeholder
2	67273630	67354026	2	71777726	71866877	placeholder
8	41225517	41275540	8	43311552	43379513	placeholder
15	4578186	4642046	14	9770527	9843159	placeholder
2	156393146	156424112	2	170555737	170589671	placeholder
1	71974059	72090517	1	76141906	76219417	placeholder
6	89352107	89457309	6	92657460	92952445	placeholder
3	87273107	87430496	3	123294988	123454574	placeholder
8	21681298	21700178	8	22035212	22057458	placeholder
5	119878978	119912385	5	120801117	120840926	placeholder
7	31477671	31525503	7	60333302	60370991	placeholder
1	41301800	41347926	1	42845466	42887118	placeholder
4	93612604	93700625	4	39579448	39677425	placeholder
6	97386734	97463640	6	102407334	102500552	placeholder
1	130705502	130730074	1	138295371	138324200	placeholder
14	10099259	10150034	15	11006670	11055533	placeholder
1	39647603	39686272	1	41144454	41190860	placeholder
6	70123998	70172573	6	72580106	72629562	placeholder
2	158407906	158505750	2	172660685	172761297	placeholder
2	100057344	100092342	2	104433747	104467873	placeholder
15	6795598	6816406	14	12447639	12469570	placeholder
1	116661377	116673484	1	123203187	123215944	placeholder
2	217968864	218317612	2	236627479	236983815	placeholder
14	14554076	14601311	15	17443574	17490810	placeholder
1	65642528	65680170	1	69419877	69460120	placeholder
1	277621622	277638293	1	295909109	295927777	placeholder
10	16434487	16447306	11	9219006	9229824	placeholder
2	84884676	84975111	2	88967942	89041060	placeholder
15	1758966	1793963	14	5119479	5185412	placeholder
7	21239400	21296110	7	71077127	71141632	placeholder
2	155944757	155999368	2	170016647	170107294	placeholder
1	265601318	265694508	1	282988562	283091720	placeholder
7	89923509	89977359	7	4135648	4181682	placeholder
3	57057604	57110484	3	155895264	155954042	placeholder
7	46611936	46651584	7	45396503	45449506	placeholder
5	85860881	85961163	5	85965555	86094699	placeholder
14	16075595	16123807	15	18970308	19019251	placeholder
8	75119664	75143890	8	76509563	76534754	placeholder
17	10092750	10111182	17	11643507	11662425	placeholder
3	25696020	25727393	3	191254063	191284504	placeholder
1	18148351	18207975	1	17883291	17939849	placeholder
1	286115006	286261800	1	305402471	305550788	placeholder
8	74273556	74304933	8	75670374	75698254	placeholder
1	116303632	116347770	1	122810991	122852282	placeholder
14	6397046	6421387	15	6785240	6812427	placeholder
13	474334	546105	12	22792680	22833442	placeholder
1	339620078	339678289	1	361970216	362011343	placeholder
2	199267891	199304830	2	216332276	216373051	placeholder
1	340401255	340412468	1	362673138	362684793	placeholder
14	8248162	8293241	15	8949865	8999281	placeholder
1	13668449	13726046	1	13153344	13214753	placeholder
3	152339458	152404353	3	52731010	52797459	placeholder
5	8042920	8068159	5	7776519	7801670	placeholder
2	133124550	133156532	2	145185736	145220311	placeholder
12	4882637	4944016	13	5055089	5084633	placeholder
14	9854934	9888403	15	10745394	10779828	placeholder
7	16305383	16355037	7	76182090	76231745	placeholder
3	114830030	114916385	3	94068596	94166728	placeholder
5	109376910	109521772	5	110007640	110151429	placeholder
1	255446735	255500403	1	272218334	272276379	placeholder
1	268763022	268834137	1	286386191	286456494	placeholder
2	206213535	206273600	2	223786976	223841950	placeholder
8	60638174	60798671	8	62597509	62733333	placeholder
5	36410076	36467420	5	37471586	37532510	placeholder
1	71525710	71607930	1	75599867	75691812	placeholder
1	62339399	62392219	1	65759666	65803673	placeholder
7	52747782	52867614	7	41591277	41673855	placeholder
1	272654955	272721331	1	290578373	290654434	placeholder
1	166157898	166199410	1	175981118	176031560	placeholder
6	31417461	31463732	6	31641063	31701139	placeholder
17	9549693	9575015	17	10939553	10966094	placeholder
3	152262743	152301892	3	52833977	52873226	placeholder
1	64641729	64776176	1	68311146	68440370	placeholder
1	332636091	332794298	1	354750301	354884890	placeholder
19	241781	256145	19	198401	207258	placeholder
2	11596379	11609758	2	11237084	11253382	placeholder
3	49301918	49375407	3	165239098	165315708	placeholder
3	142593126	142633794	3	63294113	63336346	placeholder
3	66422137	66495018	3	145839480	145912156	placeholder
5	70801597	70858812	5	72281250	72349433	placeholder
17	4936784	5003635	17	6326245	6331096	placeholder
1	238870745	238912380	1	254424382	254478632	placeholder
15	1857484	1871877	14	5288565	5312186	placeholder
5	50690613	50767089	5	52176739	52270847	placeholder
3	180826430	180940954	3	22253920	22370887	placeholder
1	176836776	176918133	1	189989992	190063066	placeholder
3	123249956	123295873	3	84829938	84881907	placeholder
5	67763398	67802533	5	69814720	69850879	placeholder
3	39113724	39157371	3	176253298	176297721	placeholder
1	53694873	53742432	1	56286198	56331020	placeholder
5	51303523	51358748	5	52837928	52888873	placeholder
1	262199614	262249198	1	279415178	279458444	placeholder
5	91215382	91237293	5	91155540	91178076	placeholder
14	220670	238661	15	195144	212580	placeholder
16	1772462	1839689	16	2097042	2163726	placeholder
2	95579626	95619839	2	99753841	99786690	placeholder
3	130717001	130760659	3	76338665	76384384	placeholder
4	90938011	90962116	4	43320078	43347151	placeholder
5	5528377	5604304	5	5210221	5287304	placeholder
6	69893270	69897716	6	72370064	72374507	placeholder
1	288140427	288174228	1	307420125	307451918	placeholder
8	66446636	66703663	8	68153327	68459176	placeholder
15	11631271	11661660	14	17064124	17095925	placeholder
8	25544782	25586932	8	26301430	26366965	placeholder
1	257459716	257510039	1	274412085	274463877	placeholder
6	43290076	43341584	6	43906735	43959119	placeholder
16	6745275	6768804	16	7547878	7580993	placeholder
2	31532027	31598392	2	33078257	33154838	placeholder
7	65935264	66036415	7	27060385	27172967	placeholder
10	5047427	5106248	11	17255208	17305955	placeholder
11	22591404	22598268	10	416500	423326	placeholder
1	55155058	55168832	1	57925072	57942470	placeholder
8	76739548	76786316	8	76724834	76768753	placeholder
1	221445330	221488744	1	235794023	235833050	placeholder
1	277656680	277685325	1	295948129	295977050	placeholder
5	122421188	122467925	5	123146247	123180440	placeholder
3	169968203	170016443	3	33757094	33813999	placeholder
2	203692098	203727305	2	221072060	221118620	placeholder
1	159387198	159481033	1	168894619	168991996	placeholder
2	243252377	243294448	2	264043796	264086101	placeholder
7	88174371	88409672	7	5781659	6010722	placeholder
2	194020657	194049214	2	210912744	210952363	placeholder
12	8498031	8517940	13	8961745	8980260	placeholder
11	17532655	17569365	10	4936297	4971384	placeholder
7	56448764	56508055	7	37290783	37359882	placeholder
4	87252174	87311993	4	47033160	47095477	placeholder
17	3356830	3388473	17	4655049	4686812	placeholder
5	26598873	26708861	5	27390421	27503921	placeholder
1	296534198	296569541	1	316719211	316771188	placeholder
7	37143476	37191008	7	54428760	54472309	placeholder
3	33815248	33870085	3	182152651	182210478	placeholder
14	4705538	4723856	15	4917087	4940369	placeholder
4	5290407	5335474	4	128918340	128971262	placeholder
1	260910412	260955704	1	278194951	278244602	placeholder
1	212036948	212125948	1	225642483	225732304	placeholder
3	63498087	63531695	3	148927776	148961508	placeholder
1	222821071	222886448	1	237288824	237380146	placeholder
2	235291097	235552557	2	255400609	255666555	placeholder
13	18053883	18076417	12	689581	761444	placeholder
6	37761343	37834443	6	38238677	38310137	placeholder
15	14152287	14166274	14	18927192	18937016	placeholder
1	137800680	137829527	1	145756270	145789009	placeholder
1	64357789	64413404	1	67993036	68063912	placeholder
13	18324394	18342253	12	479267	495512	placeholder
2	9338111	9358535	2	8663278	8690578	placeholder
1	170590766	170751966	1	180881278	181043695	placeholder
1	114341305	114376522	1	120668405	120706200	placeholder
2	69157800	69205702	2	73815789	73866124	placeholder
1	59090684	59137284	1	62251726	62296998	placeholder
2	203790679	203816443	2	221189286	221218905	placeholder
1	323234194	323353163	1	344684554	344810186	placeholder
8	36952098	36993073	8	38698144	38743613	placeholder
10	6545356	6594373	11	15800357	15840868	placeholder
5	58731851	58784444	5	60861679	60928332	placeholder
7	14501130	14527304	7	78100300	78133137	placeholder
3	7944295	8038861	3	210465618	210559173	placeholder
1	226703011	226743012	1	241386921	241426199	placeholder
1	92879617	92922599	1	98788942	98827550	placeholder
2	199901084	199946125	2	217000723	217048169	placeholder
1	62899545	62916979	1	66385015	66409803	placeholder
7	65511714	65600287	7	27620606	27749995	placeholder
2	97487021	97514881	2	101846920	101873599	placeholder
2	141510596	141569048	2	154521397	154599777	placeholder
1	296633681	296728182	1	316842308	316931922	placeholder
3	120154147	120199347	3	88389371	88440414	placeholder
1	299037803	299126962	1	319459244	319548825	placeholder
16	5011379	5053912	16	5688600	5731697	placeholder
1	179138712	179176680	1	191999430	192032979	placeholder
14	7308527	7343068	15	7810548	7845445	placeholder
4	51608750	51641624	4	80566509	80607081	placeholder
15	1899943	2021609	14	5365841	5570187	placeholder
2	190077598	190154079	2	206624462	206701996	placeholder
2	155294036	155338081	2	169359238	169408622	placeholder
1	211828633	211922561	1	225421211	225529538	placeholder
1	256613682	256721885	1	273455376	273575841	placeholder
15	7337377	7389348	14	13051660	13112236	placeholder
1	249005722	249048972	1	265367017	265420254	placeholder
2	148811305	149196028	2	162495379	162929570	placeholder
1	225929935	225969758	1	240569533	240608198	placeholder
2	67452584	67521925	2	72022926	72042584	placeholder
8	74792764	74835711	8	76158242	76200996	placeholder
1	164234628	164261118	1	173846578	173868062	placeholder
11	15300587	15321220	10	7057504	7078303	placeholder
14	7214832	7264790	15	7695499	7754190	placeholder
3	71242012	71354018	3	140674570	140786676	placeholder
8	67712144	67766246	8	69518539	69580705	placeholder
1	146563261	146611757	1	154946580	154991963	placeholder
1	65842572	65871978	1	69636976	69667997	placeholder
5	100158559	100311027	5	100362589	100554216	placeholder
3	44699290	44918746	3	170068406	170302074	placeholder
1	116607547	116631639	1	123137430	123171490	placeholder
5	23250637	23350957	5	23888226	23993755	placeholder
1	302623759	302655942	1	323389384	323428356	placeholder
1	17650518	17720537	1	17325147	17395955	placeholder
14	719665	740263	15	679232	698721	placeholder
4	23612693	23640751	4	109314189	109350587	placeholder
1	26592420	26654162	1	26943127	27010742	placeholder
2	190353589	190376469	2	206939832	206962732	placeholder
3	147386754	147437623	3	57963035	57993361	placeholder
7	31115328	31158679	7	60733385	60777639	placeholder
11	11963727	12054570	10	10134902	10210284	placeholder
2	182712477	182757954	2	198656713	198708908	placeholder
15	3377859	3431258	14	7957692	8043865	placeholder
3	58309119	58314897	3	154557054	154562860	placeholder
1	269844171	269908809	1	287589786	287651584	placeholder
19	4629440	4672443	19	4157243	4193158	placeholder
6	36540287	36567047	6	36967615	36995117	placeholder
1	259388280	259411447	1	276582788	276613350	placeholder
2	199769794	199872773	2	216858638	216971406	placeholder
13	13059948	13078794	12	5208643	5228457	placeholder
15	6517800	6546048	14	12154918	12185341	placeholder
6	43150111	43198579	6	43761072	43810735	placeholder
4	84273448	84317475	4	49987397	50032161	placeholder
4	20123778	20131399	4	113278527	113286617	placeholder
6	45583401	45606589	6	46260865	46284782	placeholder
1	284215054	284224877	1	303356535	303368002	placeholder
15	16761366	16777795	14	21274023	21290296	placeholder
15	11707112	11727607	14	17132382	17150829	placeholder
6	22656842	22694996	6	22190195	22235758	placeholder
18	9160510	9165550	18	9862830	9868437	placeholder
3	161020942	161073502	3	43338122	43399237	placeholder
3	45471755	45503488	3	169401394	169435359	placeholder
19	6412945	6477042	19	5587414	5642708	placeholder
8	48589652	48660041	8	51574576	51679999	placeholder
6	52093880	52121137	6	52921349	52957190	placeholder
3	56826965	56898702	3	156098090	156153594	placeholder
1	285975811	286023115	1	305272018	305321230	placeholder
3	177449269	177543844	3	25822062	25913710	placeholder
6	42554280	42646994	6	43156776	43240819	placeholder
4	90968442	90998753	4	43356065	43389212	placeholder
1	270442240	270521068	1	288242572	288325490	placeholder
6	37963864	37993682	6	38460244	38491328	placeholder
13	3419802	3466320	12	15631094	15703087	placeholder
5	99248350	99300338	5	99396702	99457805	placeholder
1	114613967	114655901	1	120947548	120997131	placeholder
1	326092131	326181486	1	347936501	348027083	placeholder
3	91976442	92185402	3	118827181	118950057	placeholder
5	86572881	86627955	5	86660447	86720008	placeholder
2	176341799	176368796	2	191897414	191926683	placeholder
1	250866748	250943357	1	267393901	267470422	placeholder
6	254736	281183	6	333765	359251	placeholder
3	136578647	136663095	3	69890535	69989796	placeholder
5	57009854	57040207	5	58966101	58996635	placeholder
1	65894818	65952585	1	69695470	69751841	placeholder
3	165989207	166012035	3	37941233	37969660	placeholder
3	62739178	62843728	3	149690532	149825255	placeholder
4	78522802	78869637	4	55179179	55393230	placeholder
5	122762927	122769705	5	123487077	123493904	placeholder
8	38897809	38919812	8	40810458	40837017	placeholder
3	9518619	9636007	3	208671130	208801129	placeholder
4	22196146	22239206	4	110829998	110870597	placeholder
13	12106485	12265297	12	5881379	6028507	placeholder
8	24695495	24718111	8	25330349	25348305	placeholder
1	157045668	157107335	1	166328402	166394709	placeholder
18	1007273	1053613	18	1823642	1871491	placeholder
12	15740445	15919202	13	16381733	16478396	placeholder
7	21399659	21476818	7	70899890	70977851	placeholder
3	42347327	42398999	3	172726792	172784576	placeholder
2	228443966	228530724	2	247851953	247964047	placeholder
3	52982617	52986250	3	161164176	161167809	placeholder
13	390293	420483	12	22386950	22430482	placeholder
1	135477797	135520808	1	143362950	143407076	placeholder
5	86517313	86569499	5	86630505	86657335	placeholder
3	34738913	34747905	3	181194593	181203317	placeholder
15	1336079	1354237	14	4149365	4176542	placeholder
6	42747753	42832878	6	43360343	43436975	placeholder
6	48970621	49005507	6	49791654	49834042	placeholder
1	337986849	338039904	1	360324940	360371646	placeholder
4	84333065	84462595	4	49843260	49974347	placeholder
14	4661495	4685591	15	4873412	4898046	placeholder
1	331136396	331210844	1	353185341	353258591	placeholder
6	10988868	11055278	6	10119877	10187736	placeholder
3	70184883	70231912	3	141878538	141926347	placeholder
8	44586934	44675788	8	47050184	47225990	placeholder
6	93129308	93183623	6	97183958	97235741	placeholder
7	75934480	75979747	7	18564905	18611918	placeholder
1	142742239	142855468	1	151022335	151180861	placeholder
1	277887252	277932505	1	296190847	296228424	placeholder
2	160533564	160681251	2	175074525	175244550	placeholder
1	183698300	183978040	1	195636856	195938865	placeholder
1	291813352	291889328	1	311397032	311479684	placeholder
1	154693946	154798106	1	163871233	163934975	placeholder
2	189233669	189514460	2	205759354	206028757	placeholder
8	23358941	23390731	8	23856370	23888530	placeholder
1	42905937	42946244	1	44479579	44530504	placeholder
2	98330260	98352873	2	102706456	102730857	placeholder
1	27644084	27661116	1	28091980	28111614	placeholder
1	200561649	200596682	1	213494661	213535746	placeholder
1	330850821	330895787	1	352902679	352942515	placeholder
1	266503929	266547698	1	283922260	283968948	placeholder
5	55628572	55661714	5	57546055	57589993	placeholder
7	62911398	62963516	7	31948925	31998343	placeholder
6	89930570	89980070	6	93848457	93889419	placeholder
5	40154817	40229061	5	41289920	41383552	placeholder
7	75905235	75908736	7	18635643	18639141	placeholder
14	6269487	6298685	15	6639657	6672797	placeholder
3	105745030	105797379	3	108203667	108286774	placeholder
3	152980872	153007086	3	52082239	52108485	placeholder
5	31395215	31420786	5	32394604	32421518	placeholder
2	157084301	157111087	2	171215732	171248214	placeholder
15	16934840	17038921	14	21412100	21442354	placeholder
8	6900984	7043115	8	6508185	6643768	placeholder
1	216257284	216305951	1	230312738	230337503	placeholder
1	294083175	294103082	1	314035072	314061103	placeholder
11	21320332	21342767	10	1411626	1499444	placeholder
11	15261459	15294596	10	7083227	7119644	placeholder
5	45901162	45904639	5	47270492	47273969	placeholder
2	182360134	182389908	2	198270182	198304030	placeholder
2	66899867	66927113	2	71377126	71411318	placeholder
1	100421757	100464644	1	106812077	106881110	placeholder
4	19487277	19532078	4	113972913	113996863	placeholder
3	13820501	13854005	3	204225209	204265721	placeholder
1	113180726	113251416	1	119412523	119487228	placeholder
3	136134953	136176735	3	70382639	70421737	placeholder
1	13757420	13812830	1	13250837	13306357	placeholder
1	323748761	323798676	1	345253107	345307011	placeholder
3	155404606	155520328	3	49302666	49437316	placeholder
4	61577987	61622891	4	71002056	71048247	placeholder
1	109788909	109814707	1	115976456	116000981	placeholder
5	39233154	39241767	5	40528362	40537510	placeholder
7	168010	169810	7	92379290	92381042	placeholder
14	2568319	2597280	15	2579524	2607918	placeholder
7	51694396	51773957	7	42123014	42196002	placeholder
1	114668450	114696496	1	121010695	121038455	placeholder
6	56361559	56409865	6	57494775	57532721	placeholder
3	124278032	124301650	3	83602829	83636078	placeholder
12	20339340	20432523	13	19815817	19918852	placeholder
6	16945176	17070086	6	16162602	16298255	placeholder
12	2127838	2147551	13	2180541	2207325	placeholder
3	105944458	105994158	3	107957871	108013316	placeholder
4	12758044	12860455	4	120987529	121032266	placeholder
6	98994434	99039920	6	100482848	100536777	placeholder
3	101673636	101814059	3	112879857	113049687	placeholder
7	21934189	21984017	7	70357928	70419443	placeholder
1	257081025	257095445	1	273948836	273962854	placeholder
14	9817803	9859925	15	10711430	10735617	placeholder
6	62235133	62271068	6	63871254	63904563	placeholder
3	165722871	165823291	3	38140524	38253072	placeholder
8	44416689	44449583	8	46803341	46866664	placeholder
14	5001756	5071889	15	5233347	5262161	placeholder
1	98860299	98894814	1	105162202	105198116	placeholder
7	23607724	23671416	7	68510545	68578333	placeholder
3	11628522	11738446	3	206461884	206565410	placeholder
5	20901514	20947084	5	21284583	21325162	placeholder
2	200499394	200582071	2	217668587	217759965	placeholder
8	25803465	25835695	8	26601916	26640861	placeholder
15	9309410	9354641	14	15012615	15049533	placeholder
1	90344169	90441576	1	95911356	96013691	placeholder
1	25181596	25214292	1	25405283	25434741	placeholder
8	31454788	31462344	8	32850593	32859276	placeholder
2	79989101	80052621	2	84837828	84884023	placeholder
1	95107043	95180475	1	101128417	101216082	placeholder
2	155344224	155435561	2	169414817	169509664	placeholder
8	66913314	66941797	8	68703095	68738857	placeholder
2	52516907	52528520	2	55856101	55867663	placeholder
14	13558291	13599575	15	16399490	16449612	placeholder
1	300028831	300051069	1	320500954	320529016	placeholder
2	140628795	140681990	2	153559299	153611207	placeholder
5	87427724	87474421	5	87467400	87501935	placeholder
3	89622	98181	3	218340065	218349125	placeholder
1	40663527	40702694	1	42145752	42191412	placeholder
2	20104226	20162689	2	20164845	20225722	placeholder
2	172950529	173058112	2	188261200	188355969	placeholder
10	16367918	16376729	11	9288936	9299053	placeholder
2	242936708	242966346	2	263731781	263759953	placeholder
10	6036331	6087106	11	16243534	16291082	placeholder
16	1458758	1512663	16	1720161	1789230	placeholder
15	3512100	3519644	14	8196948	8209027	placeholder
3	183104886	183112716	3	20022804	20029751	placeholder
12	5881391	5931910	13	6140274	6198136	placeholder
5	50931435	50966316	5	52442776	52483124	placeholder
11	20986969	21142747	10	1662612	1788236	placeholder
13	3390946	3415351	12	15707092	15737845	placeholder
1	164602503	164652134	1	174198676	174257343	placeholder
6	95976941	96021746	6	104165902	104229270	placeholder
3	59490873	59533755	3	153325403	153363812	placeholder
5	30512808	30544920	5	31544907	31581833	placeholder
8	76924163	76973335	8	78281368	78315835	placeholder
8	38784572	38819842	8	40678530	40705160	placeholder
1	174334334	174508676	1	187153199	187426680	placeholder
12	3685720	3707009	13	3799676	3820523	placeholder
7	49393193	49559980	7	43373639	43452506	placeholder
7	20547078	20581194	7	71848154	71891430	placeholder
6	90419595	90554253	6	94438002	94557744	placeholder
1	115839301	115861107	1	122311115	122333593	placeholder
4	89764301	89805546	4	42056748	42101544	placeholder
16	7562846	7588990	16	8477960	8504167	placeholder
2	148262245	148349717	2	161893972	161983857	placeholder
5	24202809	24214412	5	24814307	24826574	placeholder
2	193955195	193997336	2	210843187	210886151	placeholder
1	130509289	130565585	1	138096671	138153416	placeholder
6	42088511	42109820	6	42679059	42701176	placeholder
14	8739736	8782728	15	9518449	9565416	placeholder
7	89495486	89513516	7	4625701	4643142	placeholder
1	21034332	21059657	1	20861079	20869768	placeholder
1	200826653	200868823	1	213707919	213753320	placeholder
1	130610177	130673335	1	138204855	138262965	placeholder
1	333579236	333628440	1	355681306	355732166	placeholder
8	28915151	28948715	8	29963381	30000624	placeholder
1	300734952	300763457	1	321299378	321335415	placeholder
6	27562791	27589588	6	27528072	27558298	placeholder
15	10891677	10907414	14	16404192	16418343	placeholder
1	89920934	89970006	1	95440395	95487112	placeholder
14	8534423	8555709	15	9273392	9296574	placeholder
4	22319448	22368926	4	110713605	110764507	placeholder
1	123425656	123603183	1	130543359	130742510	placeholder
13	11353677	11472934	12	6600802	6689903	placeholder
4	73178136	73372373	4	59176011	59513990	placeholder
2	190458598	190502516	2	207042371	207111214	placeholder
19	1735681	1814915	19	2369672	2432015	placeholder
1	294318319	294331890	1	314268241	314282785	placeholder
3	201472379	201503814	3	1376596	1398825	placeholder
1	140049299	140126528	1	147934221	148131235	placeholder
6	89861023	89911025	6	93744856	93809008	placeholder
13	435757	451231	12	22482837	22506640	placeholder
2	232767532	232786603	2	252575938	252590033	placeholder
16	3961097	3993406	16	4520258	4556312	placeholder
3	14648598	14678471	3	203361692	203393972	placeholder
15	678565	715507	14	2266014	2355484	placeholder
12	7948396	8059519	13	8402059	8509858	placeholder
1	299302832	299335169	1	319740517	319773356	placeholder
15	5191455	5400849	14	10542786	10802701	placeholder
3	56181601	56184787	3	156854710	156857899	placeholder
2	11302081	11313147	2	10942384	10953278	placeholder
3	183724567	183730970	3	19365180	19375279	placeholder
11	22717112	22731704	10	275124	296365	placeholder
4	10720246	10751018	4	123458926	123500777	placeholder
3	184776439	184786795	3	18443017	18455771	placeholder
16	4137511	4280573	16	4709593	4840857	placeholder
1	292575819	292667255	1	312274516	312373223	placeholder
3	59602784	59626835	3	153230340	153255504	placeholder
5	55718750	55721930	5	57661074	57664251	placeholder
3	59049955	59059932	3	153810635	153820239	placeholder
13	2218249	2238089	12	17622067	17666653	placeholder
1	267928775	267953202	1	285506962	285536249	placeholder
2	229844903	230056863	2	249389363	249602995	placeholder
2	101041721	101072046	2	105554688	105595769	placeholder
13	8726782	8758868	12	9305616	9338478	placeholder
4	81860935	81884704	4	52029390	52061174	placeholder
14	8178794	8200375	15	8870691	8891657	placeholder
2	220716134	220813398	2	239445104	239568173	placeholder
5	32351975	32382292	5	33418162	33452497	placeholder
2	155798704	155864653	2	169880124	169963223	placeholder
6	10677155	10854898	6	9792556	9980250	placeholder
1	335909821	335912974	1	358138210	358141363	placeholder
7	9117484	9211114	7	83701377	83792918	placeholder
8	29579720	29600157	8	30720631	30744969	placeholder
1	40986552	41040908	1	42495054	42550222	placeholder
8	9406373	9455867	8	9079615	9124306	placeholder
4	42642534	42727973	4	89696277	89781659	placeholder
6	45536726	45556253	6	46204492	46225437	placeholder
1	22987767	23018835	1	22987499	23028613	placeholder
5	32435312	32450522	5	33513153	33529509	placeholder
1	223755001	223848508	1	238316177	238414593	placeholder
1	79303073	79306214	1	83898985	83902123	placeholder
5	120687296	120757748	5	121560533	121614677	placeholder
16	5628984	5701990	16	6369531	6446298	placeholder
4	27691706	27825097	4	105165102	105286862	placeholder
2	234696683	234772079	2	254693924	254788465	placeholder
19	4515649	4538096	19	4053017	4074454	placeholder
2	156133189	156173887	2	170258275	170299859	placeholder
1	166537207	166605735	1	176395474	176480392	placeholder
1	274602106	274619816	1	292653108	292669782	placeholder
1	300181577	300298183	1	320690978	320780118	placeholder
8	30578286	30690404	8	31809734	31936671	placeholder
7	84389438	84550855	7	9777497	9909480	placeholder
2	155621514	155667898	2	169691758	169748597	placeholder
7	22029157	22058718	7	70271775	70306744	placeholder
1	10971505	11035747	1	10280879	10306615	placeholder
8	39044291	39111508	8	40944122	41009319	placeholder
3	169179173	169208448	3	34585847	34620965	placeholder
5	97053634	97078659	5	97159238	97185857	placeholder
3	159004280	159030514	3	45439613	45460486	placeholder
17	9279253	9292979	17	10672450	10687253	placeholder
6	42975125	43002411	6	43583190	43618889	placeholder
2	207561962	207615795	2	225302160	225359676	placeholder
1	155509294	155557402	1	164614917	164668051	placeholder
3	137659573	137686690	3	68779310	68804851	placeholder
13	1397056	1423940	12	19370508	19411441	placeholder
3	103681867	103718112	3	111171231	111226202	placeholder
15	15609965	15621999	14	20224651	20233475	placeholder
5	112851631	112854727	5	113698740	113701836	placeholder
1	109087253	109116937	1	115250133	115284754	placeholder
1	215471967	215499371	1	229419528	229457939	placeholder
14	578422	613969	15	540035	573903	placeholder
7	30407939	30452883	7	61435278	61475592	placeholder
7	24099156	24171613	7	68028828	68104056	placeholder
1	176642749	176698074	1	189825724	189877593	placeholder
2	180025322	180077273	2	195738361	195788564	placeholder
6	30143208	30175388	6	30330449	30369760	placeholder
5	88489342	88543009	5	88311736	88358253	placeholder
3	67697820	67720705	3	144578990	144602456	placeholder
1	81813416	81891784	1	86547460	86630585	placeholder
5	82296412	82347616	5	82746512	82805447	placeholder
12	506307	517182	13	509256	519837	placeholder
5	31892847	31913769	5	32949130	32964614	placeholder
14	1094935	1104790	15	1068614	1077887	placeholder
15	16583080	16595450	14	21101211	21116536	placeholder
7	30838053	30882711	7	61028750	61069334	placeholder
6	93452572	93477784	6	97523314	97554031	placeholder
6	96593056	96699135	6	103315596	103460330	placeholder
5	69858617	69910122	5	71616209	71659325	placeholder
14	5701141	5713229	15	6017063	6031898	placeholder
1	17779433	17801489	1	17458910	17481110	placeholder
3	28809924	28828171	3	187800358	187817230	placeholder
8	26420749	26465803	8	27313648	27354876	placeholder
6	27604072	27625672	6	27569123	27591688	placeholder
4	80151832	80276918	4	53874792	53974667	placeholder
1	317744804	317757442	1	338789824	338802409	placeholder
5	5777442	5796329	5	5452012	5473210	placeholder
6	58253800	58279502	6	59358900	59387579	placeholder
2	146008178	146030296	2	159503919	159521096	placeholder
4	2188271	2269676	4	131620413	131691592	placeholder
1	61112973	61125248	1	64434421	64447651	placeholder
5	20287270	20319090	5	20627838	20658811	placeholder
1	106369866	106442519	1	113110270	113187488	placeholder
7	10889647	10978043	7	81928830	82024945	placeholder
3	169849808	169880295	3	33906006	33935223	placeholder
5	57047557	57062227	5	59013094	59029841	placeholder
3	91243797	91339593	3	119308164	119356270	placeholder
5	24958998	24972751	5	25634477	25647161	placeholder
13	1517327	1541711	12	19091255	19164818	placeholder
6	44397276	44400195	6	45012939	45015870	placeholder
6	406632	463754	6	456889	513217	placeholder
1	93761448	93774546	1	99821482	99834489	placeholder
3	136793771	136824710	3	69710405	69747443	placeholder
3	25506899	25527260	3	191468321	191494326	placeholder
2	154450557	154504014	2	168386917	168440751	placeholder
19	4543385	4566809	19	4079391	4099172	placeholder
12	14456243	14580018	13	15205892	15328747	placeholder
7	31189914	31212813	7	60670739	60693813	placeholder
16	2000033	2023678	16	2323145	2348493	placeholder
17	11170933	11193442	17	12573005	12595050	placeholder
15	8049500	8058039	14	13788150	13796738	placeholder
19	7171047	7190243	19	6370406	6391785	placeholder
15	15962590	15976106	14	20556897	20569392	placeholder
8	44244373	44260056	8	46608411	46623684	placeholder
7	51553508	51596133	7	42241142	42274081	placeholder
2	198487399	198505395	2	215493321	215509957	placeholder
7	52942930	53031024	7	41473055	41550440	placeholder
3	21783745	21789463	3	195720320	195727120	placeholder
2	149974190	149996811	2	163550523	163614082	placeholder
1	313297447	313322657	1	333895036	333924699	placeholder
4	91962449	92020931	4	44442892	44518879	placeholder
3	196740665	196774898	3	5802583	5841075	placeholder
1	184325975	184377654	1	196235411	196275776	placeholder
1	116744674	116777585	1	123297286	123334311	placeholder
3	88254233	88314594	3	122305403	122389755	placeholder
4	93231538	93301803	4	40001505	40082836	placeholder
17	9279253	9292982	17	10672450	10687256	placeholder
2	140539324	140588275	2	153468770	153488262	placeholder
1	63550054	63561275	1	67059363	67072309	placeholder
4	33458375	33592197	4	99023228	99184403	placeholder
10	5750384	5771304	11	16564016	16599911	placeholder
5	5616879	5659217	5	5300255	5334428	placeholder
13	8414261	8432425	12	9638823	9656759	placeholder
6	48695776	48769907	6	49514654	49587643	placeholder
3	181137435	181166449	3	22012654	22038846	placeholder
8	20541074	20597090	8	20731984	20793186	placeholder
2	40846012	40873029	2	43158713	43189921	placeholder
2	20003899	20070920	2	20074295	20147006	placeholder
2	190382745	190426184	2	206969653	207012304	placeholder
5	9260008	9308628	5	9099493	9148615	placeholder
5	36574361	36581601	5	37647855	37654179	placeholder
11	20286440	20297885	10	2405192	2412933	placeholder
19	4340681	4356124	19	3880334	3896236	placeholder
1	118669676	118704362	1	125362813	125396673	placeholder
2	99349228	99385045	2	103730212	103764316	placeholder
10	175048	196014	11	23412550	23433471	placeholder
5	34168019	34232791	5	35241654	35308526	placeholder
1	293043878	293093933	1	312851974	312909461	placeholder
17	92434	198258	17	977265	1048347	placeholder
1	39451300	39497196	1	40913423	40972078	placeholder
15	13702501	13723804	14	18541858	18557104	placeholder
1	103085952	103136446	1	109702062	109760047	placeholder
1	130481558	130508149	1	138057636	138095522	placeholder
5	39563972	39665180	5	40874873	40925059	placeholder
1	332483509	332525805	1	354574637	354626091	placeholder
1	174200408	174225182	1	186911527	186954560	placeholder
1	85161841	85200393	1	90123303	90159674	placeholder
3	147494076	147533871	3	57862270	57902223	placeholder
4	93215841	93301782	4	40001526	40082836	placeholder
1	242063390	242075412	1	257871478	257889465	placeholder
1	246419710	246461214	1	262591126	262640773	placeholder
1	168776711	168795981	1	178771727	178797167	placeholder
1	96256258	96283671	1	102388214	102408551	placeholder
8	23785905	23829716	8	24300704	24346837	placeholder
1	200800861	200815396	1	213685863	213699169	placeholder
7	6202920	6243137	7	86751822	86793494	placeholder
4	85853986	85880373	4	48542596	48585722	placeholder
4	50929907	50957802	4	81264085	81299795	placeholder
13	15774006	15799794	12	2801214	2828258	placeholder
3	168352301	168472129	3	35341851	35477727	placeholder
3	86919166	87003259	3	123800082	123874203	placeholder
4	24547680	24592992	4	108484201	108528651	placeholder
13	8814194	8824995	12	9240495	9250062	placeholder
5	30775772	30795526	5	31800042	31820528	placeholder
5	85569428	85595640	5	85707147	85721798	placeholder
1	310260484	310295084	1	331370011	331410515	placeholder
4	23255896	23313588	4	109690630	109731298	placeholder
8	53201370	53238182	8	55531334	55560432	placeholder
16	12173893	12185611	16	13480680	13492461	placeholder
1	87111173	87200807	1	92261447	92349131	placeholder
1	279703147	280021428	1	298148939	298469976	placeholder
17	3804622	3823345	17	5085076	5114645	placeholder
15	13684455	13697405	14	18524343	18537798	placeholder
1	236609894	236661444	1	251934390	251994424	placeholder
15	16519291	16531218	14	21041703	21052529	placeholder
15	11080990	11104701	14	16574466	16595391	placeholder
1	340342936	340382075	1	362616631	362670643	placeholder
2	101832610	101866767	2	106383659	106415579	placeholder
16	9429134	9470799	16	10591318	10639052	placeholder
5	85999461	86093524	5	86135795	86217284	placeholder
1	284284000	284362226	1	303425609	303493726	placeholder
12	13645021	13647820	13	14346247	14349046	placeholder
19	450817	459942	19	401448	410629	placeholder
17	11070721	11097220	17	12461800	12489452	placeholder
4	86435006	86493488	4	48022080	48067150	placeholder
1	18656041	18672354	1	18402850	18418741	placeholder
14	1089917	1093711	15	1063639	1067414	placeholder
4	88512763	88552041	4	40771516	40800983	placeholder
8	19573014	19604134	8	19679118	19709950	placeholder
3	70267426	70321482	3	141789531	141849369	placeholder
5	91929495	91932462	5	91897109	91900049	placeholder
13	8551471	8569704	12	9503030	9521628	placeholder
11	22975826	23001583	10	27741	52292	placeholder
12	8682132	8702781	13	9150034	9169111	placeholder
1	302657167	302693295	1	323429574	323462688	placeholder
1	168452123	168615001	1	178444407	178598202	placeholder
1	238947527	239029884	1	254514386	254601283	placeholder
6	49230271	49296983	6	50059382	50126272	placeholder
1	159876070	159929636	1	169405846	169448827	placeholder
4	73065416	73177551	4	59514555	59662609	placeholder
1	87574714	87622491	1	92810029	92862485	placeholder
7	17676099	17744007	7	74677451	74750365	placeholder
5	100032497	100061378	5	100213513	100244338	placeholder
1	6139098	6179656	1	5336292	5371122	placeholder
2	25191602	25207160	2	25750338	25768392	placeholder
1	242435645	242458332	1	258398539	258424878	placeholder
3	115060351	115094897	3	93886594	93916720	placeholder
3	166440949	166479246	3	37418503	37456749	placeholder
3	183490588	183557734	3	19553499	19638638	placeholder
12	8311466	8329312	13	8766050	8786057	placeholder
14	5975954	6031457	15	6306031	6370338	placeholder
11	15490185	15524820	10	6845588	6877869	placeholder
4	15322490	15358130	4	118627244	118663089	placeholder
2	189779697	189792787	2	206294324	206310368	placeholder
12	18671557	18702074	13	21800122	21848412	placeholder
3	68286554	68378304	3	143816617	143911580	placeholder
4	51728686	51773822	4	80451705	80493055	placeholder
1	51609739	51624147	1	54048981	54065473	placeholder
6	36175674	36191677	6	36544213	36561169	placeholder
7	16906940	16947714	7	75553430	75590412	placeholder
6	89309700	89342504	6	92042247	92141753	placeholder
5	92597051	92626912	5	92627239	92669526	placeholder
2	100956456	100988530	2	105461571	105497193	placeholder
4	18575322	18714891	4	114812352	114969075	placeholder
7	43973094	43993795	7	47642912	47666313	placeholder
16	1237957	1259737	16	1440824	1462437	placeholder
1	251230943	251248913	1	267815653	267833814	placeholder
14	5658712	5695327	15	5968051	6011106	placeholder
15	6972432	6980370	14	12637202	12643625	placeholder
7	38707458	38744386	7	52713982	52742698	placeholder
12	710533	727072	13	715601	730675	placeholder
6	91513858	91598858	6	95438122	95506617	placeholder
1	177068372	177071099	1	190204917	190207629	placeholder
7	34217506	34242458	7	57426797	57455749	placeholder
1	90103684	90157997	1	95637823	95693379	placeholder
3	32950139	33090892	3	183214275	183216435	placeholder
6	8197532	8238818	6	7250091	7290291	placeholder
4	76129734	76495785	4	56896678	57144111	placeholder
4	60826505	60950732	4	71854212	71974132	placeholder
1	18405884	18455044	1	18141801	18189139	placeholder
6	25624808	25649471	6	25358883	25391258	placeholder
4	54990336	55031673	2	70082096	70131239	placeholder
1	338198137	338209208	1	360526702	360539015	placeholder
3	25950087	25979658	3	190998005	191030386	placeholder
6	12224871	12250608	6	11401315	11422216	placeholder
3	113155440	113169168	3	96053011	96069934	placeholder
1	46322975	46399520	1	48342104	48417973	placeholder
2	51463784	51509182	2	54694110	54747025	placeholder
8	14608345	14640294	8	14486079	14516749	placeholder
6	54221868	54247433	6	55247156	55275269	placeholder
1	25296888	25319260	1	25521728	25548841	placeholder
2	199041677	199054891	2	216087487	216101102	placeholder
17	9940432	9950621	17	11323521	11334758	placeholder
16	6777891	6794191	16	7591787	7605830	placeholder
3	127595735	127676603	3	79934573	80002519	placeholder
7	28288882	28311193	7	63685383	63708405	placeholder
1	226506770	226593069	1	241176541	241269311	placeholder
3	58531249	58636486	3	154224796	154332398	placeholder
1	194735671	194762389	1	207496469	207510389	placeholder
3	131228209	131251739	3	75821839	75848651	placeholder
1	237815531	237923775	1	253266061	253405905	placeholder
1	166007450	166027246	1	175804399	175831317	placeholder
2	98283771	98294110	2	102655073	102668482	placeholder
8	43286374	43297331	8	45627828	45637161	placeholder
2	214557334	214588909	2	232932714	232969347	placeholder
8	408689	495249	8	328913	415141	placeholder
3	43592045	43708570	3	171404912	171522347	placeholder
1	6619161	6669861	1	5758670	5809250	placeholder
8	67458923	67512188	8	69238061	69284962	placeholder
5	103995949	103998847	5	104440306	104443201	placeholder
1	104279177	104304700	1	110930875	110954841	placeholder
1	274536958	274583633	1	292573919	292632559	placeholder
16	10962176	10990656	16	12198545	12228813	placeholder
2	83765002	83807799	2	87908991	87953610	placeholder
3	17958954	17999656	3	199930735	199966978	placeholder
2	199534420	199563893	2	216598883	216632230	placeholder
2	217449250	217467615	2	236022881	236041458	placeholder
2	117300540	117318630	2	126051747	126071564	placeholder
1	317541292	317572653	1	338547483	338588155	placeholder
14	1035132	1056553	15	1009039	1029455	placeholder
15	1833693	1847385	14	5236104	5270400	placeholder
2	32041279	32060929	2	33624665	33642434	placeholder
1	222573211	222707517	1	237028580	237164713	placeholder
12	1067825	1076293	13	1074645	1086924	placeholder
3	169626122	169628756	3	34125530	34128167	placeholder
6	46390232	46429145	6	47092765	47120623	placeholder
13	1375866	1390049	12	19427382	19446231	placeholder
15	3378355	3481230	14	7978701	8138698	placeholder
8	74060981	74082452	8	75446143	75465540	placeholder
2	103406035	103469712	2	108155791	108218190	placeholder
4	31803620	31818120	4	100969718	100985718	placeholder
8	37430172	37561672	8	39270771	39430628	placeholder
3	106546350	106574481	3	107043705	107082985	placeholder
14	7822437	7854781	15	8421618	8452274	placeholder
5	15693573	15839014	5	15848399	16011918	placeholder
3	58720321	58765201	3	154100059	154133402	placeholder
15	4771410	4831150	14	10021331	10097445	placeholder
10	11268552	11337196	11	11874388	11919168	placeholder
1	245316639	245376171	1	261428332	261488259	placeholder
2	177007178	177120913	2	192576562	192684927	placeholder
17	8039869	8052308	17	9427721	9441808	placeholder
3	132229355	132287895	3	74836497	74893365	placeholder
3	127035920	127089573	3	80617688	80646092	placeholder
1	50684637	50698583	1	53004033	53025371	placeholder
14	462805	471211	15	435260	443856	placeholder
1	40012616	40132599	1	41536106	41568755	placeholder
7	85177219	85200373	7	9055291	9083875	placeholder
8	51860702	51916594	8	54002759	54065008	placeholder
1	18367493	18382647	1	18101189	18114744	placeholder
16	4993712	5008274	16	5670432	5685783	placeholder
4	6550271	6593361	4	127913168	127968376	placeholder
3	14630218	14632819	3	203413541	203416139	placeholder
6	93948619	93993545	6	98093533	98146723	placeholder
2	182271080	182293047	2	198154744	198182643	placeholder
1	40141480	40202995	1	41577005	41650230	placeholder
1	287659987	287721306	1	306906252	306971478	placeholder
2	195214093	195250278	2	212174048	212209730	placeholder
2	85950719	85978840	2	89946101	89976423	placeholder
11	6211361	6220420	10	16071780	16081252	placeholder
1	298349188	298403629	1	318683226	318754006	placeholder
1	164020763	164063725	1	173635979	173683527	placeholder
16	7703167	7718811	16	8631984	8649257	placeholder
8	76568065	76592895	8	76938617	76964111	placeholder
6	54475603	54612384	6	55491047	55623641	placeholder
2	129837934	129847360	2	135497972	135507677	placeholder
14	15147651	15187395	15	18034514	18077983	placeholder
1	288101205	288103788	1	307384709	307387289	placeholder
1	68997353	69023508	1	73021858	73052611	placeholder
4	87547774	87580416	4	46782963	46823676	placeholder
3	124890468	124893042	3	82912580	82915154	placeholder
1	105496186	105513439	1	112166932	112183839	placeholder
5	19895648	19919032	5	20239002	20264076	placeholder
12	2730103	2732677	13	2839360	2841934	placeholder
19	7488913	7512241	19	6793122	6821929	placeholder
8	30768598	30816935	8	32031243	32061882	placeholder
3	22303381	22335008	3	195088019	195122952	placeholder
2	198167013	198181937	2	215198112	215213263	placeholder
2	206464446	206555948	2	224087610	224164122	placeholder
7	48036513	48063826	7	44330879	44354190	placeholder
1	151741036	151806580	1	160625532	160657596	placeholder
1	107673959	107695012	1	114156535	114186929	placeholder
2	56394819	56418743	2	60056635	60083548	placeholder
1	16163405	16184845	1	15729250	15753312	placeholder
11	20235116	20257129	10	2443148	2464756	placeholder
1	163510085	163526771	1	173094273	173110844	placeholder
5	24341221	24362885	5	24954786	24986625	placeholder
4	37534786	37544869	4	95374960	95385698	placeholder
14	4818117	4827115	15	5030373	5044168	placeholder
15	4843469	4908124	14	10109613	10176996	placeholder
8	35886256	35906676	8	37592053	37611262	placeholder
1	195374552	195384759	1	208160007	208169801	placeholder
3	46033115	46056697	3	168785699	168804012	placeholder
5	13646855	13677363	5	13469216	13501412	placeholder
6	47508441	47560686	6	48235886	48296938	placeholder
1	302318657	302389417	1	323018280	323084462	placeholder
2	153958436	154014237	2	167877677	167901345	placeholder
3	10731146	10909995	3	207361056	207398757	placeholder
4	26575	46561	4	133957371	133977924	placeholder
13	11714072	11723284	12	6382192	6389390	placeholder
16	11094973	11105498	16	12399468	12411742	placeholder
6	4613566	4711673	6	4784888	4876859	placeholder
4	90493366	90545489	4	42835750	42867627	placeholder
6	27039371	27082326	6	26934305	26964900	placeholder
7	13766859	13801584	7	78909544	78939128	placeholder
2	12093136	12107872	2	11563992	11572942	placeholder
2	212328001	212439163	2	230409430	230511572	placeholder
2	30425345	30465865	2	32007952	32049302	placeholder
6	67181465	67243493	6	69051925	69112968	placeholder
1	279364270	279399877	1	297770254	297811850	placeholder
7	6332775	6481577	7	86488547	86647760	placeholder
7	21186477	21217275	7	71160969	71194423	placeholder
2	215173939	215264053	2	233560514	233651926	placeholder
6	88106031	88141747	6	89924379	89963825	placeholder
13	1842561	1855971	12	18411724	18452108	placeholder
3	82025879	82071402	3	129280326	129323873	placeholder
19	1426642	1437522	19	1317903	1327660	placeholder
2	21106444	21129370	2	21248991	21281286	placeholder
5	105016344	105018867	5	105493614	105496134	placeholder
1	115753136	115799004	1	122229553	122270455	placeholder
5	32463054	32479811	5	33542140	33561759	placeholder
17	379482	468879	17	1251561	1346170	placeholder
3	41973738	42017682	3	173120190	173172364	placeholder
5	69112721	69122002	5	70999649	71011638	placeholder
1	63078687	63114592	1	66594590	66623939	placeholder
13	18730071	18745642	12	90649	104090	placeholder
4	53637819	53652169	4	78508274	78533443	placeholder
4	95176195	95226825	4	37673043	37740778	placeholder
17	5699679	5705478	17	7073471	7078811	placeholder
2	199004552	199024977	2	216047691	216068958	placeholder
1	23957571	23994732	1	24038948	24091710	placeholder
8	35832137	35864093	8	37522888	37564448	placeholder
2	156087984	156121126	2	170207322	170246072	placeholder
7	40977993	41107856	7	50321431	50457034	placeholder
16	12848617	12853599	16	14143487	14148399	placeholder
19	5347758	5362868	19	4790947	4806726	placeholder
1	65501385	65525222	1	69241735	69272035	placeholder
1	64493247	64546650	1	68156831	68214037	placeholder
13	15858817	15876415	12	2732567	2750407	placeholder
12	14782046	14794669	13	15563878	15573885	placeholder
14	2517303	2524944	15	2527968	2538847	placeholder
14	3919063	3946017	15	4095842	4123364	placeholder
2	142578060	142623645	2	155702915	155751738	placeholder
6	24188386	24292386	6	23796010	23914801	placeholder
3	14716784	14719184	3	203321336	203323733	placeholder
4	54832468	54884122	4	77506741	77559290	placeholder
13	8499997	8513921	12	9555626	9570012	placeholder
1	242493410	242529914	1	258470276	258507148	placeholder
1	278845073	278878385	1	297203235	297240841	placeholder
1	318862190	318907731	1	339997194	340046143	placeholder
1	149186625	149212937	1	157795751	157828929	placeholder
1	48995712	49030159	1	51199570	51244962	placeholder
1	99672147	99714640	1	105973229	106007668	placeholder
4	15247752	15320366	4	118665153	118751546	placeholder
6	52941382	52969338	6	53788358	53815183	placeholder
2	140903549	140943209	2	153863309	153897733	placeholder
1	250796316	250831360	1	267318783	267357891	placeholder
11	15344429	15362792	10	7012589	7035578	placeholder
7	13303961	13372968	7	79352220	79427766	placeholder
1	237650734	237663057	1	253082460	253091909	placeholder
2	105233991	105311649	2	110359064	110458294	placeholder
3	69414086	69438341	3	142688917	142750183	placeholder
1	141722764	141786135	1	149934859	150003594	placeholder
1	116782679	116810003	1	123339414	123372296	placeholder
1	229124061	229164749	1	244003829	244053377	placeholder
1	183318460	183349493	1	195267529	195342047	placeholder
3	186289204	186304781	3	16732272	16746287	placeholder
6	46068338	46070786	6	46755185	46757633	placeholder
1	36624156	36639839	1	37785166	37800436	placeholder
1	233857288	233876608	1	249068163	249082188	placeholder
3	202793831	202847079	3	255219	304552	placeholder
1	28423353	28445523	1	28950386	28977022	placeholder
11	22531101	22539181	10	475835	484125	placeholder
5	67377364	67424757	5	69491949	69528437	placeholder
1	233889702	233935422	1	249095930	249145411	placeholder
2	183991532	184202764	2	200089801	200432951	placeholder
1	335766239	335839158	1	358008439	358068410	placeholder
2	179321993	179365287	2	194999969	195042079	placeholder
1	37176000	37178034	1	38370714	38372733	placeholder
8	76446153	76455808	8	77062892	77071649	placeholder
5	49665274	49708802	5	51101678	51148735	placeholder
13	2723755	2794594	12	16672098	16788972	placeholder
12	601462	617229	13	608441	623285	placeholder
6	3595193	3724203	6	3642223	3765089	placeholder
2	46937396	46972623	2	49846901	49881018	placeholder
3	119672205	119690427	3	88946790	88982365	placeholder
1	66610876	66638694	1	70393112	70425797	placeholder
3	61902946	61925328	3	150707595	150730698	placeholder
14	6466388	6485693	15	6867524	6889016	placeholder
3	88189274	88232883	3	122411027	122462481	placeholder
3	63047379	63058983	3	149450188	149464612	placeholder
13	766846	781207	12	23369228	23394642	placeholder
1	217604610	217612034	1	231762010	231809548	placeholder
1	36410002	36470024	1	37550836	37625748	placeholder
3	64404405	64436845	3	147909891	147946341	placeholder
6	2639274	2703796	6	2701318	2767638	placeholder
7	58262313	58281626	7	35693143	35719771	placeholder
15	15267835	15347089	14	19901337	19924074	placeholder
3	69533262	69560529	3	142572328	142604422	placeholder
1	5925046	5973728	1	5132112	5188297	placeholder
2	163636166	163660163	2	178302965	178324928	placeholder
3	23582895	23604935	3	193719179	193734713	placeholder
3	157716787	157734761	3	46943667	46960744	placeholder
8	20598915	20647587	8	21133587	21190597	placeholder
16	9662466	9678411	16	10761905	10782005	placeholder
8	4071589	4073980	8	3709771	3712174	placeholder
17	10070731	10077097	17	11677899	11684195	placeholder
5	65136728	65164518	5	67313061	67340042	placeholder
1	56142156	56195708	1	58991296	59038209	placeholder
7	27457170	27459582	7	64559068	64561480	placeholder
2	154830577	154864480	2	168823671	168871704	placeholder
5	91355020	91367211	5	91284313	91294369	placeholder
14	5726242	5743861	15	6044513	6064967	placeholder
1	272418100	272438404	1	290300223	290325962	placeholder
12	10072732	10086824	13	10646163	10660192	placeholder
11	22470078	22479205	10	531337	540463	placeholder
1	9541340	9588013	1	8891295	8943573	placeholder
3	160109997	160146606	3	44323578	44367594	placeholder
7	14698004	14720050	7	77916562	77950590	placeholder
7	28488254	28510823	7	63456634	63482472	placeholder
1	159744629	159771310	1	169263015	169293491	placeholder
12	19552262	19624079	13	20691555	20768676	placeholder
5	122207969	122225285	5	122945170	122960424	placeholder
1	180597383	180633813	1	193189309	193217706	placeholder
1	248194628	248235475	1	264521247	264566313	placeholder
3	125015084	125023599	3	82745900	82754690	placeholder
1	264596762	264669333	1	281907506	281995520	placeholder
3	135173765	135192612	3	71510978	71525382	placeholder
3	125065037	125069237	3	82693499	82697768	placeholder
3	50522524	50547211	3	163925575	163950931	placeholder
7	33640740	33718164	7	58014818	58065792	placeholder
6	2878147	2913707	6	2864598	2893702	placeholder
15	1163141	1176722	14	3382988	3403695	placeholder
6	44584137	44604395	6	45207509	45224420	placeholder
1	40221714	40237732	1	41675721	41691748	placeholder
18	8943646	8953328	18	9658158	9667540	placeholder
2	55453734	55466315	2	59038620	59053599	placeholder
14	2053351	2055739	15	2057568	2059956	placeholder
5	53482944	53508988	5	55421643	55449922	placeholder
3	114823759	114826180	3	94170546	94172991	placeholder
6	89550321	89599259	6	93182754	93280061	placeholder
2	140628846	140681282	15	19374335	19398894	placeholder
13	7755391	7765029	12	10314958	10325321	placeholder
1	340331640	340342392	1	362605603	362616131	placeholder
2	79862189	79889400	2	84732332	84760083	placeholder
1	156046673	156071967	1	165214981	165243833	placeholder
11	4908415	4918745	10	17254446	17265269	placeholder
3	85562443	85594745	3	125364725	125408187	placeholder
3	5973063	6000024	3	212550606	212572550	placeholder
5	64812075	64824746	5	67016583	67029618	placeholder
1	205729197	205759994	1	218842629	218882182	placeholder
6	71304593	71322530	6	73870406	73889520	placeholder
4	56354737	56439151	4	76325763	76424299	placeholder
8	14354701	14356984	8	14215501	14217763	placeholder
13	6687882	6723156	12	11502174	11541714	placeholder
1	125778152	125803398	1	132981378	132999737	placeholder
1	237305639	237330706	1	252651919	252679190	placeholder
1	46260460	46292962	1	48284018	48315039	placeholder
1	309546482	309691210	1	330678314	330796702	placeholder
1	115727812	115742916	1	122207514	122219574	placeholder
7	91369237	91386502	7	2625503	2648162	placeholder
15	16989266	17001326	14	21458765	21468681	placeholder
5	55566062	55596983	5	57484061	57513955	placeholder
1	19247830	19254699	1	18999852	19005974	placeholder
7	60399844	60447909	7	34377964	34446792	placeholder
7	27048886	27075486	7	64970426	64994358	placeholder
5	81962024	82011983	5	82408620	82447280	placeholder
3	91492460	91574413	3	119166834	119226816	placeholder
13	11063368	11078990	12	6950229	6964839	placeholder
1	160098186	160119118	1	169643396	169660074	placeholder
1	252005157	252016813	1	268617954	268628128	placeholder
6	32525718	32545665	6	32763561	32781952	placeholder
5	23187801	23240871	5	23806898	23879251	placeholder
1	192743763	192751708	1	205275188	205281857	placeholder
2	150029839	150086444	2	163610348	163669957	placeholder
3	52012381	52104300	3	162164305	162268816	placeholder
15	16634093	16661140	14	21156800	21173910	placeholder
3	146244948	146263220	3	59313181	59337320	placeholder
3	70091631	70111239	3	142004541	142023948	placeholder
3	5893230	5940219	3	212602974	212660841	placeholder
4	52608599	52638301	4	79625555	79659216	placeholder
6	30288051	30305896	6	30478925	30506257	placeholder
1	228882924	228931547	1	243787058	243818014	placeholder
7	30983320	31016144	7	60880695	60916878	placeholder
14	412935	420696	15	386362	394162	placeholder
1	181602825	181636603	1	193897868	193915414	placeholder
3	40532203	40541125	3	174592280	174600874	placeholder
2	211124016	211138917	2	229112177	229124358	placeholder
17	10998407	11002777	17	12389822	12402042	placeholder
14	9327947	9340104	15	10195436	10207911	placeholder
19	3912406	3945764	19	3520452	3548113	placeholder
3	102039885	102098657	3	112681745	112742831	placeholder
3	141787358	141923005	3	64111079	64258640	placeholder
3	130559669	130654553	3	76459522	76579204	placeholder
3	137583554	137592606	3	68881030	68890949	placeholder
7	89683716	89726628	7	4390777	4437029	placeholder
10	8381028	8401202	11	14222737	14236522	placeholder
3	177659440	177674838	3	25661897	25684919	placeholder
1	335035357	335044655	1	357267856	357277102	placeholder
1	10724589	10758801	1	10010817	10046711	placeholder
2	206317391	206336911	2	223893453	223921175	placeholder
7	30374911	30403439	7	61479795	61503757	placeholder
14	5400900	5418474	15	5666031	5684369	placeholder
3	170614275	170634623	3	33108365	33131475	placeholder
16	6896387	6907997	16	7724279	7738047	placeholder
2	241663560	241683350	2	262480153	262501696	placeholder
1	16331011	16341193	1	15920889	15928707	placeholder
18	8802060	8865215	18	9551576	9554435	placeholder
2	188118139	188156270	2	204565946	204611431	placeholder
1	20951264	20973804	1	20771077	20792513	placeholder
2	176040392	176070108	2	191586911	191620373	placeholder
5	13118308	13120594	5	12934093	12936379	placeholder
1	190959887	190974713	1	203280553	203295347	placeholder
1	328017774	328123511	1	349840973	349969455	placeholder
8	77286157	77326597	8	78637528	78669685	placeholder
6	54341760	54365907	6	55343755	55364803	placeholder
7	22819550	22839162	7	69404786	69432625	placeholder
6	18055910	18085045	6	17348570	17384703	placeholder
6	12257018	12275286	6	11427143	11446678	placeholder
3	113349643	113497158	3	95636664	95850259	placeholder
8	40922070	40948703	8	42960459	42987101	placeholder
14	15267830	15290875	15	18169937	18192249	placeholder
1	46450273	46504842	1	48465565	48506910	placeholder
4	67666547	67771090	4	64735657	64854591	placeholder
11	5039398	5088875	10	17052749	17113889	placeholder
7	83814472	83843885	7	10478359	10503625	placeholder
3	163567015	163575289	3	40636198	40646568	placeholder
4	6483352	6532583	4	127983020	128033713	placeholder
1	232245665	232280519	1	247392330	247434560	placeholder
17	10021716	10028484	17	11726066	11732824	placeholder
1	106580604	106632789	1	113366816	113405768	placeholder
1	257847511	257898060	1	274848146	274909541	placeholder
1	266742900	266767040	1	284170764	284202561	placeholder
5	39095584	39129103	5	40385828	40422224	placeholder
2	100909659	100922789	2	105415448	105428912	placeholder
1	172716022	172767232	1	183660288	183756253	placeholder
1	282268967	282346846	1	300897546	300967625	placeholder
3	119964900	119973407	3	88644409	88652049	placeholder
5	53110445	53144445	5	55055991	55094245	placeholder
10	6346572	6365282	11	15995404	16009971	placeholder
11	2248786	2268135	10	20803519	20836927	placeholder
8	79090748	79099292	8	80573091	80583587	placeholder
8	13856940	13877267	8	13702872	13723559	placeholder
17	5377996	5420692	17	6717221	6759976	placeholder
2	104103350	104135518	2	108800359	108842757	placeholder
2	221716428	221732724	2	240572139	240586600	placeholder
8	76512381	76542712	8	76985640	77015420	placeholder
15	4433486	4441153	14	9574730	9585020	placeholder
1	202104566	202130697	1	215212002	215235144	placeholder
2	100754989	100767370	2	105234594	105246773	placeholder
3	146265041	146288831	3	59290575	59312038	placeholder
7	16617209	16669643	7	75830343	75882329	placeholder
1	306743574	306761478	1	327534770	327558526	placeholder
5	57704259	57753792	5	59786814	59844499	placeholder
5	50364522	50375600	5	51827100	51840027	placeholder
3	202896188	202902216	3	202104	208014	placeholder
3	34760720	34776705	3	181155653	181171817	placeholder
2	183616685	183758237	2	199688766	199820235	placeholder
3	44260511	44321927	3	170740341	170814012	placeholder
6	71680208	71718998	6	74265504	74301678	placeholder
1	276391933	276418337	1	294632241	294667086	placeholder
1	54091939	54322255	1	56762746	56997115	placeholder
3	106091652	106188593	3	107737184	107835311	placeholder
7	47012740	47102735	7	45033931	45111855	placeholder
7	89230210	89265177	7	4900352	4932226	placeholder
15	15537972	15558696	14	20161691	20181269	placeholder
1	149223736	149239837	1	157842352	157858080	placeholder
1	255417593	255420854	1	272179699	272182730	placeholder
15	8733937	8742505	14	14463861	14472802	placeholder
3	98170120	98218103	3	115972682	115998373	placeholder
1	169579394	169651189	1	179768655	179822252	placeholder
1	55758980	55782926	1	58559357	58579617	placeholder
8	11346139	11366633	8	10967182	10985409	placeholder
1	160479228	160514389	1	170047630	170083601	placeholder
3	107876217	107934681	3	104726847	104867435	placeholder
1	180637665	180655805	1	193222650	193239710	placeholder
3	13986511	14139700	3	203926727	204085768	placeholder
14	13852178	13867461	15	16723041	16736195	placeholder
4	43439703	43522968	4	88820527	88909046	placeholder
3	168497283	168506902	3	35307221	35310571	placeholder
6	43008988	43028207	6	43623069	43637527	placeholder
2	215700458	215827157	2	234164381	234286229	placeholder
3	196918123	196954792	3	5598309	5628711	placeholder
5	92219301	92275501	5	92210561	92265422	placeholder
1	160431378	160468142	1	170001325	170034459	placeholder
6	32602963	32632607	6	32837273	32861060	placeholder
1	323582222	323600191	1	345055901	345085409	placeholder
2	41189648	41225575	2	43500916	43531033	placeholder
3	200442583	200467322	3	2270346	2283932	placeholder
14	97554	106047	15	72797	81771	placeholder
3	123022639	123040509	3	85155258	85174109	placeholder
1	252446964	252487698	1	269079358	269120234	placeholder
1	145869421	145871659	1	154203000	154205238	placeholder
5	85620567	85638336	5	85744905	85769300	placeholder
3	199957800	200005234	3	2660737	2696807	placeholder
6	72750233	72782840	6	74923728	74972064	placeholder
1	143613209	143645881	1	151799910	151824341	placeholder
1	130427210	130458126	1	137999436	138027818	placeholder
5	31719102	31735567	5	32783697	32801840	placeholder
1	118898521	118952578	1	125619051	125671561	placeholder
7	83677813	83721974	7	10596055	10642661	placeholder
6	23631385	23673138	6	23197763	23244673	placeholder
11	936520	942414	10	25489207	25498970	placeholder
3	131079722	131097042	3	75996787	76014254	placeholder
7	48249681	48289994	7	44217367	44241386	placeholder
10	1631518	1642727	11	21908666	21930554	placeholder
5	98259540	98304742	5	98370743	98413609	placeholder
2	153652587	153695920	2	167545060	167589468	placeholder
4	21957183	21959391	4	111147872	111150080	placeholder
1	265979758	265989463	1	283394573	283404949	placeholder
7	9512545	9942610	7	82955962	83393417	placeholder
2	137768360	137799558	2	150310040	150341202	placeholder
3	66714719	66820708	3	145564551	145682150	placeholder
1	267042108	267056522	1	284509606	284523802	placeholder
11	21293448	21302107	10	1518075	1525555	placeholder
18	978867	1007023	18	1794137	1820213	placeholder
1	125689672	125755134	1	132876204	132951841	placeholder
19	192456	197653	19	38375	43602	placeholder
7	30759242	30790237	7	61128428	61160166	placeholder
1	137938181	137968690	1	145883879	145911918	placeholder
1	40925044	40943268	1	42433700	42452743	placeholder
8	39153821	39186877	8	41064582	41104941	placeholder
14	149102	153570	15	126699	131110	placeholder
6	24575	45742	6	101700	119584	placeholder
4	22382850	22414817	4	110669715	110695403	placeholder
13	17942288	17954276	12	854603	866169	placeholder
5	4739637	4750492	5	4497098	4505758	placeholder
1	294050625	294062592	1	313999589	314012816	placeholder
3	167271448	167313591	3	36603374	36644426	placeholder
5	30073736	30092213	5	31045120	31063919	placeholder
1	332870976	332903402	1	354965216	355003054	placeholder
8	29055582	29124585	8	30131132	30204126	placeholder
2	204504323	204564734	2	221982507	222040899	placeholder
7	51003783	51105799	7	42444986	42489315	placeholder
10	8116633	8172327	11	14409483	14452778	placeholder
1	315806017	315830083	1	336631707	336664354	placeholder
8	68480375	68552992	8	70312816	70393134	placeholder
4	21783919	21801259	4	111330214	111352825	placeholder
17	7398842	7420285	17	8770872	8785667	placeholder
2	33290204	33302497	2	35009489	35024081	placeholder
1	25417066	25420564	1	25624800	25628378	placeholder
3	155853209	155860822	3	48928955	48938182	placeholder
1	42852354	42887848	1	44418932	44448856	placeholder
2	214663548	214800498	2	233045305	233173876	placeholder
1	293016018	293039238	1	312815976	312849495	placeholder
2	169717403	169737288	2	184915186	184946665	placeholder
1	239233260	239258897	1	254788750	254815130	placeholder
7	5203543	5271619	7	87659108	87741019	placeholder
4	30284394	30313562	4	102492122	102528479	placeholder
2	48219522	48262306	2	51267356	51315853	placeholder
1	168847594	168873900	1	178837298	178870858	placeholder
7	40143617	40169164	7	51248188	51277780	placeholder
3	193296561	193326436	3	9174663	9202425	placeholder
3	151008978	151031151	3	54249503	54274312	placeholder
1	306974594	307004182	1	327772836	327804899	placeholder
1	323455755	323488282	1	344916713	344957463	placeholder
1	288286767	288300578	1	307583878	307601442	placeholder
5	12926141	12980483	5	12764020	12789715	placeholder
13	8219798	8231022	12	9871610	9881342	placeholder
17	8347709	8365554	17	9750192	9766978	placeholder
1	286732618	286760073	1	305954027	305982015	placeholder
1	12575220	12601740	1	11956606	11987625	placeholder
14	5095423	5111418	15	5339849	5355796	placeholder
17	9419637	9432600	17	10814699	10826349	placeholder
2	140778051	140830650	2	153709296	153769875	placeholder
11	1720059	1731883	10	21764945	21793281	placeholder
1	6754463	6756350	1	5883823	5885725	placeholder
1	227784396	227820607	1	242539796	242577611	placeholder
5	56602697	56611665	5	58507730	58521185	placeholder
6	20709303	20712195	6	20120639	20123531	placeholder
3	114023954	114044983	3	95065628	95084699	placeholder
13	421344	434979	12	22431370	22479529	placeholder
5	66595718	66631045	5	68776884	68803558	placeholder
1	80041066	80120586	1	84681021	84764018	placeholder
1	111308671	111310855	1	117514439	117516605	placeholder
15	10625778	10633834	14	16163665	16169658	placeholder
1	191124621	191189069	1	203463552	203555842	placeholder
14	3125655	3136285	15	3211647	3221298	placeholder
11	18491829	18504101	10	4064134	4076176	placeholder
1	292080507	292137011	1	311671031	311729628	placeholder
4	11760994	11775773	4	122015318	122036700	placeholder
14	7419723	7440789	15	7925168	7948724	placeholder
8	50041348	50119433	8	53439246	53532569	placeholder
1	75049816	75110933	1	79599160	79668750	placeholder
2	89999830	90063266	2	93790434	93848941	placeholder
5	55676704	55701335	5	57606349	57635049	placeholder
2	182468487	182470344	2	198379851	198390732	placeholder
6	24913648	24940704	6	24558533	24587309	placeholder
2	103259514	103315350	2	107990222	108008767	placeholder
13	7716567	7732475	12	10346271	10364542	placeholder
1	274165805	274188228	1	292168274	292190765	placeholder
3	24443573	24461576	3	192763797	192785350	placeholder
11	22480558	22485831	10	524993	534972	placeholder
2	226309896	226312044	2	245491525	245493673	placeholder
1	267488790	267510119	1	285036267	285064196	placeholder
2	160574976	160578661	2	175133926	175137813	placeholder
17	5988864	5990796	17	7355955	7357899	placeholder
4	56957150	57001300	4	75776416	75828433	placeholder
14	5247934	5261747	15	5500927	5516271	placeholder
5	52073852	52075985	5	53694254	53696390	placeholder
14	3338985	3355378	15	3430444	3446099	placeholder
7	79429587	79441703	7	14890688	14901397	placeholder
8	37656214	37658377	8	39549628	39551794	placeholder
6	33022946	33053583	6	33252699	33289156	placeholder
4	21165269	21186348	4	112036329	112065661	placeholder
3	181186276	181212748	3	21966075	21990819	placeholder
7	36349630	36358372	7	55282399	55292993	placeholder
2	32251051	32269975	2	33843882	33864351	placeholder
1	107119915	107131353	1	113932598	113948851	placeholder
2	208838297	208888736	2	226556517	226628996	placeholder
12	13743077	13764157	13	14448214	14467647	placeholder
10	9252137	9273147	11	13387870	13404346	placeholder
16	6817002	6832310	16	7638207	7653238	placeholder
6	5749027	5810286	6	5639790	5720237	placeholder
3	86019211	86042321	3	124846978	124877516	placeholder
3	22730272	22748181	3	194623801	194640086	placeholder
5	97291013	97323002	5	97401176	97431198	placeholder
4	64164224	64166258	4	68545160	68547194	placeholder
11	21154272	21173694	10	1634067	1653113	placeholder
6	2463214	2474449	6	2533982	2545966	placeholder
7	60957800	60959930	7	33578041	33580164	placeholder
2	214901462	214934696	2	233276191	233321864	placeholder
6	61604426	61645481	6	63249406	63287310	placeholder
7	85815569	85840053	7	8405815	8439709	placeholder
1	267426003	267465367	1	284951038	284993103	placeholder
1	29805675	29807799	1	30428766	30430893	placeholder
1	299957968	299978675	1	320418466	320452626	placeholder
1	26903201	26906925	1	27292950	27296625	placeholder
15	7157139	7227663	14	12854185	12932741	placeholder
6	51787914	51809061	6	52571620	52592911	placeholder
6	38612353	38640982	6	39084003	39138249	placeholder
3	46418073	46431624	3	168396917	168412172	placeholder
12	4312006	4315339	13	4453319	4456135	placeholder
6	45153207	45164675	6	45792200	45803866	placeholder
10	1413933	1424699	11	26090552	26114025	placeholder
1	25876478	25896785	1	26141651	26161864	placeholder
3	202570433	202578919	3	526449	534339	placeholder
14	5069027	5087072	15	5307196	5327839	placeholder
4	53783926	53808500	4	78365412	78385569	placeholder
2	18899355	18922142	2	18987073	19011904	placeholder
3	119809001	119836363	3	88802085	88833957	placeholder
3	107619582	107636339	3	105363253	105401753	placeholder
3	135699719	135721423	3	70914232	70941960	placeholder
10	5334389	5354566	11	16998965	17019076	placeholder
3	105301171	105315873	3	108813078	108827177	placeholder
12	10425316	10453835	13	11024082	11045991	placeholder
2	201952037	202036528	2	219178364	219272848	placeholder
1	151438976	151447941	1	160277400	160290091	placeholder
7	62223587	62244025	7	32448861	32481080	placeholder
7	6039489	6068063	2	224934228	224971561	placeholder
11	12919108	12930530	10	9277180	9288251	placeholder
3	99343622	99353077	3	115279689	115289397	placeholder
3	104317282	104372808	3	109868950	109919946	placeholder
7	37753906	37772295	7	53742882	53763046	placeholder
7	57808960	57836160	7	36125496	36160641	placeholder
10	9338784	9358860	11	13305893	13326210	placeholder
4	27828410	27949756	4	105007844	105161760	placeholder
1	276174601	276212676	1	294431359	294479694	placeholder
1	125941679	125972003	1	133138388	133169991	placeholder
1	75132112	75151198	1	79703244	79720431	placeholder
7	30813374	30825818	7	61090026	61103674	placeholder
1	154378000	154414117	1	163520038	163567146	placeholder
3	68090248	68106212	3	144130117	144148682	placeholder
5	61863009	61872181	5	64037008	64048910	placeholder
6	19292408	19349616	6	18638279	18698860	placeholder
6	3799348	3822245	6	3821642	3844969	placeholder
15	10535260	10553339	14	16083324	16094687	placeholder
16	6638905	6663554	16	7443929	7468875	placeholder
3	158380427	158382521	3	46188085	46190179	placeholder
1	26298500	26344136	1	26619071	26665130	placeholder
5	78539546	78541637	5	79120413	79122498	placeholder
1	256973326	256992255	1	273837323	273857391	placeholder
1	303239497	303312151	1	323894005	323972135	placeholder
6	90780463	90802658	6	94757608	94776889	placeholder
1	178086714	178108728	1	191112876	191136211	placeholder
1	51576826	51584596	1	54013748	54021758	placeholder
14	15294804	15307434	15	18196052	18208128	placeholder
7	28886776	28904523	7	63031603	63053639	placeholder
15	3674274	3694956	14	8445626	8471416	placeholder
1	104470487	104508888	1	111116677	111151744	placeholder
1	277555437	277584143	1	295835253	295868896	placeholder
5	106181144	106183202	5	106659666	106661724	placeholder
6	1565163	1644185	6	1719539	1784961	placeholder
5	56751200	56770397	5	58696628	58716705	placeholder
12	16081471	16109931	13	16636556	16657276	placeholder
3	175819175	175847480	3	27607478	27642218	placeholder
5	21723301	21772953	5	22170362	22244571	placeholder
5	108587871	108608774	5	109168931	109188302	placeholder
10	6009711	6021040	11	16307206	16313675	placeholder
1	38997309	39026644	1	40417949	40453705	placeholder
6	39025962	39042138	6	39572963	39583646	placeholder
3	87663629	87681163	3	123041340	123058674	placeholder
14	2346156	2355076	15	2363799	2372595	placeholder
6	22177860	22182565	6	21694382	21716468	placeholder
1	205908500	205924970	1	218923872	218942831	placeholder
8	59050664	59062013	8	61323378	61340320	placeholder
5	22851896	22868430	5	23454976	23474428	placeholder
2	204610022	204625246	2	222077171	222094693	placeholder
12	8162204	8178711	13	8607698	8623365	placeholder
12	1026031	1045074	13	1034063	1055923	placeholder
7	23253420	23269120	7	68945394	68964751	placeholder
2	99098184	99120335	2	103435465	103458318	placeholder
3	25986930	25989228	3	190988285	190990583	placeholder
7	26577078	26591845	7	65472231	65492325	placeholder
1	51173462	51175484	1	53561304	53563326	placeholder
7	73703274	73712064	7	21105053	21113598	placeholder
5	108179688	108204221	5	108773782	108798132	placeholder
4	42129131	42152342	4	90285182	90311805	placeholder
6	38460978	38468666	6	38941113	38946234	placeholder
5	31924295	31948433	5	32979767	33007739	placeholder
1	224840678	224860871	1	239359548	239380807	placeholder
1	63741051	63752681	1	67282272	67298469	placeholder
15	3762358	3810332	14	8586549	8678161	placeholder
3	183906201	183920031	3	19150516	19167805	placeholder
1	165196606	165294594	1	174872784	174974403	placeholder
13	1449839	1459379	12	19295121	19312699	placeholder
1	208840728	208908407	1	222231211	222297636	placeholder
5	66662905	66784378	5	68834017	68961619	placeholder
7	74596691	74627661	7	20129069	20157100	placeholder
5	5807841	5863742	5	5482239	5532911	placeholder
12	4410499	4412533	13	4555000	4557040	placeholder
1	158148691	158163760	1	167574280	167594240	placeholder
3	48369482	48440599	3	166294590	166373195	placeholder
1	127265797	127311346	1	134525331	134564278	placeholder
3	156829284	156836721	3	47912612	47921215	placeholder
1	300807653	300845326	1	321385311	321433098	placeholder
1	192939460	192986400	1	205475866	205524440	placeholder
14	13711897	13745447	15	16558227	16598246	placeholder
16	11519761	11540819	16	12805953	12828721	placeholder
2	68303553	68335008	2	72852173	72885105	placeholder
1	69985824	70027742	1	74090388	74139601	placeholder
17	7967694	7971107	17	9356439	9359721	placeholder
8	76966852	76988365	8	78329182	78354346	placeholder
6	26944218	26948019	6	26842134	26845763	placeholder
5	79299714	79305837	5	79708642	79717400	placeholder
2	98207390	98228996	2	102575787	102595722	placeholder
2	191734979	191765888	2	208433818	208465049	placeholder
13	3807246	3809657	12	15380606	15383363	placeholder
2	100871946	100890291	2	105381162	105403651	placeholder
6	42133525	42183111	6	42723762	42781595	placeholder
6	81732579	81754460	6	82956557	82979418	placeholder
17	3219629	3253592	17	4517309	4551781	placeholder
13	1794461	1806478	12	18523994	18542665	placeholder
5	22490364	22494039	5	23033401	23037093	placeholder
2	141174238	141202811	2	154151283	154174019	placeholder
5	110440385	110474533	5	111096121	111111357	placeholder
2	156642611	156682926	2	170736464	170778775	placeholder
3	147716809	147764538	3	57586938	57655805	placeholder
1	242690408	242719292	1	258689539	258717551	placeholder
14	8977538	8992230	15	9798485	9811749	placeholder
1	2393884	2421574	1	1911112	1931109	placeholder
3	141669456	141688815	3	64386922	64412240	placeholder
15	13442619	13464273	14	18434411	18454423	placeholder
3	46377981	46401201	3	168427565	168451170	placeholder
4	84536506	84584852	4	49742103	49778652	placeholder
3	23660683	23665880	3	193653066	193658641	placeholder
1	251290581	251314335	1	267880675	267914567	placeholder
1	192817189	192837384	1	205353036	205372255	placeholder
13	14847741	14870565	12	3621876	3641587	placeholder
19	3029259	3051627	19	2801028	2820816	placeholder
14	14086228	14124886	15	16954676	16989186	placeholder
6	24584050	24613693	6	24223542	24255516	placeholder
1	62637726	62663444	1	66102881	66129444	placeholder
2	133202140	133228758	2	145267498	145299458	placeholder
7	55088506	55139210	7	38777553	38810284	placeholder
3	192503100	192536146	3	10012561	10052795	placeholder
2	99391377	99416032	2	103769697	103784258	placeholder
8	35702137	35722667	8	37390144	37397844	placeholder
1	332409042	332443729	1	354499447	354534098	placeholder
7	71769248	71815482	7	23109115	23147026	placeholder
7	46464416	46515335	7	45536142	45571690	placeholder
4	84989915	85020894	4	49356837	49379174	placeholder
3	20336981	20374339	3	197263921	197306428	placeholder
17	10153359	10160715	17	11591647	11600410	placeholder
17	6668703	6698380	17	8068228	8094721	placeholder
8	7887896	7925263	8	7521314	7553049	placeholder
13	2969322	2994221	12	16320983	16363411	placeholder
4	86594670	86637716	4	47883798	47919220	placeholder
4	6782576	6815028	4	127703392	127733814	placeholder
5	91973527	91993430	5	91942456	91964472	placeholder
6	93832371	93863244	6	97954680	97989939	placeholder
10	7486274	7529399	11	14967628	15002236	placeholder
7	27955049	27984528	7	64020391	64042614	placeholder
1	88345235	88347221	1	93744933	93746922	placeholder
8	4043067	4050313	8	3667811	3676248	placeholder
13	18720326	18722306	12	110440	112405	placeholder
2	76130319	76197140	2	81232718	81295483	placeholder
2	173064567	173087225	2	188363763	188389104	placeholder
13	2605139	2625199	12	16943956	16966153	placeholder
11	8329387	8351147	10	13685069	13705541	placeholder
4	21437446	21464421	4	111757792	111792336	placeholder
7	92765029	92785142	7	1010291	1036291	placeholder
1	50352555	50367427	1	52677142	52695618	placeholder
1	44304223	44306212	1	46122031	46124020	placeholder
1	238854191	238864806	1	254407094	254416188	placeholder
5	51042224	51070414	5	52562992	52610481	placeholder
13	8587675	8610232	12	9458024	9482681	placeholder
12	17023730	17081666	13	17540054	17596643	placeholder
3	70137077	70155399	3	141958900	141978677	placeholder
4	92341892	92353509	4	44877750	44898705	placeholder
6	10913750	10940124	6	10038749	10066508	placeholder
13	14750270	14772578	12	3699004	3720881	placeholder
1	187386399	187414397	1	199451933	199485441	placeholder
1	82853155	82880989	1	87669247	87699605	placeholder
1	280656639	280765480	1	299183441	299299446	placeholder
7	10650204	10670668	7	82228714	82243730	placeholder
15	8484689	8498860	14	14215388	14230445	placeholder
2	157533851	157547077	2	171729107	171744266	placeholder
15	16791579	16885398	14	21303002	21362512	placeholder
1	267199755	267223821	1	284684245	284718628	placeholder
1	6742690	6744661	1	5873273	5875235	placeholder
19	4485279	4498901	19	4025982	4038756	placeholder
8	40993642	41010012	8	43054506	43072276	placeholder
3	146453069	146478667	3	59064331	59090006	placeholder
3	86007855	86016312	3	124880832	124890371	placeholder
19	7525352	7541629	19	6829934	6847559	placeholder
1	322413830	322431842	1	343845115	343865305	placeholder
16	2818971	2827957	16	3199083	3210348	placeholder
1	114858261	114867187	1	121225528	121233859	placeholder
1	99041624	99057412	1	105347221	105355673	placeholder
7	89769446	89793019	7	4330841	4354375	placeholder
1	147068889	147148267	1	155520583	155545911	placeholder
14	15332763	15341106	15	18234784	18243227	placeholder
15	4681819	4736864	14	9898981	9975960	placeholder
13	12620550	12636546	12	5602129	5617395	placeholder
6	25575903	25609549	6	25295898	25341569	placeholder
17	4305069	4319996	17	5604534	5617811	placeholder
1	189031107	189033051	1	201254422	201256366	placeholder
12	139269	143657	13	129605	134107	placeholder
1	205604055	205641011	1	218695659	218741394	placeholder
12	9934418	9994213	13	10529551	10571829	placeholder
1	215016454	215044251	1	228933622	228962136	placeholder
6	5498541	5523888	6	5363283	5390619	placeholder
16	2085637	2140164	16	2402358	2452272	placeholder
16	12123123	12128197	16	13427880	13432885	placeholder
15	3586863	3602538	14	8307498	8328813	placeholder
3	35895379	35907861	3	179829709	179854338	placeholder
3	173972661	173986473	3	29635792	29650104	placeholder
3	200347600	200378899	3	2350673	2385751	placeholder
2	156761734	156804323	2	170858290	170918733	placeholder
1	316979802	317003236	1	337887909	337911226	placeholder
12	8371088	8384512	13	8827615	8840632	placeholder
14	3584079	3589731	15	3703764	3709668	placeholder
1	83968339	84026997	1	88872884	88939165	placeholder
1	187427525	187508310	1	199499818	199593103	placeholder
17	1769547	1825787	17	3222308	3304993	placeholder
7	36135064	36154646	7	55479126	55511043	placeholder
6	41046556	41070802	6	41595974	41619666	placeholder
1	153564488	153566495	1	162623933	162625937	placeholder
15	615328	634618	14	2180212	2214611	placeholder
7	89189125	89217896	7	4943792	4972704	placeholder
1	73092780	73125118	1	77325798	77359819	placeholder
6	25657645	25696495	6	25398165	25441361	placeholder
7	25899762	25915322	7	66148787	66159034	placeholder
3	107122323	107132137	3	106571975	106584244	placeholder
3	119368106	119385867	3	89271692	89291966	placeholder
1	239834566	239859774	1	255419571	255452494	placeholder
14	4962005	4976400	15	5192065	5208855	placeholder
1	66066018	66096837	1	69883560	69908447	placeholder
3	47313647	47326889	3	167614279	167630216	placeholder
1	204912027	204949717	1	217953999	217990296	placeholder
6	56069654	56126986	6	57144692	57207119	placeholder
1	277813024	277830382	1	296110238	296130924	placeholder
13	7545770	7557490	12	10548519	10560454	placeholder
15	15599732	15605616	14	20215769	20221779	placeholder
3	50629654	50645262	3	163807902	163829685	placeholder
16	1144925	1162051	16	1364192	1387500	placeholder
2	190653840	190678006	2	207288573	207310751	placeholder
15	8265911	8276334	14	14001135	14013431	placeholder
14	389153	401353	15	362492	379862	placeholder
5	4147975	4179947	5	3924860	3952538	placeholder
2	177571989	177580763	2	193165065	193174887	placeholder
2	11280998	11299131	2	10920683	10938732	placeholder
3	23426112	23438338	3	193919732	193932624	placeholder
1	50515460	50520954	1	52856170	52861172	placeholder
6	38731727	38785467	6	39219534	39291868	placeholder
13	3651811	3664641	12	15551520	15570443	placeholder
14	6541196	6563813	15	6953057	6977958	placeholder
6	93625338	93627003	6	97707898	97709563	placeholder
5	18082782	18085040	5	18396431	18399369	placeholder
2	205376374	205394974	2	222927508	222937912	placeholder
6	31816202	31818119	6	32058585	32060493	placeholder
2	133676320	133800936	2	145792331	145951480	placeholder
1	77310533	77312441	1	81941115	81943023	placeholder
11	22499388	22508049	10	504867	511434	placeholder
1	215075059	215087155	1	229000817	229011857	placeholder
1	40294343	40313049	1	41749941	41770522	placeholder
1	159783942	159787447	1	169304840	169308984	placeholder
12	740925	747660	13	746740	753706	placeholder
1	27942839	27958970	1	28414181	28432880	placeholder
2	195352896	195388075	2	212319910	212349457	placeholder
8	55041225	55058536	8	57885305	57920309	placeholder
16	2187264	2211752	16	2498509	2521581	placeholder
1	111410788	111438357	1	117644863	117669996	placeholder
5	26156373	26169504	5	26929466	26944812	placeholder
1	66651694	66666731	1	70438279	70454344	placeholder
4	50490751	50522083	4	81735595	81761711	placeholder
6	45310155	45329743	6	45964100	45984885	placeholder
1	55710135	55757126	1	58500804	58549559	placeholder
2	28663235	28689030	2	29909624	29938197	placeholder
16	7960094	7976163	16	8917753	8933476	placeholder
1	319234287	319260116	1	340375989	340403425	placeholder
6	86009206	86027263	6	87497596	87517339	placeholder
8	43238262	43259373	8	45549372	45589518	placeholder
1	227713155	227727986	1	242455827	242471746	placeholder
2	152511667	152550859	2	166238243	166285219	placeholder
6	93919580	93928190	6	98062702	98070902	placeholder
1	336396964	336429115	1	358603615	358637590	placeholder
3	164297061	164320082	3	39739126	39759720	placeholder
6	32863814	32865629	6	33116259	33118074	placeholder
8	21804074	21833125	8	22167747	22212196	placeholder
1	254653653	254681658	1	271340662	271363617	placeholder
8	69758963	69798107	8	71208423	71246184	placeholder
2	217368933	217412554	2	235937717	235981210	placeholder
1	259637474	259655383	1	276802787	276822056	placeholder
11	20693908	20700021	10	2036522	2061049	placeholder
15	9032792	9065306	14	14752498	14785700	placeholder
7	33058257	33081253	7	58617581	58635383	placeholder
1	181514667	181528618	1	193829074	193846764	placeholder
8	19207512	19253844	8	19286167	19347128	placeholder
3	131049597	131073748	3	76020243	76043830	placeholder
11	7692819	7694370	10	14413793	14415341	placeholder
4	9153652	9171600	4	125187808	125206624	placeholder
2	21138398	21189555	2	21291825	21354463	placeholder
1	236791516	236832009	1	252114406	252155617	placeholder
5	119346617	119401107	5	120300446	120350436	placeholder
4	86378	92021	4	133898855	133904435	placeholder
1	104159522	104231367	1	110785967	110807462	placeholder
3	17301378	17316037	3	200641461	200655726	placeholder
3	114923396	114930964	3	94052210	94062055	placeholder
2	212895695	212912720	2	231044168	231063759	placeholder
3	194934037	195003133	3	7480906	7557868	placeholder
2	191642585	191683670	2	208321751	208367239	placeholder
19	2885873	2898232	19	2952770	2965064	placeholder
1	179015947	179051668	1	191907684	191937712	placeholder
3	123198904	123223578	3	84884178	84954112	placeholder
3	64614252	64643193	3	147700183	147729997	placeholder
6	51598703	51624092	6	52403421	52441484	placeholder
3	168967006	168991231	3	34810251	34837922	placeholder
1	8854688	8898018	1	8111085	8153055	placeholder
5	56080699	56114605	5	57915494	57950313	placeholder
1	41746528	41777448	1	43290250	43314076	placeholder
3	159153667	159216358	3	45243033	45303459	placeholder
11	20578512	20581864	10	2152893	2156245	placeholder
14	4834247	4851514	15	5050792	5066134	placeholder
3	63662055	63739870	3	148664621	148757041	placeholder
5	30255138	30298051	5	31259669	31300115	placeholder
2	220680735	220705365	2	239410344	239434249	placeholder
1	119023463	119043568	1	125742783	125761544	placeholder
2	217116870	217164118	2	235640033	235706501	placeholder
17	8626861	8630354	17	10041578	10045155	placeholder
7	90675268	90700028	7	3343772	3368024	placeholder
6	219349	236098	6	301680	315556	placeholder
5	20753608	20780597	5	21120497	21152946	placeholder
1	35823694	35902139	1	36951016	37055690	placeholder
3	92220291	92452865	3	118693109	118800718	placeholder
1	68963381	68977297	1	72987686	73001594	placeholder
1	229377961	229408027	1	244287021	244327018	placeholder
4	5243910	5257733	4	129001545	129014428	placeholder
11	15402863	15414290	10	6960642	6972148	placeholder
14	6511294	6523354	15	6916892	6931743	placeholder
1	126052168	126067625	1	133243165	133262809	placeholder
2	156468600	156484408	2	170632773	170651042	placeholder
16	11012189	11019694	16	12252773	12264609	placeholder
3	27369474	27376557	3	189415154	189425654	placeholder
3	157822405	157838351	3	46834609	46854293	placeholder
1	184067595	184150763	1	196024361	196102783	placeholder
13	15839662	15845438	12	2762906	2768610	placeholder
6	18412489	18423650	6	17724195	17734262	placeholder
8	76328783	76346073	8	77176423	77199276	placeholder
6	56036037	56063656	6	57101973	57139987	placeholder
11	8485569	8511649	10	13519621	13542622	placeholder
4	58149573	58193921	4	74471409	74523278	placeholder
1	165595561	165612962	1	175328888	175350163	placeholder
3	160649964	160682193	3	43750090	43777849	placeholder
6	58221307	58246547	6	59326039	59352283	placeholder
1	73260286	73290399	1	77531072	77559504	placeholder
1	233605389	233628171	1	248795207	248821433	placeholder
15	14336425	14338267	14	19083207	19085049	placeholder
11	10562621	10567401	10	11479521	11483531	placeholder
5	34099014	34147642	5	35118339	35222850	placeholder
1	340309939	340331299	1	362577758	362605539	placeholder
8	25493162	25516035	8	26218331	26249050	placeholder
2	214825719	214836982	2	233201770	233213302	placeholder
3	175624518	175653282	3	27835531	27854810	placeholder
3	155741986	155766935	3	49027963	49060668	placeholder
16	11838015	11843820	16	13147503	13153347	placeholder
6	44444388	44463329	6	45039898	45064528	placeholder
4	24403869	24426836	4	108664335	108678609	placeholder
4	73907481	73935381	4	58802638	58864356	placeholder
2	179470086	179498426	2	195128349	195155656	placeholder
6	38421591	38427460	6	38894142	38900742	placeholder
11	20216916	20229271	10	2470498	2483121	placeholder
15	13299243	13312449	14	18308616	18320957	placeholder
2	21669356	21685370	2	21868861	21879971	placeholder
2	68278635	68285811	2	72826024	72833706	placeholder
1	287210371	287231053	1	306457700	306482462	placeholder
2	147672991	147723432	2	161218040	161276064	placeholder
19	7319111	7344918	19	6596805	6626567	placeholder
14	7067819	7069625	15	7548544	7550350	placeholder
1	72170070	72192852	1	76319876	76339347	placeholder
2	99917309	99931627	2	104272852	104289946	placeholder
3	25652516	25685149	3	191301555	191336883	placeholder
3	95039472	95109661	3	117424994	117438722	placeholder
14	9437963	9462171	15	10322531	10351770	placeholder
10	627084	637812	11	24296931	24310359	placeholder
1	314335973	314346419	1	335021076	335031819	placeholder
1	13323015	13350861	1	12805368	12834608	placeholder
3	123636865	123666471	3	84426374	84465633	placeholder
8	35463358	35492728	8	37156159	37175280	placeholder
15	11793579	11806467	14	17205912	17218608	placeholder
5	16437473	16447415	5	16648489	16658926	placeholder
5	79507345	79539153	5	79919541	79965855	placeholder
4	9552705	9576166	4	124750569	124768015	placeholder
3	119151451	119208276	3	89453533	89525460	placeholder
2	212855477	212864660	2	230998980	231011284	placeholder
1	149168312	149180477	1	157779152	157789954	placeholder
2	80519096	80520914	2	85252035	85253853	placeholder
1	250242810	250251958	1	266608989	266619985	placeholder
1	317241862	317255699	1	338178245	338198932	placeholder
3	184909490	184954954	3	18265038	18311813	placeholder
3	141125752	141228375	3	64948449	64989868	placeholder
1	194063525	194082722	1	206713757	206732436	placeholder
3	179579713	179621224	3	23655160	23704271	placeholder
1	265781759	265815390	1	283179500	283209276	placeholder
1	195064456	195097211	1	207814201	207844648	placeholder
5	64873578	64887517	5	67073524	67082628	placeholder
13	3231649	3240306	12	15947456	15957214	placeholder
1	335179739	335207323	1	357414813	357436580	placeholder
6	53388279	53601497	6	54320906	54531838	placeholder
2	61550665	61573377	2	65503354	65528822	placeholder
12	3471024	3487830	13	3592499	3608698	placeholder
1	42227314	42252118	1	43777914	43803961	placeholder
12	13108326	13132001	13	13802868	13830744	placeholder
3	144660198	144687093	3	61049899	61094962	placeholder
2	1810342	1824508	2	1560531	1568641	placeholder
1	11485536	11497538	1	10802088	10813259	placeholder
2	189731869	189751404	2	206250449	206267534	placeholder
1	122925250	122944613	1	130019304	130038793	placeholder
8	38335773	38340948	8	40216623	40222307	placeholder
3	100078431	100116554	3	114686017	114718721	placeholder
17	261493	276175	17	1122260	1146845	placeholder
2	234423899	234435922	2	254360767	254372848	placeholder
16	11784848	11792140	16	13091181	13098581	placeholder
6	67288079	67311123	6	69171059	69197440	placeholder
3	131113922	131145715	3	75932114	75978591	placeholder
2	147348718	147364328	2	161007503	161027526	placeholder
1	336132016	336161346	1	358334525	358372359	placeholder
1	113199	118670	1	132294	138562	placeholder
6	38828008	38850928	6	39356720	39394034	placeholder
3	32622240	32628257	3	183552816	183560689	placeholder
6	20407055	20437691	6	19833096	19872013	placeholder
19	3008338	3018296	19	2831787	2839918	placeholder
1	271836579	271838373	1	289660851	289662645	placeholder
3	107039223	107054104	3	106701727	106735611	placeholder
4	20613571	20655223	4	112633406	112686514	placeholder
1	1949424	1972083	1	1523202	1538289	placeholder
7	33913366	33937095	7	57767004	57784465	placeholder
8	28954937	28974395	8	30008528	30027528	placeholder
5	3998839	4081979	5	3774623	3850290	placeholder
4	44439047	44451214	4	87862195	87870719	placeholder
17	11015219	11025585	17	12406662	12416927	placeholder
1	301552530	301565588	1	322199221	322213086	placeholder
2	67036979	67070254	2	71507845	71539855	placeholder
3	140120971	140156402	3	66095381	66129699	placeholder
14	8419143	8449534	15	9135311	9165886	placeholder
17	10696587	10701778	17	11978814	11983915	placeholder
3	45504036	45525355	3	169376950	169400838	placeholder
5	74541862	74668493	5	75638191	75728665	placeholder
3	169040500	169063314	3	34734867	34758777	placeholder
2	133234377	133264465	2	145307727	145338880	placeholder
1	251660397	251675799	1	268267702	268284214	placeholder
2	30004920	30043650	2	31524613	31561768	placeholder
2	152161450	152178871	2	165855695	165870370	placeholder
6	55934118	55962245	6	56983260	57023164	placeholder
10	11464076	11511550	11	11766878	11792580	placeholder
3	62066597	62098907	3	150526631	150563745	placeholder
3	186248096	186254310	3	16779385	16787648	placeholder
6	85459466	85469273	6	86932452	86943700	placeholder
12	16542351	16547035	13	17046977	17051196	placeholder
1	129332858	129716183	1	136808541	137227078	placeholder
14	10156425	10167203	15	11062684	11075219	placeholder
2	101021629	101033175	2	105529018	105545731	placeholder
13	7897418	7899366	12	10169291	10172767	placeholder
1	273423470	273432459	1	291381624	291390305	placeholder
2	133043230	133084339	2	145090596	145132117	placeholder
2	214943016	214952176	2	233329142	233337413	placeholder
8	30861702	30897105	8	32106965	32138644	placeholder
1	260861429	260884234	1	278146899	278174219	placeholder
2	198855826	198877724	2	215884964	215909417	placeholder
1	94572924	94592623	1	100591296	100609171	placeholder
13	12483339	12500266	12	5733871	5748544	placeholder
7	71840461	71853070	7	23067250	23081189	placeholder
8	75223828	75240148	8	78250715	78265200	placeholder
8	70317262	70337824	8	71678312	71693412	placeholder
17	10882680	10885901	17	12276210	12279126	placeholder
3	197297025	197349323	3	5165466	5210767	placeholder
1	17531440	17542199	1	17213247	17225653	placeholder
12	982787	994294	13	990830	1001791	placeholder
1	116556674	116569222	1	123085029	123095289	placeholder
19	3889509	3902841	19	3503357	3513653	placeholder
1	267883849	267890766	1	285459418	285466064	placeholder
15	5126166	5127933	14	10445375	10447142	placeholder
13	18047069	18053331	12	762009	768321	placeholder
11	19495646	19524242	10	3129258	3155393	placeholder
2	32321588	32323355	2	33927875	33929642	placeholder
17	10131528	10138826	17	11614353	11623114	placeholder
1	195499238	195503521	1	208297824	208303139	placeholder
13	16975555	16985609	12	1716291	1725235	placeholder
5	35241311	35257611	5	36374138	36391242	placeholder
6	62415695	62522939	6	64080203	64180620	placeholder
1	173068176	173109692	1	184307374	184371177	placeholder
14	992487	1001882	15	965043	974780	placeholder
1	6055681	6086855	1	5262673	5288618	placeholder
6	26996007	27013964	6	26887330	26902859	placeholder
3	20409143	20441020	3	197195665	197223321	placeholder
6	80858695	80885112	6	82237236	82255675	placeholder
1	142507090	142642933	1	150779929	150912827	placeholder
8	7702023	7753255	8	7340938	7405007	placeholder
1	334753133	334818459	1	356998749	357058308	placeholder
3	201629447	201739908	3	1194672	1278906	placeholder
2	25954031	25961169	2	26712857	26720003	placeholder
1	284098536	284122410	1	303217946	303243878	placeholder
3	137969465	138060651	3	68339151	68448555	placeholder
1	64006165	64025695	1	67597846	67622367	placeholder
5	65998036	65999788	5	68112683	68114429	placeholder
13	17690890	17725094	12	1019893	1052579	placeholder
15	14796425	14821547	14	19475465	19495708	placeholder
3	188734513	188754497	3	14041304	14063067	placeholder
1	75641562	75657505	1	80256232	80277188	placeholder
5	22067757	22090552	5	22574100	22597232	placeholder
8	29462365	29486035	8	30575782	30604448	placeholder
1	327545809	327588880	1	349361615	349403148	placeholder
1	23678791	23706015	1	23741440	23768332	placeholder
3	147164245	147177339	3	58244051	58257773	placeholder
6	52344711	52364582	6	53167342	53187409	placeholder
2	168092553	168108271	2	183120468	183135987	placeholder
3	50573972	50600844	3	163858162	163889730	placeholder
7	13003250	13052407	7	79687822	79734069	placeholder
7	47664049	47684437	7	44565152	44578870	placeholder
1	108428	110252	1	127671	129489	placeholder
1	312096940	312125730	1	332611608	332645918	placeholder
16	10814396	10822355	16	12027884	12034841	placeholder
8	48091017	48117555	8	50918282	50948263	placeholder
4	73619236	73705552	4	59007379	59138896	placeholder
6	86301607	86402555	6	87817362	87928625	placeholder
6	18341279	18378763	6	17674519	17689661	placeholder
6	42351421	42365591	6	42960128	42971834	placeholder
1	244878381	244896471	1	261006541	261025001	placeholder
14	1491669	1497561	15	1473603	1479584	placeholder
3	14457778	14470832	3	203579575	203590948	placeholder
3	142364452	142376090	3	63578439	63591171	placeholder
2	212498068	212523024	2	230583251	230610894	placeholder
2	177137148	177149805	2	192702023	192712837	placeholder
16	11768037	11774111	16	13075609	13081134	placeholder
4	20240117	20257089	4	113153824	113176225	placeholder
4	50744472	50746206	4	81508313	81510047	placeholder
3	134725636	134739849	3	72041837	72058120	placeholder
4	98973992	99045246	4	33420106	33467114	placeholder
5	81606318	81689224	5	82016236	82083041	placeholder
14	15884627	15895783	15	18797611	18807792	placeholder
17	8564620	8577562	17	9978896	9992464	placeholder
5	94021260	94048685	5	94012347	94045215	placeholder
8	24737535	24752363	8	25364335	25383933	placeholder
2	61253659	61255342	2	65173949	65175623	placeholder
2	168862454	169019274	2	183928764	184104846	placeholder
17	10390491	10396167	17	11778456	11784153	placeholder
1	86777462	86796300	1	91927463	91949811	placeholder
5	91102570	91128332	5	91036579	91066511	placeholder
7	80176112	80196066	7	14186434	14203262	placeholder
2	152842661	152859025	2	166631446	166642126	placeholder
1	70919357	70979978	1	74934756	75000222	placeholder
3	115307260	115335352	3	93596609	93638180	placeholder
13	13475904	13553844	12	4784550	4855885	placeholder
5	9547918	9596543	5	9225879	9272633	placeholder
2	216844410	217005297	2	235362493	235532002	placeholder
13	1928773	1947336	12	18220087	18247013	placeholder
3	115230212	115243642	3	93705778	93718000	placeholder
7	23119574	23149674	7	69081664	69109495	placeholder
16	7868196	7869906	16	8817943	8819653	placeholder
3	140078906	140103855	3	66145970	66172689	placeholder
5	68174538	68271797	5	70265683	70358593	placeholder
3	171522617	171540388	3	32271534	32290018	placeholder
2	212535270	212568319	2	230625666	230658457	placeholder
3	165866680	165875687	3	38086899	38095378	placeholder
2	190883362	190891257	2	207560432	207568844	placeholder
2	206281362	206296011	2	223850074	223866237	placeholder
13	3838939	3859343	12	15304336	15337164	placeholder
6	10258474	10292530	6	9360560	9393233	placeholder
11	6901554	6944970	10	15269419	15322811	placeholder
1	190801953	190812705	1	203079477	203089889	placeholder
8	37738626	37750539	8	39646520	39659337	placeholder
16	7518755	7535132	16	8436471	8449105	placeholder
8	25249079	25263785	8	25920230	25944823	placeholder
6	48555080	48676754	6	49336474	49495738	placeholder
3	177870010	177894900	3	25407820	25432980	placeholder
1	319426974	319443584	1	340605538	340627979	placeholder
3	175702374	175768378	3	27689644	27773896	placeholder
12	8211060	8225087	13	8655143	8672038	placeholder
1	20896966	20904052	1	20715110	20721534	placeholder
8	75837281	75866453	8	77668175	77702090	placeholder
6	93933343	93940987	6	98078485	98088345	placeholder
3	89052558	89113961	3	121428404	121494858	placeholder
4	7745120	7755079	4	126778716	126791300	placeholder
6	33123045	33156662	6	33369963	33411297	placeholder
3	170278818	170306682	3	33479522	33517243	placeholder
19	5970695	5977401	19	5353241	5360178	placeholder
15	13757791	13763621	14	18590320	18595532	placeholder
11	13127830	13135807	10	9136681	9144754	placeholder
1	51212066	51238331	1	53607704	53636533	placeholder
2	51195843	51235086	2	54410815	54465441	placeholder
5	32497015	32509560	5	33572499	33582908	placeholder
11	20561910	20576841	10	2157895	2171171	placeholder
3	159756320	159761710	3	44613585	44619685	placeholder
14	3096014	3115083	15	3174737	3200876	placeholder
1	28093433	28098926	1	28588410	28594365	placeholder
3	13857990	13886416	3	204195864	204221032	placeholder
7	33574648	33606763	7	58110574	58142683	placeholder
1	259707479	259732881	1	276879011	276911999	placeholder
8	8015552	8033904	8	7633766	7651557	placeholder
1	34175503	34207769	1	35264100	35291680	placeholder
1	116879232	116905917	1	123439354	123473076	placeholder
16	12318399	12328534	16	13626198	13636402	placeholder
1	340024789	340030876	1	362319416	362327353	placeholder
3	2801656	2826662	3	215666897	215688649	placeholder
7	85859042	85874646	7	8370927	8387258	placeholder
1	45900	70338	1	47853	70484	placeholder
16	1331938	1363363	16	1569997	1598978	placeholder
2	28625774	28641421	2	29872399	29887911	placeholder
16	11443845	11449189	16	12726752	12732879	placeholder
7	23492757	23522678	7	68665506	68699903	placeholder
13	740114	741857	12	23305899	23308087	placeholder
15	14766585	14776516	14	19448194	19457852	placeholder
15	11175533	11205848	14	16656949	16684314	placeholder
17	8082730	8092146	17	9473531	9482857	placeholder
3	124083269	124102498	3	83949358	83971357	placeholder
8	77201254	77224642	8	78572039	78588199	placeholder
1	195986243	196071918	1	208805215	208903160	placeholder
1	259218322	259261335	1	276409916	276454538	placeholder
1	8277153	8317455	1	7505831	7548925	placeholder
16	6881592	6891441	16	7710674	7719253	placeholder
12	777109	785002	13	781457	789008	placeholder
15	13201806	13239611	14	18231358	18259550	placeholder
3	89784691	89801397	3	120762625	120775219	placeholder
4	31615429	31627733	4	101129616	101144087	placeholder
1	150153694	150175936	1	158857849	158878571	placeholder
4	89314525	89327299	4	41645875	41659444	placeholder
2	206172754	206202470	2	223747106	223775626	placeholder
1	277591492	277606952	1	295876650	295892061	placeholder
2	133967763	133991502	2	146138180	146163899	placeholder
1	16762580	16788990	1	16381454	16406091	placeholder
2	135044506	135089976	2	147407952	147436104	placeholder
6	60845603	60863166	6	62400576	62420000	placeholder
7	31876739	31907054	7	59911606	59943495	placeholder
2	165129374	165148329	2	179884934	179907778	placeholder
11	6187196	6237257	10	16053022	16060282	placeholder
1	73193739	73210337	1	77443074	77460606	placeholder
5	61898419	61937877	5	64068004	64110653	placeholder
4	86341768	86362690	4	48141710	48163379	placeholder
2	61430968	61480765	2	65378372	65432080	placeholder
15	1288276	1293872	14	4051949	4063825	placeholder
1	292677507	292684846	1	312388728	312397554	placeholder
1	4383886	4396165	1	3827256	3840818	placeholder
7	2508999	2527777	7	90018004	90041782	placeholder
8	20888170	20897417	8	20861503	20873748	placeholder
15	6178649	6187689	14	11781590	11793624	placeholder
1	94502716	94536856	1	100509218	100533894	placeholder
10	11045210	11056578	11	12084602	12094839	placeholder
6	31537668	31569830	6	31776688	31807615	placeholder
14	8109539	8118866	15	8759218	8803958	placeholder
1	293364573	293384390	1	313206213	313222042	placeholder
6	91655350	91657958	6	95592829	95599171	placeholder
5	51669894	51691318	5	53223392	53241458	placeholder
5	84167307	84328048	5	84465493	84549228	placeholder
8	60406268	60414289	8	62377246	62391590	placeholder
1	37568	42424	1	40151	44421	placeholder
7	19961185	19983299	7	72522541	72540830	placeholder
6	38178162	38190372	6	38690803	38704208	placeholder
2	41528097	41540924	2	43876876	43890631	placeholder
2	199061766	199071091	2	216108473	216117916	placeholder
1	265703753	265740803	1	283103105	283140457	placeholder
2	203684905	203686573	2	221064573	221066241	placeholder
18	418464	425968	18	1222863	1231388	placeholder
8	20783779	20798247	8	20968935	21001696	placeholder
3	110839883	110850552	3	99156450	99169946	placeholder
3	178648784	178662058	3	24738239	24749598	placeholder
11	2204763	2217296	10	20887903	20905722	placeholder
1	215154216	215247936	1	229071569	229162976	placeholder
3	37272072	37347501	3	178313953	178408025	placeholder
2	73875944	73903463	2	78924274	78953533	placeholder
3	194413321	194422436	3	8071332	8077316	placeholder
7	47826812	47842732	7	44454226	44466753	placeholder
1	149268449	149276773	1	157888716	157894668	placeholder
6	49197784	49199431	6	50025771	50027418	placeholder
2	154816321	154821743	2	168811428	168818989	placeholder
2	152049744	152138674	2	165745097	165833611	placeholder
2	217347122	217348760	2	235918993	235920652	placeholder
7	48577911	48579504	7	43959750	43961343	placeholder
1	285510326	285672795	1	304817501	304997985	placeholder
2	40877522	40895184	2	43194715	43216236	placeholder
1	72262731	72286442	1	76408501	76438295	placeholder
16	2736803	2772751	16	3086964	3134212	placeholder
2	16065664	16087186	2	15923772	15948295	placeholder
1	81679581	81707178	1	86400374	86433259	placeholder
1	337944991	337975105	1	360277756	360314651	placeholder
4	71430569	71496111	4	61392838	61466399	placeholder
16	11911553	11924553	16	13225824	13233806	placeholder
7	26602347	26612505	7	65448171	65465026	placeholder
3	160695819	160706308	3	43723457	43737823	placeholder
6	84258148	84297751	6	85650842	85697502	placeholder
6	81129328	81164238	6	82433295	82466936	placeholder
1	262068372	262091396	1	279294053	279321289	placeholder
3	48174822	48176499	3	166602786	166604463	placeholder
2	18236430	18259940	2	18310143	18334564	placeholder
17	7071690	7078733	17	8434899	8442009	placeholder
3	68247674	68267179	3	143941625	143960534	placeholder
1	98903455	98929935	1	105206536	105225126	placeholder
7	55816197	55840577	7	37997397	38022820	placeholder
1	308010295	308078095	1	328967287	329029078	placeholder
2	232700706	232710029	2	252503909	252515839	placeholder
3	179652495	179658131	3	23605548	23616517	placeholder
2	96982759	96994689	2	101291073	101302356	placeholder
7	25928515	25947720	7	66116530	66136118	placeholder
3	99034228	99171484	3	115447306	115578748	placeholder
3	139954718	140055148	3	66200223	66306404	placeholder
14	9769511	9801962	15	10666932	10697160	placeholder
6	46703015	46719441	6	47412391	47428534	placeholder
7	15321228	15359438	7	77270441	77310794	placeholder
6	71057720	71074858	6	73593526	73610057	placeholder
1	48653011	48665925	1	50810549	50823864	placeholder
1	79341420	79351108	1	83935777	83947846	placeholder
3	91219638	91235950	3	119363857	119387772	placeholder
10	16577847	16587472	11	9091031	9100819	placeholder
6	30678227	30706391	6	30826931	30860345	placeholder
2	167987471	167989085	2	182985684	182987301	placeholder
7	47274316	47302423	7	44855536	44882326	placeholder
1	239375047	239391788	1	254946475	254960958	placeholder
5	10859323	10933178	5	10550333	10618332	placeholder
1	226302809	226316478	1	240959478	240973053	placeholder
5	13251398	13267060	5	13074920	13092417	placeholder
5	36490524	36516237	5	37574734	37580148	placeholder
1	127319799	127333454	1	134572794	134593240	placeholder
7	28444222	28449256	7	63527647	63532452	placeholder
1	159689026	159695829	1	169211023	169216780	placeholder
16	12457578	12466576	16	13766137	13775298	placeholder
8	57632596	57785238	8	60042834	60305801	placeholder
7	27086594	27108372	7	64936571	64956907	placeholder
4	21532010	21574661	4	111612106	111663728	placeholder
1	302229078	302248388	1	322934397	322959547	placeholder
8	60316742	60344586	8	62301964	62324629	placeholder
1	72606591	72608040	1	76781765	76783214	placeholder
3	202721066	202725806	3	368925	373078	placeholder
5	30438361	30448413	5	31456602	31469152	placeholder
1	227748285	227771504	1	242498860	242523505	placeholder
8	64570186	64589052	8	66034587	66052113	placeholder
11	20339119	20346335	10	2359572	2366784	placeholder
2	243048515	243144239	2	263837711	263925540	placeholder
6	95917166	95937150	6	104259138	104278645	placeholder
4	80687972	80697360	4	53525540	53535104	placeholder
5	68331092	68340767	5	70402129	70413117	placeholder
1	32921016	32988014	1	33841887	33929645	placeholder
4	86638654	86679636	4	47840604	47882866	placeholder
1	107608999	107633048	1	114094946	114122641	placeholder
14	5761021	5773640	15	6082516	6096063	placeholder
11	20651509	20657958	10	2077734	2084892	placeholder
1	339430157	339434718	1	361821742	361826276	placeholder
3	123162573	123195126	3	84958226	85008273	placeholder
2	93280545	93314738	2	97273073	97301480	placeholder
1	176709540	176748026	1	189887429	189914158	placeholder
17	9868357	9883571	17	11251874	11264790	placeholder
19	6994265	7003631	19	6177699	6189387	placeholder
2	54762332	54763892	2	58263908	58265468	placeholder
2	103303772	103329908	2	108031482	108064516	placeholder
7	41677704	41709687	7	49651153	49680067	placeholder
13	7579502	7581110	12	10516803	10518408	placeholder
7	72004564	72037875	7	22919369	22955536	placeholder
5	51596381	51626215	5	53160507	53164972	placeholder
17	8296076	8302327	17	9695364	9702380	placeholder
3	83288874	83314405	3	127928114	127945529	placeholder
1	267659791	267693894	1	285217465	285290144	placeholder
1	18622917	18639867	1	18364536	18381589	placeholder
1	226640267	226677700	1	241334704	241363336	placeholder
8	17218546	17235424	8	17071046	17088362	placeholder
14	1082173	1087103	15	1056027	1060854	placeholder
2	33942814	33964610	2	35641369	35659197	placeholder
8	4553653	4575723	8	4197200	4217220	placeholder
2	72682165	72697596	2	77692382	77709359	placeholder
3	25932833	25934441	3	191052091	191053699	placeholder
2	232797021	232820599	2	252598715	252624042	placeholder
2	33627711	33655058	2	35362395	35395036	placeholder
13	721452	729247	12	23263245	23274353	placeholder
1	124021603	124180242	1	131202992	131381584	placeholder
3	150895092	150914611	3	54390106	54410251	placeholder
3	54076244	54077843	3	159928560	159930159	placeholder
1	316970512	316976229	1	337877988	337884500	placeholder
1	194607517	194609062	1	207348828	207350373	placeholder
4	8990078	9120186	4	125250763	125403402	placeholder
2	189683490	189700644	2	206198479	206216885	placeholder
3	197448638	197459666	3	5045369	5053127	placeholder
2	159714299	159745125	2	174167515	174192476	placeholder
4	49086020	49114837	4	83208902	83236241	placeholder
7	71865780	71874592	7	23045535	23054588	placeholder
1	241868124	241917533	1	257657411	257714086	placeholder
1	319333087	319345305	1	340502164	340513790	placeholder
3	179882707	179951014	3	23320330	23394715	placeholder
1	321099250	321118180	1	342321112	342343320	placeholder
14	15931527	15967050	15	18852644	18884365	placeholder
3	197822092	197846713	3	4639720	4667739	placeholder
7	8073025	8269598	7	84664303	84860351	placeholder
1	165819870	165852109	1	175599533	175633269	placeholder
5	90604962	90628104	5	90514451	90535505	placeholder
12	15249096	15277577	13	15822885	15859760	placeholder
2	216332758	216342296	2	234823249	234833386	placeholder
1	298617699	298619280	1	319006960	319008541	placeholder
1	273133711	273135277	1	291077723	291079289	placeholder
15	10937490	10953979	14	16446865	16461764	placeholder
3	139113223	139138606	3	67162070	67194748	placeholder
4	86550225	86571058	4	47937450	47958021	placeholder
2	90679868	90693781	2	94534716	94548527	placeholder
3	2461247	2502534	3	216027974	216059658	placeholder
1	68737845	68838220	1	72729235	72855629	placeholder
14	3214759	3223924	15	3296657	3305095	placeholder
1	239107038	239107911	1	254680459	254681332	placeholder
2	201236857	201259151	2	218499825	218522279	placeholder
1	205486740	205491838	1	218570916	218575048	placeholder
3	142387077	142412612	3	63534762	63563855	placeholder
1	61817478	61819065	1	65142160	65143747	placeholder
3	193729741	193740045	3	8746296	8757297	placeholder
8	43191114	43217808	8	45479522	45520744	placeholder
3	87784301	87834256	3	122883231	122935811	placeholder
1	309958272	309979149	1	331069995	331093599	placeholder
14	12711570	12740939	15	15198224	15237717	placeholder
16	8767562	8820073	16	9847448	9896783	placeholder
8	78942785	78948350	8	80425048	80430836	placeholder
1	16273906	16293668	1	15848217	15872339	placeholder
1	172151289	172267097	1	182854504	183026274	placeholder
5	31971071	31984719	5	33031654	33044594	placeholder
7	2774262	2788439	7	89739326	89752272	placeholder
10	6266624	6279988	11	16071849	16084653	placeholder
7	151677	157074	7	92393241	92398624	placeholder
5	30887377	30893854	5	31922135	31932195	placeholder
8	77139481	77156963	8	78501739	78522246	placeholder
13	871522	882775	12	20836447	20854345	placeholder
6	47754782	47803930	6	48496642	48552952	placeholder
1	166482056	166506619	1	176334457	176357399	placeholder
2	142977593	142985896	2	156149341	156158511	placeholder
1	71766528	71784061	1	75879568	75896056	placeholder
3	160081247	160107046	3	44370587	44393848	placeholder
1	79291421	79292969	1	83882791	83884333	placeholder
19	3215735	3228802	19	2637725	2647601	placeholder
7	24311074	24321048	7	67848440	67859031	placeholder
3	150771840	150773379	3	54540585	54542124	placeholder
3	182008892	182012441	3	21115949	21118911	placeholder
17	10088221	10089790	17	11664700	11666269	placeholder
16	974962	983365	16	1193391	1201450	placeholder
18	6898519	6910390	18	7501744	7514414	placeholder
19	4292680	4305208	19	3837100	3849298	placeholder
2	104902949	104935811	2	109843755	109872440	placeholder
3	49724760	49741234	3	164853950	164873169	placeholder
5	100567962	100584886	5	100817120	100854547	placeholder
7	38205520	38257640	7	53244856	53287488	placeholder
8	5424007	5425573	8	5100618	5102184	placeholder
3	45241696	45259648	3	169670899	169689783	placeholder
3	147779777	147788886	3	57562293	57572194	placeholder
8	135426	146942	8	89931	93778	placeholder
18	885485	897938	18	1696759	1709481	placeholder
5	71306689	71363948	5	72700816	72745902	placeholder
6	87672400	87693766	6	89442287	89473292	placeholder
1	277952427	277959657	1	296251437	296258303	placeholder
7	55511510	55513049	7	38341256	38342795	placeholder
2	207100920	207129103	2	224804241	224828752	placeholder
5	31383763	31390117	5	32373929	32379829	placeholder
19	860473	870747	19	817707	825090	placeholder
7	47696276	47705036	7	44540107	44553044	placeholder
1	64466064	64467486	1	68120305	68121727	placeholder
12	4926267	4935241	13	5099459	5107327	placeholder
17	8675425	8747875	17	10088877	10156274	placeholder
1	237549383	237561329	1	252951524	252967302	placeholder
5	2111909	2117300	5	1958142	1963607	placeholder
10	16060814	16095969	11	9456582	9471222	placeholder
2	150264374	150286483	2	163848983	163870209	placeholder
16	13051056	13057693	16	14352290	14369254	placeholder
2	31887847	31910484	2	33469122	33497130	placeholder
17	8459011	8473763	17	9863266	9878691	placeholder
1	119166064	119278583	1	125877349	126003032	placeholder
2	18536069	18562416	2	18612144	18636286	placeholder
2	202167779	202186931	2	219407698	219430231	placeholder
11	8707370	8714578	10	13318562	13324626	placeholder
1	305952616	305990776	1	326658350	326694666	placeholder
6	45612934	45639681	6	46297553	46312615	placeholder
17	2325204	2340190	17	3907151	3920623	placeholder
1	71171336	71178188	1	75211927	75217605	placeholder
15	1811253	1816895	14	5194123	5207472	placeholder
7	23588362	23598818	7	68582534	68594722	placeholder
15	8630718	8643520	14	14362806	14375720	placeholder
12	3242941	3249450	13	3364192	3370432	placeholder
3	115101629	115112113	3	93857493	93880337	placeholder
5	120753678	120767420	5	121627719	121640906	placeholder
2	34015956	34017465	2	35718119	35719595	placeholder
7	89411240	89424430	7	4727341	4741305	placeholder
7	32014190	32033182	7	59753564	59777405	placeholder
4	91651824	91692101	4	44112729	44167194	placeholder
5	59708578	59732606	5	61898154	61926571	placeholder
1	51486100	51496765	1	53909812	53916580	placeholder
4	38587794	38616757	4	94118367	94150042	placeholder
7	30150215	30182450	7	61732443	61758800	placeholder
15	3632915	3648523	14	8368266	8395318	placeholder
3	160034295	160062267	3	44414355	44452380	placeholder
6	30876763	30884462	6	31046102	31055849	placeholder
4	42158200	42160965	4	90275639	90277867	placeholder
1	195806490	195833648	1	208612787	208633568	placeholder
15	11514822	11533016	14	16949491	16964842	placeholder
1	222721174	222747529	1	237179849	237194995	placeholder
1	79363320	79398696	1	83959794	84009332	placeholder
7	14641519	14663790	7	77985806	78010137	placeholder
7	20858796	20874674	7	71509495	71527652	placeholder
13	11214105	11226522	12	6805606	6818029	placeholder
8	59937722	59970903	8	61900223	61932460	placeholder
7	29303649	29318276	7	62615195	62626295	placeholder
15	6860841	6872909	14	12515929	12527395	placeholder
4	82162629	82174093	4	51788678	51792477	placeholder
3	37449686	37457430	3	178191511	178199794	placeholder
1	257780166	257785391	1	274773752	274778681	placeholder
1	164325463	164349710	1	173942419	173966103	placeholder
8	4586426	4623895	8	4232521	4288445	placeholder
5	24399445	24445855	5	25025820	25071016	placeholder
1	697036	701625	1	764180	767337	placeholder
2	151348363	151370671	2	164986208	165030049	placeholder
11	4166653	4182874	10	18176610	18192525	placeholder
2	28649538	28658977	2	29895728	29905102	placeholder
3	27388794	27400847	3	189390616	189402948	placeholder
10	724444	732554	11	24565218	24583884	placeholder
16	10531484	10553685	16	11732340	11756937	placeholder
2	151803150	151815999	2	165460217	165473206	placeholder
1	287609974	287647241	1	306856688	306893104	placeholder
2	98048985	98056031	2	102413741	102418186	placeholder
1	48783232	48792262	1	50953260	50960679	placeholder
17	7222291	7228291	17	8590407	8598619	placeholder
2	32874584	32889468	2	34539791	34554053	placeholder
3	105997369	106020543	3	107924815	107954112	placeholder
13	2263450	2273981	12	17547990	17581445	placeholder
5	50248537	50256710	5	51702716	51711923	placeholder
8	77091336	77108502	8	78459149	78470945	placeholder
7	89171701	89179230	7	4983767	4990081	placeholder
3	156705184	156713631	3	48026081	48037696	placeholder
13	13885816	13944399	12	4432055	4479025	placeholder
16	12116020	12120316	16	13420992	13425274	placeholder
11	22784574	22788090	10	223773	227226	placeholder
1	142244742	142270940	1	150505748	150535065	placeholder
6	57011482	57038377	6	58020892	58049460	placeholder
6	67627045	67628536	6	69548574	69550065	placeholder
6	47712568	47731326	6	48461321	48473722	placeholder
3	183220754	183230288	3	19913543	19919275	placeholder
4	21266610	21377503	4	111854017	111952604	placeholder
5	8071273	8097140	5	7806621	7832751	placeholder
4	2540787	2552693	4	131885886	131900966	placeholder
6	91260218	91269523	6	95170037	95187690	placeholder
3	89812469	89823801	3	120740314	120751296	placeholder
17	4678011	4718031	17	5965056	6011960	placeholder
11	22654203	22657848	10	352386	355956	placeholder
1	328926418	329054569	1	350789900	350924538	placeholder
3	151178778	151189621	3	54085447	54098948	placeholder
6	30522871	30571649	6	30699109	30736381	placeholder
8	105887	108536	8	59556	62287	placeholder
7	71889504	71914799	7	23012941	23031434	placeholder
16	12132631	12140072	16	13437804	13446692	placeholder
17	3990963	3996010	17	5297481	5303592	placeholder
1	269950920	269975039	1	287694259	287718666	placeholder
1	332468806	332470315	1	354561244	354562753	placeholder
7	89083749	89099921	7	5062392	5084076	placeholder
6	48170407	48178833	6	48930974	48938380	placeholder
1	340458136	340520752	1	362798094	362804904	placeholder
16	12512962	12522549	16	13820342	13829126	placeholder
3	20279917	20287937	3	197366871	197374365	placeholder
2	205160461	205174902	2	222714370	222731751	placeholder
2	232150544	232200585	2	251888710	251952358	placeholder
3	159049902	159070752	3	45398267	45419422	placeholder
15	1371003	1377120	14	4214351	4221179	placeholder
1	63454650	63486521	1	66963044	66990413	placeholder
3	135266218	135292734	3	71382260	71411702	placeholder
7	24247941	24257883	7	67922318	67934419	placeholder
3	150400716	150405633	3	54985766	54990250	placeholder
7	83915170	83929972	7	10399983	10414094	placeholder
6	42072009	42073506	6	42661372	42662875	placeholder
16	1400303	1415455	16	1641120	1656978	placeholder
7	89573946	89594616	7	4530253	4548978	placeholder
2	164759402	164782340	2	179456259	179487778	placeholder
14	1252701	1273360	15	1227713	1249402	placeholder
6	98746494	98775786	6	100836357	100872760	placeholder
12	3760238	3769202	13	3875349	3883534	placeholder
15	16414047	16423780	14	20949677	20958505	placeholder
4	5218551	5237267	4	129018238	129037247	placeholder
15	13133094	13145093	14	18176525	18184950	placeholder
4	77812405	77870271	4	55881268	55918901	placeholder
14	9305370	9312390	15	10172086	10179639	placeholder
2	37405185	37428516	2	39385147	39413950	placeholder
7	78874520	78905948	7	15431235	15460978	placeholder
6	22256648	22276496	6	21773371	21793229	placeholder
3	138743001	138838524	3	67486318	67590528	placeholder
1	68582396	68666762	1	72605249	72644436	placeholder
2	222953486	223041392	2	241905146	242013043	placeholder
19	1365254	1369128	19	1255953	1259728	placeholder
5	40639766	40650784	5	41832525	41850073	placeholder
1	293396311	293426262	1	313235531	313251391	placeholder
3	100136495	100145272	3	114660749	114666899	placeholder
8	31123612	31183394	8	32438156	32514185	placeholder
1	192805519	192812611	1	205340756	205348358	placeholder
1	126639066	126660995	1	133831638	133851913	placeholder
3	86281857	86292337	3	124570711	124587221	placeholder
14	2532856	2538054	15	2542945	2548472	placeholder
2	26869853	26896729	2	27741356	27782164	placeholder
3	137082394	137102691	3	69405724	69427104	placeholder
2	221952529	221968214	2	240847160	240869679	placeholder
3	202548014	202557723	3	545866	555096	placeholder
1	323919442	323944750	1	345458211	345483499	placeholder
1	293253416	293259122	1	313093230	313100340	placeholder
5	22591640	22607680	5	23146596	23160301	placeholder
1	239720261	239726305	1	255305876	255312295	placeholder
1	184298693	184324289	1	196217824	196233737	placeholder
13	18785390	18834098	12	34897	50627	placeholder
4	50101450	50119220	4	82156319	82177179	placeholder
1	261808084	261838754	1	279025986	279049488	placeholder
3	35338549	35453699	3	180401144	180508280	placeholder
1	160200686	160250943	1	169765385	169816736	placeholder
7	20672581	20696256	7	71708810	71741377	placeholder
3	165372891	165386262	3	38620216	38630139	placeholder
3	37981339	37983327	3	177583149	177585137	placeholder
5	86655407	86718129	5	86744009	86782235	placeholder
16	8141946	8173148	16	9137717	9176926	placeholder
13	7930077	7955605	12	10094852	10106206	placeholder
2	198524957	198542509	2	215528221	215546716	placeholder
7	29412199	29413702	7	62505115	62506618	placeholder
2	152215152	152233525	2	165909758	165932656	placeholder
3	169378216	169380777	3	34411746	34414331	placeholder
3	33969893	33989036	3	182028425	182050053	placeholder
14	2463496	2483302	15	2473471	2491058	placeholder
1	101790939	101869848	1	108319084	108406845	placeholder
15	12147592	12154359	14	17522051	17527315	placeholder
2	104625702	104655579	2	109434035	109467989	placeholder
2	154332734	154401100	2	168270218	168335360	placeholder
5	56026694	56040771	5	57856933	57876745	placeholder
1	116634708	116641299	1	123175599	123182292	placeholder
17	9770233	9790928	17	11149823	11170538	placeholder
1	319580289	319617211	1	340798344	340832857	placeholder
17	10714757	10724867	17	12104466	12116744	placeholder
8	26375659	26409279	8	27265498	27302783	placeholder
4	58738276	58834185	4	73857791	73958877	placeholder
19	3197703	3204087	19	2657420	2662653	placeholder
15	11428066	11443359	14	16873835	16886805	placeholder
5	50258174	50269291	5	51719154	51731690	placeholder
15	16664767	16670180	14	21177489	21187814	placeholder
2	143096696	143125858	2	156283706	156313830	placeholder
17	1102644	1121279	17	1870733	1891784	placeholder
1	90060946	90069435	1	95589609	95604440	placeholder
2	132837282	132851091	2	144868537	144880904	placeholder
8	64549386	64562309	8	66013389	66024521	placeholder
16	13060170	13066601	16	14360819	14367040	placeholder
8	53344889	53366608	8	55610514	55647917	placeholder
1	200747053	200748538	1	213630843	213632328	placeholder
8	58633111	58639351	8	61085988	61091877	placeholder
2	101870383	101887631	2	106419402	106440360	placeholder
6	70702522	70714580	6	73177501	73192384	placeholder
3	79390398	79401857	3	132091267	132104439	placeholder
6	96369695	96390159	6	103686434	103712967	placeholder
5	13974214	13993676	5	13801023	13823540	placeholder
1	269976209	269998441	1	287719832	287746433	placeholder
5	119015218	119049120	5	119955139	119989311	placeholder
4	89644671	89667076	4	41944442	41967071	placeholder
8	74953910	74968567	8	76304232	76319107	placeholder
13	2113558	2119442	12	17954288	17961424	placeholder
7	91420665	91422144	7	2589308	2590787	placeholder
14	3764003	3800173	15	3852669	3921235	placeholder
1	34398002	34526957	1	35505875	35618509	placeholder
4	49998157	50002961	4	82282038	82286871	placeholder
1	100792276	100817853	1	107199990	107228279	placeholder
13	8662509	8680142	12	9382670	9399218	placeholder
3	79778114	79883812	3	131576651	131691513	placeholder
3	195446949	195507308	3	6934183	6998125	placeholder
7	18011785	18047139	7	74338082	74378194	placeholder
2	153813558	153860003	2	167717022	167767639	placeholder
1	48821548	48843822	1	50998994	51025267	placeholder
3	46350278	46374336	3	168455276	168478177	placeholder
2	92150619	92167421	2	95995546	96010364	placeholder
15	13771713	13777324	14	18602754	18607536	placeholder
1	248560000	248561482	1	264887472	264888948	placeholder
16	7991379	7996006	16	8954158	8958378	placeholder
5	17103502	17178725	5	17297908	17368554	placeholder
1	257060310	257071969	1	273925887	273937757	placeholder
2	53437341	53460752	2	56877536	56903426	placeholder
1	62318377	62334374	1	65733759	65755276	placeholder
1	246483574	246505820	1	262661364	262686103	placeholder
6	38391499	38418904	6	38860178	38891196	placeholder
6	70902649	70919282	6	73411087	73428985	placeholder
14	430052	433425	15	401149	407214	placeholder
2	155013575	155029526	2	169031450	169052946	placeholder
13	12522593	12539146	12	5699054	5713464	placeholder
3	188199115	188207271	3	14645235	14653412	placeholder
2	241505881	241534330	2	262314606	262352905	placeholder
2	209758424	209768887	2	227568431	227579334	placeholder
15	7778235	7783188	14	13502142	13506185	placeholder
5	121153354	121236202	5	121983960	122054954	placeholder
5	24058736	24088573	5	24661393	24695033	placeholder
3	170644533	170650537	3	33088451	33095441	placeholder
7	16278205	16294815	7	76239754	76267298	placeholder
1	71228506	71239249	1	75254630	75266312	placeholder
1	204805478	204806939	1	217837794	217839255	placeholder
1	126438286	126446742	1	133619246	133628438	placeholder
1	316938971	316945958	1	337839518	337846319	placeholder
2	141418412	141431114	2	154402608	154420365	placeholder
3	28840255	28846237	3	187782348	187788782	placeholder
15	82106	93232	14	1071148	1115045	placeholder
8	39114042	39131753	8	41012276	41028140	placeholder
4	49144334	49224645	4	83084325	83183791	placeholder
8	70047896	70069531	8	71404860	71418773	placeholder
7	39547895	39560614	7	51854498	51865309	placeholder
7	75870213	75901269	7	18643260	18669126	placeholder
2	207490900	207521822	2	225232718	225266212	placeholder
1	250661891	250670886	1	267182367	267192142	placeholder
7	51171047	51218942	7	42399327	42418042	placeholder
4	23327525	23331595	4	109671763	109675756	placeholder
4	91890939	91898909	4	44376472	44383724	placeholder
4	86095253	86125494	4	48318323	48352505	placeholder
3	95528443	95553065	3	117185329	117221588	placeholder
1	335962376	336056818	1	358191563	358276686	placeholder
8	75194258	75203441	8	76581708	76590582	placeholder
10	884452	892627	11	24890076	24899418	placeholder
1	123229624	123264358	1	130342439	130388295	placeholder
7	56209690	56279515	7	37507535	37591523	placeholder
2	152242801	152263541	2	165942700	165963530	placeholder
3	147052100	147058576	3	58379856	58389457	placeholder
7	19872263	19897661	7	72610482	72638102	placeholder
7	91461931	91463326	7	2548131	2549526	placeholder
19	2262229	2268611	19	1965770	1970565	placeholder
2	219864289	219898652	2	238519541	238554404	placeholder
1	339949426	340019966	1	362310531	362315714	placeholder
13	931879	940999	12	20696022	20716240	placeholder
3	47290376	47311370	3	167632722	167654579	placeholder
7	30343317	30362941	7	61520066	61550161	placeholder
8	68554402	68587821	8	70394559	70428925	placeholder
14	4628631	4650364	15	4837999	4858807	placeholder
6	35016646	35043471	6	35267746	35286697	placeholder
3	200395791	200398180	3	2334110	2336241	placeholder
1	2050889	2073379	1	1605952	1625539	placeholder
14	16444792	16456610	15	19274277	19287538	placeholder
2	140872681	140878862	2	153831765	153837972	placeholder
1	317072497	317080805	1	337992763	338001894	placeholder
5	51837826	51870465	5	53420993	53443311	placeholder
1	4465066	4500055	1	3912117	3944920	placeholder
1	288519760	288548290	1	307853304	307887371	placeholder
8	35769226	35780746	8	37472296	37481479	placeholder
1	199086110	199108625	1	211973429	212000169	placeholder
1	158016596	158020998	1	167422599	167428751	placeholder
13	17561407	17583482	12	1160580	1183171	placeholder
11	22607990	22617887	10	395753	406247	placeholder
1	288323475	288341639	1	307628694	307640403	placeholder
1	166878980	166907957	1	176756192	176784464	placeholder
3	83326608	83365746	3	127873477	127908729	placeholder
1	99000343	99015298	1	105299459	105313576	placeholder
1	165944189	165958040	1	175744276	175757058	placeholder
1	130681895	130701394	1	138269869	138293193	placeholder
6	12804291	12809908	6	12025906	12033249	placeholder
4	86379812	86410957	4	48091059	48125329	placeholder
1	146488572	146542087	1	154854216	154922915	placeholder
1	222787557	222807764	1	237238891	237268851	placeholder
2	80285002	80298885	2	85059881	85072846	placeholder
1	279215099	279216542	1	297617908	297619351	placeholder
1	128857256	128880227	1	136413767	136435885	placeholder
3	158268143	158297990	3	46283711	46309527	placeholder
1	34056739	34139945	1	35110652	35214674	placeholder
4	11668635	11722401	4	122080035	122125575	placeholder
1	92027338	92049214	1	97797267	97816946	placeholder
1	314054969	314077011	1	334696363	334719872	placeholder
4	101153350	101198429	4	30915722	30947423	placeholder
7	54664118	54722321	7	40024257	40076116	placeholder
11	14784045	14790670	10	7539097	7544343	placeholder
1	281160548	281190599	1	299704806	299739570	placeholder
5	53829786	53846782	5	55825100	55842287	placeholder
1	25727981	25749243	1	25976897	26000402	placeholder
3	92818128	92835876	3	118515083	118532191	placeholder
7	92429376	92434751	7	1463650	1469491	placeholder
3	162948368	162974272	3	41252675	41283500	placeholder
1	143273951	143297035	1	151480258	151504398	placeholder
2	225498217	225511122	2	244628826	244644610	placeholder
3	148922370	148926489	3	56384854	56389449	placeholder
5	122087517	122101529	5	122831491	122843822	placeholder
3	24297763	24299194	3	192955804	192957235	placeholder
1	277976349	277989462	1	296270420	296282943	placeholder
14	15259398	15263439	15	18161683	18165683	placeholder
3	201133014	201154780	3	1663180	1688005	placeholder
4	34791836	34884657	4	97862279	97955252	placeholder
14	10182074	10201228	15	11105156	11128410	placeholder
8	57045461	57167268	8	59794357	59831089	placeholder
1	31309005	31310433	1	32034185	32035613	placeholder
7	16860795	16904845	7	75592940	75635222	placeholder
1	116591184	116603895	1	123121286	123133786	placeholder
2	89916718	89928763	2	93702086	93714746	placeholder
5	56062128	56074332	5	57890616	57911742	placeholder
3	38883837	38908035	3	176532202	176558964	placeholder
3	22379475	22389074	3	195022744	195032309	placeholder
1	73985391	74003859	1	78379528	78398137	placeholder
1	158385804	158428126	1	167817171	167865018	placeholder
16	12404908	12414828	16	13713021	13722892	placeholder
1	276761272	276789272	1	294962047	294987982	placeholder
1	329752108	329782063	1	351708602	351739036	placeholder
1	274442970	274477540	1	292469668	292503752	placeholder
1	104579710	104614076	1	111225590	111262930	placeholder
7	22727519	22746830	7	69526509	69545987	placeholder
1	240057305	240070942	1	255633990	255652042	placeholder
12	863418	872220	13	871911	880732	placeholder
2	91855614	91863311	2	95688183	95693917	placeholder
15	4003058	4004905	14	8954212	8959986	placeholder
16	2315239	2326995	16	2650806	2657693	placeholder
16	9681340	9684266	16	10784643	10788630	placeholder
12	109736	126012	13	99997	114614	placeholder
2	182246818	182256696	2	198127537	198138955	placeholder
3	45533719	45544575	3	169350180	169363321	placeholder
10	16040089	16046236	11	9484169	9490944	placeholder
1	296577548	296606000	1	316780677	316804377	placeholder
1	43165127	43183991	1	44773625	44798971	placeholder
7	47967513	47992692	7	44384683	44401568	placeholder
3	192022617	192071736	3	10481492	10532188	placeholder
1	134436990	134535526	1	142226651	142355541	placeholder
3	193859570	193893189	3	8599494	8633007	placeholder
12	8189375	8194756	13	8633600	8638735	placeholder
14	5219785	5230822	15	5470220	5481068	placeholder
1	315776560	315794427	1	336600816	336620009	placeholder
7	5976760	5994566	7	86961489	86977039	placeholder
1	228142749	228144168	1	242924560	242925979	placeholder
1	36012510	36022786	1	37175305	37189767	placeholder
16	12142675	12149408	16	13449275	13456084	placeholder
2	221230325	221245481	2	240067965	240082917	placeholder
15	4228535	4273866	14	9309293	9359061	placeholder
14	4780342	4793197	15	4990677	5004355	placeholder
1	307225049	307397669	1	328070144	328242776	placeholder
5	51872243	51884955	5	53445990	53462526	placeholder
17	8387489	8391113	17	9788753	9793671	placeholder
16	11847794	11855489	16	13157013	13163262	placeholder
2	18523751	18534374	2	18596340	18610074	placeholder
14	260286	273505	15	234162	247259	placeholder
1	177075470	177086152	1	190224116	190232434	placeholder
2	208827417	208828863	2	226542546	226543992	placeholder
17	8273988	8280760	17	9673581	9680227	placeholder
1	151905143	151924083	1	160761039	160778776	placeholder
1	339399770	339414610	1	361772987	361805640	placeholder
1	296873807	296911740	1	317066380	317118802	placeholder
3	117403172	117421978	3	91248303	91267541	placeholder
3	64597510	64603063	3	147743795	147749356	placeholder
5	13734949	13746614	5	13560544	13572802	placeholder
4	23989702	23994712	4	108876718	108882860	placeholder
16	12675188	12681579	16	13981658	13987798	placeholder
15	10426810	10454999	14	15989029	16011506	placeholder
12	9217744	9230450	13	9743917	9755542	placeholder
1	316938381	316942276	1	337838924	337842614	placeholder
19	4775132	4786570	19	4281296	4290580	placeholder
7	10674606	10692704	7	82210590	82225726	placeholder
2	20978175	20993700	2	21111549	21127429	placeholder
7	81839808	81856598	7	12400642	12416713	placeholder
3	118464898	118529638	3	90036732	90109499	placeholder
14	15217405	15225300	15	18117676	18124242	placeholder
1	40887882	40903821	1	42392305	42411450	placeholder
4	26399239	26420242	4	106682043	106703205	placeholder
1	98837603	98853931	1	105137077	105155535	placeholder
7	39555303	39560602	7	51854504	51856393	placeholder
1	249669156	249696465	1	266038873	266070008	placeholder
7	8515810	8523367	7	84409722	84421138	placeholder
1	340480389	340492486	1	362759445	362775477	placeholder
1	329415245	329431728	1	351341568	351355834	placeholder
11	6995812	7020122	10	15183418	15213710	placeholder
2	154890802	154913522	2	168894203	168918864	placeholder
1	247695402	247713723	1	263955257	263971161	placeholder
1	130769559	130815481	1	138358735	138426363	placeholder
5	26300172	26316273	5	27081548	27093776	placeholder
1	104795261	104801774	1	111488584	111494196	placeholder
1	11982275	11996916	1	11308606	11325801	placeholder
6	72640400	72660749	6	75060598	75086561	placeholder
1	215370584	215416932	1	229302279	229343083	placeholder
11	280494	294247	10	23660908	23694249	placeholder
4	20289371	20307143	4	113099458	113122074	placeholder
2	191530232	191552573	2	208194844	208211961	placeholder
14	5048972	5053127	15	5285695	5290011	placeholder
3	141081237	141082635	3	65045825	65047223	placeholder
7	14437459	14459346	7	78181537	78206502	placeholder
7	19387077	19388481	7	73142189	73143593	placeholder
13	15801031	15810904	12	2794116	2799979	placeholder
1	22932854	22946179	1	22920673	22934213	placeholder
8	54368250	54457203	8	57081073	57196898	placeholder
1	9800662	9893116	1	9171896	9260647	placeholder
1	63972848	63984814	1	67554550	67569075	placeholder
7	93118961	93131152	7	637279	648503	placeholder
7	29432837	29435517	7	62484008	62486672	placeholder
6	59730069	59763982	6	60951658	60981952	placeholder
2	201998995	202012636	2	219236009	219239675	placeholder
3	156493667	156506003	3	48199670	48222483	placeholder
2	182417111	182418898	2	198329054	198330846	placeholder
2	234353709	234379702	2	254268063	254305275	placeholder
1	238331589	238384838	1	253823242	253890761	placeholder
1	177094100	177120898	1	190241250	190270303	placeholder
6	58136088	58141055	6	59235626	59240452	placeholder
19	1217378	1219105	19	1119573	1121395	placeholder
2	192165835	192185321	2	208869779	208886602	placeholder
3	168581571	168627188	3	35170678	35228825	placeholder
2	152434464	152439475	2	166167685	166172375	placeholder
4	49662164	49676423	4	82586474	82596308	placeholder
3	163149100	163160118	3	41075496	41086396	placeholder
2	43743435	43758643	2	46384702	46399437	placeholder
5	121350800	121385071	5	122149469	122178900	placeholder
1	155562391	155592550	1	164673361	164703266	placeholder
3	137505455	137516626	3	68970007	68981574	placeholder
16	12361776	12363831	16	13669459	13671510	placeholder
1	129055588	129244680	1	136515851	136704053	placeholder
18	5106865	5115656	18	5794911	5805453	placeholder
5	45680854	45685540	5	47056449	47061689	placeholder
1	71689142	71712878	1	75782942	75812186	placeholder
2	232746978	232765992	2	252548191	252569329	placeholder
6	3503104	3510711	6	3569917	3579355	placeholder
3	148612712	148653313	3	56678790	56720027	placeholder
6	83378691	83426934	6	84647247	84687634	placeholder
12	1416682	1457451	13	1419559	1463409	placeholder
3	147770883	147773951	3	57577540	57580663	placeholder
1	279132924	279137009	1	297516978	297523161	placeholder
1	286982706	286999457	1	306229054	306245678	placeholder
13	637120	643363	12	23112745	23118748	placeholder
2	100839834	100849117	2	105342253	105352641	placeholder
17	7533284	7540956	17	8900677	8908833	placeholder
1	254691570	254702318	1	271390022	271401380	placeholder
4	42072117	42117486	4	90320750	90389402	placeholder
4	29466019	29496618	4	103374604	103405873	placeholder
2	198572373	198618203	2	215585903	215636335	placeholder
12	554121	559384	13	560348	565535	placeholder
8	21788047	21800365	8	22145642	22164085	placeholder
5	38765438	38773988	5	40091040	40101698	placeholder
5	23407434	23417099	5	24054749	24066681	placeholder
16	2280445	2307751	16	2592781	2643747	placeholder
2	209524640	209537027	2	227319196	227333488	placeholder
6	36950455	37147177	6	37359024	37600702	placeholder
15	3558357	3559743	14	8269351	8270737	placeholder
2	75926705	75937330	2	81035216	81045100	placeholder
5	45717110	45775592	5	47094051	47146692	placeholder
6	82508490	82512910	6	83737964	83742453	placeholder
7	56107083	56116951	7	37700653	37710451	placeholder
4	46682196	46685336	4	85621346	85624249	placeholder
7	28336550	28360487	7	63624196	63648049	placeholder
1	205008691	205014445	1	218053717	218058958	placeholder
8	43714267	43727322	8	46068109	46080741	placeholder
3	33887357	33894796	3	182128551	182134052	placeholder
1	274485762	274503268	1	292515727	292534499	placeholder
3	119357644	119367922	3	89292154	89300632	placeholder
7	79460689	79467306	7	14867417	14872886	placeholder
1	149916901	149937838	1	158591909	158610777	placeholder
1	252548783	252554279	1	269186197	269196789	placeholder
7	36686302	36689043	7	54922424	54925170	placeholder
11	12565062	12568140	10	9635426	9638738	placeholder
1	115386481	115396186	1	121816524	121826808	placeholder
1	265410784	265430625	1	282776201	282805046	placeholder
14	5056433	5065454	15	5294346	5303566	placeholder
1	160126051	160141155	1	169667619	169677132	placeholder
19	137502	142064	19	95542	100454	placeholder
13	8101585	8105910	12	9996150	10001968	placeholder
1	51403826	51419686	1	53821296	53832602	placeholder
3	97916337	97986300	3	116102255	116151720	placeholder
2	100505034	100513127	2	104940250	104948348	placeholder
3	10667846	10705254	3	207574289	207616737	placeholder
5	69078318	69101082	5	70972413	70992759	placeholder
2	217323437	217346454	2	235893595	235918322	placeholder
4	28173431	28204663	4	104774890	104807772	placeholder
2	217011707	217031415	2	235541179	235563854	placeholder
17	10053815	10060053	17	11695186	11700770	placeholder
1	333238263	333254108	1	355320548	355335105	placeholder
1	286779910	286797195	1	306001390	306018994	placeholder
2	199791159	199792512	2	216878960	216880313	placeholder
1	257014175	257030637	1	273877361	273893592	placeholder
2	92107211	92135357	2	95954216	95978171	placeholder
17	10685720	10699961	17	11986317	11994153	placeholder
13	18762078	18767276	12	68577	73782	placeholder
2	32174526	32175900	2	33742218	33743577	placeholder
1	63208526	63211678	1	66723955	66726980	placeholder
3	119331469	119344139	3	89316758	89331998	placeholder
5	49303793	49324911	5	50700564	50715831	placeholder
1	153365541	153372226	1	162319863	162328399	placeholder
1	267479379	267484178	1	285027177	285033115	placeholder
6	41829826	41848225	6	42424053	42445840	placeholder
2	18851159	18866637	2	18929569	18945255	placeholder
2	189945508	189954748	2	206491232	206497630	placeholder
1	313087002	313127139	1	333682492	333729275	placeholder
2	31181684	31204423	2	32815989	32840629	placeholder
2	85934076	85939415	2	89928699	89934488	placeholder
17	7546469	7552839	17	8914025	8920310	placeholder
1	340299884	340301168	1	362568303	362569626	placeholder
1	66671459	66681791	1	70460382	70470163	placeholder
8	66727384	66734356	8	68476792	68482650	placeholder
2	155583189	155592900	2	169658713	169667936	placeholder
6	73064743	73078299	6	77382516	77398079	placeholder
3	178263835	178286449	3	24979960	25001190	placeholder
8	11380664	11397936	8	11005495	11018955	placeholder
1	179406121	179410032	1	192225082	192232228	placeholder
15	16903214	16908629	14	21363667	21385878	placeholder
2	179204059	179205418	2	194886308	194887664	placeholder
3	191919393	191952940	3	10601227	10630097	placeholder
16	3912112	3933480	16	4461106	4490432	placeholder
5	119478761	119490816	5	120439745	120450896	placeholder
1	339838642	339848053	1	362156508	362166218	placeholder
16	1103030	1125994	16	1329119	1345940	placeholder
7	62277820	62327924	7	32388877	32395280	placeholder
1	182591147	182631811	1	194761890	194804155	placeholder
1	306056789	306058307	1	326760423	326761941	placeholder
1	279237679	279245003	1	297640845	297647781	placeholder
2	195286493	195303048	2	212253986	212268321	placeholder
11	22557070	22561374	10	455657	459950	placeholder
3	13892063	13893596	3	204183187	204184741	placeholder
3	179562322	179564227	3	23721952	23723861	placeholder
3	89774104	89775427	3	120788414	120789722	placeholder
10	16040101	16046146	11	9484256	9490941	placeholder
3	147256104	147349674	3	58055185	58159692	placeholder
3	22823132	22839040	3	194529688	194542434	placeholder
1	324697143	324719411	1	346335768	346352185	placeholder
7	33194899	33207002	7	58487686	58495538	placeholder
1	33264247	33265597	1	34236167	34237517	placeholder
15	8662272	8670464	14	14393808	14402217	placeholder
1	307032265	307069546	1	327832271	327876494	placeholder
8	69671732	69701655	8	71158643	71191973	placeholder
14	355113	360749	15	327704	333269	placeholder
11	14633471	14722868	10	7606013	7695264	placeholder
5	91451630	91472431	5	91383900	91411439	placeholder
1	214882090	214898479	1	228781848	228801282	placeholder
1	49734787	49767443	1	52028225	52065374	placeholder
1	301938466	301946931	1	322610776	322621129	placeholder
1	288042912	288065295	1	307322617	307353719	placeholder
12	2078750	2086640	13	2118737	2137379	placeholder
13	18711571	18713714	12	118882	121136	placeholder
3	47949566	47950907	3	166872600	166873941	placeholder
2	154774479	154783814	2	168754156	168774129	placeholder
14	13425821	13445546	15	16262521	16280437	placeholder
1	204860981	204875402	1	217904218	217918151	placeholder
17	4899551	4930306	17	6230930	6242279	placeholder
1	242392145	242404248	1	258352691	258361928	placeholder
5	92366842	92386334	5	92356129	92385592	placeholder
1	234239549	234260779	1	249476342	249493213	placeholder
7	51650676	51657543	7	42205636	42210199	placeholder
2	18225679	18227023	2	18298261	18299605	placeholder
2	157687514	157707292	2	171888716	171911239	placeholder
11	21192930	21198499	10	1610973	1616189	placeholder
12	8485544	8490159	13	8948410	8953700	placeholder
3	107640936	107663506	3	105335442	105358659	placeholder
7	34782150	34812213	7	56877714	56906342	placeholder
14	2325717	2333349	15	2342987	2350323	placeholder
2	30403033	30418059	2	31986139	32000365	placeholder
5	59916222	59921298	5	62115095	62120286	placeholder
3	25022713	25050816	3	192063285	192085880	placeholder
3	22676168	22693750	3	194674408	194695165	placeholder
3	20814150	20834324	3	196875325	196901368	placeholder
3	62981577	62990205	3	149524100	149534806	placeholder
7	81548859	81599609	7	12663061	12724233	placeholder
8	7771699	7773022	8	7409571	7410882	placeholder
1	279084830	279102631	1	297464812	297482266	placeholder
3	79475689	79482130	3	132001659	132008779	placeholder
4	94399984	94441500	4	38588370	38624560	placeholder
2	84796832	84807664	2	88871903	88887587	placeholder
1	321132898	321152962	1	342360287	342384941	placeholder
3	155807244	155819386	3	48975073	48986775	placeholder
3	169651136	169670556	3	34095414	34110964	placeholder
15	15293825	15300584	14	19886321	19932562	placeholder
7	61853651	61952432	7	32713436	32814080	placeholder
1	96044933	96087137	1	102148361	102185993	placeholder
1	331274424	331327920	1	353337061	353389606	placeholder
15	13749545	13753806	14	18581537	18586075	placeholder
1	302106912	302123749	1	322790654	322817027	placeholder
1	250284367	250291010	1	266651377	266657730	placeholder
3	24598524	24608375	3	192600680	192611256	placeholder
7	90888674	90898260	7	3149602	3158617	placeholder
4	68002454	68013256	4	64438570	64448507	placeholder
1	334708563	334731889	1	356890762	356908192	placeholder
18	9651194	9657416	18	10357463	10363297	placeholder
6	5829286	5854411	6	5741514	5777581	placeholder
16	593047	633361	16	837058	873789	placeholder
4	89700636	89715150	4	42004034	42018181	placeholder
18	2895946	2909228	18	3711336	3722912	placeholder
3	50688940	50699907	3	163757609	163769238	placeholder
16	7600530	7620113	16	8515517	8537868	placeholder
2	199239972	199253986	2	216305017	216319070	placeholder
7	52601027	52706084	7	41711589	41768853	placeholder
7	79917786	79950209	7	14352969	14389586	placeholder
8	76365399	76377728	8	77140589	77158412	placeholder
5	52873799	52884170	5	54783475	54799330	placeholder
7	22386944	22425577	7	69884726	69926916	placeholder
1	340231323	340253011	1	362500971	362522895	placeholder
8	59283879	59311468	8	61501448	61518801	placeholder
1	104886450	104900072	1	111587761	111600857	placeholder
11	20120297	20129186	10	2569047	2578250	placeholder
6	61173520	61188801	6	62754031	62774104	placeholder
1	329592180	329593497	1	351539800	351541117	placeholder
3	159698446	159705021	3	44684282	44691146	placeholder
7	44768409	44775191	7	46950848	46957091	placeholder
5	5718216	5737810	5	5386892	5401930	placeholder
3	34621155	34633004	3	181312057	181326952	placeholder
6	96318502	96339086	6	103748987	103776412	placeholder
5	119459066	119469851	5	120415207	120428361	placeholder
10	14571234	14590861	11	10522695	10540709	placeholder
7	52007836	52025496	7	41975840	41986459	placeholder
1	81079231	81088175	1	85771177	85781694	placeholder
4	25559300	25574093	4	107550278	107564227	placeholder
1	115932809	115950647	1	122410591	122431385	placeholder
2	16986560	17004801	2	16917583	16938967	placeholder
1	189312257	189334663	1	201554759	201596006	placeholder
3	153673231	153679158	3	51344081	51350108	placeholder
5	7907643	7925457	5	7619728	7665622	placeholder
1	72223582	72253414	1	76373004	76399267	placeholder
8	60415418	60423115	8	62392709	62401214	placeholder
2	53342598	53403569	2	56796506	56858125	placeholder
19	1668943	1678460	19	1474117	1480836	placeholder
1	194034524	194057501	1	206679556	206702660	placeholder
6	99056773	99069765	6	100441832	100458829	placeholder
3	51147321	51156160	3	163334933	163342995	placeholder
1	25225921	25227223	1	25449020	25450322	placeholder
12	9474063	9487593	13	10012521	10025928	placeholder
10	1613620	1620538	11	21991402	21999991	placeholder
16	8843129	8860957	16	9925886	9947176	placeholder
6	3883645	3890997	6	3890600	3900590	placeholder
1	29783630	29786388	1	30405278	30408038	placeholder
2	21757251	21761319	2	21957289	21961718	placeholder
1	291493811	291582011	1	311109947	311191970	placeholder
4	30525475	30538311	4	102268356	102286571	placeholder
3	172676473	172694550	3	30984550	31002440	placeholder
5	10024765	10026067	5	9726370	9727672	placeholder
5	30869545	30879903	5	31902644	31913304	placeholder
7	31425718	31431328	7	60419492	60425340	placeholder
6	3136029	3147946	6	3203599	3214720	placeholder
4	60710220	60775760	4	72021101	72084842	placeholder
5	30922694	30954058	5	31976085	32022480	placeholder
2	199598946	199607209	2	216674213	216685832	placeholder
5	64991784	65007484	5	67182680	67199947	placeholder
13	12807006	12825640	12	5441237	5455012	placeholder
2	234014009	234208683	2	253920130	254105428	placeholder
1	286810628	286819209	1	306032717	306048109	placeholder
7	81445999	81491370	7	12792575	12835872	placeholder
10	139758	149429	11	23358192	23368605	placeholder
19	3074461	3088427	19	2768073	2781598	placeholder
5	32405916	32407101	5	33482190	33483348	placeholder
5	64677228	64699089	5	66883648	66909568	placeholder
3	159663227	159686645	3	44703971	44732201	placeholder
2	103871544	103901182	2	108661484	108685453	placeholder
5	120621595	120629324	5	121502119	121509736	placeholder
1	116089222	116128026	1	122581631	122616461	placeholder
15	8921977	8965697	14	14647313	14687445	placeholder
7	2424844	2440025	7	90112881	90126625	placeholder
15	16237900	16239169	14	20782667	20783927	placeholder
8	64511389	64518468	8	65978681	65984958	placeholder
2	241551515	241560027	2	262366684	262374689	placeholder
4	75324109	75354273	4	57655340	57707677	placeholder
1	33629882	33635234	1	34605210	34612003	placeholder
1	283303008	283321709	1	302108216	302118275	placeholder
14	3195325	3205256	15	3279209	3287228	placeholder
17	1567989	1575446	17	3212440	3218994	placeholder
16	8119868	8129326	16	9114822	9124498	placeholder
1	61019845	61028222	1	64334597	64341926	placeholder
5	14055038	14064582	5	13886447	13897632	placeholder
1	99821454	99893729	1	106115696	106190700	placeholder
4	40636274	40639900	4	91915167	91918820	placeholder
1	340043920	340049550	1	362337313	362344292	placeholder
8	60353387	60372745	8	62344155	62359501	placeholder
5	30800905	30810066	5	31826303	31838716	placeholder
14	12652368	12664806	15	15131162	15152740	placeholder
7	92926791	92940356	7	790051	807956	placeholder
2	222496841	222513723	2	241458824	241471459	placeholder
14	6529227	6536075	15	6939135	6946100	placeholder
16	12469165	12472783	16	13777493	13781332	placeholder
7	65802764	65853735	7	27286176	27341142	placeholder
4	24896917	24925388	4	108133660	108169540	placeholder
2	93505418	93521026	2	97487998	97504290	placeholder
5	13370059	13400044	5	13209479	13240360	placeholder
3	79758955	79766291	3	131701249	131712596	placeholder
3	170510964	170525970	3	33228470	33244358	placeholder
6	38339249	38343614	6	38829738	38834071	placeholder
1	74029708	74054316	1	78426907	78453601	placeholder
6	95169298	95243722	6	99791635	99875894	placeholder
4	31912210	31958622	4	100816445	100861256	placeholder
8	3290201	3338318	8	3016439	3068553	placeholder
5	21083681	21157733	5	21455500	21523647	placeholder
19	2559848	2564479	19	1705785	1710306	placeholder
10	844367	850185	11	24790049	24801788	placeholder
13	16468162	16478169	12	2181635	2191636	placeholder
1	336365921	336386741	1	358570149	358587236	placeholder
1	51437650	51453643	1	53853380	53871087	placeholder
13	18356319	18358701	12	462797	465200	placeholder
12	9007553	9018802	13	9473123	9483415	placeholder
3	140994058	140999287	3	65126065	65131140	placeholder
8	44192194	44218561	8	46541464	46581487	placeholder
5	57419697	57446781	5	59512803	59535392	placeholder
7	27166553	27167807	7	64881611	64882850	placeholder
1	36087514	36102059	1	37251132	37263140	placeholder
4	4110673	4118271	4	130119835	130129012	placeholder
3	134623379	134647147	3	72143727	72162506	placeholder
11	22804769	22813342	10	202198	210736	placeholder
2	64231923	64233198	2	68411016	68412291	placeholder
1	181310451	181343278	1	193687408	193719813	placeholder
15	838530	840777	14	2696743	2698939	placeholder
17	8537390	8538614	17	9947539	9948769	placeholder
1	280988810	281066195	1	299542160	299605903	placeholder
4	51238706	51254593	4	80979519	80995994	placeholder
4	63637609	63638848	4	69006549	69007788	placeholder
1	195278638	195291210	1	208054556	208069309	placeholder
16	10801898	10803672	16	12014803	12016605	placeholder
19	5921398	5927000	19	5302509	5307128	placeholder
15	654434	662283	14	2239880	2249022	placeholder
1	166685588	166708183	1	176550011	176574401	placeholder
6	38119812	38133864	6	38632135	38646859	placeholder
12	1158867	1166855	13	1169335	1177694	placeholder
10	5017380	5024915	11	17329532	17335799	placeholder
11	18913833	18925817	10	3633893	3645664	placeholder
2	47455806	47473002	2	50442754	50461549	placeholder
12	9200484	9215104	13	9728407	9741308	placeholder
2	159770554	159842150	2	174217914	174302199	placeholder
1	51455735	51467344	1	53873144	53883035	placeholder
7	28694916	28696194	7	63249040	63250315	placeholder
15	9387493	9393947	14	15081108	15087984	placeholder
2	215613580	215620026	2	234066174	234075069	placeholder
1	106517467	106549278	1	113280901	113330434	placeholder
17	10298452	10301733	17	11458421	11462310	placeholder
4	62510600	62522352	4	70064160	70075966	placeholder
19	3105684	3116569	19	2732847	2743258	placeholder
7	14677630	14687138	7	77960391	77970330	placeholder
13	11159674	11170615	12	6865486	6875283	placeholder
6	47282144	47293590	6	48010211	48021811	placeholder
10	10332413	10344985	11	12745358	12751482	placeholder
13	3362049	3368876	12	15781968	15794142	placeholder
6	42405476	42417171	6	43003191	43023921	placeholder
3	71220739	71238976	3	140789677	140811125	placeholder
5	44519636	44540146	5	45850409	45868861	placeholder
2	207639546	207641363	2	225391931	225393726	placeholder
8	70105921	70131894	8	71448053	71476911	placeholder
6	42882611	42896667	6	43482093	43501208	placeholder
6	24338207	24355795	6	23964286	23981996	placeholder
4	22873092	23004751	4	109960978	110112705	placeholder
3	160251067	160256505	3	44203120	44208471	placeholder
6	41821492	41822731	6	42415960	42417199	placeholder
3	110940929	110942192	3	99051502	99052765	placeholder
11	17596780	17605342	10	4901204	4909435	placeholder
3	194617436	194657443	3	7831216	7869906	placeholder
10	3231306	3259372	11	19500910	19542019	placeholder
5	91952454	91971115	5	91923390	91939544	placeholder
2	209546491	209560287	2	227342903	227361112	placeholder
13	645993	651656	12	23121154	23129266	placeholder
7	80021645	80036740	7	14260306	14277776	placeholder
2	191512196	191520908	2	208180067	208188568	placeholder
8	27950969	27982180	8	28918266	28953247	placeholder
7	8872015	8874436	7	84035019	84037028	placeholder
11	12552542	12555670	10	9648137	9651180	placeholder
1	185173902	185194586	1	197065943	197096335	placeholder
3	16184797	16193661	3	201727815	201736338	placeholder
12	664848	668627	13	669201	672907	placeholder
13	1828917	1859387	12	18401332	18475419	placeholder
1	63404924	63415450	1	66918449	66928635	placeholder
11	21362443	21367736	10	1453608	1458742	placeholder
11	20274638	20281337	10	2419626	2425766	placeholder
3	172848198	172849889	3	30808508	30810925	placeholder
1	232359832	232361086	1	247533519	247534773	placeholder
19	7306176	7316693	19	6580644	6598651	placeholder
8	78840183	78846594	8	80317896	80325524	placeholder
2	243612639	243629516	2	264397483	264424424	placeholder
5	122752270	122755460	5	123471112	123474101	placeholder
1	116646586	116655867	1	123186250	123195448	placeholder
4	4128805	4141761	4	130091565	130103525	placeholder
2	159526696	159561244	2	173946244	173990421	placeholder
1	251162305	251199329	1	267728259	267773766	placeholder
3	34788980	34798456	3	181130791	181140720	placeholder
1	117132222	117145892	1	123675599	123742411	placeholder
3	125114560	125132482	3	82635130	82651124	placeholder
7	27236416	27253535	7	64787237	64805494	placeholder
5	27016061	27030575	5	27845966	27859887	placeholder
13	17050601	17098710	12	1616936	1655270	placeholder
15	7110245	7123064	14	12797007	12810115	placeholder
3	65793206	65817379	3	146402450	146425068	placeholder
12	9253953	9291131	13	9780704	9812529	placeholder
1	104196069	104219802	1	110836823	110863753	placeholder
3	145768783	145781091	3	59836884	59850441	placeholder
2	55263839	55292514	2	58865673	58894675	placeholder
14	2377473	2378727	15	2396114	2397368	placeholder
15	16977197	16978545	14	21446979	21448333	placeholder
2	225644397	225648425	2	244795448	244799576	placeholder
4	4659586	4660846	4	129621869	129623126	placeholder
7	85526691	85536785	7	8720778	8729465	placeholder
17	8228748	8233813	17	9626417	9631933	placeholder
3	141627877	141636550	3	64456852	64469449	placeholder
1	152579539	152627768	1	161489110	161546166	placeholder
19	5275867	5278780	19	4737018	4740519	placeholder
1	254556653	254566410	1	271229616	271240182	placeholder
2	197259444	197271027	2	214207574	214220656	placeholder
6	98696126	98708310	6	100920196	100932327	placeholder
6	18392184	18405832	6	17707660	17718750	placeholder
7	20642117	20653076	7	71761006	71774658	placeholder
1	38767805	38790192	1	40157674	40187559	placeholder
4	93141032	93175523	4	40145175	40179782	placeholder
1	335050408	335066890	1	357285039	357301016	placeholder
15	12081624	12097815	14	17462202	17474113	placeholder
5	88278427	88299753	5	88119940	88165831	placeholder
1	150352278	150384868	1	159067675	159104257	placeholder
1	119094903	119136102	1	125830444	125857571	placeholder
5	10438610	10469460	5	10146581	10171545	placeholder
5	32715205	32751510	5	33829774	33870244	placeholder
2	204370296	204391429	2	221823912	221849895	placeholder
3	25062277	25069164	3	192050301	192056876	placeholder
1	50482327	50504036	1	52819016	52844713	placeholder
1	2606632	2635830	1	2107178	2125340	placeholder
15	16980886	16988119	14	21450876	21457686	placeholder
3	147859923	147872119	3	57460135	57475120	placeholder
4	44943075	45092049	4	87065891	87366828	placeholder
1	1909854	1940693	1	1491233	1518961	placeholder
2	149900275	149904739	2	163476983	163481835	placeholder
10	5301126	5316982	11	17035584	17048988	placeholder
11	3055001	3077368	10	19650865	19685338	placeholder
2	154574260	154595519	2	168513227	168528692	placeholder
2	40569154	40584452	2	42857962	42877746	placeholder
5	110420843	110434971	5	111048890	111066247	placeholder
4	7824002	7841224	4	126685797	126704545	placeholder
1	302251649	302274691	1	322962757	322981957	placeholder
1	289257526	289274939	1	308611944	308622584	placeholder
2	133171209	133190918	2	145237203	145257644	placeholder
6	10636752	10645618	6	9743090	9751671	placeholder
13	2305286	2306531	12	17492627	17493872	placeholder
6	36724562	36744851	6	37149254	37165797	placeholder
2	157655419	157669865	2	171853302	171869031	placeholder
15	6760763	6776292	14	12406327	12424447	placeholder
5	88672206	88684822	5	88490435	88502642	placeholder
4	87588588	87592201	4	46771214	46772435	placeholder
4	41991657	42005476	4	90459101	90473992	placeholder
6	60120205	60130619	6	61615030	61628323	placeholder
5	55301516	55323112	5	57240909	57258984	placeholder
5	91395276	91405649	5	91322893	91331932	placeholder
17	8234614	8249651	17	9633512	9638112	placeholder
3	153958094	153979193	3	50991626	51013769	placeholder
2	143169237	143194226	2	156361059	156386652	placeholder
7	2539795	2556962	7	89987934	90001801	placeholder
3	55568939	55586899	3	157547160	157567120	placeholder
1	99729872	99752471	1	106024822	106044857	placeholder
11	14481119	14507320	10	7826998	7851349	placeholder
1	283287055	283296985	1	302092149	302100888	placeholder
8	27908440	27916250	8	28872992	28887223	placeholder
11	1149395	1152428	10	26013159	26016224	placeholder
11	8283986	8286080	10	13752653	13754678	placeholder
6	74749577	74766045	6	78696542	78717610	placeholder
1	269824774	269836833	1	287565153	287578955	placeholder
1	226486080	226487319	1	241158721	241159960	placeholder
14	5240166	5244118	15	5494325	5498524	placeholder
3	29977109	30007468	3	186479690	186512871	placeholder
13	7785189	7797590	12	10276855	10293101	placeholder
5	30246305	30250433	5	31250208	31255245	placeholder
3	10347067	10372912	3	207934996	207959407	placeholder
6	44940788	44946270	6	45541203	45548055	placeholder
1	289720032	289804798	1	309125758	309213377	placeholder
2	230185698	230210865	2	249742622	249775054	placeholder
5	93956284	93991435	5	93949472	93983612	placeholder
7	28216147	28218982	7	63770979	63773748	placeholder
5	30206004	30216562	5	31198741	31210106	placeholder
8	38038564	38054209	8	39956418	39977009	placeholder
11	1853057	1863028	10	21608485	21612787	placeholder
12	8393503	8402068	13	8852164	8860064	placeholder
2	103625697	103670889	2	108387029	108415703	placeholder
1	29211370	29212522	1	29787090	29788242	placeholder
3	59078219	59138377	3	153734393	153792493	placeholder
8	830064	834994	8	726324	730917	placeholder
1	106652072	106688546	1	113440025	113468884	placeholder
17	2225653	2231714	17	3683768	3694663	placeholder
1	328494019	328528184	1	350371871	350409385	placeholder
1	268304749	268308602	1	285878949	285883568	placeholder
3	157850582	157873982	3	46794432	46822673	placeholder
4	91315492	91335893	4	43786649	43805220	placeholder
3	67646737	67664262	3	144632100	144653728	placeholder
4	81391032	81401533	4	52767688	52780545	placeholder
3	3783724	3784951	3	214787615	214788842	placeholder
2	132881813	132955703	2	144906258	144995176	placeholder
2	144170999	144172262	2	157372894	157374160	placeholder
2	138015879	138024571	2	150587907	150601648	placeholder
3	21456200	21462824	3	196126334	196135386	placeholder
14	7512030	7520866	15	8031164	8041014	placeholder
3	131412743	131505074	3	75527311	75627768	placeholder
1	267612655	267645963	1	285168090	285201317	placeholder
3	59682219	59703050	3	153167957	153180370	placeholder
2	10966939	10982575	2	10607857	10622812	placeholder
4	59421577	59437157	4	73262856	73282656	placeholder
1	22959732	22971485	1	22946482	22968066	placeholder
2	86876523	86885410	2	90743405	90744584	placeholder
13	10198576	10208345	12	7766207	7776465	placeholder
1	258626692	258631281	1	275750408	275754103	placeholder
17	10035169	10040955	17	11714129	11719547	placeholder
7	10563162	10598296	7	82305554	82336417	placeholder
2	12362763	12363987	2	11786986	11788210	placeholder
15	14100081	14120664	14	18881166	18899844	placeholder
1	8323843	8324986	1	7556897	7558043	placeholder
3	192083165	192098891	3	10446676	10464133	placeholder
2	132856276	132872347	2	144885585	144897262	placeholder
4	30319595	30343163	4	102467199	102486801	placeholder
5	92579428	92589311	5	92608941	92618770	placeholder
6	56264290	56276862	6	57380595	57398042	placeholder
11	11518647	11574664	10	10547643	10605142	placeholder
6	71090532	71108085	6	73649131	73652586	placeholder
7	36050627	36070542	7	55600937	55619625	placeholder
3	50661089	50680215	3	163776876	163792370	placeholder
1	237996840	238041316	1	253491991	253534422	placeholder
2	204257682	204258900	2	221704810	221706028	placeholder
5	64720762	64753816	5	66930304	66970528	placeholder
1	103156396	103253365	1	109781162	109882264	placeholder
1	170421444	170439833	1	180665810	180688479	placeholder
1	125436893	125441485	1	132640924	132645500	placeholder
10	6881559	6904308	11	15518818	15540961	placeholder
1	22975793	22986434	1	22973399	22986332	placeholder
6	38203204	38223406	6	38716146	38734954	placeholder
15	10286432	10298323	14	15864958	15880665	placeholder
3	123363747	123368958	3	84749799	84755905	placeholder
3	172527237	172551776	3	31130940	31163443	placeholder
5	3899937	3905349	5	3675533	3680182	placeholder
5	38787822	38807597	5	40111519	40125094	placeholder
10	7435711	7457041	11	15028837	15048787	placeholder
14	5812431	5823534	15	6143775	6156810	placeholder
17	10704232	10708069	17	11972739	11976423	placeholder
2	66727476	66741783	2	71216157	71230342	placeholder
2	226648401	226656239	2	245833279	245840338	placeholder
1	63319538	63352542	1	66840192	66863078	placeholder
4	83092716	83151716	4	50876466	50918137	placeholder
1	221779863	221786211	1	236151516	236155973	placeholder
5	9662719	9682365	5	9330526	9348455	placeholder
6	26517838	26543915	6	26409381	26424728	placeholder
8	23620235	23633652	8	24136285	24149922	placeholder
2	220102069	220116009	2	238803273	238816584	placeholder
7	5906446	5925026	7	87030956	87057005	placeholder
8	69802819	69814737	8	71251049	71260377	placeholder
17	7856370	7862510	17	9240394	9245502	placeholder
1	125841861	125864379	1	133042703	133066340	placeholder
1	24716510	24720377	1	24883497	24887492	placeholder
1	317311379	317328295	1	338270774	338292447	placeholder
1	75299111	75366983	1	79902505	79982465	placeholder
3	191822989	191848784	3	10704460	10730134	placeholder
3	131865605	132052863	3	75096202	75293595	placeholder
12	13291994	13307363	13	13999261	14014563	placeholder
5	40233227	40240127	5	41387987	41394997	placeholder
8	41017459	41035100	8	43083718	43114725	placeholder
7	27924663	27931778	7	64070524	64077168	placeholder
1	51815404	51823093	1	54321062	54322229	placeholder
13	2310292	2323971	12	17448189	17486721	placeholder
3	186968090	186988603	3	16002247	16039562	placeholder
2	133863967	133880865	2	146024906	146041725	placeholder
7	62013897	62071171	2	219159080	219173472	placeholder
2	53463921	53477784	2	56904164	56925230	placeholder
12	1719166	1724436	13	1704552	1710125	placeholder
3	147792756	147793962	3	57557047	57558250	placeholder
7	34250667	34258550	7	57410727	57418579	placeholder
2	205434691	205454672	2	222985418	223005821	placeholder
2	220364814	220376685	2	239064874	239075377	placeholder
1	98105879	98107076	1	104332589	104333711	placeholder
19	2764352	2777310	19	1531320	1542493	placeholder
3	192657984	192696657	3	9835426	9874930	placeholder
4	98105702	98110883	4	34459428	34464535	placeholder
18	6964344	6971761	18	7572805	7581113	placeholder
7	15887952	15898967	7	76685292	76696898	placeholder
5	40605165	40606401	5	41792402	41793638	placeholder
6	24373758	24428937	6	24043244	24062751	placeholder
15	8437390	8445816	14	14170323	14179311	placeholder
3	25494836	25505825	3	191495341	191506663	placeholder
7	22788841	22799924	7	69458734	69472381	placeholder
1	23138575	23148333	1	23156956	23167941	placeholder
3	141601879	141609345	3	64496750	64503882	placeholder
1	28558267	28570635	1	29078967	29093319	placeholder
15	72934	76711	14	1010940	1017419	placeholder
11	6391468	6403950	10	15870381	15880159	placeholder
5	21684206	21700253	5	22117217	22145220	placeholder
4	89674840	89681798	4	41974573	41980614	placeholder
4	9182305	9205235	4	125152975	125177997	placeholder
1	149153918	149164749	1	157761963	157776195	placeholder
3	50430330	50440201	3	164038573	164047913	placeholder
3	196644077	196651289	3	5930657	5937962	placeholder
1	180163269	180298778	1	192805633	192937910	placeholder
1	64803830	64808885	1	68464449	68466859	placeholder
5	30895653	30905607	5	31935947	31944740	placeholder
12	3718154	3752530	13	3832052	3865788	placeholder
2	95526034	95531982	2	99698277	99703088	placeholder
6	99133884	99137080	6	100340747	100345109	placeholder
3	91154270	91186375	3	119394067	119417027	placeholder
1	71252897	71263347	1	75280201	75291198	placeholder
10	6209821	6235907	11	16113889	16137956	placeholder
7	23867628	23868813	7	68318626	68319808	placeholder
1	91661668	91670901	1	97394607	97404159	placeholder
1	183538644	183539835	1	195478354	195479545	placeholder
7	74766391	74794005	7	19922025	19947776	placeholder
1	53783106	53798166	1	56373366	56394607	placeholder
12	1709853	1713533	13	1695177	1698780	placeholder
3	120468352	120474931	3	88057658	88065056	placeholder
6	32752955	32762355	6	33005164	33016264	placeholder
3	160223923	160236143	3	44221967	44237228	placeholder
1	239678521	239700943	1	255260915	255283556	placeholder
2	232666880	232677071	2	252466838	252475755	placeholder
1	187292300	187297588	1	199354350	199359369	placeholder
1	261571279	261587414	1	278904932	278921459	placeholder
2	242211705	242212905	2	263070347	263071538	placeholder
1	195677912	195688281	1	208440896	208451791	placeholder
2	15864376	15879642	2	15709441	15726135	placeholder
7	90732658	90745520	7	3301762	3315640	placeholder
1	98707768	98787775	1	105010774	105089871	placeholder
16	2712067	2717779	16	3061258	3071475	placeholder
1	15465783	15476743	1	14946907	14955795	placeholder
15	16909575	16912469	14	21386817	21391920	placeholder
2	33838007	33853347	2	35521411	35538936	placeholder
1	89907928	89920163	1	95425459	95439624	placeholder
8	41280316	41298346	8	43386218	43400973	placeholder
3	44345405	44372364	3	170677107	170700531	placeholder
1	80235279	80274545	1	84883301	84926050	placeholder
1	11718483	11721735	1	11042906	11046922	placeholder
11	22367739	22371912	10	628380	632545	placeholder
2	160156607	160207305	2	174648818	174717115	placeholder
2	176008935	176014335	2	191546215	191552009	placeholder
1	73577823	73579080	1	77891623	77892880	placeholder
6	91204917	91230952	6	95131645	95153646	placeholder
1	185121890	185152087	1	197016031	197039588	placeholder
1	60969078	60994265	1	64281714	64306520	placeholder
4	93096521	93105268	4	45701075	45708429	placeholder
3	166029432	166036132	3	37911173	37919138	placeholder
6	23568731	23581035	6	23116924	23131538	placeholder
3	168681485	168723227	3	35079755	35124064	placeholder
6	22650110	22651286	6	22180868	22182044	placeholder
13	11186733	11195663	12	6836208	6845124	placeholder
5	73591831	73626800	5	74856586	74891656	placeholder
1	71276755	71286040	1	75300443	75309993	placeholder
5	100522658	100532458	5	100773959	100784308	placeholder
1	18210023	18213356	1	17941731	17944848	placeholder
6	42318128	42328987	6	42927297	42937396	placeholder
1	25470473	25484355	1	25687096	25708409	placeholder
7	6286342	6310070	7	86677900	86702568	placeholder
13	14896628	14900924	12	3596369	3598249	placeholder
15	16385513	16398937	14	20923037	20933781	placeholder
2	157477900	157486181	2	171665006	171677082	placeholder
7	70586025	70599230	7	24387963	24402952	placeholder
4	85023886	85037971	4	49339624	49353928	placeholder
5	40305840	40329675	5	41466253	41486443	placeholder
3	59630106	59638361	3	153217475	153226281	placeholder
2	101916169	101917330	2	106469546	106470707	placeholder
6	57370131	57371175	6	58459968	58461006	placeholder
5	18956322	18979727	5	19323640	19349692	placeholder
5	849936	858398	5	865709	872312	placeholder
5	92366833	92384571	5	92356120	92383723	placeholder
12	1782532	1787233	13	1774346	1779165	placeholder
3	115245821	115256669	3	93690111	93702189	placeholder
3	103333442	103347764	3	111518979	111532275	placeholder
12	18621840	18642996	13	21880773	21894999	placeholder
7	36182614	36193136	7	55443749	55454377	placeholder
8	20459426	20473259	8	20646791	20665065	placeholder
6	24207905	24214295	6	23815972	23822734	placeholder
17	7006855	7019271	17	8364047	8370230	placeholder
3	134675615	134692210	3	72098719	72118215	placeholder
1	49920614	49936197	1	52224574	52244186	placeholder
1	315587663	315591288	1	336422345	336426576	placeholder
1	333311025	333336275	1	355386841	355414844	placeholder
19	4848851	4892058	19	4347597	4384933	placeholder
1	253849257	253864682	1	270600952	270615682	placeholder
10	116220	129839	11	23272970	23292177	placeholder
1	324671831	324687172	1	346307498	346325664	placeholder
1	115436056	115457470	1	121872615	121893030	placeholder
1	123324771	123395681	1	130436651	130516541	placeholder
1	319366495	319385742	1	340528887	340552993	placeholder
17	523940	538347	17	1395586	1412595	placeholder
5	68649448	68730353	5	70656546	70680988	placeholder
10	14090920	14103538	11	10788730	10801829	placeholder
2	190317660	190318818	2	206880869	206882027	placeholder
2	12078587	12092616	2	11547967	11563423	placeholder
14	5614038	5620062	15	5920417	5925216	placeholder
8	74702985	74709251	8	76064353	76072907	placeholder
3	82202712	82223190	3	129076649	129094546	placeholder
6	3390661	3404982	6	3451852	3469053	placeholder
19	323204	329557	19	278910	283114	placeholder
7	20018233	20048313	7	72445623	72485138	placeholder
2	230226644	230238753	2	249790648	249803754	placeholder
6	16804307	16827846	6	16037944	16051208	placeholder
1	18469065	18471129	1	18200103	18202255	placeholder
2	105667225	105718678	2	110913945	110979902	placeholder
1	195390791	195415556	1	208176454	208203334	placeholder
15	11110900	11116938	14	16601097	16606576	placeholder
6	70503282	70506235	6	72951642	72954515	placeholder
8	8613730	8640792	8	8242967	8271674	placeholder
8	19380518	19401038	8	19472888	19490324	placeholder
2	68999205	69011161	2	73613192	73627804	placeholder
1	36861002	36876734	1	38052053	38063533	placeholder
2	205210992	205222181	2	222770887	222782884	placeholder
1	176931298	176966692	1	190080465	190101272	placeholder
13	8083811	8087249	12	10016460	10019926	placeholder
2	130427991	130429050	2	134949258	134951208	placeholder
1	270232202	270252432	1	288023996	288042561	placeholder
8	77115662	77128524	8	78476581	78491179	placeholder
1	324078825	324129057	1	345655910	345702603	placeholder
5	32454307	32460114	5	33532614	33539283	placeholder
3	103465226	103493784	3	111385414	111405332	placeholder
8	62352775	62354072	8	64201469	64202776	placeholder
6	12509455	12526827	6	11700826	11715195	placeholder
7	14071104	14092451	7	78571263	78582848	placeholder
3	84508048	84510505	3	126617495	126620066	placeholder
11	20482472	20490549	10	2236356	2243581	placeholder
12	11161621	11162773	13	11745942	11747094	placeholder
4	53711662	53731136	4	78445534	78466634	placeholder
6	52396823	52398014	6	53225258	53226449	placeholder
19	294008	312731	19	238944	277824	placeholder
3	179023461	179028636	3	24325815	24346857	placeholder
1	2645349	2680666	1	2135461	2163794	placeholder
1	321346111	321360368	1	342626628	342638291	placeholder
1	299140585	299159013	1	319572553	319588803	placeholder
8	2583448	2603375	8	2353285	2371920	placeholder
14	1170822	1179155	15	1144780	1153931	placeholder
2	159383780	159384905	2	173780698	173781823	placeholder
1	244526275	244527421	1	260590525	260591671	placeholder
8	51753503	51758774	8	53857588	53864923	placeholder
1	27724383	27735863	1	28168668	28184606	placeholder
8	7675390	7685364	8	7309429	7324670	placeholder
7	89297763	89299059	7	4861846	4863142	placeholder
7	44588718	44597154	7	47109975	47118345	placeholder
1	299829672	299872524	1	320288636	320325961	placeholder
1	312418298	312423239	1	332943814	332949404	placeholder
1	39106749	39107862	1	40536226	40537336	placeholder
4	84630618	84648174	4	49654045	49667967	placeholder
6	26707334	26708339	6	26584376	26585381	placeholder
12	8571059	8582193	13	9037621	9049078	placeholder
3	38972730	38986824	3	176453003	176467814	placeholder
2	202193331	202204937	2	219441905	219452296	placeholder
3	157196363	157207303	3	47516420	47529527	placeholder
3	169897077	169914897	3	33870295	33886678	placeholder
3	183039293	183054830	3	20097571	20114358	placeholder
5	90411010	90450200	5	90320714	90347588	placeholder
3	122726061	122759200	3	85452248	85492099	placeholder
13	7739746	7747712	12	10331471	10338885	placeholder
3	202891868	202893530	3	210905	212358	placeholder
15	13254957	13263718	14	18272774	18279232	placeholder
2	96457650	96478669	2	100734980	100759786	placeholder
2	100681884	100685190	2	105152615	105157729	placeholder
1	277726108	277730925	1	296024723	296030080	placeholder
8	22634610	22642988	8	23050672	23061637	placeholder
3	118938001	118939138	3	89737977	89739114	placeholder
8	19703112	19730197	8	19830989	19849503	placeholder
1	40821004	40878772	1	42324065	42383241	placeholder
7	74686494	74701154	7	20033938	20046903	placeholder
2	156272378	156287159	2	170396554	170409555	placeholder
15	13729178	13733561	14	18562581	18566142	placeholder
11	8363782	8368472	10	13665282	13674774	placeholder
8	48379630	48396352	8	51303863	51326229	placeholder
3	92566390	92748571	3	118541582	118635993	placeholder
6	10778697	10779828	6	9905362	9906493	placeholder
1	300062570	300082209	1	320538858	320563585	placeholder
7	91043327	91063435	7	2972023	2991513	placeholder
13	2282873	2285768	12	17530135	17532891	placeholder
4	38284140	38289388	4	94483350	94488783	placeholder
7	13125744	13174610	7	79565987	79611609	placeholder
7	88891501	88917188	7	5265242	5294625	placeholder
3	186991590	187001230	3	15981710	15995965	placeholder
2	101207105	101213454	2	105735498	105741245	placeholder
4	83176947	83187807	4	50846651	50857570	placeholder
1	286883799	286889263	1	306108015	306113005	placeholder
2	165114188	165122268	2	179863218	179873091	placeholder
1	237683575	237770807	1	253118033	253214869	placeholder
16	5711651	5718918	16	6458064	6464405	placeholder
2	56548012	56549140	2	60222547	60223675	placeholder
1	225099251	225111691	1	239628687	239639641	placeholder
5	3618808	3621498	5	3359483	3396862	placeholder
7	9229352	9260935	7	83641952	83674103	placeholder
4	87490493	87491672	4	46882133	46883312	placeholder
12	14278970	14335915	13	15005675	15067372	placeholder
1	159966107	159977232	1	169500677	169509250	placeholder
1	285246481	285289373	1	304512870	304569252	placeholder
5	53795571	53796690	5	55790700	55791825	placeholder
3	33682601	33690688	3	182355661	182364426	placeholder
8	69292882	69306539	8	70792636	70805648	placeholder
3	191794921	191807483	3	10747196	10758384	placeholder
1	330587511	330605480	1	352605817	352624396	placeholder
11	8525113	8526909	10	13505798	13507531	placeholder
1	15622474	15628986	1	15125049	15131981	placeholder
1	28456355	28463009	1	28986825	28997200	placeholder
3	149070272	149260652	3	56064590	56261728	placeholder
1	160021449	160068682	1	169556138	169608680	placeholder
7	2449357	2461054	7	90086602	90099863	placeholder
2	152493129	152501588	2	166220310	166228135	placeholder
7	64984531	65006465	7	28725305	28752615	placeholder
8	25858811	25884374	8	26671978	26726574	placeholder
16	1940688	1956314	16	2263267	2282071	placeholder
8	67423922	67430779	8	69199888	69206147	placeholder
1	194829453	194840695	1	207594726	207604808	placeholder
3	81885676	81935218	3	129395139	129421867	placeholder
1	254542856	254553655	1	271214239	271225968	placeholder
1	312063751	312070997	1	332588743	332595607	placeholder
5	9920685	9921801	5	9620784	9621900	placeholder
2	23972473	23975909	2	24355950	24359727	placeholder
5	86454681	86455797	5	86559492	86560608	placeholder
6	45558737	45565146	6	46227821	46233879	placeholder
5	120773034	120789889	5	121646898	121655630	placeholder
17	9737566	9749505	17	11117382	11128649	placeholder
2	206297940	206306020	2	223869331	223877351	placeholder
6	45404819	45420330	6	46059758	46074545	placeholder
13	16247709	16254254	12	2386824	2392517	placeholder
2	145979206	145980322	2	159462134	159463250	placeholder
8	13972108	13986645	8	13822924	13833852	placeholder
2	207600450	207615795	2	225343654	225359676	placeholder
3	191860243	191869494	3	10679424	10689049	placeholder
1	62945850	62965980	1	66435257	66459630	placeholder
7	62549995	62551105	7	32221485	32222595	placeholder
8	11616102	11628646	8	11210471	11231439	placeholder
5	97257590	97268163	5	97364435	97376750	placeholder
2	100121453	100122572	2	104498341	104499460	placeholder
5	40545880	40546981	5	41737327	41738428	placeholder
5	51739722	51740835	5	53310253	53311369	placeholder
5	46731037	46745619	5	48092416	48098203	placeholder
1	191934916	191988004	1	204378963	204428238	placeholder
4	95236237	95269002	4	37634860	37662362	placeholder
2	85286506	85323767	2	89304880	89340186	placeholder
1	242890718	242992647	1	258926166	259037123	placeholder
3	37533380	37534490	3	178096619	178097729	placeholder
3	61881098	61895686	3	150744641	150756390	placeholder
14	13334858	13335950	15	16101081	16134465	placeholder
2	63668762	63685941	2	67796294	67814767	placeholder
5	100540780	100556378	5	100792847	100807785	placeholder
1	309984921	309992893	1	331099377	331106838	placeholder
4	99404498	99417465	4	33010919	33022573	placeholder
3	168056225	168061949	3	35771426	35778028	placeholder
3	157335905	157342583	3	47352249	47366710	placeholder
2	134827672	134889599	2	147135141	147199684	placeholder
1	153875253	153882502	1	162982041	162989999	placeholder
3	65590375	65607059	3	146635052	146659506	placeholder
6	74295814	74364807	6	78362038	78410815	placeholder
6	57811051	57818632	6	58906149	58913860	placeholder
2	176538799	176539906	2	192056499	192057606	placeholder
7	28183370	28196561	7	63803896	63818399	placeholder
15	14780820	14790086	14	19461952	19469441	placeholder
8	11527314	11542694	8	11118170	11135200	placeholder
11	2451134	2452238	10	20531857	20532955	placeholder
15	14914426	14918020	14	19580390	19583784	placeholder
10	1677187	1683711	11	21703100	21711018	placeholder
3	161493829	161510864	3	42872337	42883157	placeholder
8	30902217	30904757	8	32143918	32146670	placeholder
7	2944764	2950970	7	89625850	89635140	placeholder
1	242730034	242739413	1	258731908	258744979	placeholder
15	4145087	4175276	14	9186011	9231079	placeholder
6	2774712	2792550	6	2825050	2840850	placeholder
1	46413028	46428597	1	48435797	48453071	placeholder
6	69966400	69971437	6	72436240	72441883	placeholder
7	23011792	23104885	7	69124383	69215129	placeholder
3	196180972	196227080	3	6304497	6364538	placeholder
4	50443862	50452450	4	81808565	81823367	placeholder
17	7219230	7220337	17	8587515	8588622	placeholder
1	240047278	240055900	1	255623175	255632577	placeholder
11	14733759	14734875	10	7594530	7595646	placeholder
6	42601816	42603757	6	43196983	43198891	placeholder
6	10648551	10665497	6	9761364	9778336	placeholder
12	1488379	1493807	13	1493693	1498436	placeholder
6	45172766	45179457	6	45815989	45822950	placeholder
5	2812789	2827870	5	2622429	2656427	placeholder
13	3815620	3823886	12	15366453	15375027	placeholder
5	110280203	110312088	5	110916180	110943423	placeholder
3	82964901	82973316	3	128239575	128247250	placeholder
18	3103488	3108974	18	3921878	3930524	placeholder
5	97554525	97555599	5	97684362	97685421	placeholder
16	12156854	12164487	16	13463370	13470834	placeholder
8	70178495	70220260	8	71537526	71585759	placeholder
10	8266030	8268589	11	14333832	14336095	placeholder
1	154293222	154355248	1	163426436	163493163	placeholder
2	121899787	121916221	2	130845762	130856250	placeholder
6	53078855	53091907	6	53966045	53981684	placeholder
17	10376880	10381976	17	11765999	11770928	placeholder
1	256837192	256898454	1	273696850	273761732	placeholder
6	90685521	90699448	6	94675759	94687334	placeholder
13	18704680	18710384	12	122304	127904	placeholder
5	30415167	30416245	5	31430702	31431786	placeholder
15	2041717	2054251	14	5571920	5641276	placeholder
3	119307887	119323480	3	89339240	89354009	placeholder
19	3006219	3007299	19	2840962	2841982	placeholder
1	65985418	65990096	1	69794562	69799884	placeholder
1	227615404	227616496	1	242358013	242359105	placeholder
15	13332415	13336053	14	18340047	18344421	placeholder
7	20000496	20009868	7	72493288	72505598	placeholder
1	210967143	210968226	1	224419947	224421018	placeholder
3	152921202	152951406	3	52127667	52159758	placeholder
1	175698088	175699180	1	188938121	188939213	placeholder
7	8992462	9003253	7	83901920	83913595	placeholder
1	71144410	71145508	1	75177399	75178494	placeholder
5	37412182	37430820	5	38560550	38582329	placeholder
3	168250532	168262281	3	35567804	35579359	placeholder
5	40929882	40944111	5	42122400	42139944	placeholder
6	48947338	48963579	6	49767442	49783366	placeholder
7	84594525	84628425	7	9686783	9722005	placeholder
3	130849038	130858480	3	76235858	76245226	placeholder
1	320908235	320911136	1	342131411	342134279	placeholder
10	26734537	26736575	11	494532	495834	placeholder
2	199143447	199150556	2	216199196	216209564	placeholder
4	79253433	79308557	4	54861167	54912212	placeholder
4	2679161	2685981	4	131432951	131446543	placeholder
3	146019090	146026765	3	59528201	59536046	placeholder
14	1227461	1232576	15	1202197	1206794	placeholder
5	96920838	96934325	5	97010507	97029772	placeholder
3	79372640	79377950	3	132125046	132134608	placeholder
6	74396666	74410369	6	78437366	78454242	placeholder
2	31570211	31571285	2	33120668	33121769	placeholder
1	126295354	126306505	1	133477343	133487097	placeholder
1	63156755	63157826	1	66672493	66673573	placeholder
2	153831814	153842036	2	167739161	167749579	placeholder
8	13578035	13593154	8	13403955	13423083	placeholder
16	12339288	12340380	16	13646000	13647092	placeholder
15	8213506	8248246	14	13946309	13982650	placeholder
7	29446131	29447343	7	62470935	62472143	placeholder
2	11313486	11321927	2	10953645	10961262	placeholder
5	82483695	82500125	5	82895143	82915155	placeholder
1	286487022	286499578	1	305757430	305770116	placeholder
6	26040451	26041534	6	25868478	25869558	placeholder
8	10512709	10524537	8	10224244	10238794	placeholder
8	6816876	6831109	8	6449530	6470443	placeholder
6	18314309	18330498	6	17618928	17633417	placeholder
2	223463537	223491923	2	242511595	242546381	placeholder
5	56258537	56268621	5	58106009	58115648	placeholder
5	79420407	79421481	5	79841123	79842197	placeholder
5	40690980	40692087	5	41904093	41905200	placeholder
3	57351371	57367422	3	155616970	155653251	placeholder
3	179291050	179301708	3	24067707	24077487	placeholder
3	103388042	103401220	3	111475732	111485844	placeholder
16	12653790	12656037	16	13961020	13963144	placeholder
2	188287571	188294187	2	204743619	204749907	placeholder
4	21380182	21387286	4	111842738	111851314	placeholder
2	175210004	175234493	2	190717471	190746429	placeholder
6	27831079	27832165	6	27802690	27803776	placeholder
1	130902505	130903552	1	138515781	138516828	placeholder
15	14885801	14889280	14	19552239	19555720	placeholder
3	34452795	34477699	3	181501575	181522170	placeholder
11	461330	471917	10	24181924	24215141	placeholder
3	168186835	168195714	3	35650959	35660800	placeholder
8	62300651	62309001	8	64144653	64153362	placeholder
10	216830	226192	11	23491072	23500759	placeholder
7	34750224	34754037	7	56929386	56933277	placeholder
14	1641499	1642567	15	1630452	1631520	placeholder
2	12276284	12333906	2	11738783	11751956	placeholder
16	12575131	12580087	16	13880251	13885080	placeholder
15	16534294	16541023	14	21055382	21059982	placeholder
1	232125605	232126679	1	247263763	247264837	placeholder
1	150707857	150724984	1	159454071	159470095	placeholder
1	69933612	69947560	1	74034652	74050660	placeholder
1	114825369	114832665	1	121190752	121198185	placeholder
1	178832845	178847041	1	191714990	191730080	placeholder
2	96484880	96500692	2	100765759	100780977	placeholder
5	87185037	87192813	5	87196929	87207410	placeholder
15	6373584	6379027	14	11987378	11992308	placeholder
1	274587568	274598593	1	292636094	292648662	placeholder
19	708567	723194	19	658144	670748	placeholder
1	101581055	101612782	1	108085889	108130063	placeholder
7	37704930	37731574	7	53789889	53814507	placeholder
17	8186912	8189617	17	9583587	9586048	placeholder
1	237533323	237546527	1	252925828	252947923	placeholder
2	104348720	104369986	2	109089488	109109847	placeholder
1	101445679	101469732	1	107942725	108001877	placeholder
7	33152643	33156310	7	58522289	58525708	placeholder
10	25601506	25612832	11	1646737	1657949	placeholder
14	7044276	7050003	15	7523659	7529736	placeholder
2	51777595	51867192	2	55068342	55165666	placeholder
4	86687040	86689642	4	47829455	47832547	placeholder
15	3845666	3851902	14	8736033	8748859	placeholder
5	25176159	25196169	5	25849559	25874506	placeholder
1	306897527	306917314	1	327696325	327713354	placeholder
3	38423298	38442766	3	177097100	177119859	placeholder
19	2792875	2801458	19	3045520	3051210	placeholder
3	119084713	119116858	3	89561193	89593124	placeholder
1	40710120	40719936	1	42198918	42209521	placeholder
3	127185274	127198117	3	80495107	80509181	placeholder
12	8344775	8354483	13	8802646	8811681	placeholder
3	5735204	5736212	3	212825708	212826713	placeholder
2	101232333	101248355	2	105754686	105768528	placeholder
13	2290247	2294200	12	17510534	17517706	placeholder
3	199700458	199732038	3	2918279	2946890	placeholder
13	16874131	16878438	12	1817038	1821510	placeholder
1	315732401	315755449	1	336558174	336581089	placeholder
11	20638902	20644515	10	2090935	2096312	placeholder
3	36722694	36755363	3	178938326	178981552	placeholder
13	5011155	5039502	12	13691416	13726220	placeholder
12	4174115	4177343	13	4309838	4313876	placeholder
6	81713985	81721119	6	82925499	82934151	placeholder
6	85110559	85216589	6	86528614	86644614	placeholder
17	10574896	10579730	17	11962913	11966432	placeholder
1	170512787	170537560	1	180799037	180824076	placeholder
5	31481378	31503100	5	32496071	32522500	placeholder
7	30526882	30549073	7	61348506	61371723	placeholder
15	1238662	1249751	14	3924495	3943019	placeholder
2	109259836	109264771	2	117354574	117359310	placeholder
1	181559202	181560261	1	193856241	193857300	placeholder
15	7403952	7405008	14	13126941	13127997	placeholder
17	10742478	10743501	17	12132637	12133657	placeholder
10	4655782	4656829	11	17728554	17729601	placeholder
6	26745818	26746826	6	26618333	26619338	placeholder
15	10470413	10485837	14	16024457	16040312	placeholder
3	144179471	144197948	3	61540955	61570283	placeholder
5	40518394	40527191	5	41703410	41717881	placeholder
2	33095055	33097085	2	34778160	34779737	placeholder
8	44137456	44153320	8	46479215	46495680	placeholder
17	10850980	10856412	17	12231786	12233732	placeholder
6	27658233	27673582	6	27627537	27649061	placeholder
12	651407	656584	13	656747	661156	placeholder
1	246966841	246967885	1	263181676	263182723	placeholder
4	55112136	55113192	4	79149465	79150512	placeholder
16	12195638	12198321	16	13502564	13505093	placeholder
2	203171883	203232113	2	220538589	220599694	placeholder
4	22191292	22193214	4	110875336	110878148	placeholder
2	148554949	148577373	2	162212868	162235395	placeholder
1	292918321	292933376	1	312707628	312722809	placeholder
1	23339863	23352822	1	23368947	23382647	placeholder
7	22802270	22811673	7	69444030	69456444	placeholder
18	7929755	7933699	18	8598922	8602622	placeholder
1	165776481	165782646	1	175550152	175558025	placeholder
15	1818425	1827654	14	5211838	5227837	placeholder
5	26390841	26407335	5	27153249	27175429	placeholder
1	286904018	286909364	1	306131566	306135794	placeholder
6	40891531	40902924	6	41427732	41442528	placeholder
5	90116861	90148061	5	89983795	90015273	placeholder
7	13182195	13194826	7	79543406	79555411	placeholder
2	151907185	151930343	2	165562152	165591259	placeholder
1	168914063	168915107	1	178902911	178911166	placeholder
3	159354965	159364977	3	45078352	45088657	placeholder
10	8219226	8238068	11	14362033	14431345	placeholder
1	247102038	247116464	1	263342567	263356558	placeholder
17	3168216	3169311	17	4468130	4469189	placeholder
19	7583064	7586003	19	6891852	6895261	placeholder
3	171580715	171676640	3	32107206	32211535	placeholder
16	11355438	11358751	16	12627450	12631019	placeholder
1	249208199	249210919	1	265594325	265597326	placeholder
12	3251726	3260188	13	3373707	3382840	placeholder
15	11545058	11552206	14	16976569	16980477	placeholder
6	88229504	88239466	6	90042070	90051607	placeholder
14	2436510	2453800	2	165898640	165907362	placeholder
19	5397167	5401590	19	4833255	4837594	placeholder
4	25172690	25189378	4	107971655	107987192	placeholder
1	115994796	116043148	1	122474499	122527853	placeholder
10	16118497	16119487	11	9442655	9443627	placeholder
14	16668093	16706982	15	19539054	19556262	placeholder
1	4752312	4767364	1	4204511	4220773	placeholder
3	146230987	146237163	3	59345123	59352950	placeholder
1	98960514	98993027	1	105259200	105291270	placeholder
1	181485529	181508256	1	193808789	193822639	placeholder
3	37997277	37998318	3	177569424	177570465	placeholder
5	22800263	22809336	5	23402637	23412419	placeholder
5	97767546	97851713	5	97893152	97974573	placeholder
4	64092570	64112905	4	68614136	68635323	placeholder
1	100468055	100469090	1	106882879	106883920	placeholder
6	7906992	7921273	6	6966719	6981061	placeholder
1	72292973	72294268	1	76445218	76446522	placeholder
16	12450941	12454586	16	13759376	13762812	placeholder
1	259656140	259686908	1	276822792	276854986	placeholder
6	85369993	85389622	6	86827924	86854813	placeholder
5	10091701	10243402	5	9788249	9940185	placeholder
3	141492894	141508735	3	64591009	64607086	placeholder
3	63554607	63566648	3	148884227	148899735	placeholder
1	299712479	299713295	1	320174708	320175524	placeholder
2	142247982	142262794	2	155308934	155325249	placeholder
6	38438824	38441419	6	38918075	38920705	placeholder
8	8720737	8730157	8	8362149	8369785	placeholder
6	94005393	94017885	6	98162598	98180234	placeholder
13	14918967	14928791	12	3569025	3581223	placeholder
1	115219047	115226720	1	121639343	121647305	placeholder
3	29635480	29645612	3	186876052	186893003	placeholder
5	13953037	13967716	5	13773409	13790039	placeholder
3	153708633	153722086	3	51287977	51304567	placeholder
10	7979158	7980214	11	14574504	14575560	placeholder
2	31440124	31455602	2	32975041	32987724	placeholder
2	193499973	193502451	2	210316075	210318180	placeholder
3	91367155	91381700	3	119270741	119282185	placeholder
6	26756781	26757792	6	26629576	26630602	placeholder
2	65514418	65525927	2	69882770	69895939	placeholder
17	10936614	10939518	17	12329950	12332744	placeholder
1	41739249	41740284	1	43284492	43285582	placeholder
1	43130180	43131234	1	44729835	44730822	placeholder
6	45210897	45225296	6	45853608	45872705	placeholder
5	18069851	18071657	5	18373027	18375995	placeholder
12	17351071	17360706	13	17845739	17849978	placeholder
8	44019960	44041888	8	46378992	46396425	placeholder
1	241074763	241087590	1	256734284	256735214	placeholder
10	11607353	11673005	11	11695858	11717562	placeholder
1	52919816	52929393	1	55515010	55523950	placeholder
6	80636656	80654417	6	82121670	82133337	placeholder
1	107575401	107584405	1	114064077	114073062	placeholder
6	43123975	43124989	6	43737711	43738725	placeholder
4	23149425	23165175	4	109795918	109808618	placeholder
6	10340658	10348683	6	9467399	9477215	placeholder
5	31430278	31438997	5	32432311	32441365	placeholder
7	30950073	30951090	7	60942771	60943788	placeholder
6	94274749	94297383	6	98527911	98561488	placeholder
7	92448677	92454371	7	1436964	1442295	placeholder
14	1067489	1072517	15	1041832	1046796	placeholder
3	34606462	34616096	3	181338783	181351608	placeholder
6	113899	125887	6	202142	209117	placeholder
2	29978167	30001392	2	31494511	31520952	placeholder
6	48142383	48152762	6	48904732	48911168	placeholder
1	311773962	311778046	1	332317487	332320958	placeholder
1	334980758	335028448	1	357217045	357264474	placeholder
1	332339419	332417893	1	354444771	354508964	placeholder
14	13838678	13850408	15	16713294	16721401	placeholder
3	10201406	10226645	3	208083070	208100542	placeholder
3	123377319	123386776	3	84730126	84739305	placeholder
1	142142418	142150841	1	150404966	150421268	placeholder
12	11429861	11430905	13	11998152	11999196	placeholder
15	6499082	6506384	14	12138104	12143610	placeholder
8	40908888	40913919	8	42947376	42953316	placeholder
1	24947510	24957265	1	25148460	25160430	placeholder
5	21777201	21780650	5	22256087	22259534	placeholder
16	12837685	12839617	16	14132291	14134293	placeholder
1	48806835	48817831	1	50978644	50994209	placeholder
1	177219791	177220814	1	190354318	190355341	placeholder
1	215695383	215733238	1	229670554	229706047	placeholder
1	239348027	239362240	1	254927055	254934579	placeholder
19	269788	271723	19	219189	283114	placeholder
13	18379496	18381111	12	440943	442504	placeholder
1	301798784	301812911	1	322471795	322494370	placeholder
17	4468326	4476514	17	5769042	5776580	placeholder
6	68199933	68210861	6	70423616	70430041	placeholder
10	9019741	9034292	11	13613570	13625231	placeholder
6	85796610	85801274	6	87273739	87278183	placeholder
7	85093412	85121781	7	9148038	9178669	placeholder
6	40460725	40463178	6	40943848	40946402	placeholder
2	236743327	236756600	2	256999369	257009158	placeholder
10	6421558	6428193	11	15942579	15948072	placeholder
3	45424599	45447385	3	169457959	169491041	placeholder
6	80963915	80976890	6	82327735	82339020	placeholder
6	18265398	18266391	6	17566023	17567037	placeholder
2	59953119	59961933	2	63704311	63712440	placeholder
1	311739196	311750665	1	332281405	332292084	placeholder
2	177691433	177707665	2	193300757	193314896	placeholder
7	82004330	82011548	7	12224916	12233837	placeholder
1	36180669	36225900	1	37318162	37362993	placeholder
3	185021943	185031865	3	18182472	18195160	placeholder
2	150247392	150248997	2	163831631	163832980	placeholder
1	302021737	302045398	1	322692491	322717224	placeholder
3	179199049	179202984	3	24170356	24175490	placeholder
3	131022712	131030811	3	76057402	76066222	placeholder
1	63254576	63265150	1	66776482	66785389	placeholder
10	9001174	9006792	11	13640070	13650198	placeholder
3	126299235	126322880	3	81467749	81491978	placeholder
8	9471639	9477303	8	9137598	9144346	placeholder
5	58816304	58822278	5	60949010	60955289	placeholder
4	53143261	53144284	4	79087678	79088701	placeholder
6	48529315	48532129	6	49303677	49306297	placeholder
5	40625389	40632745	5	41821929	41829046	placeholder
16	6799455	6805076	16	7612046	7619319	placeholder
1	166655328	166663398	1	176527463	176535606	placeholder
13	16996488	17010329	12	1692675	1706691	placeholder
5	97516027	97604230	5	97637235	97740137	placeholder
1	177055086	177056097	1	190192375	190193386	placeholder
2	215469359	215485677	2	233898963	233915592	placeholder
2	156003969	156013292	2	170111345	170123345	placeholder
1	198330841	198427605	1	211450922	211547293	placeholder
6	60592461	60616584	6	62126719	62153820	placeholder
8	23434267	23444860	8	23934786	23944853	placeholder
4	57600660	57601671	4	75120110	75121121	placeholder
1	335940169	335947598	1	358171870	358178228	placeholder
15	15305426	15310955	14	19937971	19941660	placeholder
2	190026298	190046905	2	206568738	206589522	placeholder
7	46562417	46577740	7	45474548	45490037	placeholder
12	417825	421254	13	422082	425607	placeholder
6	26714190	26715198	6	26590186	26591194	placeholder
3	119432198	119441271	3	89218510	89228045	placeholder
3	82000186	82011624	3	129338957	129350612	placeholder
2	97227252	97228263	2	101547963	101548974	placeholder
19	4389416	4395881	19	3932092	3938594	placeholder
1	96023668	96030340	1	102130587	102137242	placeholder
10	8634194	8645957	11	13994013	14003872	placeholder
3	99964448	99990170	3	114808813	114833366	placeholder
10	3107957	3143016	11	19669012	19703824	placeholder
3	10376394	10383208	3	207922138	207931509	placeholder
3	196142225	196143230	3	6414027	6415032	placeholder
3	134478656	134495571	3	72301366	72325551	placeholder
15	3521919	3527178	14	8211400	8219674	placeholder
6	48062593	48083886	6	48819805	48841232	placeholder
7	25968736	25977768	7	66084271	66092091	placeholder
1	66104448	66113669	1	69916239	69928146	placeholder
3	127432890	127441699	3	80223526	80229553	placeholder
1	257105049	257111603	1	273974094	273980918	placeholder
4	70513076	70646611	4	62101866	62193303	placeholder
6	45446264	45450552	6	46105095	46109645	placeholder
5	22630984	22631989	5	23195044	23196049	placeholder
3	35023569	35032019	3	180882699	180890913	placeholder
7	80788133	80806299	7	13508931	13521269	placeholder
12	13265518	13275612	13	13970181	13983440	placeholder
11	22739175	22747703	10	263123	267133	placeholder
6	45476737	45484572	6	46139540	46147854	placeholder
2	33105203	33110394	2	34792285	34795164	placeholder
6	71953692	71963230	6	74519358	74529453	placeholder
15	10978212	10987968	14	16484045	16491791	placeholder
14	1622077	1623076	15	1608694	1609693	placeholder
13	15758635	15766412	12	2830176	2838056	placeholder
2	94404702	94412044	2	98483702	98489045	placeholder
2	215072870	215081627	2	233472931	233481229	placeholder
1	71786686	71929521	1	75898683	76066306	placeholder
1	215580216	215588672	1	229540780	229553257	placeholder
1	17881551	17887590	1	17584035	17590418	placeholder
7	74360800	74381073	7	20392145	20414069	placeholder
2	154625358	154642439	2	168564360	168580757	placeholder
2	99466194	99482470	2	103842209	103860604	placeholder
3	15817555	15823516	3	202119929	202127675	placeholder
1	311754508	311762199	1	332298315	332305907	placeholder
2	59228271	59244585	2	62876231	62893978	placeholder
7	39920602	39950738	7	51470809	51502280	placeholder
3	71159361	71160357	3	140888664	140889660	placeholder
5	94963732	94990436	5	94996722	95020769	placeholder
1	332545097	332545961	1	354652666	354653563	placeholder
4	96535076	96544445	4	36202985	36213880	placeholder
2	222434095	222439839	2	241379996	241386549	placeholder
2	64714528	64727374	2	68930227	68942014	placeholder
1	246362746	246375312	1	262538831	262551238	placeholder
3	147481140	147491566	3	57904723	57912931	placeholder
3	179095038	179126174	3	24248723	24271704	placeholder
8	19264187	19271602	8	19356962	19362158	placeholder
8	59623501	59720428	8	61654280	61711230	placeholder
11	12387946	12392991	10	9807601	9812747	placeholder
1	69953916	69963537	1	74060561	74068303	placeholder
4	64250360	64260216	4	68475082	68488282	placeholder
13	2924971	2930390	12	16427918	16435001	placeholder
1	293908991	293913669	1	313832792	313837532	placeholder
1	148428908	148429898	1	156930869	156931859	placeholder
6	91359143	91373926	6	95274149	95287125	placeholder
2	84744929	84770055	2	88832404	88852738	placeholder
3	132711035	132717901	3	74352957	74363027	placeholder
2	120330037	120331024	2	129299713	129300700	placeholder
8	51820274	51838115	8	53942124	53965871	placeholder
2	34867920	34871732	2	36728325	36732987	placeholder
5	92499893	92532502	5	92515352	92547293	placeholder
3	160946859	160987000	3	43425414	43473237	placeholder
6	52985988	52998077	6	53840706	53851485	placeholder
3	126790650	126792297	3	80925118	80926756	placeholder
3	172445741	172456238	3	31254934	31266052	placeholder
8	48525711	48569928	8	51486667	51548744	placeholder
1	274144535	274156679	1	292143624	292157113	placeholder
16	7227402	7242107	16	8117466	8136299	placeholder
3	119347024	119356910	3	89301700	89314171	placeholder
3	169446630	169452803	3	34324480	34335280	placeholder
1	22903176	22905372	1	22887968	22890517	placeholder
2	33377753	33392644	2	35111405	35129054	placeholder
1	55347149	55400678	1	58144124	58199995	placeholder
6	88269513	88289152	6	90122282	90136453	placeholder
1	104450761	104456803	1	111094914	111104130	placeholder
4	23363527	23366401	4	109637107	109642621	placeholder
16	2514259	2523986	16	2864730	2872443	placeholder
1	12049101	12061974	1	11378093	11390626	placeholder
4	99374311	99390487	4	33029999	33046893	placeholder
17	4671641	4675810	17	5957910	5962830	placeholder
1	48687679	48700814	1	50839367	50849111	placeholder
12	11380850	11381783	13	11949346	11950279	placeholder
5	3498002	3498959	5	3278379	3279336	placeholder
17	8077435	8081002	17	9467364	9471745	placeholder
7	22154035	22171499	7	70178947	70197131	placeholder
4	17270867	17299256	4	116360322	116380301	placeholder
5	18900991	18918557	5	19256595	19277509	placeholder
1	11727876	11744240	1	11056041	11073715	placeholder
3	98099868	98100693	3	116039972	116040797	placeholder
1	199249441	199253659	1	212151046	212157473	placeholder
6	60252237	60261588	6	61764764	61772234	placeholder
7	58593933	58618025	7	35368504	35390966	placeholder
2	76096608	76111979	2	81199815	81213238	placeholder
6	26767234	26797119	6	26636927	26637869	placeholder
3	94443798	94482740	3	117675635	117693238	placeholder
1	149672	155534	1	154426	181084	placeholder
3	51177085	51178060	3	163312681	163313656	placeholder
1	314390842	314398302	1	335056267	335063507	placeholder
2	174997999	175006219	2	190468315	190477778	placeholder
1	150441371	150483117	1	159153008	159197270	placeholder
3	148888426	148894060	3	56420690	56426105	placeholder
6	33159067	33175965	6	33413697	33437806	placeholder
2	222363462	222366450	2	241302216	241307432	placeholder
13	2243892	2246984	12	17605554	17614066	placeholder
6	46547831	46617732	6	47242896	47323367	placeholder
13	12874237	12877062	12	5399381	5402147	placeholder
3	89851761	89854122	3	120715077	120766087	placeholder
15	3624575	3630448	14	8356396	8365925	placeholder
8	30025396	30036760	8	31176569	31188666	placeholder
2	91871230	91882399	2	95701282	95723289	placeholder
15	15798952	15806293	14	20402769	20410549	placeholder
2	199763133	199767804	2	216852112	216856639	placeholder
7	20911338	20935409	7	71446228	71471184	placeholder
1	225156754	225193736	1	239702562	239739147	placeholder
5	94056574	94076334	5	94054545	94065874	placeholder
7	30501244	30516615	7	61383479	61398830	placeholder
19	829217	832626	19	785621	789733	placeholder
3	141419523	141468921	3	64635148	64682652	placeholder
3	153507475	153528272	3	51499570	51519562	placeholder
17	10166811	10181895	17	11569064	11584138	placeholder
16	2034870	2040464	16	2352868	2358491	placeholder
7	31709098	31721617	7	60097453	60110708	placeholder
2	104966617	104996491	2	109909129	109950870	placeholder
5	97525550	97526501	5	97649132	97650083	placeholder
11	22519435	22523265	10	489781	493492	placeholder
6	48537921	48539978	6	49312133	49314208	placeholder
3	91703783	91751360	3	119081573	119111256	placeholder
2	217206043	217299946	2	235749694	235857156	placeholder
2	2823163	2849783	2	2695253	2720505	placeholder
4	26385379	26393306	4	106709657	106714577	placeholder
1	28124513	28151774	1	28620492	28645595	placeholder
1	121908789	121913597	1	128923941	128928934	placeholder
16	11072844	11076446	16	12430072	12434089	placeholder
19	4474789	4478947	19	4016021	4020063	placeholder
3	17334551	17407264	3	200556414	200618469	placeholder
4	4675358	4680752	4	129608442	129612200	placeholder
19	2837316	2856557	19	2994380	3011709	placeholder
2	101819937	101830245	2	106369574	106381336	placeholder
2	152024709	152031327	2	165712047	165719363	placeholder
1	272334026	272337620	1	290198571	290202985	placeholder
7	3763048	3779418	7	89145579	89160056	placeholder
3	141942355	141959035	3	64084267	64094574	placeholder
1	184800152	184801109	1	196665560	196666517	placeholder
1	257043414	257056255	1	273905234	273921105	placeholder
3	79962025	79969244	3	131482267	131493166	placeholder
15	11609747	11618912	14	17037288	17046832	placeholder
1	144511717	144549675	1	152767643	152804881	placeholder
1	317795713	317812693	1	338844461	338853768	placeholder
8	49388035	49404591	8	52560410	52573290	placeholder
1	69852085	69863721	1	73941447	73960365	placeholder
4	37394578	37398648	4	95542979	95547872	placeholder
3	69648377	69668230	3	142472509	142492522	placeholder
5	108115640	108133694	5	108707070	108722606	placeholder
2	155167769	155174808	2	169206024	169213918	placeholder
1	287745968	287758239	1	307000081	307016921	placeholder
3	65819961	65906645	3	146316212	146399856	placeholder
6	48513056	48514975	6	49283457	49285387	placeholder
15	14877942	14884938	14	19547213	19551354	placeholder
1	340059424	340068864	1	362353588	362363294	placeholder
3	119133293	119142106	3	89535072	89544017	placeholder
10	14476890	14486215	11	10592581	10599182	placeholder
15	7946286	7955549	14	13681930	13689605	placeholder
1	41279587	41294517	1	42811759	42830543	placeholder
12	8111226	8125959	13	8558903	8570749	placeholder
3	182323002	182344915	3	20822298	20834580	placeholder
16	4663984	4695482	16	5269830	5299728	placeholder
2	21470521	21476403	2	21666843	21672310	placeholder
1	121492982	121513649	1	128499547	128526203	placeholder
2	137513682	137537845	2	150055235	150090057	placeholder
3	186156678	186157644	3	16876718	16877684	placeholder
3	147836535	147850924	3	57485786	57508344	placeholder
1	227733392	227744622	1	242482961	242493633	placeholder
8	28814723	28819444	8	29853851	29859824	placeholder
1	164369013	164387476	1	173983375	174007743	placeholder
7	37778918	37798059	7	53711745	53731474	placeholder
10	1405811	1410656	11	26072047	26087479	placeholder
15	13837458	13847179	14	18661574	18668140	placeholder
3	63020543	63034800	3	149478528	149493477	placeholder
5	122563566	122580856	5	123282018	123295662	placeholder
16	11156062	11158103	16	12341644	12343702	placeholder
3	125142861	125167978	3	82594977	82625197	placeholder
1	221882984	221902693	1	236246742	236264565	placeholder
5	13198921	13209069	5	13025035	13032971	placeholder
5	2974603	2985468	5	2793357	2809013	placeholder
6	71592159	71593104	6	74181128	74182073	placeholder
5	82056582	82064033	5	82497119	82502652	placeholder
10	298389	301813	11	23692330	23695833	placeholder
2	11752417	11764056	2	11336633	11347991	placeholder
6	35104468	35130549	6	35362877	35379215	placeholder
1	292731010	292744256	1	312468330	312480692	placeholder
1	14125200	14137674	1	13677296	13691151	placeholder
1	313567755	313577900	1	334170228	334179534	placeholder
3	2605286	2626636	3	215916847	215946700	placeholder
5	56788980	56826916	5	58735689	58785852	placeholder
1	233800614	233818295	1	249012222	249028922	placeholder
4	84622798	84629302	4	49669250	49675396	placeholder
1	323533029	323534405	1	345010522	345012246	placeholder
6	26490304	26491246	6	26373468	26374410	placeholder
8	13828119	13834483	8	13671136	13678293	placeholder
6	85705415	85727789	6	87184837	87202774	placeholder
1	101633646	101641005	1	108151953	108159031	placeholder
1	71679862	71684213	1	75772255	75779104	placeholder
5	107887894	107888836	5	108449309	108450251	placeholder
16	10043039	10046825	16	11199199	11204690	placeholder
1	15592279	15604451	1	15085588	15098435	placeholder
2	104042525	104059359	2	108728013	108749050	placeholder
15	8695926	8710301	14	14428913	14439892	placeholder
15	4451449	4469383	14	9602512	9622223	placeholder
2	86800470	86833265	2	90662903	90690760	placeholder
14	2546099	2552067	15	2556880	2562937	placeholder
3	49925440	49934898	3	164618577	164628978	placeholder
12	1652769	1656295	13	1635219	1639435	placeholder
2	186547442	186579677	2	202773556	202806079	placeholder
2	18283311	18295325	2	18357811	18370609	placeholder
12	4418644	4429502	13	4563146	4573562	placeholder
3	139030504	139031446	3	67278318	67279260	placeholder
2	104067627	104078661	2	108754503	108766766	placeholder
1	214774649	214785046	1	228650155	228675676	placeholder
18	659655	663393	18	1469665	1472637	placeholder
4	70131447	70147180	4	62529981	62543042	placeholder
2	205187647	205204276	2	222747560	222764217	placeholder
8	41180666	41206715	8	43257331	43292814	placeholder
12	15293995	15296354	13	15875713	15878067	placeholder
16	1599566	1610956	16	1881232	1892154	placeholder
2	32893468	32901883	2	34559104	34568893	placeholder
4	8620652	8640261	4	125824508	125853873	placeholder
4	82413763	82426076	4	51574525	51650908	placeholder
1	13630224	13639966	1	13114878	13123148	placeholder
13	1732697	1741356	12	18669544	18691258	placeholder
1	94721140	94731038	1	100745789	100757107	placeholder
3	27315336	27321928	3	189482578	189490688	placeholder
2	30103829	30130485	2	31636017	31668678	placeholder
1	61861450	61874189	1	65198047	65208300	placeholder
3	94801863	94802799	3	117543690	117544626	placeholder
2	37061664	37073579	2	38998894	39010913	placeholder
3	142635885	142642822	3	63285002	63291921	placeholder
3	45126652	45141829	3	169795888	169815249	placeholder
16	7539106	7548036	16	8452937	8463009	placeholder
6	65615466	65632840	6	67402284	67425003	placeholder
3	141483280	141488786	3	64613718	64621375	placeholder
16	11215413	11218082	16	12476436	12479346	placeholder
2	155865948	155902677	2	169964516	170004308	placeholder
2	153879467	153891812	2	167789358	167804298	placeholder
2	182792656	182800050	2	198759645	198767892	placeholder
3	135474273	135485518	3	71178322	71192452	placeholder
14	6719342	6740259	15	7139829	7163329	placeholder
1	156246797	156253137	1	165442415	165454582	placeholder
1	324298228	324311674	1	345886797	345903157	placeholder
1	27365871	27372522	1	27787601	27794121	placeholder
1	302294552	302302252	1	323006257	323011315	placeholder
5	92281210	92319137	5	92270862	92313371	placeholder
3	177031604	177032585	3	26340666	26341644	placeholder
3	51088470	51098062	3	163391418	163404179	placeholder
15	8829368	8833665	14	14556164	14559523	placeholder
6	43228006	43249193	6	43842477	43869198	placeholder
3	105487727	105504020	3	108576028	108600782	placeholder
13	1658227	1664196	12	18823591	18833717	placeholder
3	24389512	24422317	3	192809386	192855302	placeholder
3	20679431	20680349	3	197049875	197050787	placeholder
8	22037766	22051484	8	22432394	22446314	placeholder
1	33354425	33472724	1	34357349	34402852	placeholder
1	121545686	121546607	1	128569701	128570622	placeholder
1	195297942	195308820	1	208075062	208089508	placeholder
14	3731889	3737295	15	3850951	3856234	placeholder
3	160639541	160645780	3	43782063	43788171	placeholder
1	27966154	28090505	1	28440258	28584635	placeholder
3	201427806	201471143	4	55459875	55591003	placeholder
16	7806978	7812998	16	8748919	8754016	placeholder
10	8994439	8998852	11	13652555	13657027	placeholder
3	62041679	62052045	3	150578496	150588081	placeholder
1	68676045	68692101	1	72651966	72672754	placeholder
1	289180686	289190944	1	308537085	308548331	placeholder
1	63373764	63403644	1	66880987	66917169	placeholder
3	159976874	159985553	3	44515090	44522307	placeholder
1	124214390	124224961	1	131420738	131438612	placeholder
3	189513228	189514140	3	13294399	13295317	placeholder
14	336453	338778	15	308942	311257	placeholder
10	805704	807885	11	24714574	24719984	placeholder
2	126771460	126773979	2	139133360	139135971	placeholder
11	22770616	22772916	10	234694	237006	placeholder
1	276224083	276235439	1	294487829	294499378	placeholder
3	31300980	31301889	3	185107013	185107922	placeholder
1	36056342	36066725	1	37230482	37240441	placeholder
7	8457513	8472566	7	84469619	84488461	placeholder
14	5390029	5392411	15	5654001	5656937	placeholder
2	182132373	182133261	2	198001514	198002402	placeholder
2	100256038	100266185	2	104652853	104663248	placeholder
12	14838725	14843475	13	15615780	15621453	placeholder
5	30969792	30995175	5	32023863	32047228	placeholder
4	74321715	74322618	4	58450879	58451782	placeholder
1	259113679	259117601	1	276303980	276309451	placeholder
6	38534346	38539448	6	39018900	39025396	placeholder
14	12784717	12793065	15	15335424	15355277	placeholder
1	51271444	51293521	1	53676771	53700096	placeholder
7	30904032	30912490	7	60985876	60995742	placeholder
1	258637818	258644559	1	275763290	275771820	placeholder
3	168881849	168889416	3	34914587	34922602	placeholder
17	8622770	8625967	17	10037432	10040697	placeholder
10	9590942	9591821	11	13096995	13097874	placeholder
8	48898159	48917381	8	51931215	51968030	placeholder
6	1489671	1523508	6	1659441	1688087	placeholder
3	154025595	154040479	3	50928571	50943859	placeholder
10	16559312	16572061	11	9105786	9118406	placeholder
5	36229103	36241061	5	37267054	37282380	placeholder
1	239597428	239613525	1	255182635	255201880	placeholder
2	28693817	28705324	2	29944197	29958569	placeholder
15	7243547	7258702	14	12951563	12962126	placeholder
6	90809904	90821646	6	94782613	94793034	placeholder
3	141656682	141664134	3	64421741	64430886	placeholder
3	161145744	161147918	3	43270805	43273330	placeholder
1	299206745	299248879	1	319654927	319692007	placeholder
3	37935328	37948512	3	177615311	177624853	placeholder
12	9318350	9319265	13	9839262	9840177	placeholder
1	53464921	53467932	1	56077019	56079995	placeholder
8	48050796	48065468	8	50871022	50886941	placeholder
14	16730789	16739389	15	19569051	19592218	placeholder
19	7205815	7215199	19	6413077	6421154	placeholder
1	63987933	63994024	1	67575528	67603567	placeholder
3	51192279	51193173	3	163290222	163291116	placeholder
1	253998669	254022257	1	270629659	270654267	placeholder
2	219842510	219848119	2	238497964	238502436	placeholder
16	2171687	2183856	16	2481436	2494826	placeholder
3	156999424	157008551	3	47755275	47763799	placeholder
1	233842059	233858179	1	249047581	249054698	placeholder
19	1248471	1253320	19	1145999	1150577	placeholder
1	115872850	115886494	1	122345138	122364331	placeholder
1	195725915	195736238	1	208496007	208508019	placeholder
2	73961960	73976454	2	79010802	79025911	placeholder
5	69797733	69853268	5	71516150	71610072	placeholder
1	116729582	116740120	1	123280168	123292083	placeholder
3	44029873	44035617	3	171038025	171045301	placeholder
2	192072143	192084492	2	208782809	208796138	placeholder
4	82214165	82226647	4	51742123	51752980	placeholder
1	64064259	64065051	1	67655156	67655951	placeholder
1	116548997	116553394	1	123075414	123080474	placeholder
14	13453037	13483032	15	16288424	16317182	placeholder
14	6490429	6495376	15	6893735	6902400	placeholder
3	186825677	186847069	3	16172941	16202957	placeholder
2	152011920	152012820	2	165702659	165703559	placeholder
5	109130339	109133803	5	109751604	109755950	placeholder
2	98247086	98253857	2	102616585	102622791	placeholder
3	147191074	147235651	3	58185938	58228716	placeholder
3	1802393	1814558	3	216678863	216689055	placeholder
12	17471151	17511633	13	17945703	17988874	placeholder
2	141642582	141656661	2	154675940	154698306	placeholder
17	3069160	3075355	17	4373945	4382513	placeholder
3	197530097	197538082	3	4966422	4978882	placeholder
17	9529587	9532221	17	10919610	10923259	placeholder
1	269941830	269943612	1	287683048	287684823	placeholder
1	138347527	138362693	1	146298432	146306458	placeholder
7	6312509	6320160	7	86666871	86675297	placeholder
1	153890669	153908381	1	162999109	163013726	placeholder
8	24570268	24594920	8	25186554	25205523	placeholder
11	8316991	8324157	10	13710281	13717395	placeholder
1	56722420	56723320	1	59649516	59650416	placeholder
1	274508300	274514686	1	292539031	292552558	placeholder
1	169200022	169266649	1	179297846	179377086	placeholder
1	202598687	202599560	1	215748548	215749409	placeholder
2	25533048	25542415	2	26183169	26192237	placeholder
2	18265919	18272655	2	18345746	18350620	placeholder
7	2582891	2595838	7	89953697	89964008	placeholder
1	257144325	257160403	1	274019079	274041555	placeholder
1	102545557	102563787	1	109160333	109182407	placeholder
3	48554490	48555384	3	166147028	166147922	placeholder
11	12557737	12561263	10	9642250	9645644	placeholder
8	22606094	22614125	8	23028685	23035473	placeholder
1	98491722	98497212	1	104780428	104786973	placeholder
2	167951333	167972473	2	182949686	182969175	placeholder
1	285003644	285004535	1	304216752	304217643	placeholder
16	11899647	11911538	16	13208489	13220502	placeholder
3	37424175	37432021	3	178230647	178239789	placeholder
19	5338339	5345652	19	4781525	4788368	placeholder
19	5461109	5463039	19	4885364	4887601	placeholder
2	8700272	8798173	2	8046264	8061968	placeholder
12	8361177	8363588	13	8816287	8819543	placeholder
1	187074360	187083196	1	199123539	199130733	placeholder
4	55036367	55039935	4	41641017	41641905	placeholder
6	1125099	1153463	6	1268809	1289145	placeholder
14	15080029	15094819	15	17979691	17994976	placeholder
4	38904472	38925812	4	93842527	93858068	placeholder
1	238839123	238849542	1	254390238	254400676	placeholder
1	194990387	195006042	1	207759487	207770820	placeholder
1	34707649	34708534	1	35785327	35786212	placeholder
2	169697580	169702537	2	184896087	184901930	placeholder
2	18948703	18960143	2	19039925	19054371	placeholder
17	6459442	6471181	17	7853996	7859958	placeholder
1	214918479	214935673	1	228830797	228856501	placeholder
3	94212603	94213455	3	117758263	117759115	placeholder
7	29130364	29142922	7	62785244	62795735	placeholder
1	50404155	50409130	1	52734531	52740092	placeholder
1	281347005	281359181	1	299907946	299920959	placeholder
17	8196851	8201116	17	9593351	9596526	placeholder
1	192757757	192769849	1	205287657	205295249	placeholder
1	193436955	193447570	1	206045498	206057124	placeholder
5	69036122	69054615	5	70933912	70956267	placeholder
1	64785259	64796625	1	68448738	68458303	placeholder
4	51164164	51169535	4	81075506	81082166	placeholder
1	224964945	224989821	1	239503850	239532510	placeholder
2	208938691	209015672	2	226678546	226743125	placeholder
15	13928487	13940701	14	18744078	18753319	placeholder
8	76054681	76079630	8	77465752	77481469	placeholder
3	153399497	153416303	3	51620847	51642491	placeholder
5	46764623	46772155	5	48118036	48126136	placeholder
3	25732166	25736330	3	191245073	191249768	placeholder
2	207650944	207663239	2	225401454	225414392	placeholder
3	63642884	63653336	3	148778186	148796451	placeholder
3	100068641	100072049	3	114724535	114729570	placeholder
2	22475030	22484261	2	22646192	22652798	placeholder
19	224084	224975	19	180243	181092	placeholder
13	13758293	13766618	12	4589624	4597833	placeholder
1	71419570	71430767	1	75486168	75496939	placeholder
2	215428801	215442696	2	233828518	233863855	placeholder
1	207170940	207187765	1	220325874	220347059	placeholder
2	8911911	8936038	2	8176264	8194893	placeholder
19	80743	83638	6	69243	125701	placeholder
7	27999693	28012565	7	63993406	64004638	placeholder
5	68350783	68360219	5	70421897	70430528	placeholder
3	61708029	61735276	3	150796064	150833252	placeholder
5	50227586	50230754	5	51684730	51687524	placeholder
3	202903178	202906836	3	197144	201029	placeholder
6	81185630	81224383	6	82492346	82514047	placeholder
5	37380061	37380940	5	38529088	38529967	placeholder
1	226319786	226322115	1	240975915	240978148	placeholder
6	24977235	24983952	6	24630611	24637523	placeholder
1	53801186	53808430	1	56401222	56418122	placeholder
12	9031999	9037567	13	9493101	9504365	placeholder
1	257309801	257322769	1	274216151	274247072	placeholder
12	4397666	4402933	13	4541095	4545255	placeholder
17	4122556	4127757	17	5426731	5433459	placeholder
14	10207303	10219373	15	11135130	11146715	placeholder
18	9348056	9348860	18	10047573	10048380	placeholder
5	39259869	39270425	5	40560157	40568904	placeholder
6	16886085	16907394	6	16102661	16125524	placeholder
1	131988055	132010362	1	139642635	139663254	placeholder
6	89181616	89188838	6	91707904	91731717	placeholder
1	268348600	268362906	1	285927322	285941663	placeholder
6	12889795	12899786	6	12122067	12132027	placeholder
2	97289388	97323679	2	101617499	101657126	placeholder
1	265268174	265285136	1	282620893	282647183	placeholder
12	10114266	10124525	13	10687399	10696246	placeholder
1	25288528	25293982	1	25514245	25518551	placeholder
1	49401635	49416134	1	51639877	51658355	placeholder
1	150193679	150203047	1	158896903	158899769	placeholder
19	2110888	2113774	19	2095557	2097958	placeholder
1	319558202	319564842	1	340767480	340777079	placeholder
1	26170786	26178960	1	26472511	26481073	placeholder
15	11815975	11822204	14	17227661	17232602	placeholder
7	14137997	14149147	7	78515423	78525198	placeholder
8	55327899	55353461	8	58238596	58261055	placeholder
19	4614832	4619523	19	4144935	4148732	placeholder
2	194804017	194977216	2	211715222	211911873	placeholder
16	12251298	12253216	16	13557406	13559988	placeholder
6	85821213	85832662	6	87291168	87303037	placeholder
1	194892286	194897795	1	207657381	207664201	placeholder
18	8524843	8546272	18	9239727	9263091	placeholder
1	254741484	254742348	1	271442728	271443592	placeholder
4	89849200	89866806	4	42164547	42171309	placeholder
1	73176751	73186162	1	77425961	77435562	placeholder
11	18850891	18854159	10	3702060	3705257	placeholder
1	165481809	165493405	1	175202390	175216040	placeholder
1	287728898	287731961	1	306980957	306983532	placeholder
3	156906888	156911165	3	47858763	47863879	placeholder
15	16678785	16687782	14	21190775	21199724	placeholder
5	99744196	99758457	5	99938063	99950820	placeholder
2	207667909	207676090	2	225418610	225431042	placeholder
1	211793548	211799708	1	225374399	225381884	placeholder
2	97826616	97827474	2	102182943	102183801	placeholder
1	92855404	92877105	1	98754495	98786540	placeholder
6	84882667	84893085	6	86299207	86314419	placeholder
1	319354887	319362939	1	340517719	340525186	placeholder
2	89832874	89865248	2	93604884	93642452	placeholder
16	8077546	8082426	16	9064963	9073117	placeholder
1	261844406	261845264	1	279052497	279082370	placeholder
14	8207536	8217960	15	8899842	8916257	placeholder
1	61673109	61687240	1	65007321	65021061	placeholder
1	88472720	88476126	1	93864690	93868073	placeholder
10	7938831	7949914	11	14606543	14621992	placeholder
2	199317794	199326674	2	216387788	216398857	placeholder
3	68068687	68083691	3	144158066	144172233	placeholder
4	58287057	58315955	4	74359686	74372709	placeholder
1	223400365	223405759	1	237935986	237941945	placeholder
1	69660684	69678740	1	73742892	73760240	placeholder
13	1668403	1675124	12	18806855	18818530	placeholder
2	185787637	185789688	2	201953269	201955282	placeholder
1	295461490	295499022	1	315580308	315609289	placeholder
1	87683757	87697409	1	92948604	92964096	placeholder
1	53171958	53190608	1	55836008	55850691	placeholder
6	59442253	59450323	6	60649165	60658780	placeholder
3	148005459	148007004	3	57366801	57368339	placeholder
1	276994812	276998550	1	295206211	295210039	placeholder
3	119046249	119078625	3	89599389	89631692	placeholder
7	9014680	9028964	7	83880915	83893757	placeholder
7	80722813	80741705	7	13576569	13606835	placeholder
2	100379433	100393837	2	104791281	104805019	placeholder
2	126799428	126801676	2	139104989	139107161	placeholder
2	15390910	15398178	2	15163021	15171219	placeholder
4	42487466	42503701	4	89922876	89940673	placeholder
10	5322758	5327764	11	17024659	17031578	placeholder
16	11435811	11438545	16	12717582	12721125	placeholder
2	76957364	76973634	2	81979217	81996615	placeholder
19	5611251	5613803	19	5032456	5034950	placeholder
14	5035577	5039948	15	5270056	5275486	placeholder
3	103231650	103239597	3	111622835	111630493	placeholder
1	31053813	31054665	1	31765666	31766518	placeholder
3	40899701	40932452	3	174234524	174258283	placeholder
17	2250934	2255267	17	3710834	3714552	placeholder
11	15157781	15165510	5	33078815	33165055	placeholder
6	76203661	76233911	6	79770933	79793329	placeholder
1	6557554	6567057	1	5691355	5701700	placeholder
19	333186	336380	19	286578	289791	placeholder
5	31957318	31967013	5	33015691	33028422	placeholder
3	50472232	50481034	3	164001023	164009575	placeholder
8	44083195	44092397	8	46430429	46438042	placeholder
2	100320966	100328681	2	104729494	104737662	placeholder
11	8475153	8481049	10	13547481	13553713	placeholder
7	70475989	70515393	7	24474718	24524599	placeholder
1	8722367	8763204	1	7985202	8037383	placeholder
1	340579600	340589603	1	362888815	362899392	placeholder
3	150231919	150240488	3	55201997	55210421	placeholder
1	49090090	49103329	1	51314189	51330937	placeholder
8	44452280	44455259	8	46869638	46871927	placeholder
3	14154856	14165120	3	203900935	203909556	placeholder
5	94010238	94015502	5	94000820	94006570	placeholder
2	158393782	158394406	2	172646950	172647574	placeholder
4	53231249	53248016	4	78982217	78996399	placeholder
3	64534972	64544898	3	147800991	147814790	placeholder
6	93898467	93909308	6	98035222	98052296	placeholder
2	12300639	12312436	2	11704072	11719310	placeholder
2	226021126	226089532	2	245203507	245256095	placeholder
2	160856716	160880936	2	175432101	175460701	placeholder
14	16514005	16520638	15	19336089	19341309	placeholder
3	57118807	57147850	3	155854896	155886263	placeholder
2	31871776	31875803	2	33452247	33457021	placeholder
14	1445313	1447456	15	1424459	1426292	placeholder
4	93191241	93198507	4	40124043	40131156	placeholder
8	75330020	75339231	8	78163857	78169974	placeholder
6	99223327	99226167	6	100252580	100255497	placeholder
3	35040490	35054858	3	180858158	180873827	placeholder
16	12050693	12051503	16	13356825	13357635	placeholder
15	1460130	1465592	14	4385958	4397668	placeholder
3	66233328	66239918	3	146110013	146123033	placeholder
4	24446558	24447386	4	108640354	108641182	placeholder
12	584630	585467	13	590591	591428	placeholder
2	159633883	159645863	2	174089488	174100228	placeholder
5	59054258	59068081	5	61199493	61216471	placeholder
6	23613009	23626822	6	23173516	23192877	placeholder
6	36192078	36196198	6	36561571	36565887	placeholder
14	1242175	1244960	15	1216852	1219987	placeholder
2	32241488	32245485	2	33825315	33832999	placeholder
7	47659691	47660504	7	44580779	44581592	placeholder
10	16001659	16012408	11	9519714	9531693	placeholder
6	62301339	62307337	6	63940375	63946670	placeholder
10	10428399	10430480	11	12667274	12669348	placeholder
17	10734880	10738314	17	12126459	12129727	placeholder
8	49368224	49373582	8	52520398	52528688	placeholder
3	13144627	13145497	3	204970202	204971081	placeholder
5	1412073	1450046	5	1297482	1334506	placeholder
7	72249386	72250202	7	22718401	22719217	placeholder
7	38550743	38583893	7	52855588	52876685	placeholder
15	15693886	15712644	14	20301460	20320035	placeholder
4	32331641	32332445	4	100413273	100414077	placeholder
3	202734335	202740733	3	356994	361715	placeholder
3	10482896	10497758	3	207807688	207825443	placeholder
19	361721	365011	19	309355	311984	placeholder
8	38029180	38036778	8	39944314	39954609	placeholder
14	9733441	9756565	15	10635318	10654820	placeholder
2	18508678	18515240	2	18580392	18587779	placeholder
14	9620754	9621606	15	10528487	10529339	placeholder
3	16072733	16094258	3	201810483	201836232	placeholder
3	199171788	199190098	3	3390131	3403182	placeholder
6	70311337	70318933	6	72765224	72776406	placeholder
1	115679516	115686260	1	122160925	122166154	placeholder
8	76349326	76357359	8	77167187	77173638	placeholder
3	51125888	51133530	3	163356610	163364473	placeholder
1	237365545	237396932	1	252718039	252764840	placeholder
1	317159486	317191045	1	338086949	338124539	placeholder
2	216252706	216260225	2	234751262	234759551	placeholder
6	95282177	95307831	6	99933380	99969387	placeholder
2	129567894	129585846	2	135832407	135849875	placeholder
13	711571	713925	12	23246726	23249010	placeholder
3	49527192	49538011	3	165057696	165070898	placeholder
6	72847179	72848007	6	74849489	74850368	placeholder
6	44858433	44861567	6	45456540	45460394	placeholder
17	2125357	2140485	17	3586665	3599863	placeholder
2	163305303	163390545	2	177929305	178017946	placeholder
14	4831418	4833734	15	5047187	5050248	placeholder
2	150997574	150999717	2	164632955	164635742	placeholder
17	10369657	10373524	17	11758729	11762506	placeholder
8	78955207	78961560	8	80437983	80443763	placeholder
3	167342435	167371330	3	36548349	36577337	placeholder
1	142118263	142124614	1	150365001	150372265	placeholder
1	178268392	178271854	1	191272829	191276849	placeholder
2	240869385	240875968	2	261557367	261561838	placeholder
3	187292758	187301915	3	15638356	15648491	placeholder
11	219179	231491	10	23518997	23561375	placeholder
2	106016739	106030166	2	111624755	111661948	placeholder
1	22908179	22909007	1	22894264	22895092	placeholder
3	122826208	122862881	3	85340655	85380995	placeholder
1	178424222	178427669	1	191408733	191411980	placeholder
1	34766406	34770451	1	35850803	35853724	placeholder
6	23681373	23700502	6	23253648	23273063	placeholder
8	62417900	62472583	8	64268266	64319195	placeholder
4	21969591	21973580	4	111131607	111135542	placeholder
3	40179286	40181999	3	175012585	175015296	placeholder
4	6363320	6372653	4	128168382	128178996	placeholder
12	301006	304935	13	303116	307147	placeholder
1	318090156	318098825	1	339169893	339180313	placeholder
2	241466255	241487402	2	262272164	262295397	placeholder
6	31572528	31576764	6	31811030	31814892	placeholder
1	104368096	104398614	1	110995914	111025361	placeholder
6	22510653	22555382	6	22050999	22096316	placeholder
6	3222482	3242582	6	3291707	3309926	placeholder
10	11136651	11144432	11	11998864	12008173	placeholder
8	67442160	67451290	8	69218141	69227706	placeholder
3	120330781	120334766	3	88234237	88239272	placeholder
1	52533412	52596679	1	54919951	55177215	placeholder
8	8114356	8121267	8	7746146	7746902	placeholder
1	36032237	36037826	1	37197085	37202257	placeholder
7	17486564	17492128	7	74964798	74970843	placeholder
6	61226730	61364743	6	62818168	62981236	placeholder
3	62847104	62877785	3	149650986	149687206	placeholder
3	61952450	61953263	3	150682938	150683751	placeholder
1	208667373	208682150	1	222047002	222059334	placeholder
2	236974860	236997731	2	257233147	257256303	placeholder
1	104618577	104628266	1	111268891	111280795	placeholder
2	200143860	200150933	2	217259124	217265258	placeholder
5	32052606	32066785	5	33119899	33129112	placeholder
15	14089309	14093707	14	18875268	18878348	placeholder
1	226188701	226221860	1	240828615	240865777	placeholder
4	76943826	77008791	4	56403542	56457868	placeholder
1	251522801	251568642	1	268129462	268170734	placeholder
7	17494320	17512618	7	74947558	74962051	placeholder
2	3300991	3310946	2	3148175	3153911	placeholder
1	313470792	313482485	1	334059869	334069210	placeholder
8	22657135	22679235	8	23087776	23107061	placeholder
3	67298402	67306292	3	145021550	145031386	placeholder
5	40947318	40952515	5	42143130	42145902	placeholder
17	9475873	9481164	17	10865638	10870496	placeholder
15	6148725	6154184	14	11744869	11749956	placeholder
3	15994668	16001382	3	201931963	201940591	placeholder
2	195304687	195315620	2	212269982	212280902	placeholder
2	97037993	97059033	2	101350939	101373336	placeholder
3	47595947	47598342	3	167260339	167262417	placeholder
6	62277019	62295533	6	63910581	63933852	placeholder
1	277972325	277974700	1	296266337	296268723	placeholder
2	191498295	191507330	2	208160422	208173619	placeholder
3	28762959	28770011	3	187856325	187869067	placeholder
13	10271083	10271890	12	7707423	7708230	placeholder
13	7419475	7426028	12	10688296	10694354	placeholder
8	22254053	22313554	8	22655118	22704331	placeholder
5	31367810	31375888	5	32357009	32364431	placeholder
1	11781105	11799406	1	11109034	11126629	placeholder
8	76701902	76710293	8	76808617	76816033	placeholder
6	71016541	71034314	6	73540679	73566938	placeholder
1	249458028	249487122	1	265869869	265909533	placeholder
1	81063247	81067862	1	85752808	85757425	placeholder
4	98708621	98710938	4	33810148	33812452	placeholder
6	68040762	68163630	6	70257637	70384294	placeholder
17	2149170	2166597	17	3608109	3631374	placeholder
2	184933753	184935532	2	201103410	201107456	placeholder
2	190589678	190624297	2	207207298	207250561	placeholder
2	160127119	160132411	2	174621622	174628391	placeholder
3	37908290	37915933	3	177639585	177648254	placeholder
8	11144088	11160918	8	10766836	10783310	placeholder
17	10015948	10017796	17	11736063	11738230	placeholder
1	27115016	27122130	1	27527447	27536448	placeholder
7	50864174	50903716	7	42571589	42585368	placeholder
3	168519057	168536899	3	35281754	35295802	placeholder
16	1377895	1380509	16	1618066	1620982	placeholder
1	80525011	80542438	1	85185798	85202143	placeholder
15	3493631	3499096	14	8161887	8167748	placeholder
17	9847119	9849507	17	11228332	11231014	placeholder
8	49302252	49328278	8	52437583	52473817	placeholder
7	26101433	26103857	7	65930102	65932540	placeholder
12	17319478	17339336	13	17757386	17838632	placeholder
4	69913924	69954851	4	62701547	62764958	placeholder
17	11032907	11033699	17	12424071	12424863	placeholder
16	9386969	9391256	16	10542389	10547704	placeholder
14	7060443	7065364	15	7541181	7546075	placeholder
2	226101434	226102199	2	245274838	245275603	placeholder
4	9780398	9782105	4	124519264	124521612	placeholder
2	84049990	84050728	2	88138035	88138776	placeholder
2	129532754	129538076	2	135879870	135884843	placeholder
5	5487818	5492862	5	5174510	5181343	placeholder
3	32830483	32848615	3	183328354	183345615	placeholder
1	255366356	255393761	1	272123090	272153353	placeholder
4	82101492	82110494	4	51835260	51847799	placeholder
5	99301871	99307606	5	99459337	99463127	placeholder
3	28420127	28431937	3	188217959	188232190	placeholder
1	74651681	74686215	1	79163013	79205885	placeholder
1	25794889	25809798	1	26050615	26059296	placeholder
16	11042279	11043038	16	12466893	12467649	placeholder
2	33727580	33737460	2	35467828	35478451	placeholder
10	6283376	6296776	11	16060470	16069438	placeholder
1	51596797	51605799	1	54034487	54044897	placeholder
8	44525644	44526313	8	46965303	46965972	placeholder
3	159044633	159045422	3	45424551	45425319	placeholder
2	51317079	51328272	2	54538620	54549959	placeholder
2	128176973	128183577	2	137455767	137462290	placeholder
8	11096794	11104635	8	10713207	10720168	placeholder
13	2705636	2710424	12	16810546	16818277	placeholder
5	20647869	20648658	5	21008005	21008794	placeholder
13	1479235	1490881	12	19226024	19255554	placeholder
3	200799305	200819571	3	2004097	2028327	placeholder
8	38837171	38864901	8	40726398	40756043	placeholder
10	7618070	7660576	11	14863742	14898898	placeholder
4	78031489	78037150	4	55761623	55770222	placeholder
1	239572300	239583146	1	255157397	255167277	placeholder
13	7564835	7570230	12	10531525	10539171	placeholder
1	152880150	152901618	1	161762429	161787643	placeholder
1	292770892	292785058	1	312510690	312523504	placeholder
6	71967399	71983249	6	74533092	74565835	placeholder
3	120613146	120624580	3	87906855	87919344	placeholder
16	7151948	7156727	16	8032623	8036771	placeholder
1	126232140	126237010	1	133408195	133416324	placeholder
3	63537420	63545510	3	148907284	148915001	placeholder
17	8207204	8210759	17	9604051	9607309	placeholder
2	127968619	127974571	2	137704033	137726735	placeholder
3	27289407	27310453	3	189496049	189517171	placeholder
10	9013538	9016333	11	13628613	13631200	placeholder
5	86165063	86167974	5	86294292	86297652	placeholder
5	36370568	36376605	5	37415966	37421049	placeholder
6	98662098	98666984	6	100970397	100976824	placeholder
7	64066882	64121463	7	30210030	30321733	placeholder
19	154746	155935	19	81173	83055	placeholder
3	173517467	173524569	3	30115989	30123942	placeholder
2	199947706	199959287	2	217057463	217070218	placeholder
8	19664213	19682718	8	19784814	19808644	placeholder
15	13736575	13744051	14	18569932	18575356	placeholder
14	15795426	15799596	15	18740299	18744294	placeholder
17	9955066	9958290	17	11338922	11342252	placeholder
3	50648363	50656778	3	163796685	163804778	placeholder
2	247707900	247720483	2	268124804	268135295	placeholder
18	9668407	9674040	18	10374631	10378200	placeholder
1	191921613	191929563	1	204362623	204374821	placeholder
19	2994619	3004044	19	2844200	2852707	placeholder
5	56422293	56427023	5	58299103	58303630	placeholder
2	21461974	21467661	2	21647622	21652068	placeholder
1	195844793	195856504	1	208652360	208669007	placeholder
5	26719362	26736431	5	27516630	27537076	placeholder
4	91750572	91751352	4	44231468	44232248	placeholder
1	199863926	199867354	1	212794215	212798084	placeholder
1	68487294	68496616	1	72492706	72502872	placeholder
3	28658183	28675400	3	187968695	187987129	placeholder
17	10505894	10510309	17	11893877	11899039	placeholder
1	16134541	16150103	1	15701289	15714725	placeholder
2	2377968	2392987	2	2142813	2163313	placeholder
19	855269	856461	19	811926	812995	placeholder
19	7196561	7200345	19	6401358	6405717	placeholder
5	120603322	120607312	5	121485918	121491793	placeholder
16	11350294	11353897	16	12622395	12625464	placeholder
2	203325022	203331644	2	220693690	220701195	placeholder
3	32382143	32399501	3	183833548	183853738	placeholder
1	323520687	323523204	1	344994320	345002438	placeholder
7	14011553	14021577	7	78642785	78652968	placeholder
4	47009866	47010640	4	85288170	85288944	placeholder
8	38599633	38603721	8	40472957	40477675	placeholder
8	78419544	78426717	8	79847171	79857630	placeholder
1	27662686	27666939	1	28113198	28118603	placeholder
14	13373083	13375836	15	16191257	16194835	placeholder
10	4637058	4637811	11	17752351	17753113	placeholder
13	10296015	10301671	12	7680469	7685563	placeholder
2	34372735	34379845	2	36094370	36103267	placeholder
5	120842534	120843314	5	121705810	121706581	placeholder
4	98808814	98819920	4	33682579	33695440	placeholder
12	1737246	1743880	13	1723551	1732745	placeholder
7	33508222	33508735	7	58211289	58211793	placeholder
8	62976284	62987406	8	64794757	64805933	placeholder
3	35936966	35943526	3	179800104	179806136	placeholder
1	96290330	96296583	1	102415765	102422385	placeholder
3	147656426	147661498	3	57712322	57722216	placeholder
5	96993879	96999990	5	97093186	97109800	placeholder
2	747341	757961	2	573901	580228	placeholder
3	88131677	88144999	3	122511622	122528582	placeholder
2	92024807	92031833	2	95861228	95867373	placeholder
2	97611829	97612606	2	101975210	101975987	placeholder
1	276527981	276543718	1	294780913	294790879	placeholder
6	38481516	38485403	6	38958740	38963163	placeholder
19	2864200	2868137	19	2983366	2986929	placeholder
15	4758677	4765434	14	10005282	10012054	placeholder
1	291903114	291917870	1	311493063	311512913	placeholder
4	83226179	83233981	4	50814207	50820142	placeholder
1	276900305	276901073	1	295104772	295105540	placeholder
3	163289993	163296818	3	40936146	40943209	placeholder
8	23446127	23452768	8	23946097	23952845	placeholder
2	181240681	181249336	2	197061401	197068175	placeholder
1	18691347	18700150	1	18455180	18465943	placeholder
13	11081951	11089776	12	6940690	6947927	placeholder
1	246918795	246942915	1	263113427	263139091	placeholder
5	30400036	30407851	5	31412663	31421617	placeholder
7	70741667	70744028	7	24235382	24237630	placeholder
3	172890251	172896884	3	30753558	30759875	placeholder
3	150548369	150552248	3	54813590	54821073	placeholder
7	19486662	19520378	7	73022618	73038936	placeholder
1	324259902	324269439	1	345846313	345858116	placeholder
4	29177610	29185843	4	103703657	103714047	placeholder
2	8799761	8812996	2	8063326	8076918	placeholder
3	42043216	42059794	3	173081628	173088811	placeholder
3	147023874	147039666	3	58397347	58423316	placeholder
7	24466378	24472728	7	67683114	67689622	placeholder
14	5233574	5238663	15	5485258	5492946	placeholder
2	73754069	73755520	2	78800859	78802339	placeholder
1	104104595	104124960	1	110722377	110747801	placeholder
5	41018979	41024704	5	42224060	42228520	placeholder
1	18305097	18310616	1	18037675	18043380	placeholder
1	179472307	179557235	1	192269420	192325254	placeholder
3	64216301	64232809	3	148148218	148163749	placeholder
16	11642444	11644982	16	12938731	12941316	placeholder
5	119964889	119977752	5	120894600	120905229	placeholder
1	269236436	269238997	1	286874075	286876632	placeholder
1	292690304	292712093	1	312406549	312441065	placeholder
1	33172154	33186649	1	34139259	34153716	placeholder
11	5248668	5267255	10	16836614	16858179	placeholder
3	178919263	178948745	3	24422291	24453176	placeholder
3	147063390	147064919	3	58372899	58375517	placeholder
2	90311999	90326213	2	94129491	94147644	placeholder
6	40515661	40524632	6	40994349	41005285	placeholder
3	191812422	191821978	3	10731179	10741489	placeholder
1	336576769	336588187	1	358789868	358802368	placeholder
10	6918159	6935391	11	15490078	15505189	placeholder
2	191808132	191821247	2	208504399	208516552	placeholder
11	320756	323927	10	23742941	23746067	placeholder
2	76065372	76069847	2	81175543	81184663	placeholder
3	25364648	25365395	3	191685109	191685856	placeholder
2	177513342	177532222	2	193104671	193122766	placeholder
5	16493132	16551046	5	16696866	16742772	placeholder
1	89992833	90005669	1	95514339	95530435	placeholder
3	30225208	30228152	3	186262943	186266295	placeholder
18	7048308	7051747	18	7664718	7669165	placeholder
1	102033226	102045079	1	108591000	108600761	placeholder
16	1384889	1392249	16	1625482	1631998	placeholder
7	21861268	21866449	7	70490066	70495835	placeholder
1	67819677	67827706	1	71763250	71776314	placeholder
12	1730096	1740888	13	1715857	1724569	placeholder
3	92470809	92492839	3	118654518	118672338	placeholder
3	61934861	61946767	3	150689209	150701407	placeholder
17	4423788	4428916	17	5722846	5727795	placeholder
2	100664161	100669765	2	105134536	105140883	placeholder
2	180411887	180417725	2	196161774	196168475	placeholder
5	122487215	122506047	5	123203259	123223244	placeholder
3	32854132	32863269	3	183314967	183322545	placeholder
14	5441897	5444492	15	5727055	5730250	placeholder
3	197178831	197205346	3	5301635	5332705	placeholder
1	331334723	331346378	1	353397906	353404878	placeholder
10	6509375	6514097	11	15869676	15874860	placeholder
1	31008833	31009577	1	31722297	31723041	placeholder
6	4998962	5025052	6	5107432	5139992	placeholder
5	18092663	18108022	5	18404520	18425294	placeholder
8	68755661	68760650	8	70596137	70600705	placeholder
1	87289048	87289786	1	92465139	92465877	placeholder
2	131330801	131338909	2	143864232	143872408	placeholder
3	62156572	62157310	3	150451122	150451860	placeholder
11	2942685	2952434	10	19847298	19857679	placeholder
3	29681367	29684479	3	186832884	186836104	placeholder
6	57457845	57489327	6	58546162	58590689	placeholder
1	322475354	322480233	1	343919230	343924238	placeholder
5	87232760	87249097	5	87255733	87265526	placeholder
1	178307659	178319494	1	191306028	191316399	placeholder
7	33225792	33226469	7	58473020	58473719	placeholder
1	80456980	80480485	1	85116318	85133131	placeholder
11	8840002	8845704	10	13204562	13210243	placeholder
14	327515	331421	15	300995	304834	placeholder
18	7919843	7925107	18	8589226	8594523	placeholder
4	23141536	23142271	4	109817451	109818186	placeholder
1	207245286	207253447	1	220402122	220413336	placeholder
2	18501506	18505536	2	18573264	18577085	placeholder
3	100512890	100519898	3	114323295	114329688	placeholder
1	279153707	279160029	1	297543335	297549872	placeholder
2	216284890	216292693	2	234785644	234793721	placeholder
4	36102970	36111085	4	96537715	96547395	placeholder
2	149346299	149351211	2	163115340	163120538	placeholder
8	77252959	77253589	8	78607121	78607817	placeholder
5	20794147	20798629	5	21171332	21176842	placeholder
5	13434865	13437159	5	13284651	13286799	placeholder
17	10147267	10149575	17	11604327	11607078	placeholder
7	55042979	55085689	7	38812073	38868448	placeholder
12	157890	159264	13	148417	149873	placeholder
1	139229602	139242245	1	147322363	147333027	placeholder
3	166916586	166917306	3	36950619	36951348	placeholder
1	300006988	300012757	1	320481617	320486543	placeholder
5	51274813	51285179	5	52818924	52826876	placeholder
5	29311547	29342158	5	30207731	30245474	placeholder
14	387112	388605	15	360531	361968	placeholder
1	280489106	280524600	1	299002338	299050558	placeholder
2	105008369	105033742	2	109985568	110007279	placeholder
14	2316993	2319943	15	2334082	2337703	placeholder
19	3364951	3369142	19	3075179	3078576	placeholder
6	49159811	49172164	6	49990489	50002639	placeholder
6	57198996	57222766	6	58241161	58265960	placeholder
3	104457457	104466397	3	109757711	109766809	placeholder
1	284082576	284089228	1	303198521	303206499	placeholder
6	42661157	42663899	6	43256600	43259209	placeholder
4	51950937	51984709	4	80234709	80271812	placeholder
7	51229128	51271509	7	42316877	42390556	placeholder
3	183179571	183189550	3	19952452	19962982	placeholder
14	16041545	16065113	15	18942453	18961502	placeholder
1	51085563	51098424	1	53476059	53486405	placeholder
1	149261527	149262250	1	157880231	157880954	placeholder
5	9685378	9689614	5	9351779	9356023	placeholder
4	91346138	91360617	4	43815035	43824566	placeholder
6	24987950	25001538	6	24644433	24659057	placeholder
5	30819616	30826776	5	31848081	31854809	placeholder
1	12266487	12282527	1	11615276	11622886	placeholder
2	195539	196259	2	9818	10538	placeholder
1	94914839	94941081	1	100931432	100969795	placeholder
1	69922636	69927827	1	74028068	74032601	placeholder
1	63936136	63942006	1	67512542	67519362	placeholder
14	15051660	15057318	15	17952014	17957440	placeholder
5	13227899	13233721	5	13051376	13057033	placeholder
11	22658948	22660578	10	349626	351288	placeholder
4	63645357	63653831	4	68989576	69000564	placeholder
11	17589335	17594438	10	4911855	4916253	placeholder
2	182204474	182214344	2	198078093	198091372	placeholder
14	3806376	3810458	15	3928723	3932152	placeholder
15	7433967	7438643	14	13157640	13162158	placeholder
4	29877062	29882229	4	102988467	102992727	placeholder
1	117197797	117208471	1	123802444	123815515	placeholder
13	8616442	8619434	12	9448742	9451724	placeholder
6	51923820	51931579	6	52726726	52736918	placeholder
2	84998724	85002095	2	89068046	89072558	placeholder
2	105840084	105856932	2	111222385	111252222	placeholder
1	65717172	65721586	1	69504872	69510302	placeholder
3	188400294	188407827	3	14407777	14415211	placeholder
4	81125543	81126182	4	53035240	53035879	placeholder
8	69338074	69344254	8	70833826	70841058	placeholder
1	99111041	99113958	1	105414435	105420572	placeholder
8	52249197	52273735	8	54477078	54518966	placeholder
1	216326628	216336173	1	230364109	230372392	placeholder
13	8721370	8722081	12	9342366	9343077	placeholder
3	25478344	25483648	3	191521259	191526885	placeholder
3	200126125	200131413	3	2549924	2559005	placeholder
14	1478287	1480312	15	1459205	1461564	placeholder
16	11925471	11928140	16	13233150	13238131	placeholder
12	18418858	18423955	13	19002808	19009367	placeholder
3	152419510	152423207	3	52711152	52715756	placeholder
8	69408206	69421057	8	70908872	70919177	placeholder
3	146512858	146526210	3	59006244	59021276	placeholder
5	53027669	53028374	5	54958922	54959636	placeholder
12	3569181	3574819	13	3689641	3695504	placeholder
6	12960884	12993324	6	12193930	12233873	placeholder
14	8710333	8715082	15	9487567	9492717	placeholder
4	85811429	85828384	4	48603203	48620834	placeholder
2	134135503	134136160	2	146342560	146343217	placeholder
12	497000	497879	13	500018	500897	placeholder
15	14125645	14132312	14	18904059	18909327	placeholder
2	197177592	197190918	2	214119409	214130217	placeholder
3	110415462	110432302	3	99844343	99862356	placeholder
15	902349	905505	14	2806619	2866432	placeholder
2	134571607	134587889	2	146821576	146839118	placeholder
10	16031542	16036249	11	9495236	9501014	placeholder
15	1010527	1013672	14	3063490	3067538	placeholder
8	11129158	11138353	8	10746207	10760957	placeholder
13	18267143	18331559	12	551595	553799	placeholder
5	69536191	69586943	5	71296859	71347031	placeholder
5	88692701	88708053	5	88531232	88546622	placeholder
4	96607021	96611629	4	36114295	36119568	placeholder
8	37570576	37584179	8	39440060	39462716	placeholder
2	209734113	209744781	2	227544150	227555725	placeholder
7	5187243	5188310	7	87776841	87792905	placeholder
1	100921256	100928467	1	107340810	107348123	placeholder
8	54811734	54812379	8	57671930	57672575	placeholder
1	205764075	205768391	1	218886280	218890639	placeholder
1	75268083	75285794	1	79858946	79889373	placeholder
10	6393568	6410029	11	15955614	15968065	placeholder
19	7191943	7227968	19	6396104	6453975	placeholder
1	31741757	31750166	1	32531606	32538924	placeholder
5	32415328	32418633	5	33491553	33495569	placeholder
11	1020650	1027644	10	25651742	25660442	placeholder
5	59968952	59970169	5	62181112	62183640	placeholder
6	40905813	40911000	6	41445409	41450925	placeholder
3	119978668	119983476	3	88633424	88638641	placeholder
3	147105442	147109622	3	58315462	58320829	placeholder
3	45553782	45577076	3	169314229	169337666	placeholder
12	163559	164234	13	154055	154733	placeholder
5	16258378	16283585	5	16477742	16498527	placeholder
3	30547002	30555281	3	185992063	186006568	placeholder
1	93942873	93949163	1	100029417	100039943	placeholder
3	199864182	199919825	3	2731088	2781183	placeholder
5	13685211	13704781	5	13510288	13528662	placeholder
2	195055021	195055711	2	212017184	212017874	placeholder
3	59537065	59553351	3	153308439	153321797	placeholder
14	16369146	16391466	15	19220443	19242911	placeholder
4	2795099	2802582	4	131263089	131269656	placeholder
3	142422610	142430719	3	63511143	63520148	placeholder
11	3239511	3300787	10	19313092	19419784	placeholder
16	12841718	12843326	16	14136755	14138354	placeholder
3	49426346	49439463	3	165160133	165183562	placeholder
8	75815269	75827986	8	77711407	77723836	placeholder
7	31165169	31170919	7	60717796	60724305	placeholder
3	126932515	126951797	3	80769737	80787696	placeholder
1	270290847	270302642	1	288093054	288105999	placeholder
5	59571175	59594761	5	61738544	61759053	placeholder
11	10452585	10454415	10	11585725	11587498	placeholder
4	87824927	87833354	4	46482584	46496357	placeholder
6	40969049	40973392	6	41509177	41513937	placeholder
3	60372043	60381837	3	152331743	152339415	placeholder
1	69969412	69980037	1	74074800	74084259	placeholder
1	199439305	199452790	1	212294318	212306710	placeholder
3	150505749	150506418	3	54866946	54867615	placeholder
11	22448612	22451129	10	559238	561633	placeholder
1	148764468	148776398	1	157334603	157346672	placeholder
3	163301658	163314364	3	40918860	40931640	placeholder
11	20370448	20375915	10	2332239	2338316	placeholder
15	8171234	8177467	14	13904693	13911304	placeholder
13	5066412	5070426	12	13651981	13658123	placeholder
1	1555380	1560605	1	1181061	1185107	placeholder
5	31740701	31752830	5	32805903	32818924	placeholder
2	230507557	230593904	2	250096709	250140919	placeholder
1	227684312	227684963	1	242428636	242429287	placeholder
6	26827192	26839895	6	26707059	26722623	placeholder
6	63687037	63694191	6	65363263	65371763	placeholder
13	2633208	2641374	12	16922891	16933725	placeholder
13	17025722	17032591	12	1671728	1678202	placeholder
3	105389507	105419792	3	108705928	108739037	placeholder
2	195323663	195327891	2	212291267	212295699	placeholder
7	41317539	41322158	7	50116798	50119330	placeholder
1	243228894	243234314	1	259264563	259268245	placeholder
12	11361865	11365399	13	11931527	11935638	placeholder
14	7377559	7399236	15	7881531	7905057	placeholder
2	176023651	176029320	2	191562685	191569349	placeholder
7	14464643	14475292	7	78161218	78172822	placeholder
11	20456183	20459427	10	2263956	2267110	placeholder
6	23639699	23648508	6	23204988	23215275	placeholder
1	319300526	319309361	1	340468357	340478286	placeholder
6	36609536	36614202	6	37033543	37038345	placeholder
1	116356323	116377862	1	122864714	122884710	placeholder
6	49100059	49103870	6	49927094	49928838	placeholder
15	6877981	6882286	14	12535346	12538696	placeholder
7	74443948	74450668	7	20320274	20331156	placeholder
3	193845767	193849200	3	8642954	8646068	placeholder
17	3752583	3779174	17	5034003	5062238	placeholder
6	186136	188124	6	271433	273810	placeholder
4	87586630	87587689	4	46776129	46777053	placeholder
15	16426883	16429018	14	20961587	20963352	placeholder
6	30118608	30119343	6	30315109	30315844	placeholder
4	77673821	77764181	4	55940360	55993786	placeholder
4	40135286	40158527	4	92447024	92474427	placeholder
16	8445098	8449619	16	9461909	9466749	placeholder
17	10783014	10785145	17	12172991	12174974	placeholder
16	11776449	11778594	16	13083227	13085372	placeholder
3	86273216	86277271	3	124595521	124599623	placeholder
7	91879097	91909625	7	2045578	2070954	placeholder
16	13068473	13069415	16	14368789	14369777	placeholder
5	67306286	67355624	5	69417515	69464846	placeholder
4	98496765	98503296	4	34066795	34074152	placeholder
8	55892387	56072923	8	58858473	59018775	placeholder
1	340613237	340615678	1	362916681	362919185	placeholder
6	8820396	8824699	6	7912237	7916860	placeholder
16	10500906	10504677	16	11694253	11699077	placeholder
3	88359509	88366204	3	122255952	122262668	placeholder
1	207270472	207277559	1	220436583	220444192	placeholder
6	89667964	89676713	6	93443555	93451427	placeholder
1	180699246	180716990	1	193260403	193269050	placeholder
1	216317714	216319044	1	230351819	230353147	placeholder
2	34004911	34008932	2	35705371	35711036	placeholder
4	61503512	61504974	4	71124716	71126183	placeholder
7	17310802	17324398	7	75151340	75165668	placeholder
1	64130014	64137006	1	67736376	67743327	placeholder
3	153734284	153742180	3	51266915	51274462	placeholder
13	8712093	8714153	12	9350317	9352250	placeholder
2	163988528	163989209	2	178670465	178671146	placeholder
5	98232132	98232597	5	98344292	98344757	placeholder
1	153883459	153889403	1	162990942	162997404	placeholder
1	65531945	65548530	1	69296528	69310343	placeholder
1	302176729	302182645	1	322880136	322887932	placeholder
1	122949515	122962462	1	130044429	130065570	placeholder
5	64843885	64851100	5	67046577	67053563	placeholder
7	22848039	22854945	7	69385971	69394940	placeholder
1	373899	377571	1	492009	495777	placeholder
7	29066180	29080756	7	62875462	62890704	placeholder
6	44188021	44209152	6	44794614	44811149	placeholder
4	60681732	60695113	4	72108606	72117486	placeholder
5	56450314	56465277	5	58336939	58353117	placeholder
3	28872364	28897209	3	187714642	187753330	placeholder
1	300929692	300937390	1	321532642	321539299	placeholder
17	3468	28393	10	23068434	23100345	placeholder
15	15313755	15316006	14	19944314	19946522	placeholder
3	79437325	79460674	3	132023271	132051889	placeholder
1	208689948	208697562	1	222066778	222073911	placeholder
4	78347909	78414406	4	55637740	55646481	placeholder
2	76704248	76718060	2	81737508	81753794	placeholder
1	298523514	298544047	1	318890694	318914448	placeholder
7	5539862	5556215	7	87391770	87403220	placeholder
1	71157221	71164959	1	75192890	75203334	placeholder
12	9503000	9507645	13	10042171	10046185	placeholder
17	4270974	4279616	17	5566527	5574636	placeholder
2	19652649	19662226	2	19733722	19748565	placeholder
1	183620600	183630740	1	195567054	195569891	placeholder
6	58548555	58625877	6	59677857	59755085	placeholder
1	289446176	289450516	1	308810443	308814200	placeholder
16	5126817	5130460	16	5811296	5815207	placeholder
6	60094046	60098006	6	61590195	61594287	placeholder
1	10772773	10785542	1	10060443	10072780	placeholder
4	86699799	86705099	4	47640157	47646685	placeholder
2	155184353	155236173	2	169229182	169292870	placeholder
2	198914125	198917228	2	215950022	215956473	placeholder
4	20587268	20589924	4	112713719	112716929	placeholder
8	22054936	22056332	8	22449376	22450732	placeholder
7	58360986	58388411	7	35569379	35599664	placeholder
6	53094814	53232352	6	53984596	54151043	placeholder
1	211244265	211262636	1	224707482	224733205	placeholder
1	96183401	96190216	1	102313705	102320124	placeholder
7	80970608	80998761	7	13321995	13348978	placeholder
11	10454717	10459376	10	11580081	11585384	placeholder
8	2607522	2613758	8	2375694	2380700	placeholder
1	292759061	292767239	1	312499171	312507131	placeholder
7	13691892	13695517	7	79014228	79017628	placeholder
1	48896629	48911911	1	51086546	51102774	placeholder
6	12647375	12654676	6	11850571	11857049	placeholder
11	18159149	18185362	10	4373223	4383250	placeholder
1	190080565	190082706	1	202311026	202313449	placeholder
2	21856531	21863415	2	22064392	22068000	placeholder
10	93483	105631	11	23148585	23228101	placeholder
5	92451926	92466680	5	92459785	92473599	placeholder
6	70948738	70954713	6	73460608	73468777	placeholder
8	62399927	62411446	8	64247102	64263946	placeholder
1	261554129	261560281	1	278889339	278894812	placeholder
2	159507744	159508374	2	173925703	173926333	placeholder
16	8862864	8867015	16	9949063	9953199	placeholder
16	8747996	8761696	16	9825382	9842883	placeholder
16	12168178	12170042	16	13474514	13476272	placeholder
3	166763976	166815126	3	37078562	37126939	placeholder
1	193529368	193595726	1	206151674	206220265	placeholder
6	38152316	38174546	6	38664837	38687371	placeholder
3	20381191	20392822	3	197243924	197256523	placeholder
3	126976863	126978751	3	80739868	80741747	placeholder
2	155146105	155149897	2	169172883	169176608	placeholder
1	149325196	149332024	1	157929708	157937162	placeholder
1	48869365	48872563	1	51057386	51060363	placeholder
1	311964523	311971635	1	332500304	332507020	placeholder
4	100695135	100698589	4	31441621	31445162	placeholder
15	11002502	11003138	14	16502860	16503493	placeholder
7	20657072	20660694	7	71754086	71757395	placeholder
5	10376409	10409750	5	10094429	10125648	placeholder
6	19556540	19574147	6	18919946	18933755	placeholder
4	4598152	4608126	4	129668596	129681944	placeholder
2	24838046	24843015	2	25344924	25350233	placeholder
12	10890271	10910985	13	11479911	11502298	placeholder
3	171749336	171753625	3	32016534	32021268	placeholder
5	13190977	13194495	5	13010565	13047890	placeholder
2	188317565	188322880	2	204777835	204785981	placeholder
14	557385	557991	15	520054	520660	placeholder
14	16128136	16134458	15	19024244	19029233	placeholder
11	13200153	13211874	10	9064071	9074746	placeholder
1	192793004	192797407	1	205327053	205332203	placeholder
10	1580773	1586475	11	22029999	22035919	placeholder
1	167342601	167349240	1	177209548	177211292	placeholder
19	7595033	7604135	19	6906573	6915613	placeholder
1	323826794	323841896	1	345338673	345349821	placeholder
12	4499014	4502746	13	4645036	4649098	placeholder
2	64671214	64685424	2	68872219	68896141	placeholder
8	75025323	75032966	8	76389927	76397918	placeholder
1	46892089	46892662	1	48952895	48953468	placeholder
2	16634066	16645688	2	16495643	16512494	placeholder
3	155884611	155888417	3	48896253	48899337	placeholder
6	61511096	61517538	6	63130958	63136594	placeholder
1	322447973	322448585	1	343883994	343884606	placeholder
10	15982980	15983598	11	9547127	9547745	placeholder
7	31683448	31698236	7	60117734	60125577	placeholder
8	38562587	38570043	8	40440652	40447309	placeholder
2	154320436	154326209	2	168257143	168264487	placeholder
16	2340275	2348154	16	2673405	2679699	placeholder
3	69338878	69342612	3	142766722	142770460	placeholder
3	88037252	88041658	3	122637588	122642254	placeholder
4	77567455	77614326	4	56048675	56094955	placeholder
3	148910475	148916573	3	56396556	56403987	placeholder
11	22758390	22761345	10	245505	248253	placeholder
4	85226435	85238516	4	49120351	49132175	placeholder
2	47063191	47067528	2	49991756	49997139	placeholder
5	9237075	9243630	5	9074780	9080556	placeholder
4	35905701	35909208	4	96715829	96719447	placeholder
1	164314990	164319213	1	173931298	173936246	placeholder
14	3729322	3729838	15	3848977	3849493	placeholder
13	2348193	2370130	12	17387299	17419514	placeholder
1	322403588	322409111	1	343824700	343835454	placeholder
6	22932687	22946958	6	22538903	22558845	placeholder
2	18871153	18878659	2	18954692	18970753	placeholder
6	18097288	18113782	6	17397870	17415435	placeholder
3	163183721	163195801	3	41036299	41045247	placeholder
1	226696650	226698708	1	241376368	241378431	placeholder
2	154924588	154927276	2	168929465	168932196	placeholder
1	82136437	82147210	1	86881764	86894581	placeholder
13	7625153	7629411	12	10462073	10467008	placeholder
15	12888118	12890977	14	18129674	18131836	placeholder
7	33749014	33759374	7	57974852	57980012	placeholder
8	74370634	74379033	8	75718534	75725865	placeholder
6	98746494	98752454	6	100868713	100872760	placeholder
3	148395538	148465222	3	56881724	56964055	placeholder
8	25625821	25660689	8	26383794	26434027	placeholder
4	81468746	81472958	4	52833865	52846817	placeholder
3	200705348	200724359	3	2117103	2126354	placeholder
2	38680823	38683861	2	40755140	40758211	placeholder
1	268963445	268967264	1	286595862	286600266	placeholder
7	49668921	49679773	7	43347788	43352368	placeholder
6	12681175	12687137	6	11883282	11891162	placeholder
2	157171646	157174902	2	171305388	171311434	placeholder
1	185089536	185094365	1	196978274	196984113	placeholder
16	9961984	9971100	16	11107348	11116659	placeholder
4	25301754	25325846	4	107817771	107840549	placeholder
8	25925588	25934084	8	26758714	26765589	placeholder
15	10366916	10391522	14	15936626	15957795	placeholder
11	19447931	19451204	10	3197672	3200672	placeholder
5	24745722	24758137	5	25406460	25419936	placeholder
1	318755328	318758376	1	339885476	339888667	placeholder
8	8840174	8849433	8	8478604	8489060	placeholder
5	109554079	109558939	5	110185269	110192348	placeholder
4	41101387	41148805	4	91412559	91459312	placeholder
14	5920384	5928631	15	6259640	6270115	placeholder
1	321024235	321051239	1	342243792	342275078	placeholder
14	15790508	15794341	15	18735768	18739076	placeholder
6	31158077	31217270	6	31377778	31429519	placeholder
6	46621653	46635071	6	47327447	47337698	placeholder
2	151844557	151848514	2	165507385	165510415	placeholder
7	28874984	28880756	7	63060133	63065893	placeholder
2	99803811	99812984	2	104164762	104175442	placeholder
19	3100736	3102682	19	2746650	2749598	placeholder
16	10086006	10098203	16	11252604	11266901	placeholder
3	89943451	89984166	3	120559976	120593299	placeholder
8	28984128	29009467	8	30038761	30064406	placeholder
3	92638879	92748571	3	118541582	118600690	placeholder
3	168486132	168490813	3	35320664	35326098	placeholder
7	28765478	28772025	7	63183945	63192412	placeholder
3	68163324	68202004	3	144005855	144034512	placeholder
1	267352175	267356463	1	284853256	284865249	placeholder
1	178233275	178238945	1	191257070	191261305	placeholder
6	41118769	41130002	6	41662057	41671247	placeholder
3	197470157	197491490	3	5012661	5037192	placeholder
1	294068159	294072790	1	314019917	314024411	placeholder
6	38445950	38448441	6	38925281	38927771	placeholder
6	38370194	38381342	6	38839803	38845441	placeholder
3	92865791	92880368	3	118490849	118504975	placeholder
1	71147734	71151892	1	75182736	75186822	placeholder
8	622855	624529	8	535515	537247	placeholder
6	44846683	44851891	6	45445574	45450380	placeholder
1	12263218	12264739	1	11601764	11603756	placeholder
2	174393185	174399553	2	189843227	189851078	placeholder
11	20678536	20682749	10	2053198	2057528	placeholder
1	61844510	61852462	1	65178285	65188665	placeholder
19	7219525	7232980	19	6426937	6443813	placeholder
15	8853369	8881253	14	14579266	14608126	placeholder
7	33385247	33394321	7	58315284	58324959	placeholder
1	267155047	267161513	1	284631140	284638469	placeholder
7	22097499	22109116	7	70238446	70253647	placeholder
1	205928129	205933669	1	218946265	218953694	placeholder
2	209838299	209838896	2	227633897	227634488	placeholder
3	64043598	64048280	3	148342471	148347128	placeholder
3	160191995	160202484	3	44263682	44273648	placeholder
2	122908565	122919621	2	132985466	132996764	placeholder
5	36383699	36396095	5	37434432	37443344	placeholder
17	7885402	7896967	17	9268926	9279865	placeholder
3	147814529	147821312	3	57523212	57532820	placeholder
5	50189852	50192716	5	51641247	51644761	placeholder
2	185867117	185870823	2	202039492	202043043	placeholder
8	59322029	59327780	8	61525101	61530671	placeholder
1	23846941	23860676	1	23911082	23928690	placeholder
3	110567946	110574702	3	99634142	99641581	placeholder
4	100716346	100720665	4	31420079	31424637	placeholder
2	214892170	214894185	2	233264733	233267967	placeholder
5	122190876	122201105	5	122928109	122938288	placeholder
5	31100818	31113028	5	32158412	32173367	placeholder
5	7958738	7965841	5	7671736	7677146	placeholder
16	12477456	12479296	16	13785729	13787773	placeholder
8	35445055	35457194	8	37143765	37149699	placeholder
1	238179295	238193291	1	253661453	253676499	placeholder
10	7409053	7413226	11	15070359	15073609	placeholder
7	29455189	29457452	7	62459801	62462429	placeholder
12	11216472	11221791	13	11791264	11796599	placeholder
1	33080674	33082257	1	34029786	34031350	placeholder
19	1556365	1565033	19	1425531	1433423	placeholder
1	263487983	263526400	1	280667206	280717783	placeholder
7	48309406	48312633	7	44169877	44172717	placeholder
1	50655444	50664485	1	52984968	52994090	placeholder
16	3999798	4004101	16	4566039	4572766	placeholder
5	59929658	59934714	5	62132101	62137575	placeholder
2	59111734	59120363	2	62742277	62751295	placeholder
16	11431729	11434606	16	12712848	12716386	placeholder
4	28599399	28599993	4	104357001	104357595	placeholder
1	331222761	331223355	1	353270718	353271312	placeholder
11	10397447	10401520	10	11633542	11637259	placeholder
2	168112725	168116182	2	183139809	183143932	placeholder
2	175999424	176004892	2	191536176	191542516	placeholder
1	211131841	211142373	1	224583778	224596663	placeholder
3	99938674	99954935	3	114842462	114859572	placeholder
8	44781156	44808001	8	47280609	47307133	placeholder
12	13089754	13096225	13	13783233	13790204	placeholder
2	151545378	151549078	2	165204903	165211902	placeholder
1	116575158	116582178	1	123102413	123108762	placeholder
1	293333588	293335195	1	313181005	313182614	placeholder
3	153472864	153489230	3	51539362	51558092	placeholder
13	11128549	11132938	12	6901646	6906356	placeholder
2	103535565	103538813	2	108287422	108292952	placeholder
19	2105305	2108879	19	2100409	2104379	placeholder
3	32653728	32666002	3	183510354	183528174	placeholder
14	7292621	7296124	15	7790928	7795250	placeholder
14	14512812	14518860	15	17411418	17414206	placeholder
6	86036079	86049920	6	87534641	87547818	placeholder
6	44221877	44231108	6	44824858	44833926	placeholder
1	195014176	195046733	1	207778422	207800288	placeholder
2	40922808	40924102	2	43241026	43242700	placeholder
3	59778572	59780239	3	153075630	153077479	placeholder
7	26836755	26843506	7	65217200	65223966	placeholder
14	5784980	5788035	15	6108523	6112665	placeholder
5	56125128	56129180	5	57961902	57966177	placeholder
1	315475279	315481141	1	336301046	336307866	placeholder
1	81780158	81782288	1	86518838	86523809	placeholder
1	164281373	164288985	1	173887332	173895538	placeholder
19	3246394	3274868	19	2593100	2620125	placeholder
16	2150657	2162132	16	2465120	2473821	placeholder
16	11700227	11702583	16	12997680	13002796	placeholder
17	4287121	4294277	17	5581638	5592067	placeholder
7	28313833	28318761	7	63676448	63682682	placeholder
1	204536239	204539119	1	217546818	217550092	placeholder
2	105867471	105874549	2	111337854	111366151	placeholder
1	62482691	62507511	1	65939869	65960410	placeholder
4	52972743	52975149	4	79252224	79254617	placeholder
6	22587987	22588557	6	22122215	22122785	placeholder
8	74931641	74938369	8	76279652	76285115	placeholder
1	199053374	199053962	1	211932828	211933416	placeholder
1	33255276	33259888	1	34226664	34230578	placeholder
3	91098395	91111919	3	119446232	119459714	placeholder
6	41586434	41589323	6	42149059	42156769	placeholder
3	120529465	120563748	3	87968684	88001553	placeholder
7	28176456	28177032	7	63827252	63827828	placeholder
3	182021886	182026648	3	21100812	21105592	placeholder
6	149559	154613	6	233689	241497	placeholder
8	75170946	75171519	8	76558983	76559556	placeholder
12	177179	178728	13	167784	169307	placeholder
4	89623283	89627054	4	41921757	41925610	placeholder
13	18022612	18024637	12	790227	794343	placeholder
16	11735261	11739465	16	13033061	13037577	placeholder
10	603838	607173	11	24242492	24248586	placeholder
11	13162938	13163457	10	9111077	9111602	placeholder
3	167153583	167159846	3	36755230	36763387	placeholder
1	167293200	167297016	1	177161081	177164746	placeholder
3	98813394	98830919	3	115653401	115664460	placeholder
19	1681013	1682925	19	1470100	1471857	placeholder
1	23840621	23843673	1	23904561	23907876	placeholder
3	49251114	49261783	3	165364744	165376500	placeholder
17	9035673	9045654	17	10438373	10445179	placeholder
2	159587367	159592375	2	174014890	174029676	placeholder
10	16173361	16195767	11	9417612	9424295	placeholder
1	83769912	83773204	1	88664138	88667602	placeholder
15	1145896	1147654	14	3357035	3358687	placeholder
3	22705593	22709741	3	194657364	194663374	placeholder
7	28234864	28248584	7	63751132	63757701	placeholder
1	187088522	187093738	1	199136964	199142719	placeholder
4	40088847	40092503	4	92523535	92527210	placeholder
5	23919832	23929318	5	24504830	24515757	placeholder
6	40613771	40614491	6	41112176	41112896	placeholder
16	8412259	8415477	16	9426503	9430214	placeholder
2	157326340	157367227	2	171499432	171530307	placeholder
7	24228582	24229149	7	67959537	67960104	placeholder
6	31780069	31783858	6	32019118	32023430	placeholder
3	181239658	181248038	3	21929300	21939625	placeholder
2	206312767	206314127	2	223889010	223890039	placeholder
2	185851117	185851681	2	202023588	202024152	placeholder
1	79452355	79462724	1	84074289	84090877	placeholder
8	23502756	23507601	8	23998528	24004194	placeholder
18	8910413	8911678	18	9621587	9622899	placeholder
17	8379266	8382612	17	9781979	9784522	placeholder
3	193754875	193760309	3	8725611	8730518	placeholder
1	268266310	268272656	1	285847337	285853423	placeholder
5	90202176	90205339	5	90084497	90089036	placeholder
3	126108751	126116539	3	81584277	81592001	placeholder
2	24774570	24780509	2	25275674	25281902	placeholder
4	60566125	60573573	4	72200674	72208847	placeholder
19	1210317	1213611	19	1112561	1115380	placeholder
5	30697166	30704283	5	31718221	31725948	placeholder
4	72691225	72815375	4	59916180	60016419	placeholder
1	101719766	101745499	1	108239729	108267151	placeholder
3	142757363	142761344	3	63147698	63154132	placeholder
8	24598863	24599397	8	25209347	25209881	placeholder
2	212033475	212047872	2	230075233	230094342	placeholder
16	11636569	11637127	16	12932122	12932680	placeholder
6	8804492	8815200	6	7901306	7908445	placeholder
3	17320955	17321901	3	200634530	200635775	placeholder
1	5413909	5414467	1	4661148	4661706	placeholder
14	15248799	15257220	15	18150736	18159922	placeholder
2	194055655	194059974	2	210958947	210964397	placeholder
5	38685548	38698669	5	39993448	40011285	placeholder
16	10580870	10582641	16	11790750	11792347	placeholder
4	45737004	45738792	4	86589171	86590873	placeholder
3	105339387	105347124	3	108778330	108786997	placeholder
3	141618144	141623395	3	64478922	64488293	placeholder
1	266707151	266707709	1	284140990	284141545	placeholder
2	106042885	106076534	2	111712645	111786117	placeholder
3	24886662	24895714	3	192255179	192265179	placeholder
1	246126786	246144862	1	262346467	262363720	placeholder
8	79079921	79089534	8	80568729	80571975	placeholder
1	101555113	101561050	1	108051035	108059058	placeholder
4	7169003	7175437	4	127308397	127314597	placeholder
3	65754757	65765094	3	146457522	146469477	placeholder
7	50587469	50685748	7	42724638	42782439	placeholder
6	3412910	3414949	6	3475782	3478168	placeholder
2	50265408	50265969	2	53408979	53409540	placeholder
2	212086917	212092190	2	230144676	230150353	placeholder
1	321179041	321180076	1	342408170	342409270	placeholder
3	30124036	30130691	3	186357754	186367110	placeholder
1	252381705	252397773	1	269019119	269030724	placeholder
1	27354175	27359765	1	27776838	27780800	placeholder
3	178074973	178083873	3	25180237	25188539	placeholder
1	210842605	210847118	1	224261705	224270769	placeholder
2	95571485	95577922	2	99743753	99752093	placeholder
13	17957670	17960411	12	848870	851887	placeholder
1	49837866	49841125	1	52143891	52147070	placeholder
1	250230558	250235686	1	266598651	266603173	placeholder
3	145504745	145513820	3	60169952	60180155	placeholder
16	7416060	7416609	16	8322017	8327807	placeholder
18	2515673	2519173	18	3283306	3288393	placeholder
1	258541098	258543520	1	275649815	275652949	placeholder
14	3574049	3578102	15	3689468	3696311	placeholder
5	52018373	52022151	5	53607922	53611696	placeholder
1	238278914	238286144	1	253765039	253772547	placeholder
3	63482492	63486970	3	148975673	148981099	placeholder
1	24218518	24224537	1	24332256	24338582	placeholder
4	50920485	50923711	4	81310150	81315847	placeholder
19	7571279	7575270	19	6875057	6879753	placeholder
10	5571064	5573175	11	16776355	16778457	placeholder
1	166863518	166873559	1	176738805	176749067	placeholder
1	179259976	179265416	1	192084615	192088109	placeholder
4	38560611	38562938	4	94190341	94192438	placeholder
7	90750501	90755828	7	3291266	3297542	placeholder
3	32616629	32619941	3	183564309	183567517	placeholder
15	17031019	17032222	14	21482576	21483859	placeholder
1	340431137	340437972	1	362704036	362714448	placeholder
6	84698964	84796369	6	86132389	86220650	placeholder
16	8017452	8019893	16	8987856	8990191	placeholder
1	292833834	292837246	1	312594022	312598174	placeholder
1	118632127	118647636	1	125335865	125344348	placeholder
2	264193506	264201395	2	285013285	285022766	placeholder
1	26697362	26703558	1	27056651	27065432	placeholder
4	88913780	88918079	4	41192279	41197086	placeholder
1	99189258	99204084	1	105486865	105497818	placeholder
1	97593787	97596548	1	103945584	103951316	placeholder
1	16992333	16995949	1	16634989	16640225	placeholder
19	3142931	3151531	19	2702399	2709113	placeholder
11	20594962	20597881	10	2137810	2140880	placeholder
6	70940998	70945238	6	73448899	73453144	placeholder
3	17147722	17168394	3	200800473	200823040	placeholder
1	126202841	126211126	1	133375512	133382358	placeholder
8	19686141	19689297	8	19812254	19816636	placeholder
7	46532084	46541419	7	45515146	45522580	placeholder
2	191870363	191877412	2	208571680	208579863	placeholder
2	148765021	148773868	2	162428523	162438302	placeholder
17	8308933	8310835	17	9708515	9711127	placeholder
6	12638486	12644703	6	11842821	11847938	placeholder
1	138150304	138167181	1	146119317	146132662	placeholder
6	81966757	81981004	6	83180346	83189805	placeholder
3	186310325	186314428	3	16721000	16727116	placeholder
1	187098340	187106336	1	199147220	199157342	placeholder
1	71289688	71314887	1	75313832	75338863	placeholder
7	92368255	92382374	7	1525253	1535102	placeholder
2	33936823	33938013	2	35635732	35636955	placeholder
13	7655240	7659992	12	10427994	10433858	placeholder
7	79453578	79456679	7	14874457	14878018	placeholder
5	2052233	2058663	5	1902128	1906744	placeholder
4	84590487	84594798	4	49726511	49736608	placeholder
7	48353218	48357186	7	44113867	44118963	placeholder
7	51640696	51648916	7	42212056	42218968	placeholder
17	8263894	8269610	17	9664172	9669426	placeholder
3	119707701	119718686	3	88931979	88941525	placeholder
1	317085010	317092436	1	338005989	338014299	placeholder
15	7042018	7045744	14	12724729	12729147	placeholder
2	16036317	16042855	2	15893337	15898919	placeholder
17	10514639	10516489	17	11903308	11905063	placeholder
10	2902080	2908265	11	19957484	19962682	placeholder
1	61165030	61165546	1	64494120	64494636	placeholder
17	202833	209340	17	1052872	1059397	placeholder
3	160864958	160871886	3	43522826	43556065	placeholder
3	14145687	14152665	3	203912551	203919783	placeholder
7	39597002	39611348	7	51790022	51816834	placeholder
3	25403569	25410900	3	191640325	191649852	placeholder
3	141590542	141598240	3	64510320	64518880	placeholder
2	185197476	185213320	2	201387203	201396741	placeholder
1	322451562	322455298	1	343887830	343890941	placeholder
1	242095080	242107856	1	257907155	257915185	placeholder
7	58527235	58528975	7	35448204	35454789	placeholder
10	5891086	5911039	11	16417717	16435324	placeholder
3	110679055	110681532	3	99449252	99452024	placeholder
14	507974	509271	15	481277	491370	placeholder
7	18665682	18681274	7	73868910	73885963	placeholder
1	333057085	333057601	1	355147637	355148153	placeholder
2	209719475	209721161	2	227531996	227533756	placeholder
1	30639189	30647763	1	31373475	31381964	placeholder
16	11254551	11255625	16	12517970	12519210	placeholder
5	64972091	64977976	5	67158026	67166334	placeholder
19	3235425	3241623	19	2625777	2632375	placeholder
16	11440711	11442788	16	12723210	12725668	placeholder
12	4180441	4184585	13	4317532	4321371	placeholder
1	13015273	13018879	1	12452677	12455217	placeholder
2	155039138	155041755	2	169060731	169066546	placeholder
7	2355498	2365420	7	90183530	90198736	placeholder
13	16505055	16507805	12	2154907	2157656	placeholder
7	85566800	85579852	7	8672393	8683344	placeholder
3	41926571	41943810	3	173201978	173212009	placeholder
3	178192776	178196994	3	25069818	25073750	placeholder
2	48694049	48703094	2	51683256	51692761	placeholder
1	138299566	138310972	1	146246920	146267335	placeholder
7	31073007	31082972	7	60809610	60820155	placeholder
11	3482847	3487746	10	19041345	19046352	placeholder
1	315627317	315643957	1	336460783	336473714	placeholder
4	82003746	82009136	4	51915870	51921053	placeholder
14	4696230	4696707	15	4906972	4907452	placeholder
2	178194373	178228232	2	193857174	193892152	placeholder
12	8266548	8270141	13	8717896	8721750	placeholder
1	272062027	272062531	1	289910352	289910856	placeholder
4	57788299	57791186	4	74936305	74939290	placeholder
3	103669014	103674758	3	111233981	111239612	placeholder
16	12474271	12474894	16	13782804	13783427	placeholder
1	10884822	10887772	1	10169351	10172323	placeholder
10	6374000	6381634	11	15981579	15988137	placeholder
10	6319377	6327094	11	16028513	16033388	placeholder
7	80083328	80091049	7	14209876	14215743	placeholder
6	95373060	95377294	6	100048848	100053505	placeholder
5	36557387	36557882	5	37617314	37617809	placeholder
1	69695670	69696171	1	73790457	73790958	placeholder
5	86466440	86470749	5	86575951	86580630	placeholder
14	666536	669576	15	628482	631852	placeholder
7	31110519	31111782	7	60781532	60783333	placeholder
10	14489620	14498977	11	10585336	10588380	placeholder
1	50306395	50320330	1	52634915	52650184	placeholder
1	299748754	299750375	1	320208680	320210815	placeholder
7	12209731	12214316	7	80637361	80641237	placeholder
1	301782685	301784771	1	322457157	322459190	placeholder
7	22214712	22217902	7	70127610	70131022	placeholder
3	167424399	167429692	3	36489603	36494352	placeholder
19	1156780	1157848	19	1055937	1057320	placeholder
2	230925956	230939172	2	250541543	250547635	placeholder
1	200780994	200781492	1	213666899	213667418	placeholder
1	165769195	165772532	1	175539746	175544121	placeholder
3	168953431	168960511	3	34843913	34852797	placeholder
7	92731491	92733674	7	1064505	1066442	placeholder
1	89207154	89219583	1	94672988	94686223	placeholder
3	46554650	46563831	3	168274615	168277370	placeholder
10	817518	821440	11	24731115	24737528	placeholder
4	22268525	22275115	4	110794816	110801155	placeholder
1	319224489	319227410	1	340366040	340368917	placeholder
2	146031074	146034113	2	159521864	159524049	placeholder
15	7394520	7396190	14	13117870	13119809	placeholder
11	21569852	21574071	10	1271225	1275023	placeholder
7	36977299	36978925	7	54641349	54644326	placeholder
4	74561731	74593944	4	58298451	58330247	placeholder
13	17480936	17483427	12	1255518	1257962	placeholder
6	58037356	58046370	6	59134636	59147808	placeholder
3	143079293	143083335	3	62773017	62778275	placeholder
6	32994229	32994733	6	33229423	33229927	placeholder
6	38475849	38477030	6	38953579	38955504	placeholder
4	64331948	64342983	4	68437417	68446577	placeholder
1	195744255	195747193	1	208521973	208524668	placeholder
2	202225587	202229657	2	219475800	219482913	placeholder
3	64275503	64280378	3	148102540	148106937	placeholder
7	14427614	14430493	7	78217360	78220306	placeholder
15	15593186	15594374	14	20209736	20210977	placeholder
13	17557106	17559442	12	1184862	1187194	placeholder
12	169662	170504	13	158804	162209	placeholder
17	8192052	8194335	17	9588325	9590218	placeholder
1	187167284	187172418	1	199223539	199229751	placeholder
6	93663914	93677454	6	97747264	97761651	placeholder
7	32950974	32967871	7	58739959	58756103	placeholder
5	5502835	5506854	5	5191564	5197361	placeholder
10	11104666	11107634	11	12032869	12039904	placeholder
2	96579574	96586021	2	100876559	100880002	placeholder
2	154958033	154962078	2	168971775	168974540	placeholder
1	261799247	261806490	1	279015359	279022423	placeholder
2	197229986	197236230	2	214173825	214182654	placeholder
1	97882598	97889880	1	104285001	104292914	placeholder
14	8303822	8315966	15	9011438	9014316	placeholder
1	287652432	287655955	1	306898283	306902032	placeholder
12	8455230	8457771	13	8915014	8917432	placeholder
4	53703613	53706064	4	78475586	78477514	placeholder
1	287506118	287581938	1	306756049	306827179	placeholder
16	12571768	12573395	16	13877566	13878934	placeholder
7	47592816	47597950	7	44637116	44639793	placeholder
1	50179619	50182630	1	52515698	52519066	placeholder
16	11059030	11062174	16	12445744	12448935	placeholder
4	68152377	68253676	4	64172735	64286816	placeholder
8	7783033	7803716	8	7418650	7429609	placeholder
14	4050310	4062511	15	4236307	4249304	placeholder
14	16017040	16027198	15	18918155	18926960	placeholder
12	8131734	8137250	13	8576127	8580513	placeholder
5	23394563	23401529	5	24042644	24049046	placeholder
3	66627561	66650336	3	145754445	145778996	placeholder
3	32604713	32612146	3	183571059	183577952	placeholder
2	191058677	191063842	2	207766448	207771624	placeholder
2	186416452	186424135	2	202626113	202634021	placeholder
16	12647938	12648751	16	13955253	13956040	placeholder
5	3018411	3024949	5	2844735	2847061	placeholder
3	50494106	50496866	3	163979197	163981427	placeholder
1	260740393	260753304	1	278006946	278030869	placeholder
2	220412610	220414564	2	239105490	239107436	placeholder
13	4996071	4998427	12	13744383	13746677	placeholder
14	1403840	1419992	15	1381028	1397980	placeholder
13	7478642	7487287	12	10616032	10624230	placeholder
8	29957069	29962309	8	31104817	31111363	placeholder
4	87038756	87040852	4	47324546	47326623	placeholder
14	2321286	2323726	15	2339083	2340728	placeholder
13	1920599	1925202	12	18254120	18261993	placeholder
14	5269420	5272956	15	5525206	5528697	placeholder
2	130846420	130854731	2	134585324	134593033	placeholder
12	3269425	3270958	13	3391168	3392713	placeholder
1	224660827	224663976	1	239173794	239177296	placeholder
13	16540489	16542615	12	2124262	2126418	placeholder
1	210825645	210836058	1	224241225	224253366	placeholder
2	24114877	24120448	2	24521634	24531222	placeholder
6	88258559	88265626	6	90076597	90082154	placeholder
16	7553981	7554806	16	8469013	8469876	placeholder
2	155055081	155067278	2	169078368	169086819	placeholder
7	12967529	12971481	7	79778852	79782479	placeholder
1	246146416	246153076	1	262365275	262372714	placeholder
7	26137628	26148066	7	65872636	65883079	placeholder
14	156874	158286	15	135134	136699	placeholder
7	31031674	31041268	7	60848924	60864445	placeholder
16	2552102	2553686	16	2899496	2907156	placeholder
7	84046690	84054452	7	10276767	10355616	placeholder
2	222397432	222399353	2	241337816	241339859	placeholder
1	300849133	300858735	1	321436969	321446952	placeholder
19	5670720	5672207	19	5083728	5085176	placeholder
11	20674090	20676727	10	2059639	2062195	placeholder
7	71824126	71827494	7	23092803	23099412	placeholder
1	50883329	50887935	1	53215868	53237712	placeholder
6	44577242	44578996	6	45201914	45203736	placeholder
4	50851606	50858172	4	81382002	81388656	placeholder
3	156404462	156408308	3	48311088	48314521	placeholder
15	3563191	3568025	14	8274536	8280678	placeholder
14	13661587	13671643	15	16507873	16515857	placeholder
2	189803121	189820477	2	206321014	206337488	placeholder
5	66488780	66497100	5	68645031	68656031	placeholder
6	85851838	85852267	6	87321869	87322298	placeholder
2	207409440	207417512	2	225117619	225121088	placeholder
2	100835201	100837573	2	105337165	105339877	placeholder
3	137864584	137872004	3	68557902	68566941	placeholder
1	97779034	97783809	1	104164928	104168964	placeholder
13	1231663	1232113	12	19759636	19760086	placeholder
6	27388070	27391391	6	27342358	27347020	placeholder
7	62120784	62130137	7	32588791	32644297	placeholder
2	47423769	47425809	2	50409666	50412046	placeholder
3	59015670	59020796	3	153850021	153860763	placeholder
3	193622216	193631215	3	8855812	8859455	placeholder
2	24607066	24607504	2	25077933	25078371	placeholder
1	280775957	280782344	1	299314803	299318261	placeholder
19	3122065	3124346	19	2725895	2728258	placeholder
1	317041423	317043989	1	337957074	337959626	placeholder
5	22722967	22725738	5	23308257	23311454	placeholder
1	129245080	129271085	1	136704452	136742430	placeholder
13	14970970	14974587	12	3530675	3533766	placeholder
14	12632318	12640609	15	15107688	15115140	placeholder
2	9374537	9375754	2	8707698	8709193	placeholder
1	323497750	323506795	1	344971770	344982458	placeholder
8	22960639	22965490	8	23449239	23453529	placeholder
2	97104712	97108777	2	101416029	101420620	placeholder
1	165495973	165502391	1	175218982	175227278	placeholder
3	155077355	155081592	3	49783871	49790904	placeholder
4	98508898	98516015	4	34052965	34058640	placeholder
17	11013697	11014108	17	12404910	12405321	placeholder
1	208737150	208749780	1	222120853	222129972	placeholder
8	53385711	53392192	8	55689565	55712837	placeholder
3	110490889	110495191	3	99751497	99759845	placeholder
1	317414750	317416436	1	338395859	338397518	placeholder
2	69111528	69117425	2	73756678	73762130	placeholder
4	84866770	84868689	4	49486736	49488748	placeholder
14	481563	482197	15	455810	456512	placeholder
2	101937373	101943570	2	106498058	106503641	placeholder
7	36938411	36942899	7	54667784	54677584	placeholder
1	89175274	89206887	1	94637287	94672731	placeholder
17	6657043	6663635	17	8057325	8062942	placeholder
10	1647823	1649569	11	21899713	21902045	placeholder
1	187051244	187059576	1	199102259	199111789	placeholder
1	339538498	339542480	1	361905038	361908820	placeholder
5	7972810	7974582	5	7683348	7684933	placeholder
7	36535127	36539709	7	55077611	55082313	placeholder
5	100064100	100067486	5	100247038	100250597	placeholder
6	45467807	45471356	6	46127250	46131154	placeholder
13	17586505	17588454	12	1154679	1156705	placeholder
2	177537602	177541309	2	193127991	193131737	placeholder
3	65739564	65743649	3	146480021	146482786	placeholder
1	242764701	242769078	1	258778197	258782502	placeholder
4	38714990	38724301	4	94005122	94013796	placeholder
15	8679307	8682071	14	14413074	14415840	placeholder
3	94999229	95031724	3	117448706	117458131	placeholder
14	3581603	3582990	15	3700821	3702229	placeholder
14	5194885	5196656	15	5443540	5445583	placeholder
1	298683200	298691812	1	319067830	319070678	placeholder
15	7027018	7036768	14	12703016	12714966	placeholder
1	335732773	335739881	1	357976382	357978999	placeholder
2	240768164	240777563	2	261440180	261454981	placeholder
1	82074448	82087388	1	86814227	86823793	placeholder
3	55463244	55467680	3	157681821	157686031	placeholder
17	11106516	11107623	17	12500206	12501709	placeholder
2	61378402	61381460	2	65304886	65308783	placeholder
7	16095294	16155461	7	76392027	76398810	placeholder
1	152141770	152148989	1	161023961	161031396	placeholder
7	33125856	33128379	7	58567769	58571315	placeholder
13	15828967	15835780	12	2772560	2777397	placeholder
3	58978685	58986699	3	153891699	153900015	placeholder
2	24354390	24379722	2	24811462	24847877	placeholder
6	43217633	43220988	6	43830198	43835317	placeholder
1	72620233	72623024	1	76795209	76797608	placeholder
1	104566145	104568656	1	111209273	111211761	placeholder
5	50297369	50337869	5	51757593	51798339	placeholder
1	255738651	255740872	1	272550661	272553241	placeholder
2	177885194	177893091	2	193525992	193530338	placeholder
12	13722843	13728549	13	14428178	14433225	placeholder
7	26519875	26534917	7	65498392	65510107	placeholder
4	81370530	81374435	4	52750022	52754357	placeholder
1	82198386	82204454	1	86949018	86955946	placeholder
13	1910005	1916937	12	18267280	18276639	placeholder
10	6504131	6504545	11	15879557	15879971	placeholder
5	69915893	69924416	5	71662286	71669855	placeholder
2	94358585	94364804	2	98431494	98440479	placeholder
1	55403936	55405794	1	58204677	58206516	placeholder
19	7465773	7468057	19	6770047	6772731	placeholder
17	10426748	10427165	17	11817096	11817513	placeholder
1	306769724	306770141	1	327567003	327567420	placeholder
1	312476716	312482925	1	333008498	333011895	placeholder
4	38899792	38900919	4	93861588	93862710	placeholder
2	153910371	153916607	2	167822632	167830112	placeholder
1	106289336	106298830	1	113028315	113038474	placeholder
13	12473168	12475098	12	5766450	5768458	placeholder
5	20787448	20787764	5	21164429	21164720	placeholder
14	7530516	7533087	15	8049375	8053608	placeholder
1	96403439	96405553	1	102535875	102538182	placeholder
5	32396830	32398888	5	33474212	33476657	placeholder
5	24228612	24233073	5	24834252	24847759	placeholder
6	26959597	26963541	6	26857885	26860291	placeholder
1	319270179	319272241	1	340416916	340420478	placeholder
5	120881821	120886469	5	121742855	121745052	placeholder
4	60589986	60595013	4	72186695	72188140	placeholder
1	323739356	323742265	1	345240197	345246695	placeholder
1	104425676	104426087	1	111070277	111070688	placeholder
16	7817504	7822545	16	8759287	8764744	placeholder
5	52204550	52204916	5	53818797	53819163	placeholder
4	82155016	82157934	4	51799679	51802230	placeholder
2	220349036	220356184	2	239047859	239057954	placeholder
8	30367199	30368287	8	31528475	31529741	placeholder
4	49827794	49831811	4	82426199	82429679	placeholder
3	106256617	106266078	3	107614926	107627738	placeholder
2	212001426	212014250	2	230032707	230052550	placeholder
5	53239696	53245446	5	55198669	55204851	placeholder
1	156238669	156242371	1	165433769	165437244	placeholder
3	85464619	85469375	3	125515339	125520592	placeholder
7	88500198	88500600	7	5693748	5694150	placeholder
4	64131285	64135768	4	68599569	68606111	placeholder
3	82806809	82808732	3	128432402	128434301	placeholder
7	10718007	10729988	7	82177012	82188753	placeholder
19	4787838	4796612	19	4291898	4299813	placeholder
5	57825831	57828510	5	59921753	59924835	placeholder
3	195396208	195409212	3	7093870	7101448	placeholder
2	134606778	134607177	2	146858837	146859236	placeholder
1	210673727	210679501	1	224062971	224068733	placeholder
3	166737091	166739283	3	37149761	37153503	placeholder
8	38763798	38766675	8	40662499	40665371	placeholder
8	48506126	48512304	8	51473071	51478818	placeholder
1	39032024	39032782	1	40459020	40459772	placeholder
3	172504775	172511632	3	31181584	31187759	placeholder
1	249709398	249712782	1	266078136	266081588	placeholder
17	8369986	8371852	17	9771569	9774043	placeholder
1	248287385	248298405	1	264622765	264633351	placeholder
6	97327912	97331841	6	102565580	102569899	placeholder
1	118977533	118989282	1	125704163	125713506	placeholder
1	88409109	88410491	1	93806093	93807486	placeholder
12	8389944	8391395	13	8847889	8849955	placeholder
7	22248880	22296196	7	70041527	70091371	placeholder
1	12288298	12293595	1	11627357	11631338	placeholder
14	5934523	5942396	15	6277084	6284178	placeholder
1	266726425	266736592	1	284161516	284167203	placeholder
1	29073505	29077594	1	29652761	29656870	placeholder
6	96286443	96294271	6	103803285	103810498	placeholder
4	54685075	54690642	4	77718111	77723591	placeholder
13	279318	281178	12	21820656	21823453	placeholder
2	86841162	86841525	2	90698994	90699363	placeholder
7	36991717	37000474	7	54623405	54630394	placeholder
3	157148970	157151024	3	47579072	47581110	placeholder
17	10543639	10545107	17	11932376	11934009	placeholder
3	185062139	185064563	3	18146261	18149016	placeholder
3	186225710	186227818	3	16809150	16811437	placeholder
11	15054643	15063606	10	7280204	7288538	placeholder
2	209537925	209540563	2	227335720	227338000	placeholder
3	100523685	100526085	3	114317763	114319557	placeholder
2	164068720	164069173	2	178764542	178764995	placeholder
8	11611309	11614893	8	11213286	11216041	placeholder
2	168036498	168039915	2	183063191	183068724	placeholder
7	93104067	93108901	7	657739	663755	placeholder
1	322547857	322548298	1	343995593	343996030	placeholder
2	156365900	156372211	2	170518764	170530777	placeholder
6	8083988	8092906	6	7125064	7134700	placeholder
12	1611754	1614106	13	1593019	1595375	placeholder
3	113893647	113911728	3	95180037	95206132	placeholder
7	28324795	28329215	7	63656449	63666309	placeholder
7	10628098	10637655	7	82257812	82267468	placeholder
16	1383223	1384512	16	1624058	1625188	placeholder
3	3401289	3455513	3	215145155	215208053	placeholder
1	126413735	126425730	1	133589489	133602112	placeholder
2	103359027	103362062	2	108104940	108108049	placeholder
10	6530053	6537478	11	15846747	15851816	placeholder
6	24674724	24680114	6	24307343	24312286	placeholder
7	28859822	28864392	7	63077192	63081120	placeholder
2	160145737	160148994	2	174637723	174640733	placeholder
11	22751172	22751717	10	254451	254998	placeholder
1	53630615	53634490	1	56223274	56227974	placeholder
1	337472712	337478786	1	359808834	359818057	placeholder
1	48974186	48978557	1	51173574	51179655	placeholder
1	50141366	50151571	1	52475385	52488020	placeholder
5	52246562	52246937	5	54011634	54012009	placeholder
19	1180154	1183782	19	1086735	1160429	placeholder
1	44204	44946	1	46229	46859	placeholder
1	227824479	227828950	1	242581427	242584448	placeholder
16	13058278	13059054	16	14358917	14359722	placeholder
4	49848604	49853876	4	82409481	82415213	placeholder
1	194781477	194788425	1	207543434	207551274	placeholder
2	72755808	72756183	2	77763586	77763961	placeholder
3	3582266	3587826	3	215003229	215012487	placeholder
1	318073214	318075355	1	339151865	339154025	placeholder
1	118663588	118665422	1	125355214	125357296	placeholder
14	984520	985927	15	956931	958368	placeholder
11	20703857	20706566	10	2029083	2031928	placeholder
1	272453761	272456263	1	290340147	290343064	placeholder
12	10970210	10973482	13	11564190	11567557	placeholder
5	5606945	5615235	5	5289711	5298270	placeholder
14	1921134	1921806	15	1920617	1921300	placeholder
2	55123649	55130861	2	58686970	58695988	placeholder
6	63839952	63841137	6	65548388	65549516	placeholder
14	5358772	5360700	15	5620638	5623032	placeholder
1	285016211	285017666	1	304229739	304231137	placeholder
1	62395777	62397971	1	65807265	65813575	placeholder
14	16413201	16413782	15	19255999	19256582	placeholder
14	9179118	9185857	15	10028572	10033578	placeholder
1	227621079	227625402	1	242363605	242368047	placeholder
8	4151793	4158258	8	3814066	3817753	placeholder
1	71179144	71180970	1	75218561	75220518	placeholder
2	157675845	157677107	2	171876955	171878302	placeholder
7	33812889	33814996	7	57896054	57898951	placeholder
11	1213007	1216294	10	26159482	26165041	placeholder
1	233949873	233951686	1	249167426	249168062	placeholder
3	16028281	16032793	3	201885341	201890409	placeholder
17	8392822	8393176	17	9795398	9795752	placeholder
17	11002935	11003433	17	12394110	12394598	placeholder
15	869193	871619	14	2757058	2761592	placeholder
1	319413064	319415505	1	340590352	340592751	placeholder
1	273414840	273418676	1	291373306	291376750	placeholder
2	89880601	89880952	2	93660032	93660383	placeholder
8	22954200	22956319	8	23440994	23443139	placeholder
1	55580961	55585355	1	58383074	58387887	placeholder
1	292903506	292906421	1	312693029	312696344	placeholder
1	16705168	16716826	1	16310440	16332231	placeholder
4	82562879	82567375	4	51461145	51463806	placeholder
1	92008352	92012875	1	97780923	97782068	placeholder
1	295170731	295177119	1	315222489	315228875	placeholder
15	12454052	12454400	14	17776055	17776403	placeholder
5	54478616	54493392	5	56458398	56473177	placeholder
1	5384184	5397338	1	4635472	4646374	placeholder
4	29983897	29998908	4	102885464	102894580	placeholder
1	50867681	50869361	1	53201298	53202971	placeholder
12	9493580	9496263	13	10033836	10035848	placeholder
3	32635268	32637846	3	183542558	183545316	placeholder
6	12092910	12096665	6	11263981	11268065	placeholder
3	29770768	29776004	3	186738347	186743076	placeholder
3	166609059	166612732	3	37285528	37290005	placeholder
1	107647842	107650903	1	114131526	114133872	placeholder
1	8158536	8166056	1	7379131	7388267	placeholder
4	88986060	88986393	4	41271965	41272298	placeholder
3	29804535	29807669	3	186702533	186705638	placeholder
6	85232501	85248056	6	86662942	86680050	placeholder
3	155389564	155391528	3	49444479	49446443	placeholder
14	4774282	4776919	15	4983681	4986369	placeholder
1	177123120	177124503	1	190272886	190274362	placeholder
2	35163893	35165417	2	37034832	37036532	placeholder
15	15792536	15795457	14	20395383	20398758	placeholder
3	141639083	141642962	3	64449791	64454659	placeholder
6	80676355	80766535	6	82147678	82170934	placeholder
7	20380575	20391431	7	72046054	72060989	placeholder
3	24506215	24508985	3	192720961	192723853	placeholder
5	49292822	49298746	5	50682945	50691873	placeholder
3	63571776	63577628	3	148869715	148878088	placeholder
1	166473103	166476487	1	176324248	176327168	placeholder
1	20880183	20883202	1	20701832	20706130	placeholder
1	100866365	100868635	1	107284534	107286872	placeholder
5	26276636	26276954	5	27055919	27056240	placeholder
1	18589540	18594027	1	18326049	18331201	placeholder
1	246467437	246472655	1	262647900	262651105	placeholder
7	33321806	33326967	7	58389429	58395267	placeholder
19	5308331	5311325	19	4767310	4770211	placeholder
5	90516738	90521946	5	90404391	90409751	placeholder
2	84730442	84741187	2	88817565	88828909	placeholder
11	3127183	3127495	10	19573446	19573761	placeholder
1	285066748	285078367	1	304292954	304303027	placeholder
2	85868957	85877213	2	89871248	89880388	placeholder
2	961532	967080	2	758851	762897	placeholder
3	16419270	16451687	3	201571976	201614942	placeholder
5	21004572	21004878	5	21386057	21386363	placeholder
3	178140422	178142038	3	25124913	25126528	placeholder
4	31829479	31830987	4	100953144	100956723	placeholder
1	17590709	17595295	1	17269122	17274460	placeholder
13	3757695	3762840	12	15444827	15447838	placeholder
1	214686345	214692140	1	228529037	228533554	placeholder
3	163070613	163070952	3	41164974	41165313	placeholder
12	3602946	3603927	13	3715499	3717169	placeholder
8	74980402	74994729	8	76331706	76349593	placeholder
4	2741324	2745950	4	131370036	131375973	placeholder
1	221497393	221499812	1	235842403	235844795	placeholder
2	120112681	120114286	2	129025577	129028123	placeholder
1	292797929	292805194	1	312540798	312553099	placeholder
1	165883410	165885884	1	175668620	175671184	placeholder
1	227695965	227697486	1	242440887	242442416	placeholder
7	83874689	83881540	7	10444167	10448871	placeholder
2	97293310	97293601	2	101622586	101622877	placeholder
3	29664628	29666082	3	186853746	186855140	placeholder
1	279404367	279416879	1	297815751	297826749	placeholder
2	141081791	141083561	2	154058810	154060851	placeholder
1	50080112	50082055	1	52396778	52398195	placeholder
3	20399559	20405886	3	197226896	197231597	placeholder
17	4329867	4339359	17	5629296	5637511	placeholder
1	40389522	40412727	1	41880217	41905002	placeholder
10	4694062	4694341	11	17685686	17685965	placeholder
16	10992921	10994434	16	12233521	12233981	placeholder
11	6381860	6384765	10	15886379	15889951	placeholder
3	145595470	145598255	3	60059881	60062750	placeholder
3	6472656	6473520	3	212119684	212120537	placeholder
2	103234791	103238602	2	107950328	107953358	placeholder
13	629866	632952	12	23024036	23029917	placeholder
18	9056294	9056570	18	9758460	9758736	placeholder
1	328890537	328896414	1	350766807	350773263	placeholder
1	26778437	26782074	1	27142743	27149498	placeholder
3	153948284	153951976	3	51018068	51021832	placeholder
1	63365548	63372153	1	66872685	66879411	placeholder
1	228934996	228937770	1	243822576	243826031	placeholder
3	178042139	178042400	3	25228186	25228447	placeholder
7	8613359	8613815	7	84309247	84310162	placeholder
5	65920569	65940545	5	68051098	68066360	placeholder
3	81805727	81841619	3	129443504	129472123	placeholder
3	26306156	26334502	3	190584457	190613832	placeholder
2	212917607	212920737	2	231068528	231071547	placeholder
1	1875011	1875263	1	1470758	1471010	placeholder
3	177914771	177920765	3	25374647	25383380	placeholder
14	472981	473233	15	445598	445850	placeholder
3	37952335	37957392	3	177608699	177613565	placeholder
1	252511787	252513542	1	269141323	269147637	placeholder
15	9361085	9361328	14	15056479	15056722	placeholder
6	22232607	22232835	6	21745912	21746137	placeholder
8	28559284	28562626	8	29610529	29613899	placeholder
3	83471032	83474465	3	127746178	127749141	placeholder
6	30713790	30715322	6	30869644	30871421	placeholder
3	169678392	169679077	3	34086641	34088713	placeholder
1	329104370	329115809	1	350980174	350988497	placeholder
12	18761288	18763391	13	21729703	21731669	placeholder
3	30574796	30576603	3	185971176	185974864	placeholder
13	15709697	15711455	12	2879808	2881214	placeholder
3	23274407	23276212	3	194066697	194068053	placeholder
2	27107810	27108035	2	28009663	28009888	placeholder
6	38992139	38994329	6	39535796	39536674	placeholder
3	15563865	15564998	3	202388682	202391062	placeholder
2	192136763	192139586	2	208839746	208842088	placeholder
1	51390208	51395001	1	53805496	53809842	placeholder
2	182008946	182009132	2	197877173	197877359	placeholder
1	287014445	287020253	1	306270831	306276245	placeholder
3	146240468	146241259	3	59341122	59341553	placeholder
3	23649436	23651663	3	193670890	193673081	placeholder
1	41273832	41275831	1	42802513	42804534	placeholder
1	243073411	243073567	1	259115906	259116062	placeholder
