Species_1	Start_1	End_1	Species_2	Start_2	End_2	fill
1	65746531	65838890	1	251150794	251265507	placeholder
1	148936096	149069608	1	173113145	173259793	placeholder
8	42966448	43092062	8	53418142	53537053	placeholder
5	21571446	21593801	5	90000264	90025841	placeholder
1	198202236	198243518	1	128820952	128861819	placeholder
2	191945511	192002093	2	71661438	71720884	placeholder
14	14408711	14503783	14	17160068	17248657	placeholder
4	22456142	22582721	4	94479079	94574266	placeholder
1	270038753	270125470	1	60420205	60509733	placeholder
1	126070166	126166134	1	193986441	194044659	placeholder
14	5859568	5915779	14	7773490	7824621	placeholder
7	41879020	42009147	7	40512380	40648354	placeholder
5	24709095	24743371	5	86801355	86839941	placeholder
1	239740195	239799764	1	89983005	90074305	placeholder
4	56879587	56937975	4	69491423	69545623	placeholder
3	64068408	64111453	3	69993138	70026766	placeholder
3	65933528	65979642	3	71988959	72023914	placeholder
2	47369246	47409108	2	184837195	184887463	placeholder
3	197899120	197959211	3	194967369	195020885	placeholder
2	198317496	198392263	2	65614427	65649002	placeholder
5	77784247	77837529	5	37979958	37995337	placeholder
12	11705357	11955692	12	8649068	8910356	placeholder
1	40467695	40605557	1	277130286	277265147	placeholder
16	10002106	10041753	15	11448016	11518155	placeholder
3	153841800	153945808	3	150356340	150471009	placeholder
13	13692774	13730122	10	19593497	19642478	placeholder
8	55648999	55715066	8	71622371	71641638	placeholder
17	7820850	7849822	16	5355945	5394613	placeholder
1	227650323	227674007	1	101600203	101623783	placeholder
1	55495909	55568752	1	261681984	261750517	placeholder
17	1875274	1969990	16	1789770	1867504	placeholder
1	337045295	337197606	1	3960967	4080759	placeholder
2	152269843	152317762	2	110149778	110188883	placeholder
1	173115847	173225833	1	150121473	150207063	placeholder
7	88785669	88883444	7	66874647	66960123	placeholder
1	226244444	226301853	1	102797613	102857260	placeholder
7	30649792	30742536	7	29958146	30032882	placeholder
16	13020831	13048086	15	58451	103677	placeholder
1	254251440	254273160	1	76163483	76188250	placeholder
1	340441203	340457170	1	551611	568973	placeholder
7	15905138	16030611	7	16115057	16256608	placeholder
1	63230614	63248112	1	253951092	253981717	placeholder
1	139247389	139332755	1	181970044	182013332	placeholder
15	14731807	14746046	13	3102533	3123257	placeholder
5	52903400	52945682	5	57499397	57550561	placeholder
4	19829077	19898892	4	101686502	101756309	placeholder
1	143309865	143409578	1	178308117	178407529	placeholder
2	90211784	90306194	3	115578477	115696318	placeholder
16	8925450	9028643	15	9485339	9624530	placeholder
2	103475212	103503025	2	153432363	153447643	placeholder
4	57144996	57220345	4	69275557	69334312	placeholder
6	85593186	85678509	6	72261117	72331317	placeholder
2	243389519	243490749	2	23072088	23146943	placeholder
16	11856908	11882451	15	1728948	1758628	placeholder
1	333403470	333571816	1	5859314	5979861	placeholder
7	29771975	29948810	7	29048585	29227258	placeholder
14	1843998	1869919	14	2537371	2571158	placeholder
1	270326380	270370401	1	60149161	60198375	placeholder
5	38723730	38762385	5	72305308	72347531	placeholder
1	17345116	17409434	1	299462407	299524097	placeholder
1	276478812	276524718	1	53827719	53883425	placeholder
16	10138522	10204439	15	11720700	11811586	placeholder
1	217716540	217754577	1	110954889	110998403	placeholder
1	273477741	273804175	1	56644450	56941558	placeholder
6	30925131	30997296	6	29992650	30076991	placeholder
2	67273630	67354026	2	164452771	164543951	placeholder
1	257698906	257750749	1	72534562	72541676	placeholder
8	41225517	41275540	8	54963517	55008121	placeholder
15	4578186	4642046	13	13801410	13851920	placeholder
2	156393146	156424112	2	106135012	106170695	placeholder
1	71974059	72090517	1	245158500	245211063	placeholder
6	89352107	89457309	6	75998203	76132497	placeholder
3	87273107	87430496	3	93502375	93702157	placeholder
8	21681298	21700178	8	21422732	21444414	placeholder
5	119878978	119912385	5	9400542	9440511	placeholder
7	31477671	31525503	7	30797533	30844997	placeholder
1	41301800	41347926	1	276329475	276371389	placeholder
4	93612604	93700625	4	42621626	42748598	placeholder
6	97386734	97463640	6	79775129	79885055	placeholder
1	130705502	130730074	1	189759697	189785320	placeholder
14	10099259	10150034	14	12458973	12495638	placeholder
1	39647603	39686272	1	278042682	278085881	placeholder
2	158407906	158505750	2	104220883	104328082	placeholder
15	6795598	6816406	13	11261822	11280806	placeholder
1	116661377	116673484	1	203016145	203034136	placeholder
2	217968864	218317612	2	46007788	46320346	placeholder
14	14554076	14601311	14	18615687	18671323	placeholder
1	65642528	65680170	1	251327363	251370370	placeholder
1	277621622	277638293	1	52753468	52783030	placeholder
10	16434487	16447306	11	9513110	9527023	placeholder
15	1758966	1793963	13	18317858	18381746	placeholder
7	21239400	21296110	7	20997824	21071946	placeholder
2	155944757	155999368	2	106541071	106626185	placeholder
1	265601318	265694508	1	64778830	64876216	placeholder
7	89923509	89977359	7	65740641	65784414	placeholder
3	57057604	57110484	3	62609086	62663750	placeholder
7	46611936	46651584	7	44130924	44173605	placeholder
5	85860881	85961163	5	34231216	34299278	placeholder
14	16075595	16123807	14	17093650	17152146	placeholder
19	5983239	6019948	18	10463293	10492138	placeholder
8	75119664	75143890	8	62143984	62171463	placeholder
17	10092750	10111182	16	2997478	3044836	placeholder
3	25696020	25727393	3	27763843	27795106	placeholder
1	18148351	18207975	1	298803265	298847697	placeholder
1	286115006	286261800	1	43942100	44126792	placeholder
8	74273556	74304933	8	63023851	63053944	placeholder
1	116303632	116347770	1	203330997	203410042	placeholder
14	6397046	6421387	14	8424089	8453510	placeholder
13	474334	546105	10	896031	939236	placeholder
1	339620078	339678289	1	1183936	1216525	placeholder
2	199267891	199304830	2	64713237	64765948	placeholder
1	340401255	340412468	1	604697	614401	placeholder
14	8248162	8293241	14	10562757	10603465	placeholder
1	13668449	13726046	1	302642930	302690292	placeholder
3	152339458	152404353	3	148735116	148797900	placeholder
5	8042920	8068159	5	102728159	102749904	placeholder
2	133124550	133156532	2	122372596	122400787	placeholder
12	4882637	4944016	12	16344965	16379199	placeholder
14	9854934	9888403	14	12240080	12267783	placeholder
7	16305383	16355037	7	16522827	16565767	placeholder
3	114830030	114916385	3	110600164	110638686	placeholder
5	109376910	109521772	5	661430	757685	placeholder
1	255446735	255500403	1	74844081	74902352	placeholder
1	268763022	268834137	1	61723871	61787752	placeholder
2	206213535	206273600	2	57864827	57919039	placeholder
8	60638174	60798671	8	42365695	42479853	placeholder
5	36410076	36467420	5	74840380	74895823	placeholder
1	71525710	71607930	1	245642843	245723370	placeholder
1	62339399	62392219	1	254817995	254865314	placeholder
7	52747782	52867614	7	46983227	47033041	placeholder
1	272654955	272721331	1	57843912	57907283	placeholder
1	166157898	166199410	1	156747352	156794318	placeholder
6	31417461	31463732	6	30625124	30692726	placeholder
17	9549693	9575015	16	4653737	4712821	placeholder
3	152262743	152301892	3	148648080	148695857	placeholder
1	64641729	64776176	1	252380787	252496885	placeholder
1	332636091	332794298	1	7203915	7313259	placeholder
19	241781	256145	18	441388	470576	placeholder
2	11596379	11609758	2	232247712	232261872	placeholder
3	49301918	49375407	3	54092877	54190962	placeholder
3	142593126	142633794	3	138429053	138471823	placeholder
3	66422137	66495018	3	72302748	72362655	placeholder
5	70801597	70858812	5	41906628	41933191	placeholder
17	4936784	5003635	16	10293540	10299417	placeholder
1	238870745	238912380	1	90813588	90886609	placeholder
15	1857484	1871877	13	18202860	18222378	placeholder
5	50690613	50767089	5	59798714	59885739	placeholder
3	180826430	180940954	3	178779117	178895342	placeholder
1	176836776	176918133	1	147477778	147538379	placeholder
3	123249956	123295873	3	118708249	118761844	placeholder
5	67763398	67802533	5	43929723	43955424	placeholder
3	39113724	39157371	3	42603615	42647956	placeholder
1	53694873	53742432	1	263612696	263663348	placeholder
5	51303523	51358748	5	59199569	59250986	placeholder
1	262199614	262249198	1	68210600	68257841	placeholder
5	91215382	91237293	5	30191784	30213154	placeholder
14	220670	238661	14	221397	246210	placeholder
16	1772462	1839689	15	16002631	16057558	placeholder
3	130717001	130760659	3	126266339	126318629	placeholder
4	90938011	90962116	4	44707689	44733762	placeholder
5	5528377	5604304	5	105266073	105326103	placeholder
1	288140427	288174228	1	41735856	41769274	placeholder
8	66446636	66703663	8	56883611	57116219	placeholder
15	11631271	11661660	13	6193908	6226083	placeholder
8	25544782	25586932	8	40324527	40376569	placeholder
1	257459716	257510039	1	72794186	72842435	placeholder
6	43290076	43341584	6	43244232	43296844	placeholder
16	6745275	6768804	15	6000180	6022823	placeholder
2	31532027	31598392	2	201697618	201760354	placeholder
7	65935264	66036415	7	54969013	55050634	placeholder
10	5047427	5106248	11	21393228	21429028	placeholder
11	22591404	22598268	9	6943492	6951443	placeholder
1	55155058	55168832	1	262077357	262093803	placeholder
8	76739548	76786316	8	72974327	73053160	placeholder
1	221445330	221488744	1	107546071	107586099	placeholder
1	277656680	277685325	1	52709894	52739300	placeholder
5	122421188	122467925	5	12453712	12519869	placeholder
3	169968203	170016443	3	167553498	167607453	placeholder
2	203692098	203727305	2	60389028	60429984	placeholder
1	159387198	159481033	1	163121715	163206463	placeholder
2	243252377	243294448	2	23229566	23268506	placeholder
7	88174371	88409672	7	67958301	68226600	placeholder
2	194020657	194049214	2	69590682	69635872	placeholder
12	8498031	8517940	12	12259117	12273569	placeholder
11	17532655	17569365	9	12119388	12148279	placeholder
7	56448764	56508055	7	49083602	49119998	placeholder
4	87252174	87311993	4	47640612	47693819	placeholder
17	3356830	3388473	16	11561287	11581192	placeholder
5	26598873	26708861	5	84727645	84816716	placeholder
1	296534198	296569541	1	32812980	32873221	placeholder
7	37143476	37191008	7	36103697	36158256	placeholder
3	33815248	33870085	3	36602140	36659932	placeholder
14	4705538	4723856	14	6433460	6456515	placeholder
4	5290407	5335474	4	114058730	114090385	placeholder
1	260910412	260955704	1	69364648	69413437	placeholder
1	212036948	212125948	1	116471096	116546325	placeholder
3	63498087	63531695	3	69359874	69415563	placeholder
2	235291097	235552557	2	29823399	30056005	placeholder
13	18053883	18076417	10	24582339	24609291	placeholder
6	37761343	37834443	6	37537697	37606993	placeholder
15	14152287	14166274	13	3818957	3836961	placeholder
1	137800680	137829527	1	183254000	183279612	placeholder
1	64357789	64413404	1	252744839	252800022	placeholder
13	18324394	18342253	10	24887603	24906711	placeholder
2	9338111	9358535	2	230000277	230020144	placeholder
1	170590766	170751966	1	152401741	152524697	placeholder
1	114341305	114376522	1	205133329	205165892	placeholder
2	69157800	69205702	2	162493473	162553891	placeholder
1	59090684	59137284	1	258245689	258294542	placeholder
2	203790679	203816443	2	60295327	60322880	placeholder
1	323234194	323353163	1	12003983	12124659	placeholder
8	36952098	36993073	8	29032532	29074880	placeholder
10	6545356	6594373	11	16435601	16476201	placeholder
5	58731851	58784444	5	51826793	51884582	placeholder
7	14501130	14527304	7	14730832	14781239	placeholder
3	7944295	8038861	3	10466036	10543623	placeholder
1	226703011	226743012	1	102324304	102371454	placeholder
1	92879617	92922599	1	224788351	224830288	placeholder
2	199901084	199946125	2	64066341	64124929	placeholder
1	62899545	62916979	1	254298566	254318485	placeholder
7	65511714	65600287	7	54651877	54739512	placeholder
2	141510596	141569048	2	119635595	119721088	placeholder
1	296633681	296728182	1	32643421	32739694	placeholder
3	120154147	120199347	3	115707645	115764094	placeholder
1	299037803	299126962	1	30033377	30130892	placeholder
16	5011379	5053912	15	4048600	4087473	placeholder
1	179138712	179176680	1	145761479	145789061	placeholder
14	7308527	7343068	14	9468377	9500008	placeholder
4	51608750	51641624	4	74377956	74406859	placeholder
15	1899943	2021609	13	17948974	18154172	placeholder
2	190077598	190154079	2	73338729	73410318	placeholder
2	155294036	155338081	2	107190188	107237376	placeholder
1	211828633	211922561	1	116629616	116721078	placeholder
1	256613682	256721885	1	73604080	73718512	placeholder
15	7337377	7389348	13	10591448	10645475	placeholder
1	249005722	249048972	1	81039834	81081907	placeholder
2	148811305	149196028	2	112615464	113013350	placeholder
1	225929935	225969758	1	103116226	103162110	placeholder
2	67452584	67521925	2	164272974	164297632	placeholder
8	74792764	74835711	8	62451496	62497695	placeholder
1	164234628	164261118	1	158795728	158815332	placeholder
11	15300587	15321220	9	14308700	14336039	placeholder
14	7214832	7264790	14	9363484	9403346	placeholder
3	71242012	71354018	3	77302679	77392001	placeholder
8	67712144	67766246	8	57810849	57854940	placeholder
1	146563261	146611757	1	175410661	175447608	placeholder
19	5532872	5559813	18	9276114	9293206	placeholder
1	65842572	65871978	1	251106626	251147179	placeholder
5	100158559	100311027	5	14313665	14468379	placeholder
3	44699290	44918746	3	48886606	49126774	placeholder
1	116607547	116631639	1	203062090	203088895	placeholder
5	23250637	23350957	5	88148215	88255140	placeholder
1	302623759	302655942	1	26392292	26420909	placeholder
1	17650518	17720537	1	299206209	299266607	placeholder
14	719665	740263	14	881251	913053	placeholder
4	23612693	23640751	4	95405101	95431477	placeholder
1	26592420	26654162	1	291018888	291087890	placeholder
2	190353589	190376469	2	73107592	73131505	placeholder
3	147386754	147437623	3	143705973	143736399	placeholder
7	31115328	31158679	7	30448849	30465562	placeholder
11	11963727	12054570	9	17595386	17674902	placeholder
2	182712477	182757954	2	80716241	80760128	placeholder
15	3377859	3431258	13	15663143	15721735	placeholder
3	58309119	58314897	3	63834479	63840297	placeholder
1	269844171	269908809	1	60643860	60701192	placeholder
19	4629440	4672443	18	8549189	8582675	placeholder
6	36540287	36567047	6	36113323	36136372	placeholder
1	259388280	259411447	1	70903560	70935868	placeholder
2	199769794	199872773	2	64158839	64265839	placeholder
13	13059948	13078794	10	18913937	18931988	placeholder
15	6517800	6546048	13	11548370	11572724	placeholder
6	43150111	43198579	6	43081087	43142802	placeholder
4	84273448	84317475	4	50144896	50191304	placeholder
4	20123778	20131399	4	101506345	101514495	placeholder
6	45583401	45606589	6	45590173	45614071	placeholder
1	284215054	284224877	1	46000616	46009696	placeholder
15	16761366	16777795	13	430635	456515	placeholder
15	11707112	11727607	13	6133079	6150941	placeholder
6	22656842	22694996	6	21211727	21278555	placeholder
18	9160510	9165550	17	10452278	10458908	placeholder
3	161020942	161073502	3	157795405	157852633	placeholder
3	45471755	45503488	3	49791660	49822260	placeholder
19	6412945	6477042	18	10091553	10145717	placeholder
8	48589652	48660041	8	48669857	48733974	placeholder
6	52093880	52121137	6	52364746	52391925	placeholder
3	56826965	56898702	3	62368143	62436319	placeholder
1	285975811	286023115	1	44196116	44243828	placeholder
8	23550171	23592750	8	23315568	23357094	placeholder
3	177449269	177543844	3	175380262	175466356	placeholder
6	42554280	42646994	6	42465039	42547846	placeholder
4	90968442	90998753	4	44674192	44702236	placeholder
1	270442240	270521068	1	60013216	60074561	placeholder
6	37963864	37993682	6	37733519	37770618	placeholder
13	3419802	3466320	10	7458323	7522886	placeholder
5	99248350	99300338	5	22849923	22894369	placeholder
1	114613967	114655901	1	204849594	204888011	placeholder
3	91976442	92185402	3	97522185	97645333	placeholder
5	86572881	86627955	5	33703038	33760039	placeholder
2	176341799	176368796	2	86860454	86885403	placeholder
1	250866748	250943357	1	79172130	79249550	placeholder
6	254736	281183	6	601130	628507	placeholder
3	136578647	136663095	3	132153580	132243267	placeholder
5	57009854	57040207	5	53715744	53755514	placeholder
1	65894818	65952585	1	251013084	251090143	placeholder
3	165989207	166012035	3	163139002	163172618	placeholder
3	62739178	62843728	3	68485986	68616010	placeholder
4	78522802	78869637	4	55113171	55256752	placeholder
5	122762927	122769705	5	13122563	13130093	placeholder
8	38897809	38919812	8	27017914	27043114	placeholder
3	9518619	9636007	3	11978801	12070250	placeholder
4	22196146	22239206	4	94242143	94269963	placeholder
13	12106485	12265297	10	18036524	18186308	placeholder
8	24695495	24718111	8	24436791	24461978	placeholder
1	157045668	157107335	1	165415097	165471300	placeholder
4	131285596	131325384	4	25519530	25546139	placeholder
18	1007273	1053613	17	1043695	1092095	placeholder
12	15740445	15919202	12	4663765	4759468	placeholder
7	21399659	21476818	7	21171022	21259059	placeholder
3	42347327	42398999	3	46312642	46376247	placeholder
2	228443966	228530724	2	36446398	36536658	placeholder
3	52982617	52986250	3	58269118	58272754	placeholder
13	390293	420483	10	1157044	1204936	placeholder
1	135477797	135520808	1	185360813	185403462	placeholder
5	86517313	86569499	5	33762413	33788899	placeholder
3	34738913	34747905	3	37711389	37721624	placeholder
15	1336079	1354237	13	21644467	21709704	placeholder
6	42747753	42832878	6	42662159	42745664	placeholder
6	48970621	49005507	6	49189761	49227086	placeholder
1	337986849	338039904	1	2670346	2737337	placeholder
4	84333065	84462595	4	50226405	50336109	placeholder
14	4661495	4685591	14	6390168	6416558	placeholder
1	331136396	331210844	1	8650488	8716121	placeholder
6	10988868	11055278	6	10068251	10129611	placeholder
3	70184883	70231912	3	76269564	76321714	placeholder
8	44586934	44675788	8	51887748	52027628	placeholder
6	93129308	93183623	6	84988456	85023561	placeholder
7	75934480	75979747	7	61255562	61297370	placeholder
1	142742239	142855468	1	178715346	178810011	placeholder
1	277887252	277932505	1	52465649	52508978	placeholder
2	160533564	160681251	2	101959894	102137575	placeholder
1	183698300	183978040	1	141961326	142214906	placeholder
1	291813352	291889328	1	37865348	37939766	placeholder
1	154693946	154798106	1	167532016	167567726	placeholder
2	189233669	189514460	2	74024835	74305171	placeholder
8	23358941	23390731	8	23107930	23138704	placeholder
1	42905937	42946244	1	274622218	274668144	placeholder
1	27644084	27661116	1	290009859	290024872	placeholder
1	200561649	200596682	1	126872505	126902393	placeholder
1	330850821	330895787	1	8917421	8948396	placeholder
1	266503929	266547698	1	63983605	64024660	placeholder
5	55628572	55661714	5	55079008	55117457	placeholder
7	62911398	62963516	7	53056700	53083380	placeholder
6	89930570	89980070	6	76640601	76673055	placeholder
5	40154817	40229061	5	71070085	71154110	placeholder
7	75905235	75908736	7	61222600	61226104	placeholder
14	6269487	6298685	14	8278815	8308965	placeholder
3	105745030	105797379	3	106536276	106575074	placeholder
3	152980872	153007086	3	149415160	149441913	placeholder
5	31395215	31420786	5	80095214	80118213	placeholder
2	157084301	157111087	2	105549275	105581316	placeholder
15	16934840	17038921	13	178999	252417	placeholder
8	6900984	7043115	8	7573242	7703436	placeholder
1	216257284	216305951	1	112371943	112397271	placeholder
1	294083175	294103082	1	35469571	35497639	placeholder
11	21320332	21342767	9	8236624	8260928	placeholder
11	15261459	15294596	9	14342362	14379473	placeholder
5	45901162	45904639	5	64875080	64878566	placeholder
2	182360134	182389908	2	81041265	81070125	placeholder
2	66899867	66927113	2	164882015	164913838	placeholder
4	131357993	131385499	4	25572196	25611210	placeholder
1	100421757	100464644	1	217364007	217404436	placeholder
4	19487277	19532078	4	101947814	102032316	placeholder
3	13820501	13854005	3	15725236	15765717	placeholder
1	113180726	113251416	1	206177733	206235220	placeholder
3	136134953	136176735	3	131757747	131806458	placeholder
1	13757420	13812830	1	302563736	302612172	placeholder
1	323748761	323798676	1	11552964	11603749	placeholder
3	155404606	155520328	3	152037914	152185263	placeholder
4	61577987	61622891	4	65410565	65441787	placeholder
1	109788909	109814707	1	209282219	209307322	placeholder
5	39233154	39241767	5	71817046	71827537	placeholder
7	168010	169810	7	1867136	1868889	placeholder
14	2568319	2597280	14	3609958	3648379	placeholder
7	51694396	51773957	7	46635666	46695171	placeholder
1	114668450	114696496	1	204807345	204838538	placeholder
6	56361559	56409865	6	56719993	56768365	placeholder
3	124278032	124301650	3	119791850	119813304	placeholder
12	20339340	20432523	12	2789046	2826646	placeholder
6	16945176	17070086	6	15429085	15552948	placeholder
12	2127838	2147551	12	19965586	19998390	placeholder
3	105944458	105994158	3	106720837	106759949	placeholder
4	12758044	12860455	4	107482959	107513703	placeholder
6	98994434	99039920	6	77267024	77315958	placeholder
3	101673636	101814059	3	102717169	102859072	placeholder
7	21934189	21984017	7	21715850	21781692	placeholder
1	257081025	257095445	1	73200738	73221876	placeholder
14	9817803	9859925	14	12214457	12233193	placeholder
6	62235133	62271068	6	62397475	62430830	placeholder
3	165722871	165823291	3	162783482	162922705	placeholder
8	44416689	44449583	8	52159367	52193696	placeholder
14	5001756	5071889	14	6777873	6810844	placeholder
1	98860299	98894814	1	218932396	218965051	placeholder
7	23607724	23671416	7	23427286	23499957	placeholder
3	11628522	11738446	3	13874636	13964152	placeholder
5	20901514	20947084	5	90708578	90746094	placeholder
2	200499394	200582071	2	63478545	63541040	placeholder
19	346734	353632	18	569506	581536	placeholder
8	25803465	25835695	8	40050462	40083978	placeholder
15	9309410	9354641	13	8517068	8556535	placeholder
1	11941280	11972529	1	304063331	304094191	placeholder
1	90344169	90441576	1	227202856	227314359	placeholder
1	25181596	25214292	1	292456794	292487615	placeholder
8	31454788	31462344	8	34219323	34225790	placeholder
2	79989101	80052621	3	146629560	146664931	placeholder
1	95107043	95180475	1	222567073	222647779	placeholder
2	155344224	155435561	2	107094905	107184526	placeholder
8	66913314	66941797	8	57295686	57315321	placeholder
2	52516907	52528520	2	179585011	179596429	placeholder
14	13558291	13599575	14	15317253	15353792	placeholder
1	300028831	300051069	1	29080019	29104708	placeholder
2	140628795	140681990	2	120522128	120564417	placeholder
5	87427724	87474421	5	33095825	33121758	placeholder
3	89622	98181	3	2946556	2956717	placeholder
1	40663527	40702694	1	277024866	277074287	placeholder
2	20104226	20162689	2	213597666	213647786	placeholder
2	172950529	173058112	2	90214703	90317049	placeholder
10	16367918	16376729	11	9588615	9597491	placeholder
2	242936708	242966346	2	23508139	23529938	placeholder
10	6036331	6087106	11	16895972	16938628	placeholder
16	1458758	1512663	15	16360262	16409396	placeholder
15	3512100	3519644	13	15440475	15459221	placeholder
3	183104886	183112716	3	180906425	180913850	placeholder
12	5881391	5931910	12	15154627	15202075	placeholder
5	50931435	50966316	5	59582095	59623359	placeholder
11	20986969	21142747	9	8470332	8532103	placeholder
13	3390946	3415351	10	7422070	7454033	placeholder
1	164602503	164652134	1	158393939	158441775	placeholder
6	95976941	96021746	6	81805303	81861552	placeholder
3	59490873	59533755	3	65110002	65152571	placeholder
5	30512808	30544920	5	80945624	80988954	placeholder
8	76924163	76973335	8	67357752	67396305	placeholder
8	38784572	38819842	8	27128960	27153392	placeholder
1	174334334	174508676	1	149150450	149235143	placeholder
12	3685720	3707009	12	17781302	17810348	placeholder
7	49393193	49559980	7	45774705	45848580	placeholder
7	20547078	20581194	7	20348849	20385415	placeholder
6	90419595	90554253	6	87578255	87741452	placeholder
1	115839301	115861107	1	203794820	203811018	placeholder
4	89764301	89805546	4	45678062	45716871	placeholder
16	7562846	7588990	15	7037041	7063593	placeholder
2	148262245	148349717	2	113400376	113483731	placeholder
5	24202809	24214412	5	87379464	87393621	placeholder
2	193955195	193997336	2	69693161	69728087	placeholder
1	130509289	130565585	1	189909457	189962671	placeholder
6	42088511	42109820	6	41944225	41980224	placeholder
14	8739736	8782728	14	11078029	11116566	placeholder
7	89495486	89513516	7	66253223	66271136	placeholder
1	21034332	21059657	1	296451299	296469664	placeholder
1	200826653	200868823	1	126663724	126706936	placeholder
1	130610177	130673335	1	189813156	189873113	placeholder
1	333579236	333628440	1	5990783	6024501	placeholder
8	28915151	28948715	8	36838024	36873848	placeholder
1	300734952	300763457	1	28386622	28418260	placeholder
6	27562791	27589588	6	26304286	26335166	placeholder
15	10891677	10907414	13	6971977	6994719	placeholder
1	89920934	89970006	1	227722779	227781385	placeholder
14	8534423	8555709	14	10853698	10905179	placeholder
4	22319448	22368926	4	94345544	94396137	placeholder
1	123425656	123603183	1	196422993	196593814	placeholder
13	11353677	11472934	10	17258747	17355494	placeholder
4	73178136	73372373	4	57284117	57388943	placeholder
2	190458598	190502516	2	72992488	73031118	placeholder
19	1735681	1814915	18	5079662	5113823	placeholder
1	294318319	294331890	1	35269042	35284059	placeholder
3	201472379	201503814	3	198252243	198310797	placeholder
1	140049299	140126528	1	181274298	181344243	placeholder
6	89861023	89911025	6	76575496	76615675	placeholder
13	435757	451231	10	1120336	1139550	placeholder
2	232767532	232786603	2	32387625	32408313	placeholder
1	130464757	130474262	1	189997785	190006099	placeholder
19	6134582	6155279	18	10345574	10359582	placeholder
16	3961097	3993406	15	3091429	3110702	placeholder
3	14648598	14678471	3	16494088	16518282	placeholder
15	678565	715507	13	19838165	19901392	placeholder
12	7948396	8059519	12	12743378	12854043	placeholder
1	299302832	299335169	1	29815526	29841099	placeholder
15	5191455	5400849	13	12867116	13116621	placeholder
3	56181601	56184787	3	61781099	61784296	placeholder
2	11302081	11313147	2	231965572	231973012	placeholder
3	183724567	183730970	3	181569026	181579683	placeholder
11	22717112	22731704	9	6793742	6805864	placeholder
4	10720246	10751018	4	109321933	109353600	placeholder
3	184776439	184786795	3	182580658	182591508	placeholder
16	4137511	4280573	15	3230139	3350438	placeholder
1	292575819	292667255	1	37053129	37167111	placeholder
3	59602784	59626835	3	65218138	65240353	placeholder
5	55718750	55721930	5	55001663	55004840	placeholder
3	59049955	59059932	3	64647265	64661651	placeholder
13	2218249	2238089	10	4777197	4820390	placeholder
1	267928775	267953202	1	62559921	62594767	placeholder
2	229844903	230056863	2	34973015	35037151	placeholder
2	101041721	101072046	6	23452326	23480599	placeholder
13	8726782	8758868	10	14517253	14555431	placeholder
4	81860935	81884704	4	48556482	48575263	placeholder
14	8178794	8200375	14	10488332	10511116	placeholder
2	220716134	220813398	2	43851857	43936120	placeholder
5	32351975	32382292	5	79020758	79056479	placeholder
2	155798704	155864653	2	106688386	106760006	placeholder
6	10677155	10854898	6	9763701	9961203	placeholder
1	335909821	335912974	1	3050979	3054135	placeholder
7	9117484	9211114	7	9624120	9713086	placeholder
8	29579720	29600157	8	36161603	36184088	placeholder
1	40986552	41040908	1	276628752	276679686	placeholder
8	9406373	9455867	8	9901438	9936064	placeholder
4	42642534	42727973	4	82436704	82528265	placeholder
6	45536726	45556253	6	45542586	45562731	placeholder
1	22987767	23018835	1	294686831	294716146	placeholder
5	32435312	32450522	5	78952317	78974030	placeholder
1	223755001	223848508	1	105218034	105304448	placeholder
1	79303073	79306214	1	238083759	238086897	placeholder
5	120687296	120757748	5	10213334	10274157	placeholder
16	5628984	5701990	15	4740488	4805640	placeholder
4	27691706	27825097	4	98418568	98539764	placeholder
2	234696683	234772079	2	30599339	30683437	placeholder
19	4515649	4538096	18	8436596	8454027	placeholder
2	156133189	156173887	2	106372288	106411121	placeholder
1	166537207	166605735	1	156323152	156412634	placeholder
1	274602106	274619816	1	55713231	55735767	placeholder
1	300181577	300298183	1	28876405	28928262	placeholder
8	30578286	30690404	8	35011833	35135229	placeholder
7	84389438	84550855	7	72275634	72418712	placeholder
2	155621514	155667898	2	106880982	106926416	placeholder
7	22029157	22058718	7	21828134	21863862	placeholder
1	10971505	11035747	1	304881207	304926461	placeholder
8	39044291	39111508	8	26865631	26930260	placeholder
3	169179173	169208448	3	166651494	166684949	placeholder
5	97053634	97078659	5	24988021	25019168	placeholder
3	159004280	159030514	3	155856643	155891012	placeholder
17	9279253	9292979	16	7473593	7489682	placeholder
6	42975125	43002411	6	42910023	42937407	placeholder
2	207561962	207615795	2	56662387	56711505	placeholder
1	155509294	155557402	1	166927434	166970068	placeholder
3	137659573	137686690	3	133266705	133298836	placeholder
13	1397056	1423940	10	2957864	3001356	placeholder
3	103681867	103718112	3	104439515	104467463	placeholder
15	15609965	15621999	13	1929690	1951096	placeholder
5	112851631	112854727	5	3470906	3474002	placeholder
1	109087253	109116937	1	209900461	209936359	placeholder
1	215471967	215499371	1	113227240	113257227	placeholder
14	578422	613969	14	683687	731966	placeholder
7	30407939	30452883	7	29721397	29773517	placeholder
7	24099156	24171613	7	23898768	23961058	placeholder
1	176642749	176698074	1	147618213	147664216	placeholder
2	180025322	180077273	2	83277358	83323528	placeholder
6	30143208	30175388	6	29171924	29203018	placeholder
5	88489342	88543009	5	32432805	32474131	placeholder
3	67697820	67720705	3	75430556	75454455	placeholder
1	81813416	81891784	1	235569814	235658918	placeholder
5	82296412	82347616	5	36215118	36243591	placeholder
12	506307	517182	12	22159500	22172753	placeholder
5	31892847	31913769	5	79509107	79519250	placeholder
14	1094935	1104790	14	1431379	1443387	placeholder
15	16583080	16595450	13	667361	681467	placeholder
7	30838053	30882711	7	30134694	30174796	placeholder
6	93452572	93477784	6	84689136	84713856	placeholder
6	96593056	96699135	6	80979651	81149259	placeholder
5	69858617	69910122	5	42294736	42325331	placeholder
14	5701141	5713229	14	7588493	7605045	placeholder
1	17779433	17801489	1	299134596	299154641	placeholder
3	28809924	28828171	3	31185999	31204178	placeholder
8	26420749	26465803	8	39347551	39393052	placeholder
6	27604072	27625672	6	26337278	26364919	placeholder
4	80151832	80276918	4	52567679	52638007	placeholder
1	317744804	317757442	1	17017953	17028651	placeholder
5	5777442	5796329	5	105078285	105098148	placeholder
6	58253800	58279502	6	58493049	58520415	placeholder
2	146008178	146030296	2	115448130	115464077	placeholder
4	2188271	2269676	4	117378842	117461388	placeholder
1	61112973	61125248	1	256202806	256215427	placeholder
5	20287270	20319090	5	91370882	91416197	placeholder
1	106369866	106442519	1	211624255	211718081	placeholder
7	10889647	10978043	7	11271975	11355427	placeholder
3	169849808	169880295	3	167407476	167441552	placeholder
5	57047557	57062227	5	53686409	53707818	placeholder
3	91243797	91339593	3	97072511	97132505	placeholder
5	24958998	24972751	5	86589963	86602248	placeholder
13	1517327	1541711	10	3198619	3246177	placeholder
6	44397276	44400195	6	44369778	44372694	placeholder
6	406632	463754	6	762333	823332	placeholder
1	93761448	93774546	1	223913067	223927318	placeholder
3	136793771	136824710	3	132372551	132411567	placeholder
3	25506899	25527260	3	27567330	27591398	placeholder
2	154450557	154504014	2	108038041	108094751	placeholder
19	4543385	4566809	18	8460217	8482320	placeholder
12	14456243	14580018	12	5844265	5963953	placeholder
7	31189914	31212813	7	30510295	30535575	placeholder
16	2000033	2023678	15	15821316	15846312	placeholder
17	11170933	11193442	16	12671141	12729090	placeholder
15	8049500	8058039	13	9837620	9847871	placeholder
19	7171047	7190243	18	9575230	9586282	placeholder
4	36452675	36543388	4	88145290	88203787	placeholder
15	15962590	15976106	13	1459453	1480350	placeholder
8	44244373	44260056	8	52343975	52358380	placeholder
7	51553508	51596133	7	46578868	46601864	placeholder
2	198487399	198505395	2	65515315	65549807	placeholder
7	52942930	53031024	7	47057710	47116619	placeholder
3	21783745	21789463	3	23454021	23460308	placeholder
2	149974190	149996811	2	112230831	112259137	placeholder
1	313297447	313322657	1	21412691	21448168	placeholder
4	91962449	92020931	4	43770699	43820934	placeholder
3	196740665	196774898	3	193875266	193915791	placeholder
1	184325975	184377654	1	141624690	141663677	placeholder
1	116744674	116777585	1	202885095	202930261	placeholder
3	88254233	88314594	3	94554239	94637083	placeholder
4	93231538	93301803	4	42545271	42748598	placeholder
17	9279253	9292982	16	7473593	7489685	placeholder
2	140539324	140588275	2	120622120	120648825	placeholder
1	63550054	63561275	1	253631426	253644325	placeholder
4	33458375	33592197	4	90630315	90769280	placeholder
10	5750384	5771304	11	17221558	17254191	placeholder
5	5616879	5659217	5	105211191	105246210	placeholder
13	8414261	8432425	10	14169374	14186308	placeholder
6	48695776	48769907	6	48894930	48960460	placeholder
3	181137435	181166449	3	179101290	179134355	placeholder
8	20541074	20597090	8	20306644	20362169	placeholder
2	40846012	40873029	2	192172705	192198631	placeholder
2	20003899	20070920	2	213665538	213738519	placeholder
2	190382745	190426184	2	73051131	73101211	placeholder
5	9260008	9308628	5	101552233	101601349	placeholder
5	36574361	36581601	5	74712300	74728564	placeholder
11	20286440	20297885	9	9354002	9413363	placeholder
19	4340681	4356124	18	8267301	8283037	placeholder
1	118669676	118704362	1	201113979	201143158	placeholder
10	175048	196014	11	22963739	22983194	placeholder
5	34168019	34232791	5	77042129	77140106	placeholder
1	293043878	293093933	1	36550525	36594134	placeholder
17	92434	198258	16	1138464	1185570	placeholder
1	39451300	39497196	1	278252158	278289214	placeholder
15	13702501	13723804	13	4282225	4297712	placeholder
1	103085952	103136446	1	214750503	214811631	placeholder
1	130481558	130508149	1	189963809	189991835	placeholder
5	39563972	39665180	5	71452053	71510982	placeholder
1	332483509	332525805	1	7423021	7456613	placeholder
1	174200408	174225182	1	149364742	149375624	placeholder
1	85161841	85200393	1	232553631	232594737	placeholder
3	147494076	147533871	3	143787716	143824541	placeholder
1	242063390	242075412	1	87781375	87798195	placeholder
1	246419710	246461214	1	83669566	83721242	placeholder
1	168776711	168795981	1	154290280	154312576	placeholder
1	96256258	96283671	1	221474410	221497010	placeholder
8	23785905	23829716	8	23518440	23568096	placeholder
1	200800861	200815396	1	126715751	126733020	placeholder
7	6202920	6243137	7	6857241	6906017	placeholder
4	85853986	85880373	4	51478193	51508136	placeholder
4	50929907	50957802	4	74954317	74985114	placeholder
13	15774006	15799794	10	21882564	21906899	placeholder
3	168352301	168472129	3	165745217	165883132	placeholder
3	86919166	87003259	3	93100152	93180876	placeholder
4	24547680	24592992	4	96191068	96225095	placeholder
13	8814194	8824995	10	14623722	14632725	placeholder
5	30775772	30795526	5	80695007	80715309	placeholder
5	85569428	85595640	5	34508224	34523243	placeholder
4	23255896	23313588	4	95121939	95163582	placeholder
8	53201370	53238182	8	70415575	70441403	placeholder
16	12173893	12185611	15	1323375	1339548	placeholder
1	87111173	87200807	1	230552074	230649712	placeholder
1	279703147	280021428	1	50387699	50663173	placeholder
17	3804622	3823345	16	11210809	11232830	placeholder
15	13684455	13697405	13	4303625	4320515	placeholder
1	236609894	236661444	1	93161057	93213821	placeholder
15	16519291	16531218	13	748087	763787	placeholder
15	11080990	11104701	13	6761484	6789395	placeholder
1	340342936	340382075	1	618495	634321	placeholder
2	101832610	101866767	2	154980103	155012777	placeholder
16	9429134	9470799	15	10258501	10349469	placeholder
5	85999461	86093524	5	34132340	34196494	placeholder
1	284284000	284362226	1	45862055	45935655	placeholder
12	13645021	13647820	12	6884312	6887117	placeholder
19	450817	459942	18	747999	767271	placeholder
17	11070721	11097220	16	12539677	12572485	placeholder
4	86435006	86493488	4	51983830	52022986	placeholder
1	18656041	18672354	1	298412517	298426637	placeholder
14	1089917	1093711	14	1426292	1430068	placeholder
4	88512763	88552041	4	46770983	46795617	placeholder
8	19573014	19604134	8	19274540	19308480	placeholder
3	70267426	70321482	3	76352973	76416024	placeholder
5	91929495	91932462	5	29563463	29566550	placeholder
13	8551471	8569704	10	14318705	14331913	placeholder
11	22975826	23001583	9	6502618	6542362	placeholder
12	8682132	8702781	12	12088971	12107399	placeholder
1	302657167	302693295	1	26348891	26391085	placeholder
1	168452123	168615001	1	154463098	154611894	placeholder
1	238947527	239029884	1	90737107	90806295	placeholder
4	4076299	4105335	4	115333827	115397443	placeholder
6	49230271	49296983	6	49454520	49546170	placeholder
1	159876070	159929636	1	162684017	162740434	placeholder
4	73065416	73177551	4	57389371	57446598	placeholder
1	87574714	87622491	1	230169251	230230819	placeholder
7	17676099	17744007	7	17732121	17846052	placeholder
5	100032497	100061378	5	14204485	14230809	placeholder
1	6139098	6179656	1	308977200	309001710	placeholder
2	25191602	25207160	2	208450547	208477960	placeholder
1	242435645	242458332	1	87578414	87600678	placeholder
3	115060351	115094897	3	110791696	110817227	placeholder
3	166440949	166479246	3	163675526	163706074	placeholder
3	183490588	183557734	3	181314160	181386951	placeholder
12	8311466	8329312	12	12455110	12477609	placeholder
14	5975954	6031457	14	7880768	7937072	placeholder
11	15490185	15524820	9	14109013	14137594	placeholder
4	15322490	15358130	4	105417180	105449146	placeholder
2	189779697	189792787	2	73754611	73769929	placeholder
12	18671557	18702074	12	3038381	3066784	placeholder
3	68286554	68378304	3	74773971	74867423	placeholder
4	51728686	51773822	4	74289420	74322944	placeholder
1	51609739	51624147	1	265801450	265816112	placeholder
6	36175674	36191677	6	35695127	35712237	placeholder
7	16906940	16947714	7	17046633	17073963	placeholder
6	89309700	89342504	6	75937092	75981417	placeholder
5	92597051	92626912	5	28880596	28906676	placeholder
4	18575322	18714891	4	102689197	102819021	placeholder
7	43973094	43993795	7	42198466	42219378	placeholder
16	1237957	1259737	15	16605909	16636213	placeholder
1	251230943	251248913	1	78832271	78849313	placeholder
14	5658712	5695327	14	7538632	7585115	placeholder
15	6972432	6980370	13	11095348	11104074	placeholder
7	38707458	38744386	7	37602243	37624351	placeholder
12	710533	727072	12	21912205	21930732	placeholder
6	91513858	91598858	6	86631301	86699082	placeholder
5	115351634	115354361	5	5514559	5517285	placeholder
1	177068372	177071099	1	147373815	147376524	placeholder
7	34217506	34242458	7	33390645	33416640	placeholder
1	90103684	90157997	1	227524070	227570006	placeholder
3	32950139	33090892	3	35645236	35796676	placeholder
6	8197532	8238818	6	7868588	7897178	placeholder
4	76129734	76495785	4	56065059	56185328	placeholder
4	60826505	60950732	4	66025106	66145075	placeholder
1	18405884	18455044	1	298587414	298627199	placeholder
6	25624808	25649471	6	24209484	24240122	placeholder
4	54990336	55031673	4	71252558	71286912	placeholder
1	338198137	338209208	1	2529525	2566444	placeholder
3	25950087	25979658	3	28038255	28068033	placeholder
6	12224871	12250608	6	11250689	11271927	placeholder
3	113155440	113169168	3	108849895	108866728	placeholder
1	46322975	46399520	1	271205834	271272499	placeholder
2	51463784	51509182	2	180666648	180709698	placeholder
8	14608345	14640294	8	14570168	14596626	placeholder
6	54221868	54247433	6	54628834	54652162	placeholder
1	25296888	25319260	1	292346937	292365105	placeholder
2	199041677	199054891	2	64982599	64997047	placeholder
17	9940432	9950621	16	3756322	3782739	placeholder
16	6777891	6794191	15	6032685	6043078	placeholder
3	127595735	127676603	3	123316550	123372273	placeholder
7	28288882	28311193	7	27694128	27725750	placeholder
1	226506770	226593069	1	102497143	102586351	placeholder
3	58531249	58636486	3	64088150	64174349	placeholder
1	194735671	194762389	1	131955836	131971580	placeholder
3	131228209	131251739	3	126804497	126837994	placeholder
1	237815531	237923775	1	91840869	91975974	placeholder
1	166007450	166027246	1	156928710	156953564	placeholder
8	43286374	43297331	8	53205744	53213806	placeholder
2	214557334	214588909	2	49659187	49694563	placeholder
8	408689	495249	8	1801454	1867211	placeholder
3	43592045	43708570	3	47663699	47816516	placeholder
1	6619161	6669861	1	308596894	308633851	placeholder
8	67458923	67512188	8	59380680	59423559	placeholder
5	103995949	103998847	5	17923925	17926822	placeholder
1	104279177	104304700	1	213717691	213739562	placeholder
1	274536958	274583633	1	55757829	55804374	placeholder
16	10962176	10990656	15	13676555	13735490	placeholder
3	17958954	17999656	3	19461139	19497778	placeholder
2	199534420	199563893	2	64476243	64507252	placeholder
2	217449250	217467615	2	46807967	46830248	placeholder
2	117300540	117318630	2	141466054	141482686	placeholder
1	317541292	317572653	1	17202404	17235550	placeholder
14	1035132	1056553	14	1351730	1376525	placeholder
15	1833693	1847385	13	18249350	18272699	placeholder
2	32041279	32060929	2	201194985	201212477	placeholder
1	222573211	222707517	1	106362276	106475572	placeholder
12	1067825	1076293	12	21411970	21422998	placeholder
3	169626122	169628756	3	167162304	167164944	placeholder
6	46390232	46429145	6	46457116	46489714	placeholder
13	1375866	1390049	10	2924572	2947499	placeholder
15	3378355	3481230	13	15522706	15649597	placeholder
8	74060981	74082452	8	63264003	63279621	placeholder
2	103406035	103469712	2	153452541	153507014	placeholder
4	36290662	36330321	4	88303505	88346163	placeholder
4	31803620	31818120	4	92086100	92097477	placeholder
8	37430172	37561672	8	28415980	28567400	placeholder
3	106546350	106574481	3	107293279	107324193	placeholder
14	7822437	7854781	14	10076943	10100000	placeholder
5	15693573	15839014	5	95552570	95687706	placeholder
3	58720321	58765201	3	64297586	64357291	placeholder
15	4771410	4831150	13	13555593	13625642	placeholder
10	11268552	11337196	11	12239604	12289993	placeholder
1	245316639	245376171	1	84748351	84808846	placeholder
2	177007178	177120913	2	86193625	86279471	placeholder
17	8039869	8052308	16	5688888	5705337	placeholder
3	132229355	132287895	3	127688669	127752104	placeholder
3	127035920	127089573	3	122684724	122716543	placeholder
1	50684637	50698583	1	266687781	266707538	placeholder
14	462805	471211	14	526430	540435	placeholder
1	40012616	40132599	1	277670031	277695641	placeholder
7	85177219	85200373	7	71507441	71534541	placeholder
8	51860702	51916594	8	46252903	46286903	placeholder
1	18367493	18382647	1	298650592	298661435	placeholder
16	4993712	5008274	15	4031880	4044495	placeholder
4	6550271	6593361	4	112680085	112710637	placeholder
3	14630218	14632819	3	16468736	16471325	placeholder
6	93948619	93993545	6	84223893	84264952	placeholder
2	182271080	182293047	2	81131895	81157438	placeholder
1	40141480	40202995	1	277559127	277656253	placeholder
1	287659987	287721306	1	42267033	42337117	placeholder
2	195214093	195250278	2	68400074	68434281	placeholder
11	6211361	6220420	9	23573118	23582620	placeholder
1	298349188	298403629	1	30851884	30913123	placeholder
1	164020763	164063725	1	158977771	159022309	placeholder
16	7703167	7718811	15	7217445	7236483	placeholder
8	76568065	76592895	8	73282871	73306351	placeholder
6	54475603	54612384	6	54842910	54975975	placeholder
2	129837934	129847360	2	130292814	130302906	placeholder
14	15147651	15187395	14	18007967	18046064	placeholder
1	288101205	288103788	1	41804432	41807027	placeholder
1	68997353	69023508	1	248103127	248137836	placeholder
4	87547774	87580416	4	47414932	47452039	placeholder
3	124890468	124893042	3	120428442	120431022	placeholder
4	24020760	24196219	4	95807462	95941132	placeholder
1	105496186	105513439	1	212590214	212615146	placeholder
5	19895648	19919032	5	91730397	91754888	placeholder
12	2730103	2732677	12	19151764	19154335	placeholder
19	7488913	7512241	18	9373993	9384830	placeholder
8	30768598	30816935	8	34876399	34913698	placeholder
3	22303381	22335008	3	23995321	24026765	placeholder
2	198167013	198181937	2	65740552	65756017	placeholder
2	206464446	206555948	2	57691168	57708643	placeholder
7	48036513	48063826	7	45089247	45110721	placeholder
1	151741036	151806580	1	170554149	170581299	placeholder
1	107673959	107695012	1	210531014	210559904	placeholder
2	56394819	56418743	2	175542166	175564942	placeholder
1	16163405	16184845	1	300524772	300543121	placeholder
11	20235116	20257129	9	9441900	9462568	placeholder
1	163510085	163526771	1	159531756	159547602	placeholder
5	24341221	24362885	5	87211967	87234169	placeholder
4	37534786	37544869	4	87233429	87250497	placeholder
14	4818117	4827115	14	6564547	6575912	placeholder
15	4843469	4908124	13	13473020	13499534	placeholder
8	35886256	35906676	8	30085077	30113728	placeholder
1	195374552	195384759	1	131366231	131375827	placeholder
3	46033115	46056697	3	50409153	50425993	placeholder
5	13646855	13677363	5	97757484	97789017	placeholder
6	47508441	47560686	6	47655355	47714001	placeholder
1	302318657	302389417	1	26686033	26755884	placeholder
2	153958436	154014237	2	108509982	108527565	placeholder
3	10731146	10909995	3	13147618	13184594	placeholder
4	26575	46561	4	118577730	118616869	placeholder
13	11714072	11723284	10	17611589	17624923	placeholder
16	11094973	11105498	15	2657881	2675629	placeholder
6	4613566	4711673	6	4933538	5015440	placeholder
4	90493366	90545489	4	45069205	45096939	placeholder
6	27039371	27082326	6	25759438	25791784	placeholder
7	13766859	13801584	7	14003326	14100972	placeholder
2	12093136	12107872	2	232479532	232488505	placeholder
2	212328001	212439163	2	51798892	51893703	placeholder
2	30425345	30465865	2	202820842	202867928	placeholder
1	279364270	279399877	1	50948744	51000567	placeholder
7	6332775	6481577	7	7004152	7125304	placeholder
7	21186477	21217275	7	20950314	20980568	placeholder
2	215173939	215264053	2	48975944	49079981	placeholder
6	88106031	88141747	6	74749504	74788447	placeholder
13	1842561	1855971	10	3864273	3903236	placeholder
3	82025879	82071402	3	88036264	88067392	placeholder
19	1426642	1437522	18	4414744	4432949	placeholder
2	21106444	21129370	2	212633882	212658052	placeholder
5	105016344	105018867	5	18947504	18950021	placeholder
1	115753136	115799004	1	203857635	203893649	placeholder
5	32463054	32479811	5	78919029	78934074	placeholder
17	379482	468879	16	830458	960913	placeholder
3	41973738	42017682	3	45875462	45942808	placeholder
5	69112721	69122002	5	42836941	42844313	placeholder
1	63078687	63114592	1	254102529	254129163	placeholder
13	18730071	18745642	10	25368374	25382029	placeholder
4	53637819	53652169	4	72603036	72618225	placeholder
4	95176195	95226825	4	41201785	41251902	placeholder
17	5699679	5705478	16	9605794	9609874	placeholder
2	199004552	199024977	2	65017158	65043616	placeholder
1	23957571	23994732	1	293673832	293720231	placeholder
8	35832137	35864093	8	30136500	30168632	placeholder
2	156087984	156121126	2	106422727	106449902	placeholder
7	40977993	41107856	7	39659620	39787642	placeholder
16	12848617	12853599	15	362413	368885	placeholder
19	5347758	5362868	18	9138591	9149101	placeholder
1	65501385	65525222	1	251487837	251516816	placeholder
1	64493247	64546650	1	252614945	252671780	placeholder
13	15858817	15876415	10	21981377	22000231	placeholder
12	14782046	14794669	12	5566651	5574061	placeholder
14	2517303	2524944	14	3528288	3540561	placeholder
14	3919063	3946017	14	5315427	5340642	placeholder
2	142578060	142623645	2	118688032	118727380	placeholder
6	24188386	24292386	6	22745416	22863339	placeholder
3	14716784	14719184	3	16547357	16549763	placeholder
4	54832468	54884122	4	71418519	71497934	placeholder
13	8499997	8513921	10	14265504	14281707	placeholder
1	242493410	242529914	1	87508265	87547222	placeholder
1	278845073	278878385	1	51511081	51544741	placeholder
1	318862190	318907731	1	15924414	15969379	placeholder
1	149186625	149212937	1	172978748	172998580	placeholder
1	48995712	49030159	1	268450639	268492598	placeholder
1	99672147	99714640	1	218129185	218164521	placeholder
4	15247752	15320366	4	105451996	105507598	placeholder
6	52941382	52969338	6	53242255	53278113	placeholder
2	140903549	140943209	2	120284895	120312048	placeholder
1	250796316	250831360	1	79282591	79318967	placeholder
11	15344429	15362792	9	14268158	14287716	placeholder
7	13303961	13372968	7	13587789	13648337	placeholder
1	237650734	237663057	1	92118219	92128874	placeholder
2	105233991	105311649	2	151920749	151980787	placeholder
2	18579085	18601940	2	215122211	215144063	placeholder
3	69414086	69438341	3	73681094	73703660	placeholder
1	141722764	141786135	1	179704230	179784621	placeholder
1	116782679	116810003	1	202854116	202879768	placeholder
1	229124061	229164749	1	100125849	100177287	placeholder
1	183318460	183349493	1	142514234	142563886	placeholder
3	186289204	186304781	3	184168854	184187804	placeholder
6	46068338	46070786	6	46104896	46107341	placeholder
1	36624156	36639839	1	281166613	281193866	placeholder
1	233857288	233876608	1	95774577	95788298	placeholder
3	202793831	202847079	3	199136837	199194435	placeholder
1	28423353	28445523	1	289214155	289242984	placeholder
11	22531101	22539181	9	7006862	7016420	placeholder
5	67377364	67424757	5	44180376	44214605	placeholder
1	233889702	233935422	1	95718656	95760541	placeholder
2	183991532	184202764	2	79480500	79541655	placeholder
1	335766239	335839158	1	2917897	2977663	placeholder
2	179321993	179365287	2	84002017	84041733	placeholder
1	37176000	37178034	1	280614629	280688038	placeholder
8	76446153	76455808	8	73476545	73485454	placeholder
5	49665274	49708802	5	60849546	60896139	placeholder
13	2723755	2794594	10	5719339	5798922	placeholder
12	601462	617229	12	22038788	22055721	placeholder
6	3595193	3724203	6	4037718	4124376	placeholder
2	46937396	46972623	2	185381074	185412402	placeholder
3	119672205	119690427	3	115201169	115239350	placeholder
1	66610876	66638694	1	250390494	250421421	placeholder
3	61902946	61925328	3	67580927	67602432	placeholder
14	6466388	6485693	14	8517195	8542120	placeholder
3	88189274	88232883	3	94490123	94533936	placeholder
3	63047379	63058983	3	68847263	68859408	placeholder
13	766846	781207	10	445989	467644	placeholder
1	217604610	217612034	1	111091534	111105631	placeholder
1	36410002	36470024	1	281380060	281470263	placeholder
3	64404405	64436845	3	70357585	70393342	placeholder
6	2639274	2703796	6	3189343	3253322	placeholder
7	58262313	58281626	7	50272522	50285235	placeholder
15	15267835	15347089	13	2387376	2414777	placeholder
3	69533262	69560529	3	75623057	75651767	placeholder
1	5925046	5973728	1	309118891	309152094	placeholder
2	163636166	163660163	2	98948394	98970109	placeholder
3	23582895	23604935	3	25430435	25453355	placeholder
3	157716787	157734761	3	154476135	154494747	placeholder
8	20598915	20647587	8	20363686	20412317	placeholder
16	9662466	9678411	15	10713442	10754242	placeholder
8	4071589	4073980	8	4536597	4539024	placeholder
17	10070731	10077097	16	2951783	2964132	placeholder
5	65136728	65164518	5	45893469	45919187	placeholder
1	56142156	56195708	1	261043932	261092608	placeholder
7	27457170	27459582	7	26933086	26935498	placeholder
2	154830577	154864480	2	107692369	107730831	placeholder
5	91355020	91367211	5	30083412	30093534	placeholder
14	5726242	5743861	14	7617287	7635727	placeholder
1	272418100	272438404	1	58159004	58189545	placeholder
12	10072732	10086824	12	10602620	10617208	placeholder
11	22470078	22479205	9	7063608	7084185	placeholder
1	9541340	9588013	1	306097464	306146147	placeholder
3	160109997	160146606	3	156865072	156906407	placeholder
7	14698004	14720050	7	14946402	14979121	placeholder
7	28488254	28510823	7	27904764	27923152	placeholder
1	159744629	159771310	1	162844309	162872353	placeholder
12	19552262	19624079	12	2298605	2403686	placeholder
5	122207969	122225285	5	12086144	12120621	placeholder
1	180597383	180633813	1	144673577	144708476	placeholder
1	248194628	248235475	1	81814668	81848497	placeholder
3	125015084	125023599	3	120542619	120551187	placeholder
1	264596762	264669333	1	65807792	65894947	placeholder
3	135173765	135192612	3	130700193	130713555	placeholder
3	125065037	125069237	3	120585468	120589678	placeholder
4	55486412	55515170	4	70815740	70842940	placeholder
3	50522524	50547211	3	55561740	55588676	placeholder
7	33640740	33718164	7	32899158	32942564	placeholder
6	2878147	2913707	6	3436489	3454254	placeholder
15	1163141	1176722	13	20283902	20305410	placeholder
6	44584137	44604395	6	44560024	44578649	placeholder
1	40221714	40237732	1	277523864	277538464	placeholder
18	8943646	8953328	17	10177584	10189633	placeholder
2	55453734	55466315	2	176516969	176538482	placeholder
14	2053351	2055739	14	2835002	2837389	placeholder
5	53482944	53508988	5	56887772	56924069	placeholder
3	114823759	114826180	3	110542622	110545046	placeholder
6	89550321	89599259	6	76223737	76284993	placeholder
2	140628846	140681282	14	16767285	16783245	placeholder
13	7755391	7765029	10	13336312	13349677	placeholder
1	340331640	340342392	1	634797	649409	placeholder
1	156046673	156071967	1	166388577	166414303	placeholder
11	4908415	4918745	9	24338801	24349299	placeholder
3	85562443	85594745	3	91754185	91792505	placeholder
3	5973063	6000024	3	8480521	8496935	placeholder
5	64812075	64824746	5	46168328	46180542	placeholder
1	205729197	205759994	1	122450217	122476780	placeholder
4	56354737	56439151	4	69966762	70066072	placeholder
8	14354701	14356984	8	14323972	14326240	placeholder
13	6687882	6723156	10	12114845	12150727	placeholder
1	125778152	125803398	1	194334264	194350758	placeholder
1	237305639	237330706	1	92473543	92497491	placeholder
1	46260460	46292962	1	271294362	271325061	placeholder
1	309546482	309691210	1	280614644	280743257	placeholder
1	115727812	115742916	1	203902176	203912644	placeholder
15	16989266	17001326	13	185294	197876	placeholder
5	55566062	55596983	5	55151627	55182900	placeholder
1	19247830	19254699	1	297984297	297990005	placeholder
7	60399844	60447909	7	51243597	51268845	placeholder
7	27048886	27075486	7	26578505	26603668	placeholder
5	81962024	82011983	5	36385519	36402305	placeholder
3	91492460	91574413	3	97259649	97292481	placeholder
13	11063368	11078990	10	16974409	16991055	placeholder
1	160098186	160119118	1	162491479	162512890	placeholder
1	252005157	252016813	1	78144961	78156911	placeholder
6	32525718	32545665	6	31790269	31812782	placeholder
5	23187801	23240871	5	88266136	88343395	placeholder
1	192743763	192751708	1	133850122	133855972	placeholder
2	150029839	150086444	2	112155503	112204767	placeholder
3	52012381	52104300	3	57192078	57288163	placeholder
15	16634093	16661140	13	595576	620660	placeholder
3	146244948	146263220	3	142403854	142419351	placeholder
3	70091631	70111239	3	76176032	76194485	placeholder
3	5893230	5940219	3	8420658	8456097	placeholder
4	52608599	52638301	4	73555940	73590880	placeholder
6	30288051	30305896	6	29326650	29347122	placeholder
1	228882924	228931547	1	100377565	100418540	placeholder
7	30983320	31016144	7	30271494	30304596	placeholder
14	412935	420696	14	463399	474611	placeholder
1	181602825	181636603	1	143802321	143822582	placeholder
3	40532203	40541125	3	44324549	44334387	placeholder
2	211124016	211138917	2	53022501	53034092	placeholder
17	10998407	11002777	16	12442974	12447995	placeholder
14	9327947	9340104	14	11711531	11724222	placeholder
19	3912406	3945764	18	7771964	7806280	placeholder
3	102039885	102098657	3	103033018	103073346	placeholder
3	141787358	141923005	3	137548974	137693262	placeholder
3	130559669	130654553	3	126123813	126215445	placeholder
3	137583554	137592606	3	133192393	133202915	placeholder
7	89683716	89726628	7	65977003	66026198	placeholder
10	8381028	8401202	11	14919976	14939084	placeholder
3	177659440	177674838	3	175596095	175608940	placeholder
7	58722452	58878178	7	50650063	50705050	placeholder
1	335035357	335044655	1	5247207	5259390	placeholder
1	10724589	10758801	1	305102917	305124115	placeholder
2	206317391	206336911	2	57800843	57818115	placeholder
7	30374911	30403439	7	29693569	29717298	placeholder
14	5400900	5418474	14	7218130	7238766	placeholder
3	170614275	170634623	3	168248509	168274459	placeholder
16	6896387	6907997	15	6160538	6172668	placeholder
2	241663560	241683350	2	24440499	24462022	placeholder
1	16331011	16341193	1	300385771	300393421	placeholder
18	8802060	8865215	17	10055601	10057408	placeholder
2	188118139	188156270	2	75422081	75460624	placeholder
1	20951264	20973804	1	296536439	296552627	placeholder
2	176040392	176070108	2	87128592	87161170	placeholder
5	13118308	13120594	5	98177212	98179492	placeholder
1	336895643	336919122	1	3816063	3844231	placeholder
1	190959887	190974713	1	135549439	135562992	placeholder
1	328017774	328123511	18	10366299	10384082	placeholder
8	77286157	77326597	8	67813107	67842268	placeholder
7	22819550	22839162	7	22624893	22649478	placeholder
6	18055910	18085045	6	16499387	16526797	placeholder
6	12257018	12275286	6	11280814	11293539	placeholder
3	113349643	113497158	3	109033932	109244180	placeholder
8	40922070	40948703	8	55276552	55305541	placeholder
14	15267830	15290875	14	18779475	18801879	placeholder
1	46450273	46504842	1	271104293	271152518	placeholder
4	119763564	119844637	4	11969231	11973615	placeholder
4	67666547	67771090	4	60975888	61021621	placeholder
11	5039398	5088875	9	24160709	24220817	placeholder
7	83814472	83843885	7	72961050	72981954	placeholder
3	163567015	163575289	3	160485996	160497787	placeholder
4	6483352	6532583	4	112625043	112672150	placeholder
1	232245665	232280519	1	97249342	97283458	placeholder
17	10021716	10028484	16	2740539	2762443	placeholder
1	106580604	106632789	1	211427018	211464446	placeholder
1	257847511	257898060	1	72404632	72456737	placeholder
1	266742900	266767040	1	63743021	63761679	placeholder
5	39095584	39129103	5	71924995	71986539	placeholder
1	172716022	172767232	1	150455593	150514701	placeholder
1	282268967	282346846	1	47962064	48038354	placeholder
3	119964900	119973407	3	115507385	115516580	placeholder
5	53110445	53144445	5	57282786	57326816	placeholder
10	6346572	6365282	11	16652601	16673732	placeholder
11	2248786	2268135	9	639232	664955	placeholder
8	79090748	79099292	8	72214501	72226823	placeholder
8	13856940	13877267	8	13863291	13881737	placeholder
17	5377996	5420692	16	9926249	9962903	placeholder
2	104103350	104135518	2	152966887	152993107	placeholder
2	221716428	221732724	2	42955903	42973100	placeholder
8	76512381	76542712	8	73336072	73374038	placeholder
15	4433486	4441153	13	14039487	14048302	placeholder
1	202104566	202130697	1	125486160	125508861	placeholder
2	100754989	100767370	18	7980375	7989949	placeholder
3	146265041	146288831	3	142420831	142440692	placeholder
7	16617209	16669643	7	16804540	16848069	placeholder
5	57704259	57753792	5	52889985	52953741	placeholder
5	50364522	50375600	5	60208591	60218591	placeholder
3	202896188	202902216	3	199259482	199265626	placeholder
3	34760720	34776705	3	37734163	37749265	placeholder
2	183616685	183758237	2	79778582	79904249	placeholder
3	44260511	44321927	3	48404208	48456645	placeholder
1	276391933	276418337	1	53959580	53993049	placeholder
1	54091939	54322255	1	263008500	263238240	placeholder
3	106091652	106188593	3	106858995	106944642	placeholder
7	47012740	47102735	7	44405910	44488218	placeholder
7	89230210	89265177	7	66534056	66561414	placeholder
15	15537972	15558696	13	2021376	2046428	placeholder
1	149223736	149239837	1	172953280	172965657	placeholder
1	255417593	255420854	1	74948474	74951525	placeholder
15	8733937	8742505	13	9143118	9151623	placeholder
3	98170120	98218103	3	100176132	100198978	placeholder
1	169579394	169651189	1	153463029	153521943	placeholder
1	55758980	55782926	1	261447109	261465085	placeholder
8	11346139	11366633	8	11561271	11576293	placeholder
1	160479228	160514389	1	162094537	162135706	placeholder
3	107876217	107934681	3	108324300	108370855	placeholder
1	180637665	180655805	1	144638607	144659014	placeholder
3	13986511	14139700	3	15876695	16002944	placeholder
14	13852178	13867461	14	17846493	17860524	placeholder
4	43439703	43522968	4	81723132	81813725	placeholder
3	168497283	168506902	3	165917065	165925311	placeholder
6	43008988	43028207	6	42941615	42958757	placeholder
2	215700458	215827157	2	48435871	48537301	placeholder
3	196918123	196954792	3	194098154	194124410	placeholder
5	92219301	92275501	5	29254368	29296648	placeholder
1	160431378	160468142	1	162148137	162183808	placeholder
6	32602963	32632607	6	31867599	31904628	placeholder
1	323582222	323600191	1	11736571	11763487	placeholder
2	41189648	41225575	2	191806495	191836742	placeholder
3	200442583	200467322	3	197311389	197324225	placeholder
14	97554	106047	14	79604	90681	placeholder
3	123022639	123040509	3	118499372	118512980	placeholder
1	252446964	252487698	1	77663705	77708316	placeholder
1	145869421	145871659	1	176059931	176062169	placeholder
5	85620567	85638336	5	34472641	34491150	placeholder
3	199957800	200005234	3	196893233	196916319	placeholder
1	143613209	143645881	1	178093822	178120725	placeholder
1	130427210	130458126	1	190012239	190032678	placeholder
5	31719102	31735567	5	79698282	79729305	placeholder
1	118898521	118952578	1	200888585	200938879	placeholder
7	83677813	83721974	7	73127810	73154833	placeholder
6	23631385	23673138	6	22162951	22207427	placeholder
11	936520	942414	9	4467590	4476621	placeholder
3	131079722	131097042	3	126627919	126649910	placeholder
7	48249681	48289994	7	45202101	45225146	placeholder
10	1631518	1642727	11	24920344	24937665	placeholder
5	98259540	98304742	5	23746442	23784973	placeholder
2	153652587	153695920	2	108799496	108853384	placeholder
4	21957183	21959391	4	99828575	99830786	placeholder
1	265979758	265989463	1	64508939	64518244	placeholder
7	9512545	9942610	7	10017854	10408776	placeholder
2	137768360	137799558	2	126651853	126678088	placeholder
3	66714719	66820708	3	72516002	72607913	placeholder
1	267042108	267056522	1	63438526	63452362	placeholder
11	21293448	21302107	9	8279900	8288642	placeholder
18	978867	1007023	17	1009424	1040657	placeholder
1	125689672	125755134	1	194383371	194448491	placeholder
19	192456	197653	18	345988	353236	placeholder
7	30759242	30790237	7	30049054	30083348	placeholder
1	137938181	137968690	1	183139462	183165695	placeholder
1	40925044	40943268	1	276721961	276746264	placeholder
8	39153821	39186877	8	26777776	26817397	placeholder
14	149102	153570	14	144777	149294	placeholder
6	24575	45742	6	289739	308210	placeholder
4	22382850	22414817	4	94410544	94432211	placeholder
13	17942288	17954276	10	24445125	24460533	placeholder
5	4739637	4750492	5	106117510	106127799	placeholder
1	294050625	294062592	1	35517141	35532625	placeholder
3	167271448	167313591	3	164510546	164567189	placeholder
5	30073736	30092213	5	81393965	81413831	placeholder
1	332870976	332903402	1	5428994	5458960	placeholder
8	29055582	29124585	8	36657572	36726471	placeholder
2	204504323	204564734	2	59573121	59627629	placeholder
7	51003783	51105799	7	46391991	46412891	placeholder
10	8116633	8172327	11	15110599	15153839	placeholder
1	315806017	315830083	1	18859645	18883680	placeholder
8	68480375	68552992	8	58417284	58482122	placeholder
4	21783919	21801259	4	99964285	99989320	placeholder
17	7398842	7420285	16	7798266	7811007	placeholder
2	33290204	33302497	2	199908720	199921397	placeholder
1	25417066	25420564	1	292286216	292289847	placeholder
3	155853209	155860822	3	152541462	152551957	placeholder
1	42852354	42887848	1	274693737	274723511	placeholder
2	214663548	214800498	2	49481566	49572751	placeholder
1	293016018	293039238	1	36595924	36639193	placeholder
2	169717403	169737288	2	93297310	93320127	placeholder
1	239233260	239258897	1	90544026	90576927	placeholder
7	5203543	5271619	7	5991723	6068111	placeholder
4	30284394	30313562	4	93337256	93357099	placeholder
2	48219522	48262306	2	183990986	184032353	placeholder
1	168847594	168873900	1	154232982	154263315	placeholder
7	40143617	40169164	7	38902889	38922518	placeholder
3	193296561	193326436	3	190656614	190685756	placeholder
3	151008978	151031151	3	147338061	147364344	placeholder
1	323455755	323488282	1	11858595	11893852	placeholder
1	288286767	288300578	1	41599347	41616756	placeholder
5	12926141	12980483	5	98305427	98329916	placeholder
13	8219798	8231022	10	13862828	13872454	placeholder
17	8347709	8365554	16	6108719	6130990	placeholder
1	286732618	286760073	1	43445414	43475615	placeholder
1	12575220	12601740	1	303516711	303539553	placeholder
14	5095423	5111418	14	6892016	6920419	placeholder
17	9419637	9432600	16	4933233	4954560	placeholder
2	140778051	140830650	2	120381387	120432410	placeholder
11	1720059	1731883	9	24952008	24974383	placeholder
1	227784396	227820607	1	101418133	101481776	placeholder
5	56602697	56611665	5	54190843	54200199	placeholder
6	20709303	20712195	6	19133661	19136553	placeholder
3	114023954	114044983	3	109736770	109752714	placeholder
13	421344	434979	10	1143157	1156124	placeholder
5	66595718	66631045	5	44717670	44735534	placeholder
1	80041066	80120586	1	237313749	237379144	placeholder
1	111308671	111310855	1	207920681	207922844	placeholder
15	10625778	10633834	13	7229473	7234646	placeholder
1	191124621	191189069	1	135356967	135417132	placeholder
14	3125655	3136285	14	4302737	4315855	placeholder
11	18491829	18504101	9	11236645	11248501	placeholder
1	292080507	292137011	1	37636785	37695378	placeholder
4	11760994	11775773	4	108441101	108457530	placeholder
14	7419723	7440789	14	9580586	9603805	placeholder
8	50041348	50119433	8	47553009	47598301	placeholder
1	75049816	75110933	1	242009825	242087256	placeholder
5	55676704	55701335	5	55019979	55052563	placeholder
2	182468487	182470344	2	80975112	80977734	placeholder
6	24913648	24940704	6	23501330	23532868	placeholder
2	103259514	103315350	2	153671000	153682171	placeholder
13	7716567	7732475	10	13294873	13315341	placeholder
1	274165805	274188228	1	56203880	56230218	placeholder
11	22480558	22485831	9	7055330	7075944	placeholder
2	226309896	226312044	2	38630403	38632550	placeholder
1	267488790	267510119	1	62993440	63019329	placeholder
2	160574976	160578661	2	102085342	102089566	placeholder
17	5988864	5990796	16	9306393	9308333	placeholder
4	56957150	57001300	4	69446628	69477913	placeholder
14	5247934	5261747	14	7057865	7108889	placeholder
5	52073852	52075985	5	58445524	58447669	placeholder
14	3338985	3355378	14	4597594	4614623	placeholder
7	79429587	79441703	7	64486544	64554310	placeholder
8	37656214	37658377	8	28322297	28324463	placeholder
6	33022946	33053583	6	32328549	32367984	placeholder
4	21165269	21186348	4	100497335	100521938	placeholder
3	181186276	181212748	3	179150279	179184139	placeholder
7	36349630	36358372	7	35383433	35392008	placeholder
2	32251051	32269975	2	200969165	200987820	placeholder
1	107119915	107131353	1	210947640	210962893	placeholder
2	208838297	208888736	2	55345493	55416247	placeholder
12	13743077	13764157	12	6768631	6783282	placeholder
10	9252137	9273147	11	14079198	14099070	placeholder
16	6817002	6832310	15	6067435	6083603	placeholder
6	5749027	5810286	6	5729277	5784385	placeholder
3	86019211	86042321	3	92218455	92245291	placeholder
3	22730272	22748181	3	24502512	24517861	placeholder
5	97291013	97323002	5	24759785	24789428	placeholder
4	64164224	64166258	4	63695178	63697224	placeholder
11	21154272	21173694	9	8432618	8457295	placeholder
6	2463214	2474449	6	2989094	3001090	placeholder
7	60957800	60959930	7	52185269	52187402	placeholder
2	214901462	214934696	2	49316588	49346932	placeholder
6	61604426	61645481	6	61810543	61847327	placeholder
7	85815569	85840053	7	70767713	70787549	placeholder
1	267426003	267465367	1	63036757	63070298	placeholder
1	29805675	29807799	1	287898328	287900452	placeholder
1	299957968	299978675	1	29152951	29183003	placeholder
1	26903201	26906925	1	290745988	290750002	placeholder
15	7157139	7227663	13	10773600	10849870	placeholder
6	51787914	51809061	6	52027727	52052828	placeholder
6	38612353	38640982	6	38408592	38443179	placeholder
3	46418073	46431624	3	50812934	50834680	placeholder
12	4312006	4315339	12	17053481	17057764	placeholder
6	45153207	45164675	6	45166699	45178742	placeholder
10	1413933	1424699	11	17737277	17753025	placeholder
1	25876478	25896785	1	291814609	291836033	placeholder
3	202570433	202578919	3	198901649	198908603	placeholder
14	5069027	5087072	14	6856430	6882720	placeholder
4	53783926	53808500	4	72458501	72476620	placeholder
2	18899355	18922142	2	214770181	214794027	placeholder
3	119809001	119836363	3	115341713	115368707	placeholder
3	107619582	107636339	3	108089352	108109046	placeholder
3	135699719	135721423	3	131242517	131268636	placeholder
10	5334389	5354566	11	17674497	17698001	placeholder
12	10425316	10453835	12	10219041	10245648	placeholder
2	201952037	202036528	2	62132502	62211210	placeholder
1	151438976	151447941	1	170856026	170864053	placeholder
7	62223587	62244025	7	52750280	52762710	placeholder
7	6039489	6068063	7	6646848	6678864	placeholder
11	12919108	12930530	9	16739631	16750350	placeholder
3	99343622	99353077	3	100835063	100848251	placeholder
13	3489110	3539839	10	7562331	7630053	placeholder
3	104317282	104372808	3	105102896	105156807	placeholder
7	37753906	37772295	7	36736748	36760526	placeholder
7	57808960	57836160	7	49814001	49827907	placeholder
10	9338784	9358860	11	13996271	14016333	placeholder
4	27828410	27949756	4	98542989	98634402	placeholder
1	276174601	276212676	1	54142710	54185407	placeholder
1	125941679	125972003	1	194151754	194187901	placeholder
1	75132112	75151198	1	241969676	241986744	placeholder
7	30813374	30825818	7	30102370	30117639	placeholder
1	154378000	154414117	1	167886625	167927755	placeholder
3	68090248	68106212	3	75033823	75050913	placeholder
5	61863009	61872181	5	48728253	48739776	placeholder
6	19292408	19349616	6	17757988	17815077	placeholder
6	3799348	3822245	6	4175745	4185484	placeholder
15	10535260	10553339	13	7308294	7321161	placeholder
16	6638905	6663554	15	5884813	5913090	placeholder
3	158380427	158382521	3	155170721	155172815	placeholder
1	26298500	26344136	1	291386101	291419858	placeholder
5	78539546	78541637	5	37616360	37618482	placeholder
1	256973326	256992255	1	73329119	73349154	placeholder
1	303239497	303312151	1	25880634	25977202	placeholder
6	90780463	90802658	6	87340732	87356282	placeholder
1	178086714	178108728	1	146503181	146553976	placeholder
1	51576826	51584596	1	265850408	265857708	placeholder
14	15294804	15307434	14	18805956	18819552	placeholder
7	28886776	28904523	7	28253405	28272720	placeholder
15	3674274	3694956	13	15172954	15209686	placeholder
1	104470487	104508888	1	213539980	213576732	placeholder
1	277555437	277584143	1	52813923	52843893	placeholder
5	106181144	106183202	5	20020071	20022129	placeholder
6	1565163	1644185	6	1990547	2091308	placeholder
5	56751200	56770397	5	54014996	54034190	placeholder
12	16081471	16109931	12	4464923	4487771	placeholder
3	175819175	175847480	3	173770002	173802786	placeholder
5	21723301	21772953	5	89792210	89853084	placeholder
5	108587871	108608774	5	22257695	22269975	placeholder
10	6009711	6021040	11	16952244	16958708	placeholder
1	38997309	39026644	1	278768169	278804770	placeholder
6	39025962	39042138	6	38907206	38946910	placeholder
3	87663629	87681163	3	93948825	93964859	placeholder
14	2346156	2355076	14	3267192	3277820	placeholder
6	22177860	22182565	6	20667430	20692455	placeholder
1	205908500	205924970	1	122413299	122432941	placeholder
8	59050664	59062013	8	41233384	41248269	placeholder
5	22851896	22868430	5	88666288	88680887	placeholder
2	204610022	204625246	2	59505823	59533945	placeholder
12	8162204	8178711	12	12628696	12644977	placeholder
12	1026031	1045074	12	21459044	21482000	placeholder
7	23253420	23269120	7	23103493	23117106	placeholder
2	99098184	99120335	15	679584	684074	placeholder
3	25986930	25989228	3	28076689	28079031	placeholder
7	26577078	26591845	7	26132493	26144356	placeholder
1	51173462	51175484	1	266280282	266282310	placeholder
14	5421400	5426391	14	7241432	7246882	placeholder
7	73703274	73712064	7	59258233	59273335	placeholder
5	108179688	108204221	5	21928555	21943877	placeholder
4	42129131	42152342	4	82981004	83004985	placeholder
6	38460978	38468666	6	38245115	38249731	placeholder
5	31924295	31948433	5	79471041	79493923	placeholder
1	224840678	224860871	1	104194895	104212346	placeholder
1	63741051	63752681	1	253429865	253442230	placeholder
15	3762358	3810332	13	14971658	15062042	placeholder
3	183906201	183920031	3	181751528	181763025	placeholder
1	165196606	165294594	1	157749737	157853335	placeholder
13	1449839	1459379	10	3043495	3058272	placeholder
1	208840728	208908407	1	119502873	119568975	placeholder
5	66662905	66784378	5	44584007	44693113	placeholder
7	74596691	74627661	7	59998243	60026744	placeholder
5	5807841	5863742	5	105009047	105062942	placeholder
12	4410499	4412533	12	16956147	16958178	placeholder
1	158148691	158163760	1	164419525	164440640	placeholder
3	48369482	48440599	3	53062070	53148499	placeholder
1	127265797	127311346	1	192899390	192938727	placeholder
3	156829284	156836721	3	153564879	153573625	placeholder
1	300807653	300845326	1	28306977	28344040	placeholder
1	192939460	192986400	1	133607015	133667030	placeholder
14	13711897	13745447	14	17964722	17989786	placeholder
16	11519761	11540819	15	2166088	2195438	placeholder
2	68303553	68335008	2	163436774	163466565	placeholder
1	69985824	70027742	1	247082464	247114648	placeholder
17	7967694	7971107	16	5583432	5590000	placeholder
8	76966852	76988365	8	67409988	67429504	placeholder
6	26944218	26948019	6	25666524	25669791	placeholder
5	79299714	79305837	5	37321677	37328093	placeholder
2	191734979	191765888	2	71887716	71917170	placeholder
13	3807246	3809657	10	8080011	8083287	placeholder
6	42133525	42183111	6	41995299	42058914	placeholder
6	81732579	81754460	6	72050124	72064441	placeholder
17	3219629	3253592	16	11638662	11663468	placeholder
13	1794461	1806478	10	3781276	3838038	placeholder
5	22490364	22494039	5	89053474	89057005	placeholder
2	141174238	141202811	2	119999233	120026760	placeholder
5	110440385	110474533	5	1445967	1451719	placeholder
2	156642611	156682926	2	105985414	106024413	placeholder
3	147716809	147764538	3	144032916	144081952	placeholder
1	242690408	242719292	1	87308695	87333505	placeholder
14	8977538	8992230	14	11318237	11329459	placeholder
1	2393884	2421574	1	312490387	312502059	placeholder
3	141669456	141688815	3	137428360	137447842	placeholder
15	13442619	13464273	13	4398103	4419408	placeholder
3	46377981	46401201	3	50767542	50788311	placeholder
4	84536506	84584852	4	50391967	50430526	placeholder
3	23660683	23665880	3	25517396	25522480	placeholder
1	251290581	251314335	1	78770427	78799359	placeholder
1	192817189	192837384	1	133756511	133773889	placeholder
13	14847741	14870565	10	20840142	20867538	placeholder
19	3029259	3051627	18	6941865	6966366	placeholder
14	14086228	14124886	14	17615687	17654402	placeholder
6	24584050	24613693	6	23170801	23199680	placeholder
1	62637726	62663444	1	254557169	254578365	placeholder
2	133202140	133228758	2	122432432	122461650	placeholder
7	55088506	55139210	7	48502992	48521615	placeholder
3	192503100	192536146	3	189980943	190011261	placeholder
8	35702137	35722667	8	30278533	30300808	placeholder
1	332409042	332443729	1	7490125	7523629	placeholder
7	71769248	71815482	7	57565020	57595040	placeholder
7	46464416	46515335	7	44033237	44067647	placeholder
4	84989915	85020894	4	50734084	50759631	placeholder
3	20336981	20374339	3	21965907	22007845	placeholder
17	10153359	10160715	16	3152304	3176858	placeholder
17	6668703	6698380	16	8595966	8618989	placeholder
8	7887896	7925263	8	8598721	8623289	placeholder
13	2969322	2994221	10	6740409	6780095	placeholder
4	86594670	86637716	4	52110979	52150738	placeholder
4	6782576	6815028	4	112883072	112905989	placeholder
5	91973527	91993430	5	29501268	29517102	placeholder
6	93832371	93863244	6	84356635	84384719	placeholder
10	7486274	7529399	11	15637669	15676355	placeholder
7	27955049	27984528	7	27360167	27378760	placeholder
1	88345235	88347221	1	229429326	229431312	placeholder
8	4043067	4050313	8	4511130	4515059	placeholder
13	18720326	18722306	10	25359023	25361018	placeholder
2	76130319	76197140	2	155642338	155704314	placeholder
2	173064567	173087225	2	90184784	90208989	placeholder
13	2605139	2625199	10	5546708	5572239	placeholder
11	8329387	8351147	9	21149621	21171319	placeholder
4	21437446	21464421	4	100251618	100279427	placeholder
7	92765029	92785142	7	78533883	78561873	placeholder
1	50352555	50367427	1	266986546	267027392	placeholder
1	44304223	44306212	1	273203391	273205374	placeholder
1	238854191	238864806	1	90891770	90901273	placeholder
5	51042224	51070414	5	59471593	59514626	placeholder
13	8587675	8610232	10	14353545	14374799	placeholder
12	17023730	17081666	12	3567302	3612056	placeholder
3	70137077	70155399	3	76222491	76242631	placeholder
4	92341892	92353509	4	43477939	43494398	placeholder
6	10913750	10940124	6	10010965	10029679	placeholder
13	14750270	14772578	10	20753462	20777090	placeholder
1	187386399	187414397	1	138859295	138884657	placeholder
1	82853155	82880989	1	234598465	234628026	placeholder
1	280656639	280765480	1	49630980	49776620	placeholder
7	10650204	10670668	7	11050609	11065255	placeholder
15	8484689	8498860	13	9397221	9412567	placeholder
2	157533851	157547077	2	105109501	105132363	placeholder
15	16791579	16885398	13	321141	409571	placeholder
1	267199755	267223821	1	63269168	63291976	placeholder
1	6742690	6744661	1	308523648	308525562	placeholder
19	4485279	4498901	18	8409608	8421728	placeholder
8	40993642	41010012	8	55208022	55224969	placeholder
3	146453069	146478667	3	142617727	142642596	placeholder
3	86007855	86016312	3	92206300	92215425	placeholder
19	7525352	7541629	18	9363490	9369616	placeholder
1	322413830	322431842	1	12833358	12848506	placeholder
16	2818971	2827957	15	15024037	15030897	placeholder
1	114858261	114867187	1	204652863	204660427	placeholder
1	99041624	99057412	1	218756538	218776334	placeholder
7	89769446	89793019	7	65927324	65946126	placeholder
1	147068889	147148267	1	174932872	174998067	placeholder
14	15332763	15341106	14	18846206	18854941	placeholder
15	4681819	4736864	13	13674409	13741547	placeholder
13	12620550	12636546	10	18446087	18460276	placeholder
6	25575903	25609549	6	24160401	24194323	placeholder
17	4305069	4319996	16	10865668	10875832	placeholder
1	189031107	189033051	1	137343917	137345861	placeholder
12	139269	143657	12	22625948	22630049	placeholder
1	205604055	205641011	1	122585124	122636412	placeholder
12	9934418	9994213	12	10695569	10738528	placeholder
1	215016454	215044251	1	113618628	113652058	placeholder
6	5498541	5523888	6	5542370	5558057	placeholder
16	2085637	2140164	15	15707434	15756861	placeholder
16	12123123	12128197	15	1402303	1407580	placeholder
15	3586863	3602538	13	15319105	15341575	placeholder
3	35895379	35907861	3	39002471	39006640	placeholder
1	339876493	339901042	1	1031931	1053329	placeholder
3	173972661	173986473	3	171779874	171790844	placeholder
3	200347600	200378899	3	197250010	197266425	placeholder
2	156761734	156804323	2	105866945	105905916	placeholder
1	316979802	317003236	1	17770522	17789675	placeholder
12	8371088	8384512	12	12398123	12413972	placeholder
14	3584079	3589731	14	4902581	4909055	placeholder
1	83968339	84026997	1	233590584	233655757	placeholder
1	187427525	187508310	1	138748350	138845002	placeholder
17	1769547	1825787	16	1918778	1932435	placeholder
7	36135064	36154646	7	35187240	35204834	placeholder
6	41046556	41070802	6	40824809	40853840	placeholder
1	153564488	153566495	1	168766902	168768906	placeholder
15	615328	634618	13	19754120	19791185	placeholder
7	89189125	89217896	7	66568528	66598946	placeholder
1	73092780	73125118	1	244044136	244084104	placeholder
6	25657645	25696495	6	24248894	24300927	placeholder
7	25899762	25915322	7	25508878	25528748	placeholder
3	107122323	107132137	3	107533452	107545505	placeholder
3	119368106	119385867	3	114893547	114913624	placeholder
1	239834566	239859774	1	89943046	89958189	placeholder
14	4962005	4976400	14	6731798	6745002	placeholder
1	66066018	66096837	1	250879971	250905147	placeholder
3	47313647	47326889	3	51626154	51646710	placeholder
1	204912027	204949717	1	123171856	123215907	placeholder
6	56069654	56126986	6	56425432	56501789	placeholder
1	277813024	277830382	1	52565239	52581653	placeholder
13	7545770	7557490	10	13104548	13119631	placeholder
15	15599732	15605616	13	1955577	1964159	placeholder
3	50629654	50645262	3	55690915	55713077	placeholder
16	1144925	1162051	15	16690280	16701971	placeholder
2	190653840	190678006	2	72835526	72856368	placeholder
15	8265911	8276334	13	9619118	9632193	placeholder
14	389153	401353	14	430550	446148	placeholder
2	177571989	177580763	2	85700813	85708822	placeholder
2	11280998	11299131	2	231949267	231963542	placeholder
3	23426112	23438338	3	25274616	25285590	placeholder
1	50515460	50520954	1	266821763	266827606	placeholder
6	38731727	38785467	6	38539982	38577851	placeholder
13	3651811	3664641	10	7758175	7774716	placeholder
14	6541196	6563813	14	8605439	8629978	placeholder
6	93625338	93627003	6	84559371	84561103	placeholder
5	18082782	18085040	5	93451425	93454657	placeholder
2	205376374	205394974	2	58751037	58760233	placeholder
6	31816202	31818119	6	31059581	31061486	placeholder
2	133676320	133800936	2	122850392	122969844	placeholder
1	77310533	77312441	1	239877568	239879476	placeholder
11	22499388	22508049	9	7031024	7040829	placeholder
1	215075059	215087155	1	113561115	113571981	placeholder
1	40294343	40313049	1	277442826	277463169	placeholder
1	159783942	159787447	1	162833687	162837293	placeholder
12	740925	747660	12	21886542	21892922	placeholder
1	27942839	27958970	1	289742924	289759693	placeholder
2	195352896	195388075	2	68253986	68291176	placeholder
8	55041225	55058536	8	71209896	71227776	placeholder
16	2187264	2211752	15	15632141	15664072	placeholder
1	111410788	111438357	1	207799520	207810846	placeholder
5	26156373	26169504	5	85284796	85301712	placeholder
1	66651694	66666731	1	250349164	250361359	placeholder
4	50490751	50522083	4	75352353	75394762	placeholder
6	45310155	45329743	6	45304824	45343178	placeholder
1	55710135	55757126	1	261483628	261524109	placeholder
2	28663235	28689030	2	204721812	204755363	placeholder
16	7960094	7976163	15	7544633	7561100	placeholder
1	319234287	319260116	1	15641425	15667908	placeholder
6	86009206	86027263	6	72638334	72649986	placeholder
8	43238262	43259373	8	53249000	53271407	placeholder
1	227713155	227727986	1	101533346	101550550	placeholder
2	152511667	152550859	2	109889367	109940061	placeholder
6	93919580	93928190	6	84287005	84294967	placeholder
1	336396964	336429115	1	3402323	3430808	placeholder
3	164297061	164320082	3	161324586	161350457	placeholder
6	32863814	32865629	6	32162110	32163925	placeholder
8	21804074	21833125	8	21575718	21611412	placeholder
1	254653653	254681658	1	75733467	75764786	placeholder
8	69758963	69798107	8	59293472	59324026	placeholder
4	2616169	2636530	4	116981356	116994055	placeholder
2	217368933	217412554	2	46849150	46901954	placeholder
1	259637474	259655383	1	70690127	70707896	placeholder
11	20693908	20700021	9	8930332	8936671	placeholder
15	9032792	9065306	13	8798290	8831071	placeholder
7	33058257	33081253	7	32395873	32415339	placeholder
1	181514667	181528618	1	143866240	143878854	placeholder
8	19207512	19253844	8	18868896	18924663	placeholder
3	131049597	131073748	3	126597917	126621848	placeholder
11	7692819	7694370	9	21906314	21907865	placeholder
4	9153652	9171600	4	110793412	110806850	placeholder
2	21138398	21189555	2	212553179	212619560	placeholder
1	236791516	236832009	1	92982336	93023634	placeholder
5	119346617	119401107	5	8977967	9011082	placeholder
4	86378	92021	4	118511783	118516768	placeholder
1	104159522	104231367	1	213836742	213849800	placeholder
3	17301378	17316037	3	18835508	18852815	placeholder
3	114923396	114930964	3	110647038	110655559	placeholder
2	212895695	212912720	2	51305935	51325418	placeholder
3	194934037	195003133	3	192184672	192245817	placeholder
2	191642585	191683670	2	71971230	72004605	placeholder
19	2885873	2898232	18	7105813	7117454	placeholder
1	179015947	179051668	1	145835495	145865926	placeholder
3	123198904	123223578	3	118660071	118686260	placeholder
3	64614252	64643193	3	70562277	70595679	placeholder
6	51598703	51624092	6	51858851	51888782	placeholder
3	168967006	168991231	3	166427042	166451934	placeholder
1	8854688	8898018	1	306681739	306713619	placeholder
5	56080699	56114605	5	54717858	54739955	placeholder
1	41746528	41777448	1	275915097	275940469	placeholder
3	159153667	159216358	3	156043403	156102547	placeholder
11	20578512	20581864	9	9066583	9070117	placeholder
14	4834247	4851514	14	6584579	6600651	placeholder
3	63662055	63739870	3	69562034	69654303	placeholder
5	30255138	30298051	5	81180006	81228209	placeholder
2	220680735	220705365	2	43947064	43974487	placeholder
1	119023463	119043568	1	200805700	200827179	placeholder
2	217116870	217164118	2	47099084	47147169	placeholder
17	8626861	8630354	16	6520650	6524288	placeholder
7	90675268	90700028	7	64902152	64921309	placeholder
6	219349	236098	6	521048	583404	placeholder
5	20753608	20780597	5	90882777	90923720	placeholder
1	35823694	35902139	1	281916035	282017809	placeholder
3	92220291	92452865	3	97822260	97892964	placeholder
1	68963381	68977297	1	248170158	248181422	placeholder
1	229377961	229408027	1	99860324	99896071	placeholder
4	5243910	5257733	4	114145369	114158889	placeholder
11	15402863	15414290	9	14216892	14228356	placeholder
14	6511294	6523354	14	8567912	8580924	placeholder
1	126052168	126067625	1	194053061	194072502	placeholder
2	156468600	156484408	2	106078419	106095729	placeholder
16	11012189	11019694	15	13784349	13813375	placeholder
3	27369474	27376557	3	29623130	29631344	placeholder
3	157822405	157838351	3	154595256	154619037	placeholder
1	184067595	184150763	1	141795936	141876857	placeholder
13	15839662	15845438	10	21960392	21965597	placeholder
6	18412489	18423650	6	16851650	16861017	placeholder
8	76328783	76346073	8	60586798	60612164	placeholder
6	56036037	56063656	6	56387906	56419785	placeholder
11	8485569	8511649	9	20978076	20999441	placeholder
4	58149573	58193921	4	68356289	68385409	placeholder
1	165595561	165612962	1	157348694	157381560	placeholder
3	160649964	160682193	3	157449459	157472082	placeholder
6	58221307	58246547	6	58450269	58482652	placeholder
1	73260286	73290399	1	243850555	243879763	placeholder
1	233605389	233628171	1	96001245	96022710	placeholder
15	14336425	14338267	13	3629251	3631093	placeholder
11	10562621	10567401	9	18964001	18967355	placeholder
5	34099014	34147642	5	77166894	77273853	placeholder
1	340309939	340331299	1	649769	680441	placeholder
8	25493162	25516035	8	25210880	25241791	placeholder
2	214825719	214836982	2	49417068	49427738	placeholder
3	175624518	175653282	3	173572237	173595598	placeholder
3	155741986	155766935	3	152417009	152447714	placeholder
16	11838015	11843820	15	1770025	1778803	placeholder
6	44444388	44463329	6	44397525	44416423	placeholder
4	24403869	24426836	4	96105786	96122873	placeholder
4	73907481	73935381	4	57096992	57114372	placeholder
2	179470086	179498426	2	83887882	83918533	placeholder
6	38421591	38427460	6	38197407	38208311	placeholder
11	20216916	20229271	9	9467885	9518973	placeholder
15	13299243	13312449	13	4560280	4571176	placeholder
2	21669356	21685370	2	212043006	212057354	placeholder
2	68278635	68285811	2	163493862	163499851	placeholder
1	287210371	287231053	1	42845905	42867787	placeholder
2	147672991	147723432	2	114005276	114058749	placeholder
19	7319111	7344918	18	9470394	9510448	placeholder
14	7067819	7069625	14	9226167	9227975	placeholder
1	72170070	72192852	1	245042764	245066066	placeholder
3	25652516	25685149	3	27716802	27751063	placeholder
3	95039472	95109661	3	99066483	99078612	placeholder
14	9437963	9462171	14	11843314	11864427	placeholder
10	627084	637812	11	24017348	24026867	placeholder
1	314335973	314346419	1	20356577	20370045	placeholder
1	13323015	13350861	1	302927095	302948638	placeholder
3	123636865	123666471	3	119090632	119116325	placeholder
8	35463358	35492728	8	30522890	30539016	placeholder
15	11793579	11806467	13	6055256	6069222	placeholder
5	16437473	16447415	5	94987489	94996368	placeholder
5	79507345	79539153	5	37215955	37240917	placeholder
4	9552705	9576166	4	110448248	110464653	placeholder
3	119151451	119208276	3	114636565	114713269	placeholder
2	212855477	212864660	2	51367544	51384718	placeholder
1	149168312	149180477	1	173006739	173016015	placeholder
1	250242810	250251958	1	79876146	79887541	placeholder
1	317241862	317255699	1	17515761	17531383	placeholder
3	184909490	184954954	3	182718659	182764405	placeholder
3	141125752	141228375	3	136899676	136951838	placeholder
1	194063525	194082722	1	132505293	132522504	placeholder
3	179579713	179621224	3	177509034	177555784	placeholder
1	265781759	265815390	1	64667453	64702122	placeholder
1	195064456	195097211	1	131639787	131668273	placeholder
5	64873578	64887517	5	46112773	46125289	placeholder
13	3231649	3240306	10	7167532	7175347	placeholder
1	335179739	335207323	1	5135507	5144870	placeholder
6	53388279	53601497	6	53726842	53935231	placeholder
2	61550665	61573377	2	170426345	170450123	placeholder
12	3471024	3487830	12	18088841	18106720	placeholder
1	42227314	42252118	1	275343992	275373939	placeholder
12	13108326	13132001	12	7399017	7421565	placeholder
3	144660198	144687093	3	140680336	140715789	placeholder
2	1810342	1824508	2	222828230	222842250	placeholder
1	11485536	11497538	1	304498384	304509032	placeholder
2	189731869	189751404	2	73794547	73813982	placeholder
1	122925250	122944613	1	197046593	197062080	placeholder
8	38335773	38340948	8	27622798	27630438	placeholder
16	9644456	9655587	15	10681633	10703864	placeholder
3	100078431	100116554	3	101361006	101392399	placeholder
17	261493	276175	16	1057575	1078257	placeholder
2	234423899	234435922	2	30954219	30964718	placeholder
16	11784848	11792140	15	1852818	1862772	placeholder
6	67288079	67311123	9	22783279	22821400	placeholder
3	131113922	131145715	3	126668663	126716293	placeholder
2	147348718	147364328	2	114251386	114268953	placeholder
1	336132016	336161346	1	3211717	3233595	placeholder
1	113199	118670	1	310421514	310429459	placeholder
6	38828008	38850928	6	38669181	38700003	placeholder
3	32622240	32628257	3	35265377	35276457	placeholder
6	20407055	20437691	6	18876363	18917124	placeholder
19	3008338	3018296	18	6984424	6995242	placeholder
1	271836579	271838373	1	58790989	58792783	placeholder
3	107039223	107054104	3	107447651	107463784	placeholder
4	20613571	20655223	4	101040045	101081275	placeholder
1	1949424	1972083	1	312176995	312193362	placeholder
7	33913366	33937095	7	33142924	33162211	placeholder
8	28954937	28974395	8	36810900	36833632	placeholder
5	3998839	4081979	5	106667252	106739829	placeholder
4	44439047	44451214	4	80965798	80975262	placeholder
17	11015219	11025585	16	12469410	12481365	placeholder
1	301552530	301565588	1	27543183	27559421	placeholder
2	67036979	67070254	2	164759512	164796791	placeholder
3	140120971	140156402	3	135799273	135829413	placeholder
14	8419143	8449534	14	10728208	10752334	placeholder
17	10696587	10701778	16	12116514	12122199	placeholder
3	45504036	45525355	3	49822816	49845527	placeholder
5	74541862	74668493	5	40345360	40426092	placeholder
3	169040500	169063314	3	166504726	166523883	placeholder
2	133234377	133264465	2	122466809	122495536	placeholder
1	251660397	251675799	1	78449376	78461036	placeholder
2	30004920	30043650	2	203295815	203359818	placeholder
2	152161450	152178871	2	110288734	110303481	placeholder
6	55934118	55962245	6	56290815	56318084	placeholder
10	11464076	11511550	11	12120879	12150808	placeholder
3	62066597	62098907	3	67755825	67801881	placeholder
3	186248096	186254310	3	184123124	184132779	placeholder
6	85459466	85469273	6	72138726	72149431	placeholder
12	16542351	16547035	12	4042358	4046413	placeholder
1	129332858	129716183	1	190687656	191063968	placeholder
14	10156425	10167203	14	12500790	12514579	placeholder
13	7897418	7899366	10	13492297	13494783	placeholder
1	273423470	273432459	1	57007074	57016443	placeholder
2	133043230	133084339	2	122301623	122337614	placeholder
2	214943016	214952176	2	49299935	49312013	placeholder
8	30861702	30897105	8	34794332	34821774	placeholder
1	260861429	260884234	1	69430995	69466291	placeholder
2	198855826	198877724	2	65173443	65196545	placeholder
1	94572924	94592623	1	223187211	223203258	placeholder
13	12483339	12500266	10	18318311	18332885	placeholder
7	71840461	71853070	7	57619076	57631725	placeholder
8	75223828	75240148	8	62035802	62054405	placeholder
8	70317262	70337824	8	66983254	66995869	placeholder
17	10882680	10885901	16	12283377	12288153	placeholder
3	197297025	197349323	3	194478489	194532409	placeholder
1	17531440	17542199	1	299341292	299352980	placeholder
12	982787	994294	12	21536549	21548391	placeholder
1	116556674	116569222	1	203130352	203143900	placeholder
19	3889509	3902841	18	7746690	7761565	placeholder
1	267883849	267890766	1	62632769	62641045	placeholder
15	5126166	5127933	13	13204389	13206156	placeholder
13	18047069	18053331	10	24574672	24581752	placeholder
11	19495646	19524242	9	10192356	10220055	placeholder
2	32321588	32323355	2	200923395	200925162	placeholder
17	10131528	10138826	16	3096801	3116537	placeholder
1	195499238	195503521	1	131282412	131287153	placeholder
13	16975555	16985609	10	23320896	23335431	placeholder
5	35241311	35257611	5	76005926	76034409	placeholder
6	62415695	62522939	6	62583228	62691480	placeholder
1	173068176	173109692	1	150211182	150241606	placeholder
14	992487	1001882	14	1287862	1301582	placeholder
1	6055681	6086855	1	309033159	309062426	placeholder
6	26996007	27013964	6	25708407	25727341	placeholder
3	20409143	20441020	3	22049513	22078637	placeholder
6	80858695	80885112	6	68517250	68533077	placeholder
1	142507090	142642933	1	178900313	178994705	placeholder
8	7702023	7753255	8	8460021	8499890	placeholder
1	334753133	334818459	1	7082007	7118066	placeholder
3	201629447	201739908	3	198359225	198439709	placeholder
2	25954031	25961169	2	207672283	207678907	placeholder
1	284098536	284122410	1	46116732	46150229	placeholder
3	137969465	138060651	3	133599091	133710587	placeholder
1	64006165	64025695	1	253100006	253123664	placeholder
5	65998036	65999788	5	45239097	45240843	placeholder
13	17690890	17725094	10	24217621	24262008	placeholder
15	14796425	14821547	13	3013085	3042113	placeholder
3	188734513	188754497	3	186455401	186478152	placeholder
1	75641562	75657505	1	241471018	241486876	placeholder
5	22067757	22090552	5	89460362	89483227	placeholder
8	29462365	29486035	8	36286907	36309773	placeholder
1	23678791	23706015	1	293999399	294028423	placeholder
3	147164245	147177339	3	143435244	143447744	placeholder
6	52344711	52364582	6	52637030	52669733	placeholder
2	168092553	168108271	2	94821996	94835525	placeholder
3	50573972	50600844	3	55625679	55664797	placeholder
7	13003250	13052407	7	13309309	13362322	placeholder
7	47664049	47684437	7	44868784	44881323	placeholder
1	108428	110252	1	310416773	310418588	placeholder
1	312096940	312125730	1	22594526	22617063	placeholder
16	10814396	10822355	15	13221937	13246954	placeholder
8	48091017	48117555	8	49144909	49166246	placeholder
4	73619236	73705552	4	57199886	57238480	placeholder
6	86301607	86402555	6	72907864	73009742	placeholder
6	18341279	18378763	6	16812616	16825949	placeholder
6	42351421	42365591	6	42297062	42308253	placeholder
1	244878381	244896471	1	85201808	85218098	placeholder
14	1491669	1497561	14	2002198	2015001	placeholder
3	14457778	14470832	3	16311636	16320688	placeholder
3	142364452	142376090	3	138157293	138174990	placeholder
2	212498068	212523024	2	51719902	51742850	placeholder
2	177137148	177149805	2	86166532	86179068	placeholder
16	11768037	11774111	15	1873773	1882333	placeholder
4	20240117	20257089	4	101409525	101423293	placeholder
4	50744472	50746206	4	75142110	75143844	placeholder
3	134725636	134739849	3	130195008	130217409	placeholder
4	98973992	99045246	4	37650101	37697912	placeholder
5	81606318	81689224	5	36523973	36560874	placeholder
14	15884627	15895783	14	19411711	19419746	placeholder
17	8564620	8577562	16	6441976	6465452	placeholder
5	94021260	94048685	5	27641789	27671394	placeholder
8	24737535	24752363	8	24478849	24501080	placeholder
2	61253659	61255342	2	170821508	170823203	placeholder
17	10390491	10396167	16	2601413	2617589	placeholder
1	86777462	86796300	1	230951597	230971383	placeholder
5	91102570	91128332	5	30322395	30342985	placeholder
7	80176112	80196066	7	75517037	75529059	placeholder
2	152842661	152859025	2	109586949	109594880	placeholder
1	70919357	70979978	1	246243887	246314487	placeholder
3	115307260	115335352	3	111076987	111106121	placeholder
13	13475904	13553844	10	19356668	19437113	placeholder
5	9547918	9596543	5	101425557	101476983	placeholder
2	216844410	217005297	2	47240875	47440737	placeholder
13	1928773	1947336	10	4066152	4093923	placeholder
3	115230212	115243642	3	110983513	110996546	placeholder
7	23119574	23149674	7	22967866	23002144	placeholder
16	7868196	7869906	15	7418633	7420355	placeholder
3	140078906	140103855	3	135760174	135785471	placeholder
5	68174538	68271797	5	43590148	43645793	placeholder
3	171522617	171540388	3	169101174	169120555	placeholder
2	212535270	212568319	2	51670925	51705884	placeholder
3	165866680	165875687	3	162964351	162975657	placeholder
2	190883362	190891257	2	72622462	72628714	placeholder
2	206281362	206296011	2	57839986	57855837	placeholder
13	3838939	3859343	10	8151250	8186676	placeholder
6	10258474	10292530	6	9481054	9503741	placeholder
11	6901554	6944970	9	22783279	22831481	placeholder
1	190801953	190812705	1	135706746	135716205	placeholder
8	37738626	37750539	8	28235443	28250258	placeholder
16	7518755	7535132	15	6995049	7007157	placeholder
8	25249079	25263785	8	24970453	24999897	placeholder
6	48555080	48676754	6	48730955	48873818	placeholder
3	177870010	177894900	3	175824769	175853601	placeholder
1	319426974	319443584	1	15454750	15474809	placeholder
3	175702374	175768378	3	173658609	173719048	placeholder
12	8211060	8225087	12	12574042	12590624	placeholder
1	20896966	20904052	1	296605023	296615952	placeholder
8	75837281	75866453	8	61335393	61358037	placeholder
6	93933343	93940987	6	84274147	84279404	placeholder
3	89052558	89113961	3	95283544	95348358	placeholder
4	7745120	7755079	4	111953557	111965083	placeholder
6	33123045	33156662	6	32437823	32476932	placeholder
3	170278818	170306682	3	167869555	167895954	placeholder
1	247177383	247199231	1	82882157	82892305	placeholder
19	5970695	5977401	18	10495743	10500830	placeholder
15	13757791	13763621	13	4236967	4244337	placeholder
11	13127830	13135807	9	16474469	16484268	placeholder
1	51212066	51238331	1	266223659	266253814	placeholder
2	51195843	51235086	2	180914808	180941447	placeholder
5	32497015	32509560	5	78898881	78907588	placeholder
11	20561910	20576841	9	9073715	9089098	placeholder
3	159756320	159761710	3	156646930	156654629	placeholder
14	3096014	3115083	14	4270466	4293956	placeholder
1	28093433	28098926	1	289570768	289577970	placeholder
3	13857990	13886416	3	15771280	15789680	placeholder
1	55664479	55681342	1	261566731	261588478	placeholder
7	33574648	33606763	7	32834380	32858420	placeholder
1	259707479	259732881	1	70608577	70636945	placeholder
8	8015552	8033904	8	8688095	8707637	placeholder
1	34175503	34207769	1	283514330	283538965	placeholder
1	116879232	116905917	1	202770096	202795889	placeholder
16	12318399	12328534	15	1115537	1128018	placeholder
1	340024789	340030876	1	945470	950310	placeholder
3	2801656	2826662	3	3189872	3203965	placeholder
7	85859042	85874646	7	70732881	70749195	placeholder
1	45900	70338	1	310347572	310365740	placeholder
16	1331938	1363363	15	16520608	16534292	placeholder
2	28625774	28641421	2	204787346	204805170	placeholder
16	11443845	11449189	15	2254978	2261472	placeholder
7	23492757	23522678	7	23316169	23344832	placeholder
13	740114	741857	10	513574	515322	placeholder
15	14766585	14776516	13	3063514	3076710	placeholder
15	11175533	11205848	13	6660390	6698918	placeholder
17	8082730	8092146	16	5759364	5771755	placeholder
3	124083269	124102498	3	119551910	119571718	placeholder
8	77201254	77224642	8	67689828	67746390	placeholder
1	195986243	196071918	1	130716327	130804935	placeholder
1	259218322	259261335	1	71047780	71080926	placeholder
1	8277153	8317455	1	307175476	307200389	placeholder
16	6881592	6891441	15	6148251	6156195	placeholder
12	777109	785002	12	21842400	21850436	placeholder
15	13201806	13239611	13	4631294	4659406	placeholder
3	89784691	89801397	3	95980359	96001613	placeholder
4	31615429	31627733	4	92217001	92232063	placeholder
1	150153694	150175936	1	172086931	172104819	placeholder
4	89314525	89327299	4	46027071	46045601	placeholder
2	206172754	206202470	2	57935210	57965944	placeholder
1	277591492	277606952	1	52797544	52808283	placeholder
2	133967763	133991502	2	123132936	123157340	placeholder
1	16762580	16788990	1	299970736	299994002	placeholder
2	135044506	135089976	2	124156183	124191365	placeholder
6	60845603	60863166	6	61047734	61064116	placeholder
7	31876739	31907054	7	31226814	31254414	placeholder
2	165129374	165148329	2	97587960	97616960	placeholder
11	6187196	6237257	9	23555170	23563472	placeholder
1	73193739	73210337	1	243938606	243959661	placeholder
5	61898419	61937877	5	48675137	48704886	placeholder
4	86341768	86362690	4	51900317	51918355	placeholder
2	61430968	61480765	2	170543310	170602209	placeholder
15	1288276	1293872	13	21801029	21814685	placeholder
1	292677507	292684846	1	37023766	37037556	placeholder
1	4383886	4396165	1	310007574	310015408	placeholder
7	2508999	2527777	7	3354170	3374781	placeholder
8	20888170	20897417	8	20617427	20627081	placeholder
15	6178649	6187689	13	11927499	11941594	placeholder
1	94502716	94536856	1	223237721	223266192	placeholder
10	11045210	11056578	11	12475920	12485837	placeholder
6	31537668	31569830	6	30762404	30798523	placeholder
14	8109539	8118866	14	10406315	10417387	placeholder
1	293364573	293384390	1	36270079	36288963	placeholder
6	91655350	91657958	6	86561469	86580319	placeholder
5	51669894	51691318	5	58874341	58890154	placeholder
5	84167307	84328048	5	35201768	35266627	placeholder
8	60406268	60414289	8	42158614	42166460	placeholder
1	37568	42424	1	310339098	310342098	placeholder
7	19961185	19983299	7	19746993	19765306	placeholder
6	38178162	38190372	6	37995547	38018251	placeholder
19	443921	509425	18	737323	741430	placeholder
2	41528097	41540924	2	191453434	191468348	placeholder
2	199061766	199071091	2	64969784	64978945	placeholder
1	265703753	265740803	1	64737715	64772421	placeholder
2	203684905	203686573	2	60435135	60436803	placeholder
18	418464	425968	17	478242	487341	placeholder
8	20783779	20798247	8	20519702	20535357	placeholder
3	178648784	178662058	3	176461864	176473717	placeholder
11	2204763	2217296	9	564400	580945	placeholder
1	215154216	215247936	1	113442847	113515963	placeholder
3	37272072	37347501	3	40500866	40596767	placeholder
2	73875944	73903463	2	157919220	157946632	placeholder
3	194413321	194422436	3	191737037	191746669	placeholder
7	47826812	47842732	7	44972735	44983415	placeholder
1	149268449	149276773	1	172908427	172916791	placeholder
6	49197784	49199431	6	49414463	49416110	placeholder
2	154816321	154821743	2	107735013	107741108	placeholder
2	152049744	152138674	2	110363841	110413631	placeholder
2	217347122	217348760	2	46918291	46919929	placeholder
7	48577911	48579504	7	45395545	45397144	placeholder
1	285510326	285672795	1	44504520	44658272	placeholder
2	40877522	40895184	2	192147357	192167758	placeholder
1	72262731	72286442	1	244949986	244979841	placeholder
16	2736803	2772751	15	15082032	15128849	placeholder
2	16065664	16087186	2	217725748	217750992	placeholder
1	81679581	81707178	1	235779106	235804864	placeholder
1	337944991	337975105	1	2748515	2777294	placeholder
4	71430569	71496111	4	58036148	58083602	placeholder
16	11911553	11924553	15	1680575	1690641	placeholder
7	26602347	26612505	7	26153743	26170099	placeholder
3	160695819	160706308	3	157483602	157493565	placeholder
6	84258148	84297751	6	69847889	69881310	placeholder
6	81129328	81164238	6	68634293	68660234	placeholder
1	262068372	262091396	1	68363655	68393769	placeholder
3	48174822	48176499	3	52837828	52839511	placeholder
2	18236430	18259940	2	215436854	215463219	placeholder
17	7071690	7078733	16	8153937	8161467	placeholder
3	68247674	68267179	3	74886949	74903133	placeholder
1	98903455	98929935	1	218902643	218925762	placeholder
7	55816197	55840577	7	48809697	48826092	placeholder
2	232700706	232710029	2	32461020	32472136	placeholder
3	179652495	179658131	3	177594069	177600063	placeholder
7	25928515	25947720	7	25541100	25559725	placeholder
3	99034228	99171484	3	100576815	100695672	placeholder
3	139954718	140055148	3	135622369	135740596	placeholder
14	9769511	9801962	14	12177940	12202522	placeholder
7	15321228	15359438	7	15522546	15563826	placeholder
6	71057720	71074858	9	24780973	24795571	placeholder
1	48653011	48665925	1	268919742	268937793	placeholder
1	79341420	79351108	1	238039086	238049249	placeholder
3	91219638	91235950	3	97046259	97057617	placeholder
10	16577847	16587472	11	9367290	9377463	placeholder
6	30678227	30706391	6	29712534	29738901	placeholder
2	167987471	167989085	2	94945313	94946936	placeholder
7	47274316	47302423	7	44635625	44670320	placeholder
1	239375047	239391788	1	90425628	90435917	placeholder
5	10859323	10933178	5	100187680	100250839	placeholder
1	226302809	226316478	1	102783686	102796682	placeholder
5	13251398	13267060	5	98056032	98068393	placeholder
5	36490524	36516237	5	74785380	74802752	placeholder
1	127319799	127333454	1	192864531	192880227	placeholder
7	28444222	28449256	7	27851888	27856976	placeholder
1	159689026	159695829	1	162907598	162915739	placeholder
16	12457578	12466576	15	920885	930259	placeholder
8	57632596	57785238	8	59983448	60083372	placeholder
7	27086594	27108372	7	26617883	26637736	placeholder
4	21532010	21574661	4	100158933	100195688	placeholder
1	302229078	302248388	1	26812639	26833789	placeholder
8	60316742	60344586	8	42058190	42075090	placeholder
1	72606591	72608040	1	244629223	244630669	placeholder
3	202721066	202725806	3	199053645	199058626	placeholder
5	30438361	30448413	5	81067677	81081930	placeholder
1	227748285	227771504	1	101492255	101514040	placeholder
8	64570186	64589052	8	40729459	40747095	placeholder
11	20339119	20346335	9	9347218	9354521	placeholder
2	243048515	243144239	2	23373693	23441967	placeholder
6	95917166	95937150	6	81893758	81911481	placeholder
4	80687972	80697360	4	52322600	52373949	placeholder
5	68331092	68340767	5	43548471	43557800	placeholder
1	32921016	32988014	1	284744883	284815499	placeholder
4	86638654	86679636	4	52151645	52177740	placeholder
1	107608999	107633048	1	210598038	210622071	placeholder
14	5761021	5773640	14	7650185	7664852	placeholder
11	20651509	20657958	9	8980804	8987765	placeholder
1	339430157	339434718	1	1358401	1361888	placeholder
3	123162573	123195126	3	118625978	118656629	placeholder
1	176709540	176748026	1	147587146	147609665	placeholder
17	9868357	9883571	16	3934918	3969123	placeholder
19	6994265	7003631	18	9689482	9699150	placeholder
2	54762332	54763892	2	177365097	177366657	placeholder
2	103303772	103329908	2	153592312	153630237	placeholder
7	41677704	41709687	7	40343910	40373862	placeholder
13	7579502	7581110	10	13151090	13152697	placeholder
7	72004564	72037875	7	57741033	57768997	placeholder
5	51596381	51626215	5	58935153	58940961	placeholder
17	8296076	8302327	16	6043534	6055409	placeholder
3	83288874	83314405	3	89352052	89370734	placeholder
1	267659791	267693894	1	62784204	62854466	placeholder
1	18622917	18639867	1	298443724	298458418	placeholder
1	226640267	226677700	1	102408972	102444590	placeholder
8	17218546	17235424	8	16859406	16881595	placeholder
14	1082173	1087103	14	1410464	1423674	placeholder
2	33942814	33964610	2	199303293	199322978	placeholder
8	4553653	4575723	8	5003899	5028147	placeholder
2	72682165	72697596	2	159027525	159047898	placeholder
3	25932833	25934441	3	28017305	28018913	placeholder
2	232797021	232820599	2	32356394	32376171	placeholder
2	33627711	33655058	2	199561747	199593048	placeholder
13	721452	729247	10	533682	547007	placeholder
1	124021603	124180242	1	195883033	196035663	placeholder
3	150895092	150914611	3	147213211	147231804	placeholder
4	134295215	134306179	4	27988280	28001204	placeholder
3	54076244	54077843	3	59474625	59476230	placeholder
1	316970512	316976229	1	17793005	17798455	placeholder
1	194607517	194609062	1	132084652	132086197	placeholder
4	8990078	9120186	4	110832698	110924418	placeholder
2	189683490	189700644	2	73845237	73852341	placeholder
3	197448638	197459666	3	194629264	194646823	placeholder
2	159714299	159745125	2	102935884	102957222	placeholder
4	49086020	49114837	4	76633846	76664156	placeholder
7	71865780	71874592	7	57642652	57650700	placeholder
1	241868124	241917533	1	87947656	87994126	placeholder
1	319333087	319345305	1	15560167	15569710	placeholder
3	179882707	179951014	3	177783133	177863313	placeholder
3	55025967	55108733	3	60499236	60615481	placeholder
1	321099250	321118180	1	14063529	14080188	placeholder
14	15931527	15967050	14	19482159	19510060	placeholder
3	197822092	197846713	3	194905406	194925981	placeholder
7	8073025	8269598	7	8637676	8804796	placeholder
1	165819870	165852109	1	157099239	157123239	placeholder
5	90604962	90628104	5	30758859	30780364	placeholder
12	15249096	15277577	12	5293313	5315683	placeholder
2	216332758	216342296	2	47924890	47934648	placeholder
1	298617699	298619280	1	30596119	30597700	placeholder
1	273133711	273135277	1	57390406	57391972	placeholder
15	10937490	10953979	13	6924313	6936475	placeholder
3	139113223	139138606	3	134862853	134895113	placeholder
4	86550225	86571058	4	52076229	52089706	placeholder
3	2461247	2502534	3	3461211	3492738	placeholder
1	68737845	68838220	1	248295288	248384913	placeholder
14	3214759	3223924	14	4427059	4441236	placeholder
1	239107038	239107911	1	90681375	90682248	placeholder
2	201236857	201259151	2	62789814	62816033	placeholder
1	205486740	205491838	1	122723790	122726784	placeholder
3	142387077	142412612	3	138192704	138220914	placeholder
1	61817478	61819065	1	255512072	255513659	placeholder
3	193729741	193740045	3	191068654	191077240	placeholder
8	43191114	43217808	8	53279101	53306948	placeholder
3	87784301	87834256	3	94076594	94118745	placeholder
14	12711570	12740939	14	15186848	15207476	placeholder
16	8767562	8820073	15	9250009	9310127	placeholder
8	78942785	78948350	8	72548388	72563509	placeholder
1	16273906	16293668	1	300436357	300459902	placeholder
1	172151289	172267097	1	150954384	151056311	placeholder
5	31971071	31984719	5	79436872	79448439	placeholder
7	2774262	2788439	7	3607500	3615165	placeholder
10	6266624	6279988	11	16735560	16750516	placeholder
7	151677	157074	7	1884451	1892045	placeholder
5	30887377	30893854	5	80558033	80565290	placeholder
8	77139481	77156963	8	67578546	67605381	placeholder
13	871522	882775	10	221471	252755	placeholder
6	47754782	47803930	6	47899796	47974057	placeholder
1	166482056	166506619	1	156446999	156467638	placeholder
2	142977593	142985896	2	118322429	118329660	placeholder
1	71766528	71784061	1	245465441	245478307	placeholder
3	160081247	160107046	3	156844386	156862410	placeholder
1	79291421	79292969	1	238103155	238104721	placeholder
19	3215735	3228802	18	6733714	6747520	placeholder
1	80709746	80739394	1	236774769	236798612	placeholder
7	24311074	24321048	7	24096461	24108996	placeholder
3	150771840	150773379	3	147017783	147019322	placeholder
3	182008892	182012441	3	179909967	179912863	placeholder
17	10088221	10089790	16	2989675	2991244	placeholder
16	974962	983365	15	16867294	16879558	placeholder
1	169109336	169119330	1	153995222	154005033	placeholder
18	6898519	6910390	17	7565576	7581618	placeholder
19	4292680	4305208	18	8224325	8236657	placeholder
3	49724760	49741234	3	54624437	54638980	placeholder
5	100567962	100584886	5	14708804	14727121	placeholder
7	38205520	38257640	7	37152490	37190478	placeholder
8	5424007	5425573	8	6019239	6020805	placeholder
3	45241696	45259648	3	49495805	49521983	placeholder
3	147779777	147788886	3	144096944	144105492	placeholder
8	135426	146942	8	2155691	2158547	placeholder
5	71306689	71363948	5	41611071	41634047	placeholder
6	87672400	87693766	6	74336189	74355117	placeholder
1	277952427	277959657	1	52437222	52443392	placeholder
7	55511510	55513049	7	48696090	48697628	placeholder
2	207100920	207129103	2	57152118	57179458	placeholder
5	31383763	31390117	5	80123744	80129432	placeholder
19	860473	870747	18	2049719	2090238	placeholder
7	47696276	47705036	7	44894665	44905573	placeholder
1	64466064	64467486	1	252693440	252694862	placeholder
12	4926267	4935241	12	16322818	16334153	placeholder
17	8675425	8747875	16	6599933	6707503	placeholder
1	237549383	237561329	1	92209604	92224693	placeholder
5	2111909	2117300	5	108190472	108197718	placeholder
10	16060814	16095969	11	9784747	9801808	placeholder
2	150264374	150286483	2	111970186	111989796	placeholder
16	13051056	13057693	15	45052	53343	placeholder
2	31887847	31910484	2	201360463	201393560	placeholder
17	8459011	8473763	16	6273060	6291437	placeholder
1	119166064	119278583	1	200597353	200704557	placeholder
2	18536069	18562416	2	215166282	215188585	placeholder
2	202167779	202186931	2	61991820	62022037	placeholder
11	8707370	8714578	9	20792636	20799134	placeholder
6	45612934	45639681	6	45627594	45645291	placeholder
17	2325204	2340190	16	2117207	2127800	placeholder
1	71171336	71178188	1	246046011	246051567	placeholder
15	1811253	1816895	13	18295606	18308243	placeholder
7	23588362	23598818	7	23408984	23420733	placeholder
15	8630718	8643520	13	9241773	9255970	placeholder
12	3242941	3249450	12	18388529	18395848	placeholder
3	115101629	115112113	3	110824203	110851081	placeholder
5	120753678	120767420	5	10283410	10294784	placeholder
2	34015956	34017465	2	199229648	199231151	placeholder
7	89411240	89424430	7	66362344	66372274	placeholder
7	32014190	32033182	7	31371316	31391776	placeholder
4	91651824	91692101	4	44061028	44108104	placeholder
5	59708578	59732606	5	50858125	50874178	placeholder
1	51486100	51496765	1	265963414	265972470	placeholder
4	38587794	38616757	4	86262124	86287059	placeholder
7	30150215	30182450	7	29445852	29474588	placeholder
15	3632915	3648523	13	15253224	15283447	placeholder
3	160034295	160062267	3	156788205	156824449	placeholder
6	30876763	30884462	6	29916584	29925744	placeholder
4	42158200	42160965	4	82971763	82974156	placeholder
1	195806490	195833648	1	130933111	130976176	placeholder
15	11514822	11533016	13	6328562	6349548	placeholder
1	222721174	222747529	1	106315134	106346172	placeholder
1	79363320	79398696	1	237994411	238026900	placeholder
7	14641519	14663790	7	14892056	14912513	placeholder
7	20858796	20874674	7	20654206	20670766	placeholder
13	11214105	11226522	10	17131584	17142159	placeholder
8	59937722	59970903	8	41757685	41783894	placeholder
7	29303649	29318276	7	28660431	28675424	placeholder
15	6860841	6872909	13	11206159	11218603	placeholder
4	82162629	82174093	4	48798767	48802674	placeholder
3	37449686	37457430	3	40714499	40721857	placeholder
1	257780166	257785391	1	72519269	72522609	placeholder
1	164325463	164349710	1	158684260	158723006	placeholder
8	4586426	4623895	8	5045247	5095765	placeholder
5	24399445	24445855	5	87125655	87178650	placeholder
1	697036	701625	1	311022767	311060645	placeholder
2	151348363	151370671	2	111026932	111048097	placeholder
11	4166653	4182874	9	3095243	3112031	placeholder
2	28649538	28658977	2	204769701	204780422	placeholder
3	27388794	27400847	3	29640967	29659859	placeholder
10	724444	732554	11	23825536	23839817	placeholder
16	10531484	10553685	15	12503279	12543679	placeholder
2	151803150	151815999	2	110627730	110641215	placeholder
1	287609974	287647241	1	42351275	42400839	placeholder
1	48783232	48792262	1	268739889	268747395	placeholder
17	7222291	7228291	16	7974124	7981318	placeholder
2	32874584	32889468	2	200382135	200396821	placeholder
3	105997369	106020543	3	106763625	106780863	placeholder
13	2263450	2273981	10	4863282	4893079	placeholder
5	50248537	50256710	5	60314736	60322702	placeholder
8	77091336	77108502	8	67546796	67557948	placeholder
7	89171701	89179230	7	66604542	66611857	placeholder
3	156705184	156713631	3	153426173	153436330	placeholder
13	13885816	13944399	10	19807186	19862190	placeholder
16	12116020	12120316	15	1410204	1415757	placeholder
11	22784574	22788090	9	6721431	6724954	placeholder
1	142244742	142270940	1	179195091	179218583	placeholder
6	57011482	57038377	6	57203692	57238712	placeholder
6	47712568	47731326	6	47858124	47870325	placeholder
3	183220754	183230288	3	181014082	181018455	placeholder
4	21266610	21377503	4	100339246	100432501	placeholder
5	8071273	8097140	5	102699627	102716779	placeholder
4	2540787	2552693	4	117052842	117072897	placeholder
6	91260218	91269523	6	86948266	86958854	placeholder
3	89812469	89823801	3	96005541	96017063	placeholder
17	4678011	4718031	16	10549071	10574415	placeholder
11	22654203	22657848	9	6871127	6874677	placeholder
1	328926418	329054569	1	10593812	10709169	placeholder
3	151178778	151189621	3	147518108	147531054	placeholder
6	30522871	30571649	6	29550345	29582140	placeholder
8	105887	108536	8	2186355	2194967	placeholder
7	71889504	71914799	7	57667275	57680996	placeholder
16	12132631	12140072	15	1385562	1393112	placeholder
17	3990963	3996010	16	11092244	11096927	placeholder
1	269950920	269975039	1	60581430	60603529	placeholder
1	332468806	332470315	1	7466562	7468069	placeholder
7	89083749	89099921	7	66677207	66688591	placeholder
6	48170407	48178833	6	48318260	48327668	placeholder
1	340458136	340520752	1	481576	489113	placeholder
16	12512962	12522549	15	846482	857021	placeholder
3	20279917	20287937	3	21895693	21905515	placeholder
2	205160461	205174902	2	58946968	58961250	placeholder
2	232150544	232200585	2	32905112	32954296	placeholder
3	159049902	159070752	3	155924428	155952944	placeholder
15	1371003	1377120	13	21592103	21598399	placeholder
1	63454650	63486521	1	253705558	253719514	placeholder
3	135266218	135292734	3	130808490	130838254	placeholder
7	24247941	24257883	7	24036852	24047324	placeholder
3	150400716	150405633	3	146587203	146592082	placeholder
7	83915170	83929972	7	72877226	72892159	placeholder
6	42072009	42073506	6	41925716	41927213	placeholder
16	1400303	1415455	15	16471601	16489563	placeholder
7	89573946	89594616	7	66151474	66166048	placeholder
2	164759402	164782340	2	97999530	98019549	placeholder
14	1252701	1273360	14	1661864	1678842	placeholder
6	98746494	98775786	6	77707846	77749797	placeholder
12	3760238	3769202	12	17716802	17725303	placeholder
15	16414047	16423780	13	872113	882815	placeholder
4	5218551	5237267	4	114163515	114179970	placeholder
15	13133094	13145093	13	4711944	4722032	placeholder
4	77812405	77870271	4	55570141	55586935	placeholder
14	9305370	9312390	14	11686866	11695345	placeholder
2	37405185	37428516	2	195848865	195877548	placeholder
7	78874520	78905948	7	63992944	64019330	placeholder
6	22256648	22276496	6	20765801	20795225	placeholder
3	138743001	138838524	3	134460230	134567139	placeholder
1	68582396	68666762	1	248442210	248478356	placeholder
2	222953486	223041392	2	41629290	41729071	placeholder
19	1365254	1369128	18	4288572	4295469	placeholder
5	40639766	40650784	5	70625078	70637200	placeholder
1	293396311	293426262	1	36230732	36245218	placeholder
3	100136495	100145272	3	101417626	101422791	placeholder
8	31123612	31183394	8	34508336	34561319	placeholder
1	192805519	192812611	1	133778517	133792519	placeholder
1	126639066	126660995	1	193542456	193565708	placeholder
3	86281857	86292337	3	92467422	92473969	placeholder
14	2532856	2538054	14	3553619	3560947	placeholder
2	26869853	26896729	2	206708344	206744405	placeholder
3	137082394	137102691	3	132687817	132711607	placeholder
2	221952529	221968214	2	42703922	42718873	placeholder
3	202548014	202557723	3	198885760	198891726	placeholder
1	323919442	323944750	1	11426014	11446248	placeholder
1	293253416	293259122	1	36381205	36387308	placeholder
5	22591640	22607680	5	88936820	88947085	placeholder
1	239720261	239726305	1	90083063	90089858	placeholder
1	184298693	184324289	1	141665417	141683219	placeholder
13	18785390	18834098	10	25425867	25437991	placeholder
4	50101450	50119220	4	75744631	75759895	placeholder
1	261808084	261838754	1	68632123	68658392	placeholder
3	35338549	35453699	3	38383679	38490058	placeholder
1	160200686	160250943	1	162354686	162401721	placeholder
7	20672581	20696256	7	20478977	20504428	placeholder
3	165372891	165386262	3	162397094	162410715	placeholder
3	37981339	37983327	3	41336242	41338240	placeholder
5	86655407	86718129	5	33639085	33675737	placeholder
16	8141946	8173148	15	7791817	7833277	placeholder
13	7930077	7955605	10	13524373	13548202	placeholder
2	198524957	198542509	2	65481649	65498512	placeholder
7	29412199	29413702	7	28759053	28760556	placeholder
2	152215152	152233525	2	110225017	110242200	placeholder
3	169378216	169380777	3	166873719	166876341	placeholder
3	33969893	33989036	3	36765491	36789813	placeholder
14	2463496	2483302	14	3446038	3472484	placeholder
1	101790939	101869848	1	216053087	216128637	placeholder
15	12147592	12154359	13	5740872	5748784	placeholder
2	104625702	104655579	2	152480284	152511066	placeholder
2	154332734	154401100	2	108132889	108198445	placeholder
5	56026694	56040771	5	54773792	54805705	placeholder
1	116634708	116641299	1	203052320	203058240	placeholder
17	9770233	9790928	16	4170278	4208941	placeholder
1	319580289	319617211	1	15299767	15336930	placeholder
17	10714757	10724867	16	12137829	12152909	placeholder
8	26375659	26409279	8	39406092	39452704	placeholder
4	58738276	58834185	4	67804530	67890003	placeholder
19	204192	207331	18	362325	368421	placeholder
19	3197703	3204087	18	6757881	6767666	placeholder
15	11428066	11443359	13	6423082	6435262	placeholder
5	50258174	50269291	5	60302797	60313274	placeholder
15	16664767	16670180	13	582766	590831	placeholder
2	143096696	143125858	2	118179003	118214173	placeholder
17	1102644	1121279	16	17386	36667	placeholder
1	90060946	90069435	1	227617393	227625973	placeholder
2	132837282	132851091	2	122108101	122123917	placeholder
8	64549386	64562309	8	40758592	40771017	placeholder
8	53344889	53366608	8	70517074	70536481	placeholder
1	200747053	200748538	1	126791486	126792971	placeholder
4	13868545	13899774	4	106595300	106626830	placeholder
8	58633111	58639351	8	40930057	40936291	placeholder
2	101870383	101887631	2	154957695	154976246	placeholder
3	79390398	79401857	3	85361227	85373215	placeholder
6	96369695	96390159	6	81388686	81407179	placeholder
5	13974214	13993676	5	97460968	97479214	placeholder
1	269976209	269998441	1	60554477	60580272	placeholder
5	119015218	119049120	5	8712516	8738248	placeholder
4	89644671	89667076	4	45789514	45806049	placeholder
8	74953910	74968567	8	62332199	62344399	placeholder
13	2113558	2119442	10	4473570	4483257	placeholder
7	91420665	91422144	7	80266881	80268363	placeholder
14	3764003	3800173	14	5121779	5172285	placeholder
1	34398002	34526957	1	283277131	283360856	placeholder
4	49998157	50002961	4	75844753	75849918	placeholder
1	100792276	100817853	1	217031496	217060656	placeholder
13	8662509	8680142	10	14446279	14462922	placeholder
3	79778114	79883812	3	85771152	85863221	placeholder
3	195446949	195507308	3	192652620	192687848	placeholder
7	18011785	18047139	7	18064753	18100169	placeholder
2	153813558	153860003	2	108634605	108685303	placeholder
1	48821548	48843822	1	268689658	268714158	placeholder
3	46350278	46374336	3	50745245	50761920	placeholder
12	9055709	9068512	12	11687005	11700608	placeholder
15	13771713	13777324	13	4224176	4228918	placeholder
1	248560000	248561482	1	81497913	81499389	placeholder
16	7991379	7996006	15	7582615	7586235	placeholder
5	17103502	17178725	5	94322301	94374865	placeholder
1	257060310	257071969	1	73232164	73245890	placeholder
2	53437341	53460752	2	178665179	178690111	placeholder
1	62318377	62334374	1	254879931	254904989	placeholder
1	246483574	246505820	1	83627746	83651137	placeholder
6	38391499	38418904	6	38158599	38194244	placeholder
14	430052	433425	14	484832	488856	placeholder
2	155013575	155029526	2	107512306	107522933	placeholder
13	12522593	12539146	10	18356577	18369344	placeholder
3	188199115	188207271	3	185918158	185925706	placeholder
2	241505881	241534330	2	24589034	24617256	placeholder
2	209758424	209768887	2	54445443	54456470	placeholder
15	7778235	7783188	13	10150475	10163868	placeholder
5	121153354	121236202	5	10695860	10782751	placeholder
5	24058736	24088573	5	87494358	87525078	placeholder
3	170644533	170650537	3	168288898	168298294	placeholder
7	16278205	16294815	7	16499843	16514719	placeholder
1	71228506	71239249	1	246001694	246016903	placeholder
1	204805478	204806939	1	123314924	123316385	placeholder
1	126438286	126446742	1	193734552	193742341	placeholder
1	316938971	316945958	1	17822400	17824644	placeholder
2	141418412	141431114	2	119813733	119827067	placeholder
3	28840255	28846237	3	31212972	31223210	placeholder
15	82106	93232	13	19018891	19031287	placeholder
8	39114042	39131753	8	26847840	26863616	placeholder
4	49144334	49224645	4	76529286	76610050	placeholder
8	70047896	70069531	8	67240665	67251219	placeholder
7	39547895	39560614	7	38344446	38356051	placeholder
7	75870213	75901269	7	61199189	61218534	placeholder
2	207490900	207521822	2	56745248	56771219	placeholder
1	250661891	250670886	1	79441927	79451528	placeholder
7	51171047	51218942	7	46441731	46459129	placeholder
4	23327525	23331595	4	95175820	95185241	placeholder
4	91890939	91898909	4	43861348	43870703	placeholder
4	86095253	86125494	4	51703354	51736084	placeholder
3	95528443	95553065	3	99196010	99231410	placeholder
1	335962376	336056818	1	3092593	3165861	placeholder
8	75194258	75203441	8	62082853	62091061	placeholder
10	884452	892627	11	23547823	23559275	placeholder
1	123229624	123264358	1	196737407	196770665	placeholder
7	56209690	56279515	7	48950125	48990594	placeholder
2	152242801	152263541	2	110195193	110217266	placeholder
3	147052100	147058576	3	143318367	143325623	placeholder
7	19872263	19897661	7	19657570	19688657	placeholder
19	2262229	2268611	18	5702081	5709668	placeholder
2	219864289	219898652	2	44722201	44761573	placeholder
1	339949426	340019966	1	953604	963009	placeholder
13	931879	940999	10	47027	62097	placeholder
3	47290376	47311370	3	51602488	51624017	placeholder
7	30343317	30362941	7	29662525	29681646	placeholder
8	68554402	68587821	8	58483414	58517044	placeholder
14	4628631	4650364	14	6324595	6374753	placeholder
6	35016646	35043471	6	34264493	34279621	placeholder
3	200395791	200398180	3	197277057	197279126	placeholder
1	2050889	2073379	1	312241719	312252707	placeholder
14	16444792	16456610	14	16863708	16872813	placeholder
2	140872681	140878862	2	120330077	120336225	placeholder
1	317072497	317080805	1	17677727	17689723	placeholder
5	51837826	51870465	5	58695902	58724761	placeholder
1	4465066	4500055	1	309953436	309975706	placeholder
1	288519760	288548290	1	41326611	41357738	placeholder
8	35769226	35780746	8	30202386	30214681	placeholder
1	199086110	199108625	1	128269451	128305314	placeholder
1	158016596	158020998	1	164582188	164589032	placeholder
13	17561407	17583482	10	24047571	24082062	placeholder
11	22607990	22617887	9	6918193	6931000	placeholder
1	288323475	288341639	1	41561285	41631443	placeholder
1	166878980	166907957	1	156025653	156047423	placeholder
3	83326608	83365746	3	89383970	89420902	placeholder
1	99000343	99015298	1	218803910	218819948	placeholder
1	165944189	165958040	1	156994565	157010784	placeholder
1	130681895	130701394	1	189787654	189805551	placeholder
6	12804291	12809908	6	11843650	11850025	placeholder
4	86379812	86410957	4	51935930	51964279	placeholder
1	146488572	146542087	1	175477029	175522285	placeholder
1	222787557	222807764	1	106206650	106243548	placeholder
1	279215099	279216542	1	51157353	51158796	placeholder
1	128857256	128880227	1	191355051	191377633	placeholder
3	158268143	158297990	3	155070334	155095830	placeholder
1	34056739	34139945	1	283580728	283673169	placeholder
4	11668635	11722401	4	108490363	108538777	placeholder
1	92027338	92049214	1	225626987	225640712	placeholder
1	314054969	314077011	1	20643250	20662713	placeholder
4	101153350	101198429	4	35785815	35804685	placeholder
7	54664118	54722321	7	47850015	47893830	placeholder
11	14784045	14790670	9	14859190	14870074	placeholder
1	281160548	281190599	1	49138982	49172064	placeholder
5	53829786	53846782	5	56546230	56578503	placeholder
1	25727981	25749243	1	291958521	291978062	placeholder
3	92818128	92835876	3	98205392	98231698	placeholder
7	92429376	92434751	7	79047009	79051807	placeholder
3	162948368	162974272	3	159815179	159844758	placeholder
1	143273951	143297035	1	178421567	178445673	placeholder
2	225498217	225511122	2	39422576	39443512	placeholder
3	148922370	148926489	3	145284592	145289296	placeholder
5	122087517	122101529	5	11909064	11923773	placeholder
3	24297763	24299194	3	26231116	26232547	placeholder
14	15259398	15263439	14	18768194	18772593	placeholder
3	201133014	201154780	3	198003143	198018855	placeholder
4	34791836	34884657	4	89524726	89616218	placeholder
14	10182074	10201228	14	12549554	12565605	placeholder
8	57045461	57167268	8	72130351	72140391	placeholder
1	31309005	31310433	1	286391950	286393378	placeholder
7	16860795	16904845	7	17013564	17044464	placeholder
1	116591184	116603895	1	203092591	203103346	placeholder
5	56062128	56074332	5	54742887	54760014	placeholder
3	38883837	38908035	3	42327959	42346978	placeholder
3	22379475	22389074	3	24070254	24080381	placeholder
1	73985391	74003859	1	243163931	243185511	placeholder
1	158385804	158428126	1	164182983	164214542	placeholder
16	12404908	12414828	15	987161	1004653	placeholder
1	276761272	276789272	1	53630882	53658119	placeholder
1	329752108	329782063	1	9977327	10006745	placeholder
1	274442970	274477540	1	55868589	55907410	placeholder
1	104579710	104614076	1	213426475	213459215	placeholder
7	22727519	22746830	7	22534423	22553749	placeholder
1	336724500	336738845	1	3701485	3720015	placeholder
1	240057305	240070942	1	89736718	89751810	placeholder
12	863418	872220	12	21698336	21711533	placeholder
15	4003058	4004905	13	14707867	14711883	placeholder
16	2315239	2326995	15	15513803	15521827	placeholder
16	9681340	9684266	15	10757925	10763252	placeholder
12	109736	126012	12	22645569	22666069	placeholder
2	182246818	182256696	2	81169235	81179915	placeholder
3	45533719	45544575	3	49858058	49872661	placeholder
10	16040089	16046236	11	9815899	9822859	placeholder
1	296577548	296606000	1	32779061	32806709	placeholder
1	43165127	43183991	1	274325034	274351019	placeholder
7	47967513	47992692	7	45055273	45066391	placeholder
3	192022617	192071736	3	189586243	189629647	placeholder
1	134436990	134535526	1	186276359	186383875	placeholder
3	193859570	193893189	3	191190851	191220625	placeholder
12	8189375	8194756	12	12611347	12618814	placeholder
14	5219785	5230822	14	7022928	7032114	placeholder
1	315776560	315794427	1	18893246	18911191	placeholder
7	5976760	5994566	7	6577488	6590630	placeholder
1	228142749	228144168	1	101114672	101116091	placeholder
1	36012510	36022786	1	281765478	281781447	placeholder
16	12142675	12149408	15	1374268	1382913	placeholder
2	221230325	221245481	2	43426316	43438329	placeholder
15	4228535	4273866	13	14287278	14340836	placeholder
14	4780342	4793197	14	6524393	6539838	placeholder
5	51872243	51884955	5	58681870	58693958	placeholder
17	8387489	8391113	16	6159401	6166360	placeholder
16	11847794	11855489	15	1762620	1768628	placeholder
2	18523751	18534374	2	215190510	215202161	placeholder
14	260286	273505	14	272543	287014	placeholder
1	177075470	177086152	1	147357131	147364740	placeholder
2	208827417	208828863	2	55427665	55429078	placeholder
17	8273988	8280760	16	6019599	6030946	placeholder
1	151905143	151924083	1	170437013	170459598	placeholder
1	339399770	339414610	1	1391416	1400283	placeholder
1	296873807	296911740	1	32475058	32506959	placeholder
3	117403172	117421978	3	113132888	113151979	placeholder
3	64597510	64603063	3	70541051	70548110	placeholder
5	13734949	13746614	5	97699229	97710026	placeholder
4	23989702	23994712	4	95776111	95780655	placeholder
16	12675188	12681579	15	620255	626929	placeholder
15	10426810	10454999	13	7432638	7454071	placeholder
12	9217744	9230450	12	11529707	11538890	placeholder
1	316938381	316942276	1	17825696	17829219	placeholder
1	227299803	227327717	1	101810130	101834866	placeholder
19	4775132	4786570	18	8674276	8683198	placeholder
7	10674606	10692704	7	11067958	11082673	placeholder
2	20978175	20993700	2	212769077	212785230	placeholder
7	81839808	81856598	7	77233544	77249232	placeholder
3	118464898	118529638	3	114129306	114184605	placeholder
14	15217405	15225300	14	18717253	18730726	placeholder
1	40887882	40903821	1	276788001	276809428	placeholder
4	26399239	26420242	4	97497795	97513571	placeholder
1	98837603	98853931	1	218970800	218987372	placeholder
1	249669156	249696465	1	80421119	80448004	placeholder
7	8515810	8523367	7	9009112	9018587	placeholder
1	340480389	340492486	1	514543	529808	placeholder
1	329415245	329431728	1	10276077	10287698	placeholder
11	6995812	7020122	9	22685721	22718045	placeholder
2	154890802	154913522	2	107643272	107674038	placeholder
1	247695402	247713723	1	82357120	82367720	placeholder
1	130769559	130815481	1	189672336	189732603	placeholder
5	26300172	26316273	5	85105045	85118990	placeholder
1	104795261	104801774	1	213240763	213246217	placeholder
1	11982275	11996916	1	304044299	304053338	placeholder
1	215370584	215416932	1	113313827	113344280	placeholder
11	280494	294247	9	5580266	5598241	placeholder
4	20289371	20307143	4	101368704	101382021	placeholder
2	191530232	191552573	2	72076336	72094494	placeholder
14	5048972	5053127	14	6833854	6840572	placeholder
3	141081237	141082635	3	136860836	136862234	placeholder
7	14437459	14459346	7	14664115	14686163	placeholder
7	19387077	19388481	7	19189144	19190548	placeholder
13	15801031	15810904	10	21914102	21924375	placeholder
10	9042415	9051662	11	14279324	14287910	placeholder
1	22932854	22946179	1	294768170	294778632	placeholder
8	54368250	54457203	8	70991564	71025984	placeholder
1	9800662	9893116	1	305815067	305893603	placeholder
1	63972848	63984814	1	253156125	253169796	placeholder
7	93118961	93131152	7	78071862	78085123	placeholder
7	29432837	29435517	7	28782693	28785874	placeholder
6	59730069	59763982	6	59959588	59986654	placeholder
2	201998995	202012636	2	62160813	62166863	placeholder
3	156493667	156506003	3	153213381	153231983	placeholder
2	182417111	182418898	2	81016259	81018087	placeholder
2	234353709	234379702	2	31017457	31040229	placeholder
1	238331589	238384838	1	91398358	91453780	placeholder
1	177094100	177120898	1	147330531	147347427	placeholder
6	58136088	58141055	6	58360236	58365289	placeholder
19	1217378	1219105	18	2959979	2962353	placeholder
2	192165835	192185321	2	71463645	71483281	placeholder
3	168581571	168627188	3	165988054	166027934	placeholder
2	152434464	152439475	2	110009931	110014304	placeholder
4	49662164	49676423	4	76123913	76142242	placeholder
3	163149100	163160118	3	160043258	160053629	placeholder
2	43743435	43758643	2	188932348	188947689	placeholder
5	121350800	121385071	5	10941004	10963985	placeholder
1	155562391	155592550	1	166891631	166922203	placeholder
3	137505455	137516626	3	133110060	133123603	placeholder
16	12361776	12363831	15	1056482	1058464	placeholder
1	129055588	129244680	1	191161013	191301321	placeholder
18	5106865	5115656	17	5098360	5110422	placeholder
5	45680854	45685540	5	65129842	65134899	placeholder
1	71689142	71712878	1	245497941	245558321	placeholder
2	232746978	232765992	2	32412817	32432137	placeholder
6	3503104	3510711	6	3947010	3952787	placeholder
3	148612712	148653313	3	144987295	145030032	placeholder
6	83378691	83426934	6	70634710	70668811	placeholder
12	1416682	1457451	12	20869086	20946673	placeholder
3	147770883	147773951	3	144088413	144091611	placeholder
1	279132924	279137009	1	51246562	51253368	placeholder
1	286982706	286999457	1	43146438	43166008	placeholder
13	637120	643363	10	1777143	1783867	placeholder
17	7533284	7540956	16	7673466	7679901	placeholder
1	254691570	254702318	1	75713583	75725184	placeholder
4	42072117	42117486	4	83013324	83056120	placeholder
4	29466019	29496618	4	94000774	94027378	placeholder
2	198572373	198618203	2	65414210	65454439	placeholder
12	554121	559384	12	22111940	22117781	placeholder
8	21788047	21800365	8	21557192	21570019	placeholder
5	38765438	38773988	5	72290736	72301827	placeholder
5	23407434	23417099	5	88083073	88092731	placeholder
16	2280445	2307751	15	15531844	15559413	placeholder
2	209524640	209537027	2	54693698	54707863	placeholder
6	36950455	37147177	6	36619395	36862887	placeholder
15	3558357	3559743	13	15377124	15378504	placeholder
2	75926705	75937330	2	155883492	155895847	placeholder
5	45717110	45775592	5	65045656	65099878	placeholder
6	82508490	82512910	6	71380942	71385694	placeholder
7	56107083	56116951	7	48900531	48911919	placeholder
4	46682196	46685336	4	78846329	78848875	placeholder
7	28336550	28360487	7	27752142	27773309	placeholder
1	205008691	205014445	1	123111363	123116984	placeholder
8	43714267	43727322	8	52815849	52826655	placeholder
3	33887357	33894796	3	36678948	36684466	placeholder
1	274485762	274503268	1	55842934	55861896	placeholder
3	119357644	119367922	3	114884453	114893384	placeholder
7	79460689	79467306	7	64520570	64527029	placeholder
1	149916901	149937838	1	172309788	172328976	placeholder
1	252548783	252554279	1	77606118	77615688	placeholder
7	36686302	36689043	7	35690429	35693882	placeholder
11	12565062	12568140	9	17117560	17121483	placeholder
1	115386481	115396186	1	204210690	204220304	placeholder
1	265410784	265430625	1	65052138	65070227	placeholder
14	5056433	5065454	14	6843969	6853171	placeholder
1	160126051	160141155	1	162474352	162484581	placeholder
19	137502	142064	18	84305	98973	placeholder
13	8101585	8105910	10	13750980	13756991	placeholder
1	51403826	51419686	1	266045717	266055625	placeholder
3	97916337	97986300	3	100043608	100068438	placeholder
3	10667846	10705254	3	12967541	13004337	placeholder
5	69078318	69101082	5	42849749	42868639	placeholder
2	217323437	217346454	2	46920603	46947896	placeholder
4	28173431	28204663	4	98801229	98830118	placeholder
2	217011707	217031415	2	47214591	47236486	placeholder
17	10053815	10060053	16	2895732	2910592	placeholder
13	922818	928380	10	66813	71027	placeholder
1	333238263	333254108	1	5710424	5724503	placeholder
1	286779910	286797195	1	43403638	43426691	placeholder
2	199791159	199792512	2	64239055	64240408	placeholder
1	257014175	257030637	1	73283595	73304042	placeholder
17	10685720	10699961	16	12103817	12179957	placeholder
13	18762078	18767276	10	25398672	25403900	placeholder
2	32174526	32175900	2	201078310	201079663	placeholder
1	63208526	63211678	1	253992610	253995730	placeholder
3	119331469	119344139	3	114855155	114868140	placeholder
5	49303793	49324911	5	61250893	61270104	placeholder
1	153365541	153372226	1	168964729	168970156	placeholder
1	267479379	267484178	1	63021965	63026579	placeholder
6	41829826	41848225	6	41661893	41685945	placeholder
2	18851159	18866637	2	214820223	214839442	placeholder
2	189945508	189954748	2	73574839	73582490	placeholder
1	313087002	313127139	1	21597069	21639868	placeholder
2	31181684	31204423	2	202021068	202048393	placeholder
17	7546469	7552839	16	7661502	7666842	placeholder
1	340299884	340301168	1	693795	695140	placeholder
1	66671459	66681791	1	250334593	250344745	placeholder
8	66727384	66734356	8	57134987	57139388	placeholder
2	155583189	155592900	2	106946517	106955625	placeholder
6	73064743	73078299	6	64429966	64446644	placeholder
3	178263835	178286449	3	176226455	176250453	placeholder
8	11380664	11397936	8	11594037	11607427	placeholder
1	179406121	179410032	1	145585312	145588722	placeholder
12	13986464	14011979	12	6493490	6525262	placeholder
15	16903214	16908629	13	290745	298667	placeholder
2	179204059	179205418	2	84180911	84182267	placeholder
3	191919393	191952940	3	189489830	189522038	placeholder
16	3912112	3933480	15	3056815	3073758	placeholder
5	119478761	119490816	5	9064552	9075475	placeholder
1	339838642	339848053	1	1088890	1097735	placeholder
16	1103030	1125994	15	16718815	16741979	placeholder
7	62277820	62327924	7	52770251	52774061	placeholder
1	182591147	182631811	1	142964114	143008259	placeholder
1	279237679	279245003	1	51126759	51132854	placeholder
2	195286493	195303048	2	68345813	68363348	placeholder
11	22557070	22561374	9	6983844	6989126	placeholder
3	13892063	13893596	3	15797196	15798741	placeholder
3	179562322	179564227	3	177487441	177491247	placeholder
3	89774104	89775427	3	95970075	95971383	placeholder
10	16040101	16046146	11	9815989	9822856	placeholder
3	147256104	147349674	3	143531045	143646995	placeholder
3	22823132	22839040	3	24613651	24627259	placeholder
7	33194899	33207002	7	32511172	32518858	placeholder
1	33264247	33265597	1	284434038	284435388	placeholder
15	8662272	8670464	13	9210379	9220601	placeholder
1	307032265	307069546	17	4484584	4494566	placeholder
8	69671732	69701655	8	59220616	59245433	placeholder
14	355113	360749	14	390587	397303	placeholder
11	14633471	14722868	9	14930349	15018851	placeholder
5	91451630	91472431	5	29987154	30008493	placeholder
1	214882090	214898479	1	113767681	113779977	placeholder
1	49734787	49767443	1	267647209	267693525	placeholder
1	301938466	301946931	1	27136754	27144828	placeholder
1	288042912	288065295	1	41844899	41898598	placeholder
12	2078750	2086640	12	20053799	20065768	placeholder
13	18711571	18713714	10	25350138	25352686	placeholder
3	47949566	47950907	3	52539075	52540416	placeholder
2	154774479	154783814	2	107772778	107784232	placeholder
14	13425821	13445546	14	15451189	15464531	placeholder
1	204860981	204875402	1	123251793	123262226	placeholder
17	4899551	4930306	16	10364797	10372616	placeholder
1	242392145	242404248	1	87639038	87647807	placeholder
5	92366842	92386334	5	29146468	29163445	placeholder
1	234239549	234260779	1	95371055	95386354	placeholder
7	51650676	51657543	7	46620412	46624617	placeholder
2	18225679	18227023	2	215469672	215471019	placeholder
2	157687514	157707292	2	104947181	104969259	placeholder
11	21192930	21198499	9	8399599	8409675	placeholder
12	8485544	8490159	12	12280105	12288264	placeholder
3	107640936	107663506	3	108112929	108132251	placeholder
7	34782150	34812213	7	33939188	33962645	placeholder
14	2325717	2333349	14	3242029	3252204	placeholder
2	30403033	30418059	2	202881035	202898048	placeholder
5	59916222	59921298	5	50661646	50670115	placeholder
3	25022713	25050816	3	27009514	27042848	placeholder
3	22676168	22693750	3	24442353	24471980	placeholder
3	20814150	20834324	3	22393405	22416350	placeholder
3	62981577	62990205	3	68772705	68781963	placeholder
7	81548859	81599609	7	76956006	77005818	placeholder
8	7771699	7773022	8	8513384	8514656	placeholder
1	279084830	279102631	1	51286688	51301149	placeholder
3	79475689	79482130	3	85455142	85461002	placeholder
4	94399984	94441500	4	41841202	41863961	placeholder
1	321132898	321152962	1	14023599	14047326	placeholder
3	155807244	155819386	3	152493317	152511936	placeholder
3	169651136	169670556	3	167182276	167199528	placeholder
15	15293825	15300584	13	2377687	2384444	placeholder
7	61853651	61952432	7	52605262	52636048	placeholder
1	96044933	96087137	1	221678950	221730266	placeholder
1	331274424	331327920	1	8567884	8596342	placeholder
15	13749545	13753806	13	4248800	4252801	placeholder
1	302106912	302123749	1	26948434	26972036	placeholder
1	250284367	250291010	1	79843328	79849860	placeholder
3	24598524	24608375	3	26547623	26565362	placeholder
7	90888674	90898260	7	67637603	67643604	placeholder
4	68002454	68013256	4	60862345	60868872	placeholder
1	334708563	334731889	1	7004399	7043845	placeholder
18	9651194	9657416	17	11143949	11154823	placeholder
6	5829286	5854411	6	5804354	5832521	placeholder
16	593047	633361	15	17037320	17063608	placeholder
4	89700636	89715150	4	45747325	45756642	placeholder
18	2895946	2909228	17	3880564	3889626	placeholder
3	50688940	50699907	3	55757021	55776521	placeholder
16	7600530	7620113	15	7095139	7130211	placeholder
2	199239972	199253986	2	64778445	64795543	placeholder
7	52601027	52706084	7	46921826	46962377	placeholder
7	79917786	79950209	7	75312806	75344658	placeholder
11	926241	934509	9	4479917	4503093	placeholder
8	76365399	76377728	8	73593602	73627928	placeholder
5	52873799	52884170	5	57565545	57584400	placeholder
7	22386944	22425577	7	22189387	22225426	placeholder
1	340231323	340253011	1	740696	763017	placeholder
8	59283879	59311468	8	41344712	41355966	placeholder
1	104886450	104900072	1	213142994	213154557	placeholder
11	20120297	20129186	9	9578957	9588512	placeholder
6	61173520	61188801	6	61365506	61384172	placeholder
1	329592180	329593497	1	10133643	10134951	placeholder
3	159698446	159705021	3	156592997	156600047	placeholder
7	44768409	44775191	7	42844867	42851662	placeholder
4	84482886	84503738	4	50344614	50366457	placeholder
5	5718216	5737810	5	105140117	105156216	placeholder
3	34621155	34633004	3	37584441	37594208	placeholder
6	96318502	96339086	6	81438626	81470196	placeholder
5	119459066	119469851	5	9047267	9054080	placeholder
10	14571234	14590861	11	10886005	10904078	placeholder
7	52007836	52025496	7	46784401	46794124	placeholder
1	81079231	81088175	1	236393881	236404783	placeholder
4	25559300	25574093	4	96955958	96970051	placeholder
1	115932809	115950647	1	203725438	203736229	placeholder
2	16986560	17004801	2	216880198	216900795	placeholder
1	189312257	189334663	1	137019451	137047814	placeholder
3	153673231	153679158	3	150153416	150159398	placeholder
5	7907643	7925457	5	102865651	102880462	placeholder
1	72223582	72253414	1	244988926	245012006	placeholder
8	60415418	60423115	8	42167602	42176748	placeholder
2	53342598	53403569	2	178713911	178756441	placeholder
19	1668943	1678460	18	4928715	4943744	placeholder
1	194034524	194057501	1	132528030	132552018	placeholder
6	99056773	99069765	6	77184344	77194140	placeholder
3	51147321	51156160	3	56204487	56228809	placeholder
1	25225921	25227223	1	292442250	292443558	placeholder
12	9474063	9487593	12	11257188	11268499	placeholder
10	1613620	1620538	11	24898244	24904469	placeholder
16	8843129	8860957	15	9342799	9372928	placeholder
6	3883645	3890997	6	4267585	4273867	placeholder
1	29783630	29786388	1	287917894	287920710	placeholder
2	21757251	21761319	2	211945764	211956819	placeholder
1	291493811	291582011	1	38173520	38251938	placeholder
4	30525475	30538311	4	93109724	93119711	placeholder
3	172676473	172694550	3	170376956	170401120	placeholder
5	10024765	10026067	5	101027800	101029102	placeholder
5	30869545	30879903	5	80577270	80591095	placeholder
7	31425718	31431328	7	30741365	30747654	placeholder
6	3136029	3147946	6	3651393	3662271	placeholder
4	60710220	60775760	4	66199076	66242471	placeholder
5	30922694	30954058	5	80468568	80524784	placeholder
2	199598946	199607209	2	64431669	64439174	placeholder
5	64991784	65007484	5	46015167	46035051	placeholder
13	12807006	12825640	10	18627914	18647001	placeholder
2	234014009	234208683	2	31188555	31345653	placeholder
1	286810628	286819209	1	43376347	43389740	placeholder
7	81445999	81491370	7	76850530	76882118	placeholder
10	139758	149429	11	22909160	22917979	placeholder
19	3074461	3088427	18	6901189	6910905	placeholder
5	32405916	32407101	5	79001543	79002788	placeholder
5	64677228	64699089	5	46298974	46317075	placeholder
3	159663227	159686645	3	156552652	156579040	placeholder
2	103871544	103901182	2	153076252	153100704	placeholder
5	120621595	120629324	5	10133506	10142921	placeholder
1	116089222	116128026	1	203578312	203610196	placeholder
15	8921977	8965697	13	8899202	8938722	placeholder
7	2424844	2440025	7	3263022	3283768	placeholder
15	16237900	16239169	13	1110723	1112012	placeholder
8	64511389	64518468	8	40793901	40803862	placeholder
2	241551515	241560027	2	24565212	24573641	placeholder
4	75324109	75354273	4	56410036	56438749	placeholder
1	33629882	33635234	1	284137948	284143187	placeholder
1	283303008	283321709	1	46933599	46950957	placeholder
14	3195325	3205256	14	4394270	4403059	placeholder
17	1567989	1575446	16	1934531	1941818	placeholder
16	8119868	8129326	15	7759390	7769017	placeholder
1	61019845	61028222	1	256313778	256319453	placeholder
5	14055038	14064582	5	97399774	97407740	placeholder
1	99821454	99893729	1	217917217	218014175	placeholder
4	40636274	40639900	4	84456600	84460384	placeholder
8	60353387	60372745	8	42083174	42096423	placeholder
5	30800905	30810066	5	80679487	80689070	placeholder
14	12652368	12664806	14	15140496	15149247	placeholder
7	92926791	92940356	7	78298592	78324653	placeholder
2	222496841	222513723	2	42146248	42159836	placeholder
14	6529227	6536075	14	8590266	8600802	placeholder
16	12469165	12472783	15	912454	917612	placeholder
7	65802764	65853735	7	54897724	54919733	placeholder
4	24896917	24925388	4	96454054	96482031	placeholder
5	13370059	13400044	5	97966489	97985584	placeholder
3	79758955	79766291	3	85755069	85763786	placeholder
3	170510964	170525970	3	168137564	168156756	placeholder
6	38339249	38343614	6	38133519	38138034	placeholder
1	74029708	74054316	1	243111335	243140528	placeholder
6	95169298	95243722	6	82612421	82695698	placeholder
4	31912210	31958622	4	91958162	91988999	placeholder
8	3290201	3338318	8	3680570	3727050	placeholder
5	21083681	21157733	5	90496229	90572899	placeholder
19	2559848	2564479	18	6343307	6348828	placeholder
10	844367	850185	11	23621630	23628807	placeholder
13	16468162	16478169	10	22714545	22725251	placeholder
1	336365921	336386741	1	3372110	3387589	placeholder
1	51437650	51453643	1	266008260	266026968	placeholder
13	18356319	18358701	10	24921309	24923790	placeholder
12	9007553	9018802	12	11740197	11751527	placeholder
3	140994058	140999287	3	136754395	136760811	placeholder
8	44192194	44218561	8	52382867	52412765	placeholder
5	57419697	57446781	5	53245748	53276559	placeholder
7	27166553	27167807	7	26691725	26692973	placeholder
1	36087514	36102059	1	281686086	281704581	placeholder
4	4110673	4118271	4	115330183	115345988	placeholder
3	134623379	134647147	3	130087018	130111508	placeholder
11	22804769	22813342	9	6698236	6707250	placeholder
2	64231923	64233198	2	167722349	167723624	placeholder
1	181310451	181343278	1	143969274	143990742	placeholder
15	838530	840777	13	20225852	20229230	placeholder
17	8537390	8538614	16	6384682	6404434	placeholder
1	280988810	281066195	1	49278723	49358601	placeholder
4	51238706	51254593	4	74713723	74727381	placeholder
4	63637609	63638848	4	64057008	64058250	placeholder
1	195278638	195291210	1	131476604	131488374	placeholder
16	10801898	10803672	15	13175599	13177407	placeholder
19	5921398	5927000	18	10527191	10537612	placeholder
15	654434	662283	13	19809077	19819782	placeholder
1	166685588	166708183	1	156218075	156235476	placeholder
6	38119812	38133864	6	37932755	37947496	placeholder
12	1158867	1166855	12	21290866	21300981	placeholder
10	5017380	5024915	11	21334724	21341063	placeholder
11	18913833	18925817	9	10774932	10787931	placeholder
2	47455806	47473002	2	184770964	184787491	placeholder
12	9200484	9215104	12	11541118	11553754	placeholder
2	159770554	159842150	2	102844734	102909715	placeholder
1	51455735	51467344	1	265995407	266005741	placeholder
7	28694916	28696194	7	28084223	28085504	placeholder
15	9387493	9393947	13	8475081	8484544	placeholder
2	215613580	215620026	2	48623867	48630325	placeholder
1	106517467	106549278	1	211493755	211534570	placeholder
17	10298452	10301733	16	3563830	3573286	placeholder
4	62510600	62522352	4	64740584	64754559	placeholder
19	3105684	3116569	18	6853167	6863915	placeholder
7	14677630	14687138	7	14926547	14934852	placeholder
13	11159674	11170615	10	17068937	17079123	placeholder
6	47282144	47293590	6	47415975	47427065	placeholder
10	10332413	10344985	11	13109010	13116416	placeholder
13	3362049	3368876	10	7359932	7372134	placeholder
6	42405476	42417171	6	42335752	42361029	placeholder
3	71220739	71238976	3	77281297	77298187	placeholder
5	44519636	44540146	5	66506307	66530816	placeholder
2	207639546	207641363	2	56621791	56625466	placeholder
8	70105921	70131894	8	67195681	67214752	placeholder
6	42882611	42896667	6	42788503	42799069	placeholder
6	24338207	24355795	6	22909842	22922668	placeholder
4	22873092	23004751	4	94834362	94958411	placeholder
3	160251067	160256505	3	157005574	157013034	placeholder
6	41821492	41822731	6	41652856	41654095	placeholder
11	17596780	17605342	9	12084955	12093622	placeholder
3	194617436	194657443	3	191917668	191950678	placeholder
10	3231306	3259372	11	19269687	19303901	placeholder
5	91952454	91971115	5	29520754	29533922	placeholder
2	209546491	209560287	2	54665562	54686533	placeholder
13	645993	651656	10	1787435	1796676	placeholder
7	80021645	80036740	7	75446172	75459435	placeholder
2	191512196	191520908	2	72099809	72107965	placeholder
8	27950969	27982180	8	37831531	37855064	placeholder
7	8872015	8874436	7	9350923	9356869	placeholder
11	12552542	12555670	9	17133268	17136345	placeholder
1	185173902	185194586	1	140874169	140899662	placeholder
3	16184797	16193661	3	17967347	17987683	placeholder
12	664848	668627	12	21978833	21983600	placeholder
13	1828917	1859387	10	3841313	3909205	placeholder
1	63404924	63415450	1	253779241	253790846	placeholder
11	21362443	21367736	9	8199045	8205586	placeholder
11	20274638	20281337	9	9418328	9424169	placeholder
3	172848198	172849889	3	170551413	170553330	placeholder
1	232359832	232361086	1	97165145	97166399	placeholder
19	7306176	7316693	18	9483475	9492325	placeholder
8	78840183	78846594	8	72743241	72760575	placeholder
2	243612639	243629516	2	22958888	22973523	placeholder
5	122752270	122755460	5	13098316	13102634	placeholder
1	116646586	116655867	1	203038809	203047943	placeholder
4	4128805	4141761	4	115298415	115315996	placeholder
2	159526696	159561244	2	103126549	103177535	placeholder
1	251162305	251199329	1	78882757	78928864	placeholder
3	34788980	34798456	3	37776112	37785850	placeholder
1	117132222	117145892	1	202565303	202579268	placeholder
3	125114560	125132482	3	120652089	120673549	placeholder
7	27236416	27253535	7	26755835	26769432	placeholder
5	27016061	27030575	5	84419577	84433479	placeholder
13	17050601	17098710	10	23413067	23460198	placeholder
15	7110245	7123064	13	10902910	10919216	placeholder
3	65793206	65817379	3	71820379	71846403	placeholder
12	9253953	9291131	12	11496275	11507405	placeholder
1	104196069	104219802	1	213794600	213813008	placeholder
3	145768783	145781091	3	141930877	141941772	placeholder
2	55263839	55292514	2	176714671	176746744	placeholder
14	2377473	2378727	14	3312291	3313539	placeholder
15	16977197	16978545	13	209457	210825	placeholder
2	225644397	225648425	2	39301096	39305253	placeholder
4	4659586	4660846	4	114579992	114581240	placeholder
7	85526691	85536785	7	71141100	71158658	placeholder
17	8228748	8233813	16	5951379	5969830	placeholder
3	141627877	141636550	3	137382459	137391100	placeholder
1	152579539	152627768	1	169743025	169793099	placeholder
19	5275867	5278780	18	9087091	9090880	placeholder
1	254556653	254566410	1	75840352	75851266	placeholder
2	197259444	197271027	2	66558109	66567795	placeholder
6	98696126	98708310	6	77817276	77829665	placeholder
6	18392184	18405832	6	16837307	16846264	placeholder
7	20642117	20653076	7	20446357	20456439	placeholder
1	38767805	38790192	1	279050535	279067298	placeholder
4	93141032	93175523	4	42797769	42818038	placeholder
1	335050408	335066890	1	5227805	5239314	placeholder
15	12081624	12097815	13	5793136	5808087	placeholder
5	88278427	88299753	5	32615570	32628713	placeholder
1	150352278	150384868	1	171870443	171894372	placeholder
1	119094903	119136102	1	200722852	200756573	placeholder
5	10438610	10469460	5	100582234	100604166	placeholder
5	32715205	32751510	5	78631553	78678463	placeholder
2	204370296	204391429	2	59740752	59761134	placeholder
3	25062277	25069164	3	27053858	27060694	placeholder
1	50482327	50504036	1	266842363	266858072	placeholder
1	2606632	2635830	1	312628487	312640433	placeholder
15	16980886	16988119	13	199031	206561	placeholder
3	147859923	147872119	3	144191241	144200509	placeholder
4	44943075	45092049	4	80384033	80545685	placeholder
1	1909854	1940693	1	312158501	312174877	placeholder
2	149900275	149904739	2	112323270	112328274	placeholder
10	5301126	5316982	11	17714159	17730691	placeholder
11	3055001	3077368	9	1639124	1664544	placeholder
2	154574260	154595519	2	107958546	107975973	placeholder
2	40569154	40584452	2	192504183	192523285	placeholder
5	110420843	110434971	5	1374780	1428014	placeholder
4	7824002	7841224	4	111858599	111876202	placeholder
1	302251649	302274691	1	26788818	26809685	placeholder
1	289257526	289274939	1	40597539	40606835	placeholder
2	133171209	133190918	2	122409993	122423760	placeholder
6	10636752	10645618	6	9721440	9728786	placeholder
13	2305286	2306531	10	4952028	4953273	placeholder
6	36724562	36744851	6	36330422	36342174	placeholder
18	9592318	9594662	17	11054027	11056552	placeholder
2	157655419	157669865	2	104984638	104998727	placeholder
15	6760763	6776292	13	11297969	11315186	placeholder
5	88672206	88684822	5	32327230	32335314	placeholder
4	87588588	87592201	4	47403206	47404433	placeholder
4	41991657	42005476	4	83129353	83144918	placeholder
6	60120205	60130619	6	60353860	60369190	placeholder
5	55301516	55323112	5	55366164	55380592	placeholder
5	91395276	91405649	5	30046685	30055391	placeholder
17	8234614	8249651	16	5970994	5977223	placeholder
3	153958094	153979193	3	150485816	150503252	placeholder
2	143169237	143194226	2	118103977	118129749	placeholder
7	2539795	2556962	7	3387044	3404322	placeholder
3	55568939	55586899	3	61124977	61140559	placeholder
1	99729872	99752471	1	218088592	218114222	placeholder
11	14481119	14507320	9	15137420	15163441	placeholder
1	283287055	283296985	1	46958123	46966340	placeholder
8	27908440	27916250	8	37884091	37894884	placeholder
11	1149395	1152428	9	3999130	4002068	placeholder
11	8283986	8286080	9	21210596	21212670	placeholder
6	74749577	74766045	6	65627030	65641391	placeholder
1	269824774	269836833	1	60710212	60722692	placeholder
1	226486080	226487319	1	102611470	102612712	placeholder
14	5240166	5244118	14	7050200	7054379	placeholder
3	29977109	30007468	3	32515728	32554449	placeholder
13	7785189	7797590	10	13370089	13385922	placeholder
5	30246305	30250433	5	81233304	81238191	placeholder
3	10347067	10372912	3	12655074	12679807	placeholder
6	44940788	44946270	6	44895802	44901785	placeholder
1	289720032	289804798	1	40057232	40142014	placeholder
2	230185698	230210865	2	34809411	34837079	placeholder
5	93956284	93991435	5	27707361	27742191	placeholder
7	28216147	28218982	7	27629795	27631949	placeholder
5	30206004	30216562	5	81280990	81298803	placeholder
8	38038564	38054209	8	27935906	27955153	placeholder
11	1853057	1863028	9	26052353	26101298	placeholder
12	8393503	8402068	12	12378224	12386565	placeholder
2	103625697	103670889	2	153292337	153316557	placeholder
1	29211370	29212522	1	288493279	288494459	placeholder
3	59078219	59138377	3	64680156	64728294	placeholder
8	830064	834994	8	1295983	1300142	placeholder
1	106652072	106688546	1	211361972	211400353	placeholder
17	2225653	2231714	16	1564076	1575699	placeholder
1	268304749	268308602	1	62252630	62257989	placeholder
3	157850582	157873982	3	154631979	154654570	placeholder
4	91315492	91335893	4	44374395	44391022	placeholder
3	67646737	67664262	3	73491151	73520138	placeholder
4	81391032	81401533	4	48362404	48373687	placeholder
3	3783724	3784951	3	6307772	6308993	placeholder
2	132881813	132955703	2	122151549	122217841	placeholder
2	144170999	144172262	2	117299434	117300694	placeholder
2	138015879	138024571	2	126902782	126910496	placeholder
3	21456200	21462824	3	23070399	23078336	placeholder
14	7512030	7520866	14	9672424	9681481	placeholder
3	131412743	131505074	3	127003150	127106004	placeholder
1	267612655	267645963	1	62870436	62898796	placeholder
3	59682219	59703050	3	65291400	65305416	placeholder
2	10966939	10982575	2	231668578	231682329	placeholder
4	59421577	59437157	4	67316534	67334961	placeholder
1	22959732	22971485	1	294736068	294757554	placeholder
3	157879892	157889329	3	154660908	154667485	placeholder
13	10198576	10208345	10	16117162	16126089	placeholder
1	258626692	258631281	1	71661096	71664627	placeholder
17	10035169	10040955	16	2777291	2791219	placeholder
7	10563162	10598296	7	10971632	11009100	placeholder
2	12362763	12363987	2	221293000	221294224	placeholder
15	14100081	14120664	13	3870562	3897541	placeholder
1	8323843	8324986	1	307169414	307170548	placeholder
3	192083165	192098891	3	189639068	189649205	placeholder
2	132856276	132872347	2	122125018	122140612	placeholder
4	30319595	30343163	4	93310683	93331184	placeholder
5	92579428	92589311	5	28919257	28927949	placeholder
6	56264290	56276862	6	56634742	56645248	placeholder
11	11518647	11574664	9	18032994	18087019	placeholder
7	36050627	36070542	7	35099882	35119282	placeholder
3	50661089	50680215	3	55732369	55747270	placeholder
1	237996840	238041316	1	91728081	91776466	placeholder
2	204257682	204258900	2	59865848	59867066	placeholder
5	64720762	64753816	5	46240647	46281716	placeholder
1	103156396	103253365	1	214650822	214742845	placeholder
1	170421444	170439833	1	152659866	152682897	placeholder
1	125436893	125441485	1	194663959	194669710	placeholder
10	6881559	6904308	11	16183684	16196847	placeholder
1	22975793	22986434	1	294717154	294729394	placeholder
6	38203204	38223406	6	38029129	38045618	placeholder
15	10286432	10298323	13	7576590	7596202	placeholder
3	123363747	123368958	3	118818413	118823851	placeholder
3	172527237	172551776	3	170213141	170242273	placeholder
5	3899937	3905349	5	106840677	106844875	placeholder
5	38787822	38807597	5	72263663	72281113	placeholder
10	7435711	7457041	11	15700905	15719592	placeholder
14	5812431	5823534	14	7713541	7726917	placeholder
17	10704232	10708069	16	12125245	12129220	placeholder
2	66727476	66741783	2	165093844	165121905	placeholder
2	226648401	226656239	2	38286466	38293227	placeholder
1	63319538	63352542	1	253845930	253883241	placeholder
4	83092716	83151716	4	49402596	49424976	placeholder
1	221779863	221786211	1	107260050	107265954	placeholder
5	9662719	9682365	5	101351130	101368836	placeholder
6	26517838	26543915	6	25214986	25225794	placeholder
8	23620235	23633652	8	23391059	23401142	placeholder
2	220102069	220116009	2	44481098	44494459	placeholder
7	5906446	5925026	7	6521908	6535193	placeholder
8	69802819	69814737	8	59328002	59337358	placeholder
17	7856370	7862510	16	5407701	5416661	placeholder
1	125841861	125864379	1	194261304	194290529	placeholder
1	24716510	24720377	1	292977167	292980910	placeholder
1	317311379	317328295	1	17436296	17454540	placeholder
1	75299111	75366983	1	241744160	241836201	placeholder
3	191822989	191848784	3	189390066	189419446	placeholder
3	131865605	132052863	3	127331765	127498340	placeholder
12	13291994	13307363	12	7223256	7239592	placeholder
5	40233227	40240127	5	71059681	71066291	placeholder
8	41017459	41035100	8	55184124	55199497	placeholder
7	27924663	27931778	7	27329987	27336177	placeholder
1	51815404	51823093	1	265529415	265530591	placeholder
13	2310292	2323971	10	4966395	4998681	placeholder
3	186968090	186988603	3	184850233	184874294	placeholder
2	133863967	133880865	2	123030186	123047262	placeholder
7	62013897	62071171	7	52683240	52693707	placeholder
2	53463921	53477784	2	178648491	178656615	placeholder
12	1719166	1724436	12	20546572	20552262	placeholder
3	147792756	147793962	3	144109862	144111059	placeholder
7	34250667	34258550	7	33424317	33432936	placeholder
2	205434691	205454672	2	58676123	58703491	placeholder
2	220364814	220376685	2	44237164	44247670	placeholder
1	98105879	98107076	1	219723590	219724739	placeholder
19	2764352	2777310	18	6593818	6607968	placeholder
3	192657984	192696657	3	190128443	190159488	placeholder
4	98105702	98110883	4	38533493	38538901	placeholder
18	6964344	6971761	17	7653345	7697638	placeholder
7	15887952	15898967	7	16098372	16108125	placeholder
5	40605165	40606401	5	70668991	70670227	placeholder
6	24373758	24428937	6	22988552	23005571	placeholder
15	8437390	8445816	13	9449743	9459717	placeholder
3	25494836	25505825	3	27552889	27566303	placeholder
7	22788841	22799924	7	22596314	22606717	placeholder
1	23138575	23148333	1	294543358	294560872	placeholder
3	141601879	141609345	3	137360351	137365852	placeholder
1	28558267	28570635	1	289104265	289145417	placeholder
15	72934	76711	13	19008687	19013167	placeholder
11	6391468	6403950	9	23372506	23383222	placeholder
5	21684206	21700253	5	89876658	89903558	placeholder
4	89674840	89681798	4	45775587	45782127	placeholder
4	9182305	9205235	4	110765976	110784581	placeholder
1	149153918	149164749	1	173020892	173033883	placeholder
3	50430330	50440201	3	55461769	55474063	placeholder
1	36594640	36616942	1	281219739	281240567	placeholder
3	196644077	196651289	3	193788855	193794746	placeholder
1	180163269	180298778	1	144911090	145043291	placeholder
1	64803830	64808885	1	252358007	252359688	placeholder
5	30895653	30905607	5	80549997	80556047	placeholder
12	3718154	3752530	12	17737166	17772581	placeholder
6	99133884	99137080	6	87787797	87792365	placeholder
3	91154270	91186375	3	97018702	97031808	placeholder
1	71252897	71263347	1	245977118	245987820	placeholder
10	6209821	6235907	11	16784570	16802201	placeholder
7	23867628	23868813	7	23687626	23688811	placeholder
1	91661668	91670901	1	226019704	226029965	placeholder
1	183538644	183539835	1	142346807	142347998	placeholder
7	74766391	74794005	7	60164715	60189333	placeholder
1	53783106	53798166	3	97158897	97195378	placeholder
12	1709853	1713533	12	20559653	20564101	placeholder
3	120468352	120474931	3	116013258	116017753	placeholder
6	32752955	32762355	6	32039580	32051758	placeholder
3	160223923	160236143	3	156982110	156990177	placeholder
1	239678521	239700943	1	90103457	90129671	placeholder
2	232666880	232677071	2	32497705	32507440	placeholder
1	187292300	187297588	1	138967524	138973457	placeholder
1	261571279	261587414	1	68707885	68724049	placeholder
2	242211705	242212905	2	24001764	24002954	placeholder
1	195677912	195688281	1	131112609	131122750	placeholder
2	15864376	15879642	2	217934440	217952150	placeholder
7	90732658	90745520	7	67456489	67468010	placeholder
1	98707768	98787775	1	219034355	219125075	placeholder
16	2712067	2717779	15	15142052	15147073	placeholder
1	15465783	15476743	1	301139231	301147199	placeholder
15	16909575	16912469	13	286611	289702	placeholder
2	33838007	33853347	2	199423365	199434657	placeholder
1	89907928	89920163	1	227782013	227796852	placeholder
8	41280316	41298346	8	54936133	54951521	placeholder
3	123513730	123531410	3	118973816	118989817	placeholder
3	44345405	44372364	3	48494099	48522017	placeholder
1	80235279	80274545	1	237162595	237203202	placeholder
1	11718483	11721735	1	304291839	304297029	placeholder
11	22367739	22371912	9	7193248	7197401	placeholder
2	160156607	160207305	2	102458180	102515578	placeholder
2	176008935	176014335	2	87195162	87199732	placeholder
1	73577823	73579080	1	243580123	243581380	placeholder
6	91204917	91230952	6	86978835	86996977	placeholder
1	60969078	60994265	1	256351099	256376186	placeholder
4	93096521	93105268	4	42842691	42851901	placeholder
3	166029432	166036132	3	163193700	163200836	placeholder
6	23568731	23581035	6	22089960	22102547	placeholder
7	44339136	44358504	7	42507562	42531580	placeholder
3	168681485	168723227	3	166093194	166148108	placeholder
6	22650110	22651286	6	21205084	21208580	placeholder
13	11186733	11195663	10	17095912	17105429	placeholder
5	73591831	73626800	5	40741397	40750602	placeholder
1	71276755	71286040	1	245954869	245963367	placeholder
5	100522658	100532458	5	14668712	14678750	placeholder
1	18210023	18213356	1	298798154	298801374	placeholder
6	42318128	42328987	6	42263782	42273747	placeholder
1	25470473	25484355	1	292213735	292229614	placeholder
7	6286342	6310070	7	6962229	6978764	placeholder
13	14896628	14900924	10	20912347	20914356	placeholder
15	16385513	16398937	13	902641	916070	placeholder
2	157477900	157486181	2	105156131	105202898	placeholder
7	70586025	70599230	7	56525092	56541065	placeholder
4	85023886	85037971	4	50764934	50782023	placeholder
5	40305840	40329675	5	70962233	70982098	placeholder
3	59630106	59638361	3	65243663	65250799	placeholder
2	101916169	101917330	2	154928480	154929641	placeholder
6	57370131	57371175	6	57599465	57600509	placeholder
5	18956322	18979727	5	92570626	92594902	placeholder
5	849936	858398	5	110146304	110152179	placeholder
5	92366833	92384571	5	29147508	29163451	placeholder
12	1782532	1787233	12	20458681	20465303	placeholder
3	115245821	115256669	3	111001180	111012309	placeholder
3	103333442	103347764	3	104118331	104125946	placeholder
12	18621840	18642996	12	2995825	3006796	placeholder
7	36182614	36193136	7	35231727	35245247	placeholder
8	20459426	20473259	8	20219888	20240204	placeholder
6	24207905	24214295	6	22762367	22768450	placeholder
17	7006855	7019271	16	8232796	8237522	placeholder
3	134675615	134692210	3	130131981	130159443	placeholder
1	49920614	49936197	1	267480255	267494724	placeholder
1	315587663	315591288	1	19101458	19106553	placeholder
1	333311025	333336275	1	5752687	5769903	placeholder
19	4848851	4892058	18	8745927	8785261	placeholder
1	253849257	253864682	1	76449415	76463322	placeholder
10	116220	129839	11	22870326	22887698	placeholder
1	115436056	115457470	1	204147067	204160915	placeholder
1	123324771	123395681	1	196623158	196691565	placeholder
1	319366495	319385742	1	15525317	15541536	placeholder
17	523940	538347	16	688547	702565	placeholder
5	68649448	68730353	5	43257748	43290846	placeholder
10	14090920	14103538	11	11156837	11166176	placeholder
2	190317660	190318818	2	73171484	73172642	placeholder
2	12078587	12092616	2	232462043	232479057	placeholder
14	5614038	5620062	14	7483589	7488079	placeholder
8	74702985	74709251	8	62633989	62641911	placeholder
3	82202712	82223190	3	88254124	88267508	placeholder
6	3390661	3404982	6	3857178	3873937	placeholder
19	323204	329557	18	526700	541543	placeholder
7	20018233	20048313	7	19800283	19830838	placeholder
2	230226644	230238753	2	34782928	34794359	placeholder
6	16804307	16827846	6	15317117	15325931	placeholder
1	18469065	18471129	1	298575975	298578047	placeholder
2	105667225	105718678	2	151238743	151263348	placeholder
1	195390791	195415556	1	131334165	131356462	placeholder
15	11110900	11116938	13	6750255	6755962	placeholder
8	8613730	8640792	8	9227065	9251126	placeholder
8	19380518	19401038	8	19055078	19076337	placeholder
2	68999205	69011161	2	162736920	162752996	placeholder
1	36861002	36876734	1	280936658	280948346	placeholder
2	205210992	205222181	2	58900365	58913930	placeholder
1	176931298	176966692	1	147441563	147463843	placeholder
13	8083811	8087249	10	13731855	13734790	placeholder
2	130427991	130429050	2	129861806	129862868	placeholder
1	270232202	270252432	1	60290897	60308980	placeholder
8	77115662	77128524	8	67564655	67573893	placeholder
1	324078825	324129057	1	11273419	11299461	placeholder
5	32454307	32460114	5	78938774	78946028	placeholder
3	103465226	103493784	3	104255977	104273938	placeholder
8	62352775	62354072	8	43897503	43898772	placeholder
6	12509455	12526827	6	11549267	11571604	placeholder
7	14071104	14092451	7	14330641	14347428	placeholder
3	84508048	84510505	3	90669317	90671840	placeholder
11	20482472	20490549	9	9167964	9177423	placeholder
12	11161621	11162773	12	9456779	9457931	placeholder
4	53711662	53731136	4	72549767	72568848	placeholder
6	52396823	52398014	6	52697315	52698506	placeholder
19	294008	312731	18	510178	519128	placeholder
3	179023461	179028636	3	176895768	176902320	placeholder
1	2645349	2680666	1	312654344	312664944	placeholder
1	321346111	321360368	1	13831166	13843993	placeholder
1	299140585	299159013	1	29993684	30013253	placeholder
8	2583448	2603375	8	2893519	2906030	placeholder
14	1170822	1179155	14	1532834	1543353	placeholder
2	159383780	159384905	2	103314733	103315867	placeholder
1	244526275	244527421	1	85541837	85542983	placeholder
8	51753503	51758774	8	46336618	46340570	placeholder
1	27724383	27735863	1	289950994	289964734	placeholder
2	230885118	230886270	2	34170595	34171744	placeholder
8	7675390	7685364	8	8445733	8450076	placeholder
7	89297763	89299059	7	66489445	66490741	placeholder
7	44588718	44597154	7	42686781	42692526	placeholder
1	299829672	299872524	1	29280501	29318480	placeholder
1	312418298	312423239	1	22326062	22332487	placeholder
1	39106749	39107862	1	278678862	278679987	placeholder
4	84630618	84648174	4	50480771	50491672	placeholder
6	26707334	26708339	6	25402095	25403097	placeholder
12	8571059	8582193	12	12197599	12209043	placeholder
3	38972730	38986824	3	42415910	42429060	placeholder
2	202193331	202204937	2	61974449	61987242	placeholder
3	157196363	157207303	3	153940877	153951105	placeholder
3	169897077	169914897	3	167468246	167493690	placeholder
3	183039293	183054830	3	180830757	180848105	placeholder
5	90411010	90450200	5	30938172	30960901	placeholder
3	122726061	122759200	3	118169597	118196625	placeholder
13	7739746	7747712	10	13321934	13330233	placeholder
3	202891868	202893530	3	199252071	199253616	placeholder
15	13254957	13263718	13	4606926	4614477	placeholder
1	277726108	277730925	1	52648323	52654824	placeholder
8	22634610	22642988	8	22394060	22401148	placeholder
3	118938001	118939138	3	114425467	114426604	placeholder
8	19703112	19730197	8	19425348	19445536	placeholder
1	40821004	40878772	1	276818766	276880616	placeholder
7	74686494	74701154	7	60088776	60103981	placeholder
2	156272378	156287159	2	106277918	106288236	placeholder
15	13729178	13733561	13	4271850	4275390	placeholder
11	8363782	8368472	9	21135042	21139696	placeholder
8	48379630	48396352	8	48884835	48902646	placeholder
3	92566390	92748571	3	98101746	98186511	placeholder
6	10778697	10779828	6	9861101	9862244	placeholder
1	300062570	300082209	1	29051361	29068486	placeholder
13	2282873	2285768	10	4904906	4907720	placeholder
4	38284140	38289388	4	86573124	86581992	placeholder
7	13125744	13174610	7	13416039	13461478	placeholder
7	88891501	88917188	7	66835548	66853114	placeholder
3	186991590	187001230	3	184879946	184890848	placeholder
4	83176947	83187807	4	49434735	49443151	placeholder
1	286883799	286889263	1	43273737	43281514	placeholder
2	165114188	165122268	2	97624149	97633417	placeholder
1	237683575	237770807	1	92026440	92101061	placeholder
16	5711651	5718918	15	4815873	4821623	placeholder
2	56548012	56549140	2	175397318	175398446	placeholder
1	225099251	225111691	1	103965560	103990415	placeholder
5	3618808	3621498	5	107179761	107186279	placeholder
7	9229352	9260935	7	9733172	9764164	placeholder
4	87490493	87491672	4	47502103	47503282	placeholder
12	14278970	14335915	12	6093809	6191448	placeholder
1	159966107	159977232	1	162637466	162645577	placeholder
1	285246481	285289373	1	44876133	44943272	placeholder
5	53795571	53796690	5	56611658	56612783	placeholder
3	33682601	33690688	3	36467662	36476786	placeholder
8	69292882	69306539	8	58879554	58891064	placeholder
3	191794921	191807483	3	189365826	189376350	placeholder
1	330587511	330605480	1	9170288	9202800	placeholder
11	8525113	8526909	9	20962540	20964138	placeholder
1	15622474	15628986	1	300996720	301003738	placeholder
1	337862003	337885689	1	2834825	2852233	placeholder
1	28456355	28463009	1	289197253	289202028	placeholder
3	149070272	149260652	3	145385025	145607631	placeholder
1	160021449	160068682	1	162546829	162595720	placeholder
7	2449357	2461054	7	3294734	3304017	placeholder
2	152493129	152501588	2	109951035	109957355	placeholder
7	64984531	65006465	7	54256888	54279300	placeholder
8	25858811	25884374	8	39995644	40022670	placeholder
16	1940688	1956314	15	15893895	15918061	placeholder
8	67423922	67430779	8	57717855	57724484	placeholder
1	194829453	194840695	1	131880250	131889601	placeholder
3	81885676	81935218	3	87949812	87972703	placeholder
1	254542856	254553655	1	75853321	75865759	placeholder
1	312063751	312070997	1	22644413	22654757	placeholder
5	9920685	9921801	5	101126393	101127509	placeholder
2	23972473	23975909	2	209752651	209756685	placeholder
5	86454681	86455797	5	33828847	33829963	placeholder
6	45558737	45565146	6	45565254	45571413	placeholder
5	120773034	120789889	5	10302466	10319907	placeholder
17	9737566	9749505	16	4251400	4270360	placeholder
2	206297940	206306020	2	57829707	57838182	placeholder
6	45404819	45420330	6	45415808	45431101	placeholder
13	16247709	16254254	10	22451516	22459730	placeholder
1	152743364	152746193	1	169611935	169614522	placeholder
2	145979206	145980322	2	115490854	115491970	placeholder
8	13972108	13986645	8	13970768	13984122	placeholder
2	207600450	207615795	2	56662387	56677119	placeholder
3	191860243	191869494	3	189431683	189440678	placeholder
1	62945850	62965980	1	254237341	254264545	placeholder
7	62549995	62551105	7	52848735	52849845	placeholder
8	11616102	11628646	8	11775870	11783821	placeholder
5	97257590	97268163	5	24812167	24824492	placeholder
5	40545880	40546981	5	70724442	70725543	placeholder
5	51739722	51740835	5	58835386	58836499	placeholder
5	46731037	46745619	5	64002597	64012170	placeholder
1	191934916	191988004	1	134586297	134623742	placeholder
4	95236237	95269002	4	41167126	41194603	placeholder
1	242890718	242992647	1	86978271	87086842	placeholder
3	37533380	37534490	3	40824350	40825460	placeholder
3	61881098	61895686	3	67564252	67576809	placeholder
14	13334858	13335950	14	15547310	15548399	placeholder
2	63668762	63685941	2	168410443	168428627	placeholder
5	100540780	100556378	5	14684673	14697429	placeholder
4	99404498	99417465	4	37345452	37361572	placeholder
3	168056225	168061949	3	165431773	165437909	placeholder
3	157335905	157342583	3	154088740	154095055	placeholder
2	134827672	134889599	2	123949202	124004351	placeholder
1	153875253	153882502	1	168398174	168406796	placeholder
3	65590375	65607059	3	71620686	71641232	placeholder
6	74295814	74364807	6	65339216	65378249	placeholder
6	57811051	57818632	6	58021334	58035190	placeholder
2	176538799	176539906	2	86744548	86745646	placeholder
7	28183370	28196561	7	27599522	27609612	placeholder
15	14780820	14790086	13	3047364	3059504	placeholder
8	11527314	11542694	8	11689877	11705651	placeholder
11	2451134	2452238	9	924874	925978	placeholder
15	14914426	14918020	13	2899348	2906334	placeholder
10	1677187	1683711	11	23490118	23497697	placeholder
3	161493829	161510864	3	158219288	158230327	placeholder
8	30902217	30904757	8	34786155	34788731	placeholder
7	2944764	2950970	7	3733830	3739615	placeholder
1	242730034	242739413	1	87284989	87296128	placeholder
15	4145087	4175276	13	14403929	14446183	placeholder
6	2774712	2792550	6	3323173	3335017	placeholder
1	46413028	46428597	1	271164666	271184584	placeholder
7	23011792	23104885	7	22844248	22951117	placeholder
3	196180972	196227080	3	193375579	193415405	placeholder
4	50443862	50452450	4	75440659	75448649	placeholder
17	7219230	7220337	16	7983232	7984334	placeholder
1	240047278	240055900	1	89752867	89756728	placeholder
11	14733759	14734875	9	14914483	14915599	placeholder
6	42601816	42603757	6	42503255	42505280	placeholder
6	10648551	10665497	6	9732449	9752726	placeholder
12	1488379	1493807	12	20815596	20822769	placeholder
6	45172766	45179457	6	45185768	45193483	placeholder
5	2812789	2827870	5	108001481	108027667	placeholder
13	3815620	3823886	10	8092042	8101100	placeholder
5	110280203	110312088	5	1317535	1335569	placeholder
3	82964901	82973316	3	89050072	89057421	placeholder
18	3103488	3108974	17	2345303	2355721	placeholder
5	97554525	97555599	5	24526474	24527551	placeholder
16	12156854	12164487	15	1352448	1365041	placeholder
8	70178495	70220260	8	67083285	67143095	placeholder
10	8266030	8268589	11	15029881	15034366	placeholder
1	154293222	154355248	1	167950570	168008128	placeholder
2	121899787	121916221	2	137199733	137210842	placeholder
6	53078855	53091907	6	53396821	53407675	placeholder
17	10376880	10381976	16	2642908	2661426	placeholder
1	256837192	256898454	1	73437398	73510931	placeholder
6	90685521	90699448	6	87446082	87456818	placeholder
13	18704680	18710384	10	25344442	25349038	placeholder
5	30415167	30416245	5	81115070	81116153	placeholder
15	2041717	2054251	13	17871300	17901944	placeholder
3	119307887	119323480	3	114829965	114847957	placeholder
19	3006219	3007299	18	6996397	6997495	placeholder
1	65985418	65990096	1	250981739	250987145	placeholder
15	13332415	13336053	13	4531971	4536499	placeholder
7	20000496	20009868	7	19781570	19790869	placeholder
1	210967143	210968226	1	117615542	117616622	placeholder
3	152921202	152951406	3	149363039	149392509	placeholder
1	175698088	175699180	1	148391282	148392374	placeholder
7	8992462	9003253	7	9469964	9482319	placeholder
1	71144410	71145508	1	246082357	246083467	placeholder
5	37412182	37430820	5	73808746	73824485	placeholder
3	168250532	168262281	3	165635077	165650701	placeholder
5	40929882	40944111	5	70284822	70308363	placeholder
6	48947338	48963579	6	49164667	49180576	placeholder
7	84594525	84628425	7	72198249	72236557	placeholder
3	130849038	130858480	3	126395079	126404365	placeholder
1	320908235	320911136	1	14245850	14249980	placeholder
10	26734537	26736575	11	605478	607173	placeholder
2	199143447	199150556	2	64884512	64892469	placeholder
4	79253433	79308557	4	53564417	53594503	placeholder
4	2679161	2685981	4	116933814	116939103	placeholder
3	146019090	146026765	3	142184803	142199316	placeholder
14	1227461	1232576	14	1616349	1624414	placeholder
5	96920838	96934325	5	25136993	25153283	placeholder
3	79372640	79377950	3	85313056	85350185	placeholder
6	74396666	74410369	6	65415720	65437004	placeholder
2	31570211	31571285	2	201716771	201717836	placeholder
1	126295354	126306505	1	193858988	193866529	placeholder
1	63156755	63157826	1	254046951	254048028	placeholder
2	153831814	153842036	2	108655240	108665500	placeholder
8	13578035	13593154	8	13598573	13609034	placeholder
16	12339288	12340380	15	1094198	1095296	placeholder
15	8213506	8248246	13	9648884	9680292	placeholder
7	29446131	29447343	7	28798227	28799458	placeholder
2	11313486	11321927	2	231973335	231979619	placeholder
5	82483695	82500125	5	36147797	36153231	placeholder
1	286487022	286499578	1	43689411	43702306	placeholder
6	26040451	26041534	6	24687729	24688812	placeholder
8	10512709	10524537	8	10917749	10930884	placeholder
8	6816876	6831109	8	7499216	7514986	placeholder
6	18314309	18330498	6	16754165	16770928	placeholder
2	223463537	223491923	2	41194459	41226566	placeholder
5	56258537	56268621	5	54550027	54558727	placeholder
5	79420407	79421481	5	37264736	37265808	placeholder
5	40690980	40692087	5	70576675	70577782	placeholder
3	57351371	57367422	3	62892573	62910782	placeholder
3	179291050	179301708	3	177147341	177161428	placeholder
3	103388042	103401220	3	104168838	104184464	placeholder
16	12653790	12656037	15	657670	660674	placeholder
2	188287571	188294187	2	75278251	75284730	placeholder
4	21380182	21387286	4	100325852	100336448	placeholder
2	175210004	175234493	2	87950295	87977058	placeholder
6	27831079	27832165	6	26569508	26570594	placeholder
1	130902505	130903552	1	189596038	189597085	placeholder
15	14885801	14889280	13	2935450	2939067	placeholder
3	34452795	34477699	3	37364416	37389357	placeholder
11	461330	471917	9	6336708	6353012	placeholder
3	168186835	168195714	3	165551704	165563977	placeholder
8	62300651	62309001	8	43843521	43854927	placeholder
10	216830	226192	11	23022645	23028449	placeholder
7	34750224	34754037	7	33908364	33912564	placeholder
14	1641499	1642567	14	2228688	2229754	placeholder
2	12276284	12333906	2	232651997	232659957	placeholder
16	12575131	12580087	15	774541	780225	placeholder
15	16534294	16541023	13	738950	744441	placeholder
1	232125605	232126679	1	97398407	97466894	placeholder
1	150707857	150724984	1	171556823	171572612	placeholder
1	69933612	69947560	1	247151021	247163776	placeholder
1	114825369	114832665	1	204686290	204692722	placeholder
1	178832845	178847041	1	145995256	146004701	placeholder
5	87185037	87192813	5	33308159	33315478	placeholder
15	6373584	6379027	13	11722145	11726098	placeholder
1	274587568	274598593	1	55740853	55752015	placeholder
19	708567	723194	18	1693449	1738155	placeholder
1	101581055	101612782	1	216311486	216337092	placeholder
7	37704930	37731574	7	36685020	36711889	placeholder
3	69864816	69884731	3	75885189	75951980	placeholder
17	8186912	8189617	16	5904493	5907400	placeholder
1	237533323	237546527	1	92230100	92244142	placeholder
2	104348720	104369986	2	152760703	152774179	placeholder
1	101445679	101469732	1	216432782	216455075	placeholder
7	33152643	33156310	7	32479462	32483553	placeholder
10	25601506	25612832	11	2056544	2073318	placeholder
14	7044276	7050003	14	9199027	9207152	placeholder
2	51777595	51867192	2	180279363	180368149	placeholder
4	86687040	86689642	4	52184145	52186508	placeholder
15	3845666	3851902	13	14904010	14919593	placeholder
5	25176159	25196169	5	86341434	86363889	placeholder
3	38423298	38442766	3	41764907	41808067	placeholder
19	2792875	2801458	18	7221778	7229450	placeholder
3	119084713	119116858	3	114567502	114609166	placeholder
1	40710120	40719936	1	277005137	277017418	placeholder
3	127185274	127198117	3	122817031	122829200	placeholder
12	8344775	8354483	12	12429296	12437991	placeholder
3	5735204	5736212	3	8294091	8295108	placeholder
13	2290247	2294200	10	4921034	4930230	placeholder
3	199700458	199732038	3	196694787	196715192	placeholder
4	55095381	55096449	4	71207660	71208719	placeholder
13	16874131	16878438	10	23191278	23197659	placeholder
1	315732401	315755449	1	18935684	18951085	placeholder
11	20638902	20644515	9	8992581	8999471	placeholder
3	36722694	36755363	3	39975391	40016900	placeholder
13	5011155	5039502	10	9789966	9833877	placeholder
12	4174115	4177343	12	17211653	17217028	placeholder
6	81713985	81721119	6	72078459	72087073	placeholder
6	85110559	85216589	6	69160848	69243386	placeholder
17	10574896	10579730	16	11868220	11873816	placeholder
1	170512787	170537560	1	152573170	152590960	placeholder
5	31481378	31503100	5	79992728	80017474	placeholder
7	30526882	30549073	7	29854540	29875020	placeholder
15	1238662	1249751	13	20751522	20767648	placeholder
2	109259836	109264771	2	148773768	148777486	placeholder
1	181559202	181560261	1	143852852	143853911	placeholder
15	7403952	7405008	13	10571874	10572930	placeholder
17	10742478	10743501	16	12174598	12175621	placeholder
10	4655782	4656829	11	20968650	20969709	placeholder
6	26745818	26746826	6	25440675	25441683	placeholder
15	10470413	10485837	13	7396150	7411315	placeholder
3	144179471	144197948	3	140186227	140207392	placeholder
5	40518394	40527191	5	70741322	70752386	placeholder
5	4482352	4483405	5	105876608	105877649	placeholder
8	44137456	44153320	8	52435927	52450272	placeholder
17	10850980	10856412	16	12273669	12280608	placeholder
6	27658233	27673582	6	26392835	26406667	placeholder
12	651407	656584	12	21934715	21998488	placeholder
1	246966841	246967885	1	83133035	83134076	placeholder
4	55112136	55113192	4	71182114	71183158	placeholder
16	12195638	12198321	15	1303088	1307623	placeholder
2	203171883	203232113	2	60951396	61004310	placeholder
4	22191292	22193214	4	94233260	94237987	placeholder
2	148554949	148577373	2	113198164	113217383	placeholder
1	292918321	292933376	1	36735320	36749168	placeholder
1	23339863	23352822	1	294360020	294371677	placeholder
7	22802270	22811673	7	22609123	22617504	placeholder
18	7929755	7933699	17	8840395	8844132	placeholder
1	165776481	165782646	1	157162324	157168260	placeholder
15	1818425	1827654	13	18279288	18292851	placeholder
5	26390841	26407335	5	85004299	85023314	placeholder
1	286904018	286909364	1	43251278	43255605	placeholder
6	40891531	40902924	6	40673791	40685314	placeholder
5	90116861	90148061	5	31224443	31254538	placeholder
7	13182195	13194826	7	13471775	13483970	placeholder
2	151907185	151930343	2	110524059	110546548	placeholder
1	168914063	168915107	1	154204369	154205407	placeholder
3	159354965	159364977	3	156249123	156264189	placeholder
10	8219226	8238068	11	15065140	15078377	placeholder
17	3168216	3169311	16	11692724	11693797	placeholder
19	7583064	7586003	18	9338639	9340691	placeholder
3	171580715	171676640	3	169168082	169276326	placeholder
16	11355438	11358751	15	2385127	2389230	placeholder
1	249208199	249210919	1	80826377	80829256	placeholder
12	3251726	3260188	12	18372127	18381083	placeholder
15	11545058	11552206	13	6305283	6318931	placeholder
6	88229504	88239466	6	74876590	74887896	placeholder
14	2436510	2453800	14	3409522	3432631	placeholder
19	5397167	5401590	18	9171243	9176219	placeholder
4	25172690	25189378	4	96646766	96658576	placeholder
1	115994796	116043148	1	203653415	203695130	placeholder
10	16118497	16119487	11	9771338	9772322	placeholder
14	16668093	16706982	14	16359334	16372772	placeholder
1	4752312	4767364	1	309792257	309801371	placeholder
3	146230987	146237163	3	142389064	142395706	placeholder
1	98960514	98993027	1	218829119	218860371	placeholder
1	181485529	181508256	1	143885173	143906639	placeholder
3	37997277	37998318	3	41353838	41354879	placeholder
5	22800263	22809336	5	88731976	88740950	placeholder
5	97767546	97851713	5	24227120	24310785	placeholder
4	64092570	64112905	4	63734867	63748865	placeholder
1	100468055	100469090	1	217360973	217362023	placeholder
6	7906992	7921273	6	7666773	7674296	placeholder
1	72292973	72294268	1	244936866	244938166	placeholder
16	12450941	12454586	15	933785	938905	placeholder
1	259656140	259686908	1	70661516	70689303	placeholder
6	85369993	85389622	6	69020961	69036661	placeholder
5	10091701	10243402	5	100842981	100973878	placeholder
3	141492894	141508735	3	137253686	137270299	placeholder
3	63554607	63566648	3	69438512	69450619	placeholder
1	299712479	299713295	1	29434995	29435829	placeholder
2	142247982	142262794	2	119071727	119089110	placeholder
6	38438824	38441419	6	38221058	38223854	placeholder
8	8720737	8730157	8	9303594	9308916	placeholder
6	94005393	94017885	6	84195983	84206910	placeholder
13	14918967	14928791	10	20933333	20943237	placeholder
1	115219047	115226720	1	204361643	204368630	placeholder
3	29635480	29645612	3	32145760	32157630	placeholder
5	13953037	13967716	5	97484427	97495896	placeholder
3	153708633	153722086	3	150202692	150218249	placeholder
10	7979158	7980214	11	15261853	15262909	placeholder
2	31440124	31455602	2	201840708	201852730	placeholder
2	193499973	193502451	2	70176214	70180314	placeholder
3	91367155	91381700	3	97202750	97218974	placeholder
6	26756781	26757792	6	25456113	25457121	placeholder
2	65514418	65525927	2	166382255	166396119	placeholder
17	10936614	10939518	16	12355063	12359471	placeholder
1	41739249	41740284	1	275942604	275950736	placeholder
1	43130180	43131234	1	274398332	274403530	placeholder
6	45210897	45225296	6	45225535	45240451	placeholder
5	18069851	18071657	5	93467872	93470623	placeholder
12	17351071	17360706	12	394137	398268	placeholder
8	44019960	44041888	8	52525753	52542427	placeholder
1	241074763	241087590	1	88767250	88775794	placeholder
10	11607353	11673005	11	12053264	12070962	placeholder
1	52919816	52929393	1	264433819	264443793	placeholder
6	80636656	80654417	6	68413638	68426251	placeholder
1	107575401	107584405	1	210646930	210658199	placeholder
6	43123975	43124989	6	43053894	43054908	placeholder
4	23149425	23165175	4	95080798	95098611	placeholder
5	31430278	31438997	5	80069821	80082977	placeholder
7	30950073	30951090	7	30247710	30248727	placeholder
6	94274749	94297383	6	83788119	83811226	placeholder
7	92448677	92454371	7	79025833	79031610	placeholder
14	1067489	1072517	14	1397224	1404020	placeholder
3	34606462	34616096	3	37560323	37575473	placeholder
6	113899	125887	6	431476	438960	placeholder
2	29978167	30001392	2	203337688	203359476	placeholder
6	48142383	48152762	6	48288040	48300382	placeholder
1	311773962	311778046	1	22899122	22902298	placeholder
1	334980758	335028448	1	5265459	5301857	placeholder
1	332339419	332417893	1	7570241	7580944	placeholder
14	13838678	13850408	14	17861593	17873455	placeholder
3	10201406	10226645	3	12555196	12570868	placeholder
3	123377319	123386776	3	118840143	118846127	placeholder
1	142142418	142150841	1	179311311	179323308	placeholder
12	11429861	11430905	12	9183123	9184166	placeholder
15	6499082	6506384	13	11584634	11590650	placeholder
8	40908888	40913919	8	55311762	55316701	placeholder
1	24947510	24957265	1	292704530	292712605	placeholder
6	2797527	2812506	6	3339503	3354490	placeholder
5	21777201	21780650	5	89784434	89788651	placeholder
16	12837685	12839617	15	379304	381411	placeholder
1	48806835	48817831	1	268720331	268726509	placeholder
1	177219791	177220814	1	147247512	147248535	placeholder
1	215695383	215733238	1	112963864	113004100	placeholder
1	239348027	239362240	1	90453196	90462108	placeholder
19	269788	271723	18	498799	541543	placeholder
13	18379496	18381111	10	24948224	24949837	placeholder
1	301798784	301812911	1	27255423	27274543	placeholder
17	4468326	4476514	16	10743894	10747697	placeholder
10	9019741	9034292	11	14301059	14312947	placeholder
6	85796610	85801274	6	72443311	72447974	placeholder
7	85093412	85121781	7	71579490	71606250	placeholder
6	40460725	40463178	6	40201039	40204590	placeholder
2	236743327	236756600	2	28818378	28825856	placeholder
10	6421558	6428193	11	16601191	16606727	placeholder
3	45424599	45447385	3	49723953	49754498	placeholder
6	80963915	80976890	6	68555315	68566179	placeholder
6	18265398	18266391	6	16708775	16709795	placeholder
2	59953119	59961933	2	172246540	172254263	placeholder
1	311739196	311750665	1	22928307	22936764	placeholder
2	177691433	177707665	2	85563472	85579178	placeholder
7	82004330	82011548	7	77404104	77415359	placeholder
1	36180669	36225900	1	281645510	281667569	placeholder
3	185021943	185031865	3	182841854	182852157	placeholder
2	150247392	150248997	2	112005309	112007049	placeholder
1	302021737	302045398	1	27040240	27073301	placeholder
3	179199049	179202984	3	177047538	177057418	placeholder
3	131022712	131030811	3	126569274	126583851	placeholder
1	63254576	63265150	1	253935500	253944756	placeholder
10	9001174	9006792	11	14324060	14328281	placeholder
3	126299235	126322880	3	121786771	121805240	placeholder
8	9471639	9477303	8	9947625	9951907	placeholder
5	58816304	58822278	5	51802951	51808476	placeholder
4	53143261	53144284	4	73066442	73067480	placeholder
6	48529315	48532129	6	48693411	48698316	placeholder
5	40625389	40632745	5	70640772	70649568	placeholder
16	6799455	6805076	15	6046732	6051495	placeholder
1	166655328	166663398	1	156258327	156267477	placeholder
13	16996488	17010329	10	23347535	23363199	placeholder
5	97516027	97604230	5	24479125	24558752	placeholder
1	177055086	177056097	1	147384418	147385429	placeholder
2	215469359	215485677	2	48752620	48772991	placeholder
2	156003969	156013292	2	106527574	106537994	placeholder
1	198330841	198427605	1	128611058	128704008	placeholder
6	60592461	60616584	6	60826515	60853417	placeholder
8	23434267	23444860	8	23184545	23192582	placeholder
4	57600660	57601671	4	68903524	68904535	placeholder
1	335940169	335947598	1	3076948	3087796	placeholder
15	15305426	15310955	13	2365884	2370745	placeholder
2	190026298	190046905	2	73443979	73472173	placeholder
7	46562417	46577740	7	44105708	44117408	placeholder
12	417825	421254	12	22287051	22290663	placeholder
6	26714190	26715198	6	25410154	25411162	placeholder
3	119432198	119441271	3	114957019	114972376	placeholder
3	82000186	82011624	3	88009325	88019941	placeholder
19	4389416	4395881	18	8315456	8320999	placeholder
1	96023668	96030340	1	221746135	221759822	placeholder
10	8634194	8645957	11	14658478	14671676	placeholder
3	99964448	99990170	3	101256179	101277666	placeholder
10	3107957	3143016	11	19116054	19144785	placeholder
3	10376394	10383208	3	12684513	12691297	placeholder
3	196142225	196143230	3	193323456	193324452	placeholder
3	134478656	134495571	3	129934989	129952133	placeholder
15	3521919	3527178	13	15427410	15434849	placeholder
6	48062593	48083886	6	48211463	48231741	placeholder
7	25968736	25977768	7	25581814	25592719	placeholder
1	66104448	66113669	1	250865862	250874512	placeholder
3	127432890	127441699	3	123111291	123118086	placeholder
1	257105049	257111603	1	73187026	73192970	placeholder
4	70513076	70646611	4	58307242	58352343	placeholder
6	45446264	45450552	6	45456925	45460914	placeholder
5	22630984	22631989	5	88911680	88912685	placeholder
3	35023569	35032019	3	38041247	38053369	placeholder
7	80788133	80806299	7	76179129	76190860	placeholder
12	13265518	13275612	12	7256464	7269248	placeholder
11	22739175	22747703	9	6781011	6785386	placeholder
6	45476737	45484572	6	45487751	45494985	placeholder
2	33105203	33110394	2	200156847	200160180	placeholder
15	10978212	10987968	13	6885165	6893018	placeholder
14	1622077	1623076	14	2201834	2202832	placeholder
13	15758635	15766412	10	21866155	21875040	placeholder
16	7665985	7670494	15	7167402	7174209	placeholder
2	215072870	215081627	2	49158047	49165987	placeholder
1	71786686	71929521	1	245298608	245462769	placeholder
1	215580216	215588672	1	113141419	113149669	placeholder
8	38251932	38286341	8	27705987	27753373	placeholder
1	17881551	17887590	1	299061742	299067119	placeholder
7	74360800	74381073	7	59800553	59820331	placeholder
2	154625358	154642439	2	107919311	107932549	placeholder
2	152806093	152807089	2	109628391	109629387	placeholder
3	15817555	15823516	3	17626638	17633748	placeholder
1	311754508	311762199	1	22914491	22924309	placeholder
2	59228271	59244585	2	173030339	173047392	placeholder
7	39920602	39950738	7	38676355	38708655	placeholder
3	71159361	71160357	3	77204484	77205480	placeholder
5	94963732	94990436	5	26777646	26802007	placeholder
1	332545097	332545961	1	7401618	7402482	placeholder
4	96535076	96544445	4	40015824	40027882	placeholder
2	222434095	222439839	2	42244287	42249938	placeholder
2	64714528	64727374	2	167187907	167202632	placeholder
1	246362746	246375312	1	83761084	83773537	placeholder
3	147481140	147491566	3	143775871	143785250	placeholder
3	179095038	179126174	3	176967707	176989906	placeholder
8	19264187	19271602	8	18933836	18942064	placeholder
8	59623501	59720428	8	41579830	41634946	placeholder
11	12387946	12392991	9	17286778	17290812	placeholder
1	69953916	69963537	1	247134048	247143320	placeholder
4	64250360	64260216	4	63631718	63645273	placeholder
13	2924971	2930390	10	6670590	6677826	placeholder
1	293908991	293913669	1	35697513	35702672	placeholder
1	148428908	148429898	1	173743499	173744489	placeholder
6	91359143	91373926	6	86842031	86853140	placeholder
3	132711035	132717901	3	128166238	128174295	placeholder
2	120330037	120331024	2	138794243	138795221	placeholder
8	51820274	51838115	8	46292504	46302462	placeholder
2	34867920	34871732	2	198347438	198351804	placeholder
5	92499893	92532502	5	28985905	29016586	placeholder
3	160946859	160987000	3	157720102	157772862	placeholder
6	52985988	52998077	6	53307865	53319145	placeholder
3	126790650	126792297	3	122439456	122441046	placeholder
3	172445741	172456238	3	170119363	170129511	placeholder
8	48525711	48569928	8	48758707	48788096	placeholder
1	274144535	274156679	1	56241983	56254487	placeholder
16	7227402	7242107	15	6625330	6642633	placeholder
3	119347024	119356910	3	114871424	114882054	placeholder
3	169446630	169452803	3	166953714	166959060	placeholder
1	22903176	22905372	1	294800447	294806142	placeholder
2	33377753	33392644	2	199800688	199817712	placeholder
1	55347149	55400678	1	261842390	261902527	placeholder
6	88269513	88289152	6	74922615	74934852	placeholder
1	104450761	104456803	1	213589659	213596864	placeholder
4	23363527	23366401	4	95205174	95208088	placeholder
16	2514259	2523986	15	15326789	15346111	placeholder
1	12049101	12061974	1	303987390	304000039	placeholder
4	99374311	99390487	4	37369682	37382315	placeholder
17	4671641	4675810	16	10576730	10579771	placeholder
1	48687679	48700814	1	268883037	268897824	placeholder
12	11380850	11381783	12	9238008	9238941	placeholder
5	3498002	3498959	5	107289676	107290636	placeholder
17	8077435	8081002	16	5750994	5758216	placeholder
7	22154035	22171499	7	21939378	21959521	placeholder
4	17270867	17299256	4	103840565	103861823	placeholder
5	18900991	18918557	5	92650017	92669095	placeholder
1	11727876	11744240	1	304271186	304286236	placeholder
3	98099868	98100693	3	100139356	100140181	placeholder
1	199249441	199253659	1	128117828	128121400	placeholder
6	60252237	60261588	6	60495911	60503573	placeholder
7	58593933	58618025	7	50398943	50416225	placeholder
2	76096608	76111979	2	155722727	155731140	placeholder
6	26767234	26797119	6	25466273	25467212	placeholder
3	94443798	94482740	3	98870545	98884801	placeholder
1	149672	155534	1	310460232	310469331	placeholder
3	51177085	51178060	3	56248867	56249842	placeholder
1	314390842	314398302	1	20314942	20323378	placeholder
2	174997999	175006219	2	88243024	88251715	placeholder
1	150441371	150483117	1	171783854	171827420	placeholder
3	148888426	148894060	3	145248738	145253424	placeholder
6	33159067	33175965	6	32479300	32502117	placeholder
2	222363462	222366450	2	42311135	42314438	placeholder
13	2243892	2246984	10	4828315	4837042	placeholder
6	46547831	46617732	6	46629437	46707279	placeholder
13	12874237	12877062	10	18690854	18692842	placeholder
3	89851761	89854122	3	96037869	96043964	placeholder
15	3624575	3630448	13	15286789	15295967	placeholder
8	30025396	30036760	8	35686998	35707698	placeholder
15	15798952	15806293	13	1673353	1684552	placeholder
2	199763133	199767804	2	64267898	64271627	placeholder
7	20911338	20935409	7	20703277	20731988	placeholder
1	225156754	225193736	1	103866855	103917036	placeholder
5	94056574	94076334	5	27613195	27634073	placeholder
7	30501244	30516615	7	29828084	29845078	placeholder
19	829217	832626	18	2002005	2006699	placeholder
3	141419523	141468921	3	137059773	137229676	placeholder
3	153507475	153528272	3	149981368	149998091	placeholder
17	10166811	10181895	16	3191386	3228763	placeholder
16	2034870	2040464	15	15807217	15814192	placeholder
7	31709098	31721617	7	31072409	31088557	placeholder
2	104966617	104996491	2	152169705	152186827	placeholder
5	97525550	97526501	5	24550786	24551737	placeholder
11	22519435	22523265	9	7019222	7024508	placeholder
6	48537921	48539978	6	48705947	48708482	placeholder
3	91703783	91751360	3	97362807	97402026	placeholder
2	217206043	217299946	2	46966095	47054308	placeholder
2	2823163	2849783	2	223811738	223829042	placeholder
4	26385379	26393306	4	97486320	97491544	placeholder
1	28124513	28151774	1	289509679	289540588	placeholder
1	121908789	121913597	1	198016236	198021165	placeholder
16	11072844	11076446	15	2628690	2634188	placeholder
19	4474789	4478947	18	8399216	8404074	placeholder
3	17334551	17407264	3	18871307	18940122	placeholder
4	4675358	4680752	4	114568070	114572789	placeholder
19	2837316	2856557	18	7152465	7174806	placeholder
2	101819937	101830245	2	155015623	155024648	placeholder
2	152024709	152031327	2	110435623	110444635	placeholder
1	272334026	272337620	1	58309967	58313408	placeholder
7	3763048	3779418	7	4179754	4192193	placeholder
3	141942355	141959035	3	137719159	137725713	placeholder
1	184800152	184801109	1	141267604	141268561	placeholder
1	257043414	257056255	1	73251725	73268469	placeholder
3	79962025	79969244	3	85944660	85951995	placeholder
15	11609747	11618912	13	6245779	6256642	placeholder
1	144511717	144549675	1	177269777	177305910	placeholder
1	317795713	317812693	1	16977565	16987286	placeholder
8	49388035	49404591	8	48054011	48066123	placeholder
1	69852085	69863721	1	247230746	247240001	placeholder
4	37394578	37398648	4	87351184	87355332	placeholder
3	69648377	69668230	3	75737487	75757583	placeholder
5	108115640	108133694	5	21872185	21903323	placeholder
2	155167769	155174808	2	107353834	107360737	placeholder
14	3870911	3884291	14	5261089	5273160	placeholder
1	287745968	287758239	1	42221113	42236781	placeholder
3	65819961	65906645	3	71849035	71946588	placeholder
6	48513056	48514975	6	48680782	48682494	placeholder
15	14877942	14884938	13	2940576	2944639	placeholder
1	340059424	340068864	1	905259	913822	placeholder
10	10108212	10125620	11	13292956	13307049	placeholder
3	119133293	119142106	3	114621740	114627312	placeholder
10	14476890	14486215	11	10958857	10968649	placeholder
15	7946286	7955549	13	9955355	9963520	placeholder
1	41279587	41294517	1	276377561	276392049	placeholder
12	8111226	8125959	12	12682024	12694958	placeholder
3	182323002	182344915	3	180191648	180207320	placeholder
16	4663984	4695482	15	3690812	3721342	placeholder
2	21470521	21476403	2	212276087	212283174	placeholder
1	121492982	121513649	1	198375050	198393511	placeholder
2	137513682	137537845	2	126386070	126414438	placeholder
3	186156678	186157644	3	184038601	184039567	placeholder
3	147836535	147850924	3	144166242	144182569	placeholder
1	227733392	227744622	1	101517079	101526555	placeholder
8	28814723	28819444	8	36971422	36975689	placeholder
1	164369013	164387476	1	158633693	158668470	placeholder
7	37778918	37798059	7	36769508	36795745	placeholder
10	1405811	1410656	11	21692502	21699506	placeholder
15	13837458	13847179	13	4147927	4155457	placeholder
3	63020543	63034800	3	68816431	68834161	placeholder
5	122563566	122580856	5	12737075	12780065	placeholder
16	11156062	11158103	15	2733566	2735449	placeholder
3	125142861	125167978	3	120682372	120720464	placeholder
1	221882984	221902693	1	107158651	107176845	placeholder
5	13198921	13209069	5	98101085	98109980	placeholder
5	2974603	2985468	5	107883529	107891654	placeholder
5	82056582	82064033	5	36345130	36355469	placeholder
10	298389	301813	1	348634	358818	placeholder
2	11752417	11764056	2	232341802	232350033	placeholder
6	35104468	35130549	6	34358043	34376428	placeholder
1	292731010	292744256	1	36954109	36968383	placeholder
1	14125200	14137674	1	302289525	302299431	placeholder
1	313567755	313577900	1	21104600	21128031	placeholder
3	2605286	2626636	3	3379299	3394857	placeholder
5	56788980	56826916	5	53939558	54001250	placeholder
1	233800614	233818295	1	95818871	95836809	placeholder
4	84622798	84629302	4	50472126	50479610	placeholder
1	323533029	323534405	1	11803799	11807062	placeholder
6	26490304	26491246	6	25181253	25182195	placeholder
8	13828119	13834483	8	13829800	13834574	placeholder
6	85705415	85727789	6	72355501	72377601	placeholder
1	101633646	101641005	1	216281230	216291788	placeholder
1	71679862	71684213	1	245570882	245575257	placeholder
5	107887894	107888836	5	21643976	21644918	placeholder
16	10043039	10046825	15	11521355	11529582	placeholder
1	15592279	15604451	1	301027941	301040453	placeholder
2	104042525	104059359	2	153028529	153049796	placeholder
15	8695926	8710301	13	9174016	9185384	placeholder
15	4451449	4469383	13	14006060	14027506	placeholder
14	2546099	2552067	14	3572439	3581035	placeholder
3	49925440	49934898	3	54854528	54870742	placeholder
5	82528919	82535125	5	36110242	36116504	placeholder
12	1652769	1656295	12	20644301	20649167	placeholder
2	186547442	186579677	2	77037357	77078856	placeholder
2	18283311	18295325	2	215393443	215409643	placeholder
12	4418644	4429502	12	16941084	16950616	placeholder
3	139030504	139031446	3	134767741	134768683	placeholder
2	104067627	104078661	2	153011709	153021249	placeholder
1	214774649	214785046	1	113989612	114013875	placeholder
18	659655	663393	17	723000	728511	placeholder
4	70131447	70147180	4	59073681	59082866	placeholder
2	205187647	205204276	2	58919477	58938249	placeholder
8	41180666	41206715	8	55024984	55051769	placeholder
12	15293995	15296354	12	5264287	5267467	placeholder
16	1599566	1610956	15	16247783	16260321	placeholder
2	32893468	32901883	2	200371166	200379317	placeholder
4	8620652	8640261	4	111276102	111293973	placeholder
4	82413763	82426076	4	48961208	48966607	placeholder
1	13630224	13639966	1	302715576	302724565	placeholder
13	1732697	1741356	10	3632357	3641305	placeholder
1	94721140	94731038	1	223042168	223053154	placeholder
2	30103829	30130485	2	203206988	203227495	placeholder
1	61861450	61874189	1	255454097	255464244	placeholder
3	94801863	94802799	3	98982979	98983915	placeholder
2	37061664	37073579	2	196186324	196198978	placeholder
3	142635885	142642822	3	138473809	138480765	placeholder
3	45126652	45141829	3	49367945	49380454	placeholder
16	7539106	7548036	15	7011825	7020946	placeholder
3	141483280	141488786	3	137240594	137246405	placeholder
16	11215413	11218082	15	2576764	2581099	placeholder
2	155865948	155902677	2	106637412	106687098	placeholder
2	153879467	153891812	2	108593000	108607935	placeholder
2	182792656	182800050	2	80662666	80669706	placeholder
3	135474273	135485518	3	131012576	131023580	placeholder
14	6719342	6740259	14	8822775	8855596	placeholder
1	156246797	156253137	1	166213161	166219811	placeholder
1	324298228	324311674	1	11113081	11123787	placeholder
4	55056982	55070409	4	71230042	71239100	placeholder
1	27365871	27372522	1	290316445	290322222	placeholder
1	302294552	302302252	1	26766242	26773658	placeholder
5	92281210	92319137	5	29211359	29249311	placeholder
3	177031604	177032585	3	174966863	174967832	placeholder
3	51088470	51098062	3	56145834	56156075	placeholder
15	8829368	8833665	13	9024398	9028084	placeholder
6	43228006	43249193	6	43177798	43203120	placeholder
3	105487727	105504020	3	106268489	106283674	placeholder
13	1658227	1664196	10	3496340	3507912	placeholder
3	24389512	24422317	3	26315170	26351504	placeholder
3	20679431	20680349	3	22232888	22233818	placeholder
8	22037766	22051484	8	21808306	21827691	placeholder
1	33354425	33472724	1	284302161	284339589	placeholder
1	121545686	121546607	1	198336978	198337899	placeholder
1	195297942	195308820	1	131449446	131468187	placeholder
14	3731889	3737295	14	5085407	5091571	placeholder
3	160639541	160645780	3	157433123	157444487	placeholder
1	27966154	28090505	1	289583208	289735081	placeholder
3	201427806	201471143	4	55284740	55329415	placeholder
8	54922949	54991038	8	71153791	71190003	placeholder
16	7806978	7812998	15	7338086	7343352	placeholder
10	8994439	8998852	11	14331451	14336359	placeholder
3	62041679	62052045	3	67729111	67741650	placeholder
1	68676045	68692101	1	248415961	248432438	placeholder
1	289180686	289190944	1	40670298	40677099	placeholder
1	63373764	63403644	1	253792464	253822769	placeholder
3	159976874	159985553	3	156728732	156739502	placeholder
1	124214390	124224961	1	195829882	195844676	placeholder
3	189513228	189514140	3	187174413	187175331	placeholder
14	336453	338778	14	369186	371444	placeholder
10	805704	807885	11	23711643	23715925	placeholder
2	126771460	126773979	2	133273925	133276290	placeholder
11	22770616	22772916	9	6744136	6746492	placeholder
1	276224083	276235439	1	54114497	54125763	placeholder
3	31300980	31301889	3	33900008	33900914	placeholder
1	36056342	36066725	1	281715026	281726919	placeholder
7	8457513	8472566	7	8964538	8973988	placeholder
14	5390029	5392411	14	7204662	7206965	placeholder
2	182132373	182133261	2	81305970	81306858	placeholder
12	14838725	14843475	12	5528787	5533797	placeholder
5	30969792	30995175	5	80439660	80467388	placeholder
4	74321715	74322618	4	56816447	56817347	placeholder
1	259113679	259117601	1	71167543	71170343	placeholder
6	38534346	38539448	6	38342792	38349015	placeholder
14	12784717	12793065	14	16259182	16276476	placeholder
1	51271444	51293521	1	266160836	266184653	placeholder
7	30904032	30912490	7	30202406	30210549	placeholder
1	258637818	258644559	1	71647336	71653564	placeholder
3	168881849	168889416	3	166328239	166338109	placeholder
17	8622770	8625967	16	6515812	6519540	placeholder
10	9590942	9591821	11	13783265	13784144	placeholder
8	48898159	48917381	8	48481667	48502590	placeholder
6	1489671	1523508	6	1925093	1950671	placeholder
3	154025595	154040479	3	150555211	150566481	placeholder
10	16559312	16572061	11	9400361	9413821	placeholder
5	36229103	36241061	5	75079891	75094811	placeholder
1	239597428	239613525	1	90186764	90205430	placeholder
2	28693817	28705324	2	204706811	204716734	placeholder
15	7243547	7258702	13	10738893	10752610	placeholder
6	90809904	90821646	6	87321633	87329763	placeholder
3	141656682	141664134	3	137412887	137422542	placeholder
3	161145744	161147918	3	157919700	157921781	placeholder
1	299206745	299248879	1	29885397	29932537	placeholder
3	37935328	37948512	3	41279782	41291901	placeholder
12	9318350	9319265	12	11445965	11446877	placeholder
1	53464921	53467932	1	263876933	263879679	placeholder
3	98656478	98668829	3	100406194	100411792	placeholder
8	48050796	48065468	8	49181937	49196950	placeholder
14	16730789	16739389	14	16380157	16388216	placeholder
19	7205815	7215199	18	9561055	9565121	placeholder
1	63987933	63994024	1	253144223	253152348	placeholder
3	51192279	51193173	3	56268237	56269131	placeholder
1	253998669	254022257	1	76400500	76429563	placeholder
2	219842510	219848119	2	44784017	44789574	placeholder
16	2171687	2183856	15	15666408	15675559	placeholder
3	156999424	157008551	3	153742019	153752004	placeholder
1	233842059	233858179	1	95800467	95806358	placeholder
19	1248471	1253320	18	3964383	3980358	placeholder
1	115872850	115886494	1	203769477	203782347	placeholder
1	195725915	195736238	1	131051003	131065567	placeholder
2	73961960	73976454	2	157840706	157860936	placeholder
5	69797733	69853268	5	42330388	42363488	placeholder
1	116729582	116740120	1	202934295	202952702	placeholder
3	44029873	44035617	3	48154938	48161237	placeholder
2	192072143	192084492	2	71567113	71583079	placeholder
4	82214165	82226647	4	48817407	48826450	placeholder
1	64064259	64065051	1	253067623	253068412	placeholder
1	116548997	116553394	1	203147426	203153103	placeholder
14	13453037	13483032	14	15419262	15442875	placeholder
14	6490429	6495376	14	8547068	8553864	placeholder
3	186825677	186847069	3	184709981	184733527	placeholder
2	152011920	152012820	2	110453149	110454049	placeholder
5	109130339	109133803	5	480035	482395	placeholder
3	147191074	147235651	3	143462668	143506012	placeholder
3	1802393	1814558	3	4123989	4133392	placeholder
12	17471151	17511633	12	525936	575784	placeholder
2	141642582	141656661	2	119542254	119565177	placeholder
17	3069160	3075355	16	11753327	11755821	placeholder
3	197530097	197538082	3	194716289	194724314	placeholder
17	9529587	9532221	16	4743305	4752841	placeholder
1	269941830	269943612	1	60610055	60611894	placeholder
1	138347527	138362693	1	182816863	182823583	placeholder
7	6312509	6320160	7	6980887	6990442	placeholder
1	153890669	153908381	1	168367241	168377530	placeholder
8	24570268	24594920	8	24311358	24333083	placeholder
11	8316991	8324157	9	21177043	21183164	placeholder
1	56722420	56723320	1	260520547	260521447	placeholder
1	274508300	274514686	1	55828883	55836161	placeholder
1	169200022	169266649	1	153825112	153902242	placeholder
1	202598687	202599560	1	125004915	125005776	placeholder
2	25533048	25542415	2	208108920	208120608	placeholder
2	18265919	18272655	2	215418178	215429462	placeholder
7	2582891	2595838	7	3425982	3440498	placeholder
1	257144325	257160403	1	73136791	73154698	placeholder
1	102545557	102563787	1	215301515	215325231	placeholder
3	48554490	48555384	3	53267478	53268372	placeholder
11	12557737	12561263	9	17125382	17129699	placeholder
8	22606094	22614125	8	22343312	22353560	placeholder
1	98491722	98497212	1	219299879	219305219	placeholder
2	167951333	167972473	2	94962637	94977277	placeholder
1	285003644	285004535	1	45203230	45204081	placeholder
16	11899647	11911538	15	1697168	1710469	placeholder
3	37424175	37432021	3	40677416	40687592	placeholder
19	5338339	5345652	18	9132101	9136515	placeholder
19	5461109	5463039	18	9215279	9217244	placeholder
2	8700272	8798173	2	229485621	229498026	placeholder
12	8361177	8363588	12	12422436	12424157	placeholder
1	187074360	187083196	1	139179798	139188630	placeholder
4	55036367	55039935	4	71246054	71249909	placeholder
6	1125099	1153463	6	1525794	1544624	placeholder
14	15080029	15094819	14	18079633	18096080	placeholder
4	38904472	38925812	4	85994280	86006084	placeholder
1	238839123	238849542	1	90907108	90915544	placeholder
1	194990387	195006042	1	131715822	131725510	placeholder
1	34707649	34708534	1	283120848	283121733	placeholder
2	169697580	169702537	2	93333369	93341104	placeholder
2	18948703	18960143	2	214720694	214734104	placeholder
17	6459442	6471181	16	8793444	8803223	placeholder
1	214918479	214935673	1	113728626	113744216	placeholder
3	94212603	94213455	3	98817749	98818601	placeholder
7	29130364	29142922	7	28502245	28532772	placeholder
1	50404155	50409130	1	266937020	266943951	placeholder
1	281347005	281359181	1	48980229	48994638	placeholder
17	8196851	8201116	16	5918075	5921495	placeholder
1	192757757	192769849	1	133833837	133844762	placeholder
1	193436955	193447570	1	133131956	133141025	placeholder
5	69036122	69054615	5	42951644	42993388	placeholder
1	64785259	64796625	1	252363421	252370958	placeholder
4	51164164	51169535	4	74796610	74806276	placeholder
1	224964945	224989821	1	104059896	104078810	placeholder
2	208938691	209015672	2	55221300	55279937	placeholder
15	13928487	13940701	13	4059270	4070210	placeholder
8	76054681	76079630	8	61008373	61052024	placeholder
3	153399497	153416303	3	149866047	149882857	placeholder
5	46764623	46772155	5	63974470	63981166	placeholder
3	25732166	25736330	3	27798866	27812119	placeholder
2	207650944	207663239	2	56597392	56614814	placeholder
3	63642884	63653336	3	69541782	69555608	placeholder
4	119628464	119636862	4	12082109	12086412	placeholder
3	100068641	100072049	3	101347699	101350994	placeholder
2	22475030	22484261	2	211304939	211312143	placeholder
19	224084	224975	18	408098	408996	placeholder
13	13758293	13766618	10	19671444	19680968	placeholder
1	71419570	71430767	1	245823017	245839652	placeholder
2	215428801	215442696	2	48805825	48818975	placeholder
1	207170940	207187765	1	121173368	121189391	placeholder
1	283509210	283551242	1	46708153	46750989	placeholder
2	8911911	8936038	2	229619681	229640600	placeholder
19	80743	83638	18	271024	275252	placeholder
7	27999693	28012565	7	27395856	27412568	placeholder
5	68350783	68360219	5	43524175	43532464	placeholder
3	61708029	61735276	3	67483360	67528199	placeholder
5	50227586	50230754	5	60337441	60340075	placeholder
3	202903178	202906836	3	199267425	199272093	placeholder
6	81185630	81224383	6	68676840	68695435	placeholder
5	37380061	37380940	5	73866846	73867725	placeholder
1	226319786	226322115	1	102777380	102780196	placeholder
6	24977235	24983952	6	23580735	23586261	placeholder
1	53801186	53808430	1	263538906	263554022	placeholder
12	9031999	9037567	12	11723885	11729419	placeholder
1	257309801	257322769	1	72983427	72992817	placeholder
12	4397666	4402933	12	16966787	16972334	placeholder
17	4122556	4127757	16	11011258	11013464	placeholder
14	10207303	10219373	14	12576142	12584716	placeholder
18	9348056	9348860	17	10691774	10692587	placeholder
5	39259869	39270425	5	71790243	71801389	placeholder
6	16886085	16907394	6	15376493	15395133	placeholder
1	131988055	132010362	1	188688344	188709419	placeholder
6	89181616	89188838	6	75800269	75806145	placeholder
1	268348600	268362906	1	62192493	62207571	placeholder
6	12889795	12899786	6	11930372	11943055	placeholder
1	265268174	265285136	1	65188051	65209350	placeholder
12	10114266	10124525	12	10566084	10571880	placeholder
1	25288528	25293982	1	292366282	292374452	placeholder
1	49401635	49416134	1	268053195	268058137	placeholder
1	150193679	150203047	1	172063511	172068012	placeholder
19	2110888	2113774	18	5963435	5966815	placeholder
1	319558202	319564842	1	15341069	15349501	placeholder
1	26170786	26178960	1	291533163	291541155	placeholder
15	11815975	11822204	13	6039131	6045483	placeholder
7	14137997	14149147	7	14385645	14393285	placeholder
8	55327899	55353461	8	71294760	71299247	placeholder
19	4614832	4619523	18	8537355	8539553	placeholder
2	194804017	194977216	2	68673529	68869280	placeholder
16	12251298	12253216	15	1231851	1234055	placeholder
6	85821213	85832662	6	72460257	72468674	placeholder
1	194892286	194897795	1	131818106	131825305	placeholder
18	8524843	8546272	17	9672457	9731698	placeholder
1	254741484	254742348	1	75675160	75676024	placeholder
4	89849200	89866806	4	45654833	45660804	placeholder
1	73176751	73186162	1	243969136	243978319	placeholder
11	18850891	18854159	9	10856744	10860905	placeholder
1	165481809	165493405	1	157542863	157552506	placeholder
1	287728898	287731961	1	42257049	42259914	placeholder
3	156906888	156911165	3	153649215	153654019	placeholder
15	16678785	16687782	13	555576	565471	placeholder
5	99744196	99758457	5	13563639	13577806	placeholder
2	207667909	207676090	2	56577445	56593624	placeholder
1	211793548	211799708	1	116751523	116756701	placeholder
1	92855404	92877105	1	224833019	224850624	placeholder
6	84882667	84893085	6	69420556	69439288	placeholder
1	319354887	319362939	1	15544849	15555610	placeholder
16	8077546	8082426	15	7696289	7706407	placeholder
1	261844406	261845264	1	68627030	68627894	placeholder
14	8207536	8217960	14	10524203	10531928	placeholder
1	61673109	61687240	1	255624356	255634297	placeholder
1	88472720	88476126	1	229296757	229301072	placeholder
10	7938831	7949914	11	15288050	15297636	placeholder
2	199317794	199326674	2	64681528	64693801	placeholder
3	68068687	68083691	3	75058625	75070656	placeholder
4	58287057	58315955	4	68259094	68275078	placeholder
1	223400365	223405759	1	105631317	105640348	placeholder
1	69660684	69678740	1	247430301	247448026	placeholder
13	1668403	1675124	10	3517186	3527524	placeholder
2	185787637	185789688	2	77879474	77881679	placeholder
1	295461490	295499022	1	33928251	33955079	placeholder
1	87683757	87697409	1	230090694	230103502	placeholder
1	53171958	53190608	1	264140523	264154832	placeholder
6	59442253	59450323	6	59696032	59705910	placeholder
3	148005459	148007004	3	144303197	144307134	placeholder
1	276994812	276998550	1	53430781	53436364	placeholder
3	119046249	119078625	3	114525719	114557511	placeholder
7	9014680	9028964	7	9493893	9512922	placeholder
7	80722813	80741705	7	76093370	76119112	placeholder
2	126799428	126801676	2	133248691	133250826	placeholder
2	15390910	15398178	2	218428742	218439841	placeholder
4	42487466	42503701	4	82608821	82623614	placeholder
10	5322758	5327764	11	17704999	17710503	placeholder
16	11435811	11438545	15	2267976	2271992	placeholder
19	5611251	5613803	18	10808335	10810910	placeholder
14	5035577	5039948	14	6819759	6825601	placeholder
3	103231650	103239597	3	104020735	104027090	placeholder
1	31053813	31054665	1	286659799	286660651	placeholder
3	40899701	40932452	3	44680763	44718730	placeholder
17	2250934	2255267	16	1547224	1549335	placeholder
6	76203661	76233911	6	66472507	66490344	placeholder
1	6557554	6567057	1	308670637	308677787	placeholder
19	333186	336380	18	552369	556637	placeholder
5	31957318	31967013	5	79453343	79464675	placeholder
3	50472232	50481034	3	55511642	55520488	placeholder
8	44083195	44092397	8	52493317	52502997	placeholder
11	8475153	8481049	9	21004232	21013512	placeholder
7	70475989	70515393	7	56423796	56464228	placeholder
1	8722367	8763204	1	306777519	306809215	placeholder
1	340579600	340589603	1	409528	420978	placeholder
3	150231919	150240488	3	146390399	146404509	placeholder
1	49090090	49103329	1	268379297	268394495	placeholder
8	44452280	44455259	8	52149445	52155793	placeholder
3	14154856	14165120	3	16017372	16028952	placeholder
5	94010238	94015502	5	27677218	27681748	placeholder
2	158393782	158394406	2	104340971	104341598	placeholder
4	53231249	53248016	4	72956349	72967846	placeholder
3	64534972	64544898	3	70467324	70478539	placeholder
6	93898467	93909308	6	84312140	84319136	placeholder
2	12300639	12312436	2	232566801	232634066	placeholder
2	226021126	226089532	2	38846337	38900980	placeholder
2	160856716	160880936	2	101743313	101767421	placeholder
14	16514005	16520638	14	16816676	16822215	placeholder
3	57118807	57147850	3	62673637	62704466	placeholder
2	31871776	31875803	2	201404820	201412821	placeholder
14	1445313	1447456	14	1929648	1931793	placeholder
4	93191241	93198507	4	42766355	42774704	placeholder
8	75330020	75339231	8	61931863	61939584	placeholder
6	99223327	99226167	6	87918333	87920796	placeholder
3	35040490	35054858	3	38066906	38082984	placeholder
16	12050693	12051503	15	1494422	1495264	placeholder
15	1460130	1465592	13	18940319	18952139	placeholder
3	66233328	66239918	3	72142294	72150463	placeholder
4	24446558	24447386	4	96141752	96142586	placeholder
12	584630	585467	12	22077701	22078538	placeholder
2	159633883	159645863	2	103048133	103057693	placeholder
1	337194032	337216063	1	4084981	4091008	placeholder
5	59054258	59068081	5	51505609	51517625	placeholder
6	36192078	36196198	6	35712651	35720502	placeholder
14	1242175	1244960	14	1635820	1640738	placeholder
2	32241488	32245485	2	200993343	200996337	placeholder
7	47659691	47660504	7	44863939	44864752	placeholder
10	16001659	16012408	11	9866683	9878907	placeholder
6	62301339	62307337	6	62470625	62482688	placeholder
10	10428399	10430480	11	13026504	13028442	placeholder
17	10734880	10738314	16	12166210	12170242	placeholder
8	49368224	49373582	8	48076266	48085780	placeholder
3	13144627	13145497	3	15121996	15122863	placeholder
5	1412073	1450046	5	109610594	109652971	placeholder
7	72249386	72250202	7	57950408	57951224	placeholder
7	38550743	38583893	7	37489348	37507975	placeholder
15	15693886	15712644	13	1813646	1837394	placeholder
4	32331641	32332445	4	91615390	91616200	placeholder
3	202734335	202740733	3	199067827	199072357	placeholder
3	10482896	10497758	3	12778626	12795222	placeholder
19	361721	365011	18	604082	608461	placeholder
8	38029180	38036778	8	27957126	27961806	placeholder
14	9733441	9756565	14	12149692	12166722	placeholder
2	18508678	18515240	2	215210347	215215473	placeholder
14	9620754	9621606	14	12020825	12021703	placeholder
3	16072733	16094258	3	17882169	17904480	placeholder
3	199171788	199190098	3	196265025	196275836	placeholder
6	70311337	70318933	9	951370	958505	placeholder
1	115679516	115686260	1	203961287	203966626	placeholder
8	76349326	76357359	8	60574960	60583878	placeholder
3	51125888	51133530	3	56183910	56191684	placeholder
1	237365545	237396932	1	92399730	92438468	placeholder
1	317159486	317191045	1	17578927	17607453	placeholder
2	216252706	216260225	2	48005989	48010885	placeholder
6	95282177	95307831	6	82503787	82524633	placeholder
4	33981601	33986652	4	90266991	90273777	placeholder
2	129567894	129585846	2	130568372	130582675	placeholder
13	711571	713925	10	569854	572388	placeholder
3	49527192	49538011	3	54388156	54405686	placeholder
6	72847179	72848007	6	64272102	64272933	placeholder
6	44858433	44861567	6	44805642	44808640	placeholder
17	2125357	2140485	16	1621253	1632501	placeholder
2	163305303	163390545	2	99236693	99335577	placeholder
14	4831418	4833734	14	6579727	6584027	placeholder
2	150997574	150999717	2	111358106	111360776	placeholder
17	10369657	10373524	16	2678091	2682172	placeholder
8	78955207	78961560	8	72533668	72540440	placeholder
3	167342435	167371330	3	164594625	164630896	placeholder
1	142118263	142124614	1	179344234	179354294	placeholder
6	1266697	1270821	6	1667191	1679885	placeholder
1	178268392	178271854	1	146381352	146386278	placeholder
2	240869385	240875968	2	25023999	25029092	placeholder
3	187292758	187301915	3	185164669	185174153	placeholder
11	219179	231491	9	5651364	5666045	placeholder
2	106016739	106030166	2	151437054	151444342	placeholder
1	22908179	22909007	1	294797170	294797998	placeholder
3	122826208	122862881	3	118295897	118327436	placeholder
1	178424222	178427669	1	146260271	146263472	placeholder
1	34766406	34770451	1	283046755	283110481	placeholder
6	23681373	23700502	6	22214849	22233697	placeholder
8	62417900	62472583	8	43945903	43999955	placeholder
4	21969591	21973580	4	99812025	99817652	placeholder
3	40179286	40181999	3	43908784	43911571	placeholder
4	6363320	6372653	4	112541842	112547379	placeholder
12	301006	304935	12	22431143	22435431	placeholder
1	318090156	318098825	1	16688792	16698837	placeholder
2	241466255	241487402	2	24638726	24654089	placeholder
6	31572528	31576764	6	30801233	30806126	placeholder
1	104368096	104398614	1	213646580	213673063	placeholder
6	22510653	22555382	6	21055502	21106976	placeholder
6	3222482	3242582	6	3739309	3756242	placeholder
10	11136651	11144432	11	12386002	12395398	placeholder
8	67442160	67451290	8	57732582	57737688	placeholder
3	120330781	120334766	3	115889724	115893778	placeholder
1	52533412	52596679	1	264763324	264837609	placeholder
1	36032237	36037826	1	281732836	281757059	placeholder
7	17486564	17492128	7	17580828	17587080	placeholder
6	61226730	61364743	6	61424470	61565074	placeholder
3	62847104	62877785	3	68619101	68655324	placeholder
3	61952450	61953263	3	67623640	67624453	placeholder
1	208667373	208682150	1	119727516	119750412	placeholder
2	236974860	236997731	2	28564781	28588717	placeholder
1	104618577	104628266	1	213409319	213418118	placeholder
2	200143860	200150933	2	63862300	63869734	placeholder
5	32052606	32066785	5	79368117	79379528	placeholder
15	14089309	14093707	13	3902142	3905849	placeholder
1	226188701	226221860	1	102884454	102909923	placeholder
4	76943826	77008791	4	55918357	55952228	placeholder
1	251522801	251568642	1	78540286	78584627	placeholder
7	17494320	17512618	7	17591300	17603946	placeholder
2	3300991	3310946	2	224187961	224193709	placeholder
1	313470792	313482485	1	21246482	21261761	placeholder
8	22657135	22679235	8	22407805	22423653	placeholder
3	67298402	67306292	3	73168345	73175132	placeholder
5	40947318	40952515	5	70278657	70281595	placeholder
17	9475873	9481164	16	4850794	4859815	placeholder
15	6148725	6154184	13	11967279	11973427	placeholder
3	15994668	16001382	3	17804850	17814052	placeholder
2	195304687	195315620	2	68330521	68344170	placeholder
3	47595947	47598342	3	52039641	52042022	placeholder
6	62277019	62295533	6	62435880	62459793	placeholder
1	277972325	277974700	1	52427459	52429936	placeholder
2	191498295	191507330	2	72111968	72120062	placeholder
3	28762959	28770011	3	31134762	31141800	placeholder
13	10271083	10271890	10	16194148	16194955	placeholder
4	5930537	5963779	4	113264970	113298916	placeholder
13	7419475	7426028	10	12948897	12976000	placeholder
8	22254053	22313554	8	22011679	22072436	placeholder
5	31367810	31375888	5	80136991	80143287	placeholder
1	11781105	11799406	1	304224338	304247646	placeholder
8	76701902	76710293	8	73096434	73130746	placeholder
1	249458028	249487122	1	80574293	80595912	placeholder
1	81063247	81067862	1	236426679	236430235	placeholder
4	98708621	98710938	4	37951651	37954256	placeholder
17	2149170	2166597	16	1602724	1614871	placeholder
2	184933753	184935532	2	78674496	78676361	placeholder
2	190589678	190624297	2	72881706	72915694	placeholder
2	160127119	160132411	2	102535428	102545105	placeholder
3	37908290	37915933	3	41243499	41250432	placeholder
8	11144088	11160918	8	11362442	11375496	placeholder
17	10015948	10017796	16	2726755	2733333	placeholder
1	27115016	27122130	1	290546105	290557614	placeholder
7	50864174	50903716	7	46349398	46362431	placeholder
3	168519057	168536899	3	165931989	165941743	placeholder
16	1377895	1380509	15	16503950	16507260	placeholder
1	80525011	80542438	1	236909920	236923886	placeholder
15	3493631	3499096	13	15489461	15499530	placeholder
17	9847119	9849507	16	4017681	4024744	placeholder
8	49302252	49328278	8	48122733	48141402	placeholder
7	26101433	26103857	7	25707208	25709344	placeholder
12	17319478	17339336	12	364871	391381	placeholder
4	69913924	69954851	4	59183210	59191928	placeholder
17	11032907	11033699	16	12493135	12493933	placeholder
16	9386969	9391256	15	10171165	10180415	placeholder
14	7060443	7065364	14	9216486	9223725	placeholder
2	226101434	226102199	2	38830651	38831422	placeholder
4	9780398	9782105	4	110242214	110243684	placeholder
2	129532754	129538076	2	130605103	130609929	placeholder
5	5487818	5492862	5	105354493	105363151	placeholder
3	32830483	32848615	3	35510043	35529518	placeholder
1	255366356	255393761	1	74979780	75012814	placeholder
4	82101492	82110494	4	48748124	48754614	placeholder
5	99301871	99307606	5	22843637	22848282	placeholder
3	28420127	28431937	3	30765024	30779540	placeholder
1	74651681	74686215	1	242431399	242462475	placeholder
1	25794889	25809798	1	291912293	291928731	placeholder
16	11042279	11043038	15	2589033	2589788	placeholder
2	33727580	33737460	2	199475741	199486534	placeholder
10	6283376	6296776	11	16725467	16733198	placeholder
1	51596797	51605799	1	265825617	265835239	placeholder
8	44525644	44526313	8	52092089	52092758	placeholder
3	159044633	159045422	3	155902568	155903417	placeholder
6	4179096	4198833	6	4537522	4549481	placeholder
2	51317079	51328272	2	180838579	180847312	placeholder
2	128176973	128183577	2	131857962	131865298	placeholder
8	11096794	11104635	8	11324062	11329178	placeholder
13	2705636	2710424	10	5692578	5703940	placeholder
5	20647869	20648658	5	91032649	91033438	placeholder
13	1479235	1490881	10	3094877	3117058	placeholder
3	200799305	200819571	3	197593097	197606631	placeholder
8	38837171	38864901	8	27082193	27110124	placeholder
10	7618070	7660576	11	15511452	15547399	placeholder
4	78031489	78037150	4	55497483	55500893	placeholder
1	239572300	239583146	1	90222348	90230507	placeholder
13	7564835	7570230	10	13129684	13139316	placeholder
1	152880150	152901618	1	169448381	169476678	placeholder
5	419600	425789	5	110516103	110520308	placeholder
1	292770892	292785058	1	36909967	36921619	placeholder
3	120613146	120624580	3	116155184	116178033	placeholder
16	7151948	7156727	15	6532379	6536386	placeholder
1	126232140	126237010	1	193920086	193927802	placeholder
3	63537420	63545510	3	69420866	69430352	placeholder
17	8207204	8210759	16	5929706	5933234	placeholder
2	127968619	127974571	2	132040044	132049721	placeholder
3	27289407	27310453	3	29520815	29536901	placeholder
10	9013538	9016333	11	14315911	14318953	placeholder
5	86165063	86167974	5	34060603	34063280	placeholder
5	36370568	36376605	5	74934334	74940446	placeholder
6	98662098	98666984	6	77882789	77897909	placeholder
7	64066882	64121463	7	53701852	53750816	placeholder
19	154746	155935	18	61350	63037	placeholder
3	173517467	173524569	3	171256616	171273566	placeholder
2	199947706	199959287	2	64052234	64064624	placeholder
8	19664213	19682718	8	19388761	19402842	placeholder
15	13736575	13744051	13	4259524	4266629	placeholder
14	15795426	15799596	14	19371461	19375394	placeholder
17	9955066	9958290	16	3730277	3747505	placeholder
3	50648363	50656778	3	55716260	55727429	placeholder
2	247707900	247720483	2	19798296	19805147	placeholder
18	9668407	9674040	17	11171746	11177732	placeholder
1	191921613	191929563	1	134629276	134638384	placeholder
19	2994619	3004044	18	6999754	7009483	placeholder
5	56422293	56427023	5	54392935	54396571	placeholder
2	21461974	21467661	2	212286858	212292356	placeholder
1	195844793	195856504	1	130901656	130919922	placeholder
5	26719362	26736431	5	84700081	84716593	placeholder
4	91750572	91751352	4	44001685	44002465	placeholder
1	199863926	199867354	1	127571720	127575892	placeholder
1	68487294	68496616	1	248565646	248578692	placeholder
3	28658183	28675400	3	31027740	31047565	placeholder
17	10505894	10510309	16	11782871	11787806	placeholder
1	16134541	16150103	1	300552103	300562298	placeholder
2	2377968	2392987	2	223397156	223405522	placeholder
19	855269	856461	18	2041312	2042583	placeholder
19	7196561	7200345	18	9568313	9570734	placeholder
5	120603322	120607312	5	10108481	10115734	placeholder
16	11350294	11353897	15	2391020	2394739	placeholder
2	203325022	203331644	2	60870807	60876412	placeholder
3	32382143	32399501	3	34969154	34987549	placeholder
1	323520687	323523204	1	11814234	11817568	placeholder
7	14011553	14021577	7	14247427	14255907	placeholder
4	47009866	47010640	4	78579073	78579847	placeholder
8	38599633	38603721	8	27342826	27346476	placeholder
8	78419544	78426717	8	69538992	69549158	placeholder
1	27662686	27666939	1	290003815	290008250	placeholder
14	13373083	13375836	14	15505497	15507633	placeholder
10	4637058	4637811	11	20937723	20938482	placeholder
13	10296015	10301671	10	16220634	16229268	placeholder
2	34372735	34379845	2	198891568	198896607	placeholder
5	120842534	120843314	5	10375901	10376672	placeholder
4	98808814	98819920	4	37872151	37887170	placeholder
12	1737246	1743880	12	20515720	20527668	placeholder
7	33508222	33508735	7	32769844	32770420	placeholder
8	62976284	62987406	8	44433490	44442971	placeholder
3	35936966	35943526	3	39048393	39080598	placeholder
1	96290330	96296583	1	221456017	221463809	placeholder
4	131327812	131337848	4	25548049	25555544	placeholder
3	147656426	147661498	3	143964656	143970767	placeholder
5	96993879	96999990	5	25074358	25080710	placeholder
2	747341	757961	2	221892104	221902245	placeholder
3	88131677	88144999	3	94407943	94420955	placeholder
1	276527981	276543718	1	53809954	53824622	placeholder
6	38481516	38485403	6	38267987	38275765	placeholder
19	2864200	2868137	18	7141339	7144393	placeholder
15	4758677	4765434	13	13634338	13641429	placeholder
1	291903114	291917870	1	37834228	37854441	placeholder
4	83226179	83233981	4	49464544	49471371	placeholder
1	276900305	276901073	1	53521890	53522658	placeholder
3	163289993	163296818	3	160178627	160186388	placeholder
8	23446127	23452768	8	23193926	23202346	placeholder
2	181240681	181249336	2	82162774	82169072	placeholder
1	18691347	18700150	1	298385027	298393633	placeholder
13	11081951	11089776	10	16994475	17002451	placeholder
1	246918795	246942915	1	83162160	83192939	placeholder
5	30400036	30407851	5	81124923	81135102	placeholder
7	70741667	70744028	7	56652701	56655202	placeholder
3	172890251	172896884	3	170604223	170611912	placeholder
5	74781124	74822154	5	40123036	40132761	placeholder
3	150548369	150552248	3	146783754	146790879	placeholder
7	19486662	19520378	7	19272748	19302695	placeholder
1	324259902	324269439	1	11162233	11172138	placeholder
4	29177610	29185843	4	94219274	94225368	placeholder
2	8799761	8812996	2	229499312	229512557	placeholder
3	42043216	42059794	3	45982272	45993692	placeholder
3	147023874	147039666	3	143275226	143289536	placeholder
7	24466378	24472728	7	24250044	24257900	placeholder
14	5233574	5238663	14	7038607	7046684	placeholder
2	73754069	73755520	2	158066205	158067689	placeholder
1	104104595	104124960	1	213884404	213905376	placeholder
5	41018979	41024704	5	70203247	70205119	placeholder
1	18305097	18310616	1	298713476	298719509	placeholder
1	179472307	179557235	1	145492926	145523205	placeholder
3	64216301	64232809	3	70147125	70164368	placeholder
16	11642444	11644982	15	2036726	2039736	placeholder
5	119964889	119977752	5	9497375	9507521	placeholder
1	269236436	269238997	1	61304942	61308808	placeholder
1	292690304	292712093	1	36991386	37014020	placeholder
1	33172154	33186649	1	284522780	284538026	placeholder
11	5248668	5267255	9	23954609	23972042	placeholder
3	178919263	178948745	3	176790817	176819702	placeholder
3	147063390	147064919	3	143329895	143331807	placeholder
6	40515661	40524632	6	40258457	40268761	placeholder
3	191812422	191821978	3	189380748	189389084	placeholder
1	336576769	336588187	1	3571403	3586437	placeholder
10	6918159	6935391	11	16152878	16168543	placeholder
2	191808132	191821247	2	71825356	71837674	placeholder
11	320756	323927	9	5909225	5912594	placeholder
2	76065372	76069847	2	155749725	155753807	placeholder
3	25364648	25365395	3	27414676	27415423	placeholder
2	177513342	177532222	2	85748826	85772965	placeholder
5	16493132	16551046	5	94910700	94939071	placeholder
1	89992833	90005669	1	227681818	227693510	placeholder
3	30225208	30228152	3	32780753	32784281	placeholder
18	7048308	7051747	17	7743969	7750124	placeholder
1	102033226	102045079	1	215878740	215891582	placeholder
16	1384889	1392249	15	16494041	16499941	placeholder
7	21861268	21866449	7	21646860	21651868	placeholder
1	67819677	67827706	1	249179517	249187838	placeholder
12	1730096	1740888	12	20480552	20540166	placeholder
3	92470809	92492839	3	97914164	97922622	placeholder
3	61934861	61946767	3	67608746	67619666	placeholder
17	4423788	4428916	16	10786931	10788609	placeholder
2	180411887	180417725	2	82955911	82961360	placeholder
5	122487215	122506047	5	12556844	12586458	placeholder
3	32854132	32863269	3	35535223	35542615	placeholder
14	5441897	5444492	14	7270868	7275370	placeholder
3	197178831	197205346	3	194352965	194377910	placeholder
1	331334723	331346378	1	8553759	8557553	placeholder
10	6509375	6514097	11	16515352	16525035	placeholder
1	31008833	31009577	1	286699763	286700507	placeholder
6	4998962	5025052	6	5193505	5213703	placeholder
5	18092663	18108022	5	93422438	93444337	placeholder
8	68755661	68760650	8	58703612	58708102	placeholder
1	87289048	87289786	1	230469200	230469938	placeholder
2	131330801	131338909	2	129214635	129221156	placeholder
3	62156572	62157310	3	67880806	67881544	placeholder
11	2942685	2952434	9	1468219	1480159	placeholder
3	29681367	29684479	3	32202959	32206453	placeholder
6	57457845	57489327	6	57693469	57729178	placeholder
1	322475354	322480233	1	12781146	12785321	placeholder
5	87232760	87249097	5	33262625	33269440	placeholder
1	178307659	178319494	1	146348111	146356348	placeholder
7	33225792	33226469	7	32535445	32536144	placeholder
1	80456980	80480485	1	236969160	236983645	placeholder
11	8840002	8845704	9	20672891	20677194	placeholder
14	327515	331421	14	356611	361593	placeholder
18	7919843	7925107	17	8832019	8836001	placeholder
4	23141536	23142271	4	95078227	95078962	placeholder
1	207245286	207253447	1	121105315	121113575	placeholder
2	18501506	18505536	2	215218756	215223592	placeholder
3	100512890	100519898	3	101727568	101736140	placeholder
1	279153707	279160029	1	51224141	51229522	placeholder
2	216284890	216292693	2	47968687	47974516	placeholder
4	36102970	36111085	4	88512386	88522211	placeholder
2	149346299	149351211	2	112476159	112481380	placeholder
8	77252959	77253589	8	67752765	67753392	placeholder
5	20794147	20798629	5	90852655	90858600	placeholder
5	13434865	13437159	5	97921855	97924054	placeholder
17	10147267	10149575	16	3135778	3143218	placeholder
7	55042979	55085689	7	48491355	48501407	placeholder
12	157890	159264	12	22606467	22607802	placeholder
1	139229602	139242245	1	182018863	182028249	placeholder
3	166916586	166917306	3	164192631	164193360	placeholder
1	300006988	300012757	1	29120448	29126597	placeholder
5	51274813	51285179	5	59258663	59265744	placeholder
5	29311547	29342158	5	82160565	82242622	placeholder
14	387112	388605	14	428537	430022	placeholder
1	280489106	280524600	1	49897122	49948504	placeholder
2	105008369	105033742	2	152140015	152155068	placeholder
14	2316993	2319943	14	3227143	3230517	placeholder
19	3364951	3369142	18	7234039	7237580	placeholder
6	49159811	49172164	6	49391003	49401615	placeholder
6	57198996	57222766	6	57407327	57431891	placeholder
3	104457457	104466397	3	105242505	105253831	placeholder
1	284082576	284089228	1	46159882	46164920	placeholder
6	42661157	42663899	6	42563773	42566501	placeholder
4	51950937	51984709	4	74078094	74111172	placeholder
7	51229128	51271509	7	46471352	46495417	placeholder
3	183179571	183189550	3	180970556	180986989	placeholder
14	16041545	16065113	14	19587980	19599148	placeholder
1	51085563	51098424	1	266338497	266347170	placeholder
1	149261527	149262250	1	172924893	172925616	placeholder
5	9685378	9689614	5	101340920	101348430	placeholder
4	91346138	91360617	4	44352797	44363480	placeholder
6	24987950	25001538	6	23592901	23603881	placeholder
5	30819616	30826776	5	80657757	80666797	placeholder
1	12266487	12282527	1	303771736	303774137	placeholder
2	195539	196259	6	275771	276491	placeholder
1	94914839	94941081	1	222811450	222847142	placeholder
1	69922636	69927827	1	247169833	247173168	placeholder
1	63936136	63942006	1	253200927	253209318	placeholder
14	15051660	15057318	14	18123544	18128679	placeholder
5	13227899	13233721	5	98082008	98085583	placeholder
11	22658948	22660578	9	6868164	6870071	placeholder
14	13701195	13701837	14	15217723	15218386	placeholder
4	63645357	63653831	4	64043387	64051471	placeholder
11	17589335	17594438	9	12082501	12099823	placeholder
2	182204474	182214344	2	81211836	81237749	placeholder
14	3806376	3810458	14	5179236	5182732	placeholder
15	7433967	7438643	13	10524974	10529798	placeholder
4	29877062	29882229	4	93666951	93671636	placeholder
1	117197797	117208471	1	202482752	202507726	placeholder
13	8616442	8619434	10	14382865	14386716	placeholder
6	51923820	51931579	6	52185072	52193144	placeholder
2	105840084	105856932	2	151331634	151335569	placeholder
1	65717172	65721586	1	251286937	251293291	placeholder
3	188400294	188407827	3	186107742	186113601	placeholder
4	81125543	81126182	4	48246123	48246761	placeholder
8	69338074	69344254	8	58911386	58915830	placeholder
1	99111041	99113958	1	218712102	218715071	placeholder
8	52249197	52273735	8	46081864	46090294	placeholder
1	216326628	216336173	1	112342030	112352072	placeholder
13	8721370	8722081	10	14511294	14512002	placeholder
3	25478344	25483648	3	27533742	27541149	placeholder
3	200126125	200131413	3	197020400	197025514	placeholder
14	1478287	1480312	14	1981024	1985559	placeholder
16	11925471	11928140	15	1676856	1679644	placeholder
12	18418858	18423955	12	1847670	1858647	placeholder
3	152419510	152423207	3	148821891	148827115	placeholder
3	146512858	146526210	3	142679520	142692660	placeholder
2	103844406	103866151	2	153105707	153125245	placeholder
5	53027669	53028374	5	57415377	57416082	placeholder
12	3569181	3574819	12	17961743	17967653	placeholder
6	12960884	12993324	6	11999286	12025746	placeholder
14	8710333	8715082	14	11045487	11050511	placeholder
4	85811429	85828384	4	51449772	51461539	placeholder
2	134135503	134136160	2	123302535	123303201	placeholder
12	497000	497879	12	22189990	22190869	placeholder
15	14125645	14132312	13	3859419	3867181	placeholder
2	197177592	197190918	2	66634985	66641489	placeholder
15	902349	905505	13	20898651	20902303	placeholder
2	134571607	134587889	2	123691736	123710175	placeholder
10	16031542	16036249	11	9826775	9834116	placeholder
15	1010527	1013672	13	21132741	21136011	placeholder
8	11129158	11138353	8	11351180	11357586	placeholder
13	18267143	18331559	10	24827455	24832551	placeholder
5	69536191	69586943	5	42462211	42487658	placeholder
5	88692701	88708053	5	32303519	32316838	placeholder
4	96607021	96611629	4	39939710	39948733	placeholder
8	37570576	37584179	8	28398030	28411211	placeholder
1	104440976	104446146	1	213599735	213604783	placeholder
2	209734113	209744781	2	54467824	54480547	placeholder
7	5187243	5188310	7	5941481	5976841	placeholder
1	100921256	100928467	1	216936349	216944029	placeholder
8	54811734	54812379	8	71124418	71125051	placeholder
1	205764075	205768391	1	122439913	122446247	placeholder
1	75268083	75285794	1	241848048	241863377	placeholder
10	6393568	6410029	11	16614215	16625441	placeholder
19	7191943	7227968	18	9571054	9573043	placeholder
1	31741757	31750166	1	285922448	285933825	placeholder
5	32415328	32418633	5	78987927	78991384	placeholder
11	1020650	1027644	9	4289308	4298474	placeholder
5	59968952	59970169	5	50596810	50598178	placeholder
6	40905813	40911000	6	40688349	40693250	placeholder
3	119978668	119983476	3	115521468	115529061	placeholder
3	147105442	147109622	3	143374914	143379579	placeholder
3	45553782	45577076	3	49878948	49904830	placeholder
12	163559	164234	12	22601128	22601806	placeholder
5	16258378	16283585	5	95138911	95159489	placeholder
3	30547002	30555281	3	33049748	33061972	placeholder
1	93942873	93949163	1	223719664	223726957	placeholder
3	199864182	199919825	3	196840988	196873408	placeholder
5	13685211	13704781	5	97736841	97749534	placeholder
2	195055021	195055711	2	68582577	68583267	placeholder
3	59537065	59553351	3	65158495	65169792	placeholder
14	16369146	16391466	14	16912013	16930953	placeholder
4	2795099	2802582	4	116806422	116814362	placeholder
3	142422610	142430719	3	138224298	138234920	placeholder
11	3239511	3300787	9	1864400	1947814	placeholder
16	12841718	12843326	15	374791	376657	placeholder
3	49426346	49439463	3	54258598	54275701	placeholder
8	75815269	75827986	8	61370824	61376267	placeholder
7	31165169	31170919	7	30473553	30485131	placeholder
3	126932515	126951797	3	122552973	122576833	placeholder
1	270290847	270302642	1	60227210	60243588	placeholder
5	59571175	59594761	5	50994774	51014681	placeholder
11	10452585	10454415	9	19068329	19070512	placeholder
4	87824927	87833354	4	47172141	47181355	placeholder
6	40969049	40973392	6	40747649	40752068	placeholder
3	60372043	60381837	3	66054156	66063961	placeholder
1	69969412	69980037	1	247120782	247128795	placeholder
1	199439305	199452790	1	127954191	127967668	placeholder
3	150505749	150506418	3	146725924	146726593	placeholder
11	22448612	22451129	9	7099017	7101640	placeholder
1	148764468	148776398	1	173397415	173404701	placeholder
3	163301658	163314364	3	160193323	160203764	placeholder
11	20370448	20375915	9	9312618	9313480	placeholder
15	8171234	8177467	13	9717201	9723317	placeholder
13	5066412	5070426	10	9865516	9870787	placeholder
3	23483458	23492224	3	25328255	25338031	placeholder
1	1555380	1560605	1	311824927	311829859	placeholder
5	31740701	31752830	5	79675942	79694429	placeholder
2	230507557	230593904	2	34454853	34518576	placeholder
1	227684312	227684963	1	101591707	101592373	placeholder
6	26827192	26839895	6	25548092	25559579	placeholder
6	63687037	63694191	6	63847891	63858127	placeholder
13	2633208	2641374	10	5584381	5594813	placeholder
13	17025722	17032591	10	23381474	23389545	placeholder
3	105389507	105419792	3	106174543	106201675	placeholder
2	195323663	195327891	2	68314761	68319281	placeholder
4	13832853	13836668	4	106648680	106652655	placeholder
7	41317539	41322158	7	39994474	39996441	placeholder
1	243228894	243234314	1	86749070	86754148	placeholder
12	11361865	11365399	12	9254704	9258745	placeholder
14	7377559	7399236	14	9534789	9563949	placeholder
2	176023651	176029320	2	87172462	87182751	placeholder
7	14464643	14475292	7	14693442	14703802	placeholder
11	20456183	20459427	9	9201290	9205216	placeholder
6	23639699	23648508	6	22172400	22181685	placeholder
1	319300526	319309361	1	15591623	15599608	placeholder
6	36609536	36614202	6	36190336	36240042	placeholder
1	116356323	116377862	1	203330922	203348482	placeholder
6	49100059	49103870	6	49317951	49322815	placeholder
15	6877981	6882286	13	11196718	11199592	placeholder
7	74443948	74450668	11	6232297	6276791	placeholder
3	193845767	193849200	3	191171713	191175184	placeholder
17	3752583	3779174	16	11248264	11268256	placeholder
6	186136	188124	6	522510	526164	placeholder
4	87586630	87587689	4	47407859	47409488	placeholder
15	16426883	16429018	13	866677	868536	placeholder
6	30118608	30119343	6	29139148	29139886	placeholder
4	77673821	77764181	4	55604856	55613581	placeholder
4	40135286	40158527	4	84905587	84923406	placeholder
16	8445098	8449619	15	8806852	8811735	placeholder
17	10783014	10785145	16	12219085	12221271	placeholder
16	11776449	11778594	15	1870450	1872089	placeholder
3	86273216	86277271	3	92454976	92460127	placeholder
4	123759470	123773233	6	44526787	44550357	placeholder
7	91879097	91909625	7	79759595	79780452	placeholder
16	13068473	13069415	15	38848	39850	placeholder
5	67306286	67355624	5	44231809	44248380	placeholder
4	98496765	98503296	4	38137534	38143802	placeholder
8	55892387	56072923	8	71708313	71765371	placeholder
1	340613237	340615678	1	396550	398558	placeholder
6	8820396	8824699	6	8363044	8366044	placeholder
16	10500906	10504677	15	12440282	12447459	placeholder
3	88359509	88366204	3	94680928	94687315	placeholder
1	207270472	207277559	1	121082006	121089335	placeholder
6	89667964	89676713	6	76357118	76363813	placeholder
1	180699246	180716990	1	144614397	144627957	placeholder
1	216317714	216319044	1	112356439	112357377	placeholder
2	34004911	34008932	2	199239990	199244991	placeholder
4	61503512	61504974	4	65534041	65535718	placeholder
7	17310802	17324398	7	17423330	17434340	placeholder
1	64130014	64137006	1	253007440	253013265	placeholder
3	153734284	153742180	3	150237366	150245209	placeholder
13	8712093	8714153	10	14500689	14503096	placeholder
2	163988528	163989209	2	98638834	98639509	placeholder
5	98232132	98232597	5	23807584	23808049	placeholder
1	153883459	153889403	1	168384671	168392785	placeholder
1	65531945	65548530	1	251460069	251475050	placeholder
1	302176729	302182645	1	26886555	26894339	placeholder
1	122949515	122962462	1	197029626	197040880	placeholder
5	64843885	64851100	5	46142041	46154625	placeholder
7	22848039	22854945	7	22657793	22664313	placeholder
1	373899	377571	1	310776895	310786402	placeholder
7	29066180	29080756	7	28430384	28447437	placeholder
6	44188021	44209152	6	44127854	44138892	placeholder
4	60681732	60695113	4	66262336	66270994	placeholder
5	56450314	56465277	5	54355015	54371502	placeholder
3	28872364	28897209	3	31263028	31311771	placeholder
1	300929692	300937390	1	28199246	28226676	placeholder
17	3468	28393	16	1207109	1237148	placeholder
15	15313755	15316006	13	2358170	2362460	placeholder
3	79437325	79460674	3	85416735	85439586	placeholder
1	208689948	208697562	1	119711257	119718486	placeholder
4	78347909	78414406	4	55350323	55358752	placeholder
2	76704248	76718060	2	155153065	155164399	placeholder
1	298523514	298544047	1	30666946	30691966	placeholder
7	5539862	5556215	7	6359575	6364538	placeholder
1	71157221	71164959	1	246056978	246069631	placeholder
12	9503000	9507645	12	11236264	11241981	placeholder
17	4270974	4279616	16	10892138	10897288	placeholder
2	19652649	19662226	2	214010584	214019013	placeholder
1	183620600	183630740	1	142265336	142269578	placeholder
6	58548555	58625877	6	58823586	58891557	placeholder
1	289446176	289450516	1	40390254	40403208	placeholder
16	5126817	5130460	15	4155240	4158943	placeholder
6	60094046	60098006	6	60327416	60333835	placeholder
1	10772773	10785542	1	305083117	305088891	placeholder
4	86699799	86705099	4	48119195	48123541	placeholder
2	155184353	155236173	2	107287918	107343327	placeholder
2	198914125	198917228	2	65126274	65129959	placeholder
4	20587268	20589924	4	101108477	101110889	placeholder
8	22054936	22056332	8	21831318	21832781	placeholder
7	58360986	58388411	7	50324203	50332446	placeholder
6	53094814	53232352	6	53410315	53562737	placeholder
1	211244265	211262636	1	117308837	117325242	placeholder
4	88429057	88442522	4	48099333	48108048	placeholder
1	96183401	96190216	1	221564762	221570016	placeholder
7	80970608	80998761	7	76409487	76425503	placeholder
11	10454717	10459376	9	19062776	19068041	placeholder
8	2607522	2613758	8	2910132	2918390	placeholder
1	292759061	292767239	1	36927303	36937815	placeholder
7	13691892	13695517	7	13910240	13915183	placeholder
1	48896629	48911911	1	268597686	268615583	placeholder
6	12647375	12654676	6	11694451	11701881	placeholder
11	18159149	18185362	9	11557239	11567465	placeholder
1	190080565	190082706	1	136366895	136369766	placeholder
2	21856531	21863415	2	211846300	211851067	placeholder
10	93483	105631	11	22849818	22864956	placeholder
5	92451926	92466680	5	29061945	29079412	placeholder
8	62399927	62411446	8	43930472	43941663	placeholder
1	261554129	261560281	1	68732867	68739451	placeholder
16	8862864	8867015	15	9374969	9383501	placeholder
16	8747996	8761696	15	9229603	9246820	placeholder
16	12168178	12170042	15	1346252	1347817	placeholder
3	166763976	166815126	3	164021098	164075481	placeholder
1	193529368	193595726	1	132992480	133048611	placeholder
6	38152316	38174546	6	37967091	37991207	placeholder
3	20381191	20392822	3	22014725	22027579	placeholder
3	126976863	126978751	3	122601504	122603232	placeholder
2	155146105	155149897	2	107383714	107389214	placeholder
1	149325196	149332024	1	172875790	172883141	placeholder
1	48869365	48872563	1	268639463	268642871	placeholder
1	311964523	311971635	1	22704448	22710845	placeholder
4	100695135	100698589	4	36183401	36190839	placeholder
15	11002502	11003138	13	6870124	6870757	placeholder
7	20657072	20660694	7	20461484	20465557	placeholder
5	10376409	10409750	5	100631228	100661282	placeholder
6	19556540	19574147	6	17990953	18005335	placeholder
4	4598152	4608126	4	114649155	114656701	placeholder
2	24838046	24843015	2	208865455	208869010	placeholder
12	10890271	10910985	12	9734960	9749154	placeholder
3	171749336	171753625	3	169365111	169369276	placeholder
5	13190977	13194495	5	98113669	98117064	placeholder
2	188317565	188322880	2	75251844	75258677	placeholder
14	557385	557991	14	653634	654240	placeholder
14	16128136	16134458	14	17084201	17089744	placeholder
11	13200153	13211874	9	16402653	16418860	placeholder
1	192793004	192797407	1	133803329	133807283	placeholder
10	1580773	1586475	11	24855317	24860282	placeholder
1	167342601	167349240	1	155643674	155651524	placeholder
19	7595033	7604135	18	9328384	9332462	placeholder
1	323826794	323841896	1	11510331	11520990	placeholder
12	4499014	4502746	12	16859761	16863288	placeholder
2	64671214	64685424	2	167228867	167243632	placeholder
8	75025323	75032966	8	62256442	62265357	placeholder
1	46892089	46892662	1	270702845	270751160	placeholder
2	16634066	16645688	2	217229801	217250409	placeholder
3	155884611	155888417	3	152572240	152577466	placeholder
6	61511096	61517538	6	61701775	61706194	placeholder
1	322447973	322448585	1	12815328	12815937	placeholder
10	15982980	15983598	11	9897396	9898014	placeholder
7	31683448	31698236	7	31056255	31063387	placeholder
8	38562587	38570043	8	27368155	27374505	placeholder
2	154320436	154326209	2	108206962	108212085	placeholder
16	2340275	2348154	15	15479545	15494760	placeholder
3	69338878	69342612	3	73745702	73751055	placeholder
3	88037252	88041658	3	94334667	94341642	placeholder
4	77567455	77614326	4	55631932	55646183	placeholder
3	148910475	148916573	3	145269296	145276386	placeholder
11	22758390	22761345	9	6757585	6760780	placeholder
4	85226435	85238516	4	50968830	50978822	placeholder
2	47063191	47067528	2	185252259	185265287	placeholder
5	9237075	9243630	5	101623672	101630632	placeholder
4	35905701	35909208	4	88679582	88683360	placeholder
1	164314990	164319213	1	158728939	158735131	placeholder
14	3729322	3729838	14	5081514	5082028	placeholder
13	2348193	2370130	10	5051589	5071389	placeholder
1	322403588	322409111	1	12852530	12859361	placeholder
6	22932687	22946958	6	21535372	21547468	placeholder
2	18871153	18878659	2	214810574	214817361	placeholder
6	18097288	18113782	6	16540842	16556808	placeholder
3	163183721	163195801	3	160076537	160082861	placeholder
1	226696650	226698708	1	102375565	102380791	placeholder
2	154924588	154927276	2	107625214	107628627	placeholder
1	82136437	82147210	1	235335452	235345507	placeholder
13	7625153	7629411	10	13202755	13205168	placeholder
15	12888118	12890977	13	4972954	4975968	placeholder
7	33749014	33759374	7	32976387	32980997	placeholder
8	74370634	74379033	8	62961390	62966391	placeholder
6	98746494	98752454	6	77740983	77749797	placeholder
3	148395538	148465222	3	144713280	144808622	placeholder
8	25625821	25660689	8	40256860	40283352	placeholder
4	81468746	81472958	4	48414952	48418684	placeholder
3	200705348	200724359	3	197529314	197538530	placeholder
5	68906581	68970386	5	43119408	43134175	placeholder
2	38680823	38683861	2	194647303	194649650	placeholder
1	268963445	268967264	1	61582866	61586181	placeholder
7	49668921	49679773	7	45870009	45875550	placeholder
6	12681175	12687137	6	11729954	11737190	placeholder
2	157171646	157174902	2	105476479	105479999	placeholder
1	336767970	336771341	1	3744812	3748692	placeholder
1	185089536	185094365	1	140986492	140989677	placeholder
16	9961984	9971100	15	11342374	11362876	placeholder
4	25301754	25325846	4	96746798	96760699	placeholder
8	25925588	25934084	8	39938488	39947469	placeholder
15	10366916	10391522	13	7487678	7513155	placeholder
11	19447931	19451204	9	10274401	10277311	placeholder
5	24745722	24758137	5	86782972	86798561	placeholder
1	318755328	318758376	1	16079872	16083633	placeholder
8	8840174	8849433	8	9423135	9432421	placeholder
5	109554079	109558939	5	773818	778358	placeholder
4	41101387	41148805	4	83965923	84019845	placeholder
14	5920384	5928631	14	7828736	7836482	placeholder
1	321024235	321051239	1	14128518	14147070	placeholder
14	15790508	15794341	14	19366970	19370187	placeholder
6	31158077	31217270	6	30304812	30361364	placeholder
6	46621653	46635071	6	46711344	46722664	placeholder
2	151844557	151848514	2	110598274	110603266	placeholder
7	28874984	28880756	7	28239677	28246242	placeholder
19	3100736	3102682	18	6867382	6869794	placeholder
16	10086006	10098203	15	11616713	11634387	placeholder
3	89943451	89984166	3	96138907	96168348	placeholder
8	28984128	29009467	8	36773226	36801973	placeholder
3	92638879	92748571	3	98134055	98186511	placeholder
3	168486132	168490813	3	165901538	165907920	placeholder
7	28765478	28772025	7	28138276	28148893	placeholder
3	68163324	68202004	3	74940725	74965683	placeholder
1	267352175	267356463	1	63149134	63153839	placeholder
1	178233275	178238945	1	146403290	146408038	placeholder
6	41118769	41130002	6	40904993	40917656	placeholder
3	197470157	197491490	3	194656137	194678045	placeholder
1	294068159	294072790	1	35505623	35510970	placeholder
6	38445950	38448441	6	38226962	38228080	placeholder
6	38370194	38381342	6	38142882	38147685	placeholder
3	92865791	92880368	3	98238655	98249582	placeholder
1	71147734	71151892	1	246074404	246080084	placeholder
8	622855	624529	8	1579263	1581407	placeholder
6	44846683	44851891	6	44795394	44799850	placeholder
1	12263218	12264739	1	303783801	303787616	placeholder
2	174393185	174399553	2	88832586	88840481	placeholder
11	20678536	20682749	9	8950202	8954125	placeholder
1	61844510	61852462	1	255477218	255483803	placeholder
19	7219525	7232980	18	9546790	9558939	placeholder
15	8853369	8881253	13	8973445	9004098	placeholder
7	33385247	33394321	7	32684355	32693219	placeholder
1	267155047	267161513	1	63321475	63329047	placeholder
7	22097499	22109116	7	21888153	21900721	placeholder
1	205928129	205933669	1	122404129	122409430	placeholder
2	209838299	209838896	2	54373417	54373969	placeholder
3	64043598	64048280	3	69967030	69971045	placeholder
3	160191995	160202484	3	156953610	156963558	placeholder
2	122908565	122919621	2	136279371	136291368	placeholder
5	36383699	36396095	5	74913961	74923337	placeholder
17	7885402	7896967	16	5461245	5485007	placeholder
3	147814529	147821312	3	144139721	144146222	placeholder
5	50189852	50192716	5	60382676	60389103	placeholder
2	185867117	185870823	2	77797560	77801519	placeholder
8	59322029	59327780	8	41358721	41362224	placeholder
1	23846941	23860676	1	293822073	293835958	placeholder
4	100716346	100720665	4	36161218	36166787	placeholder
2	214892170	214894185	2	49353962	49356727	placeholder
5	122190876	122201105	5	12051532	12068444	placeholder
5	31100818	31113028	5	80319751	80339056	placeholder
5	7958738	7965841	5	102832217	102837527	placeholder
16	12477456	12479296	15	904006	906442	placeholder
19	199729	201396	18	355978	358603	placeholder
8	35445055	35457194	8	30549732	30554602	placeholder
1	238179295	238193291	1	91590264	91605281	placeholder
10	7409053	7413226	11	15737568	15740180	placeholder
7	29455189	29457452	7	28803913	28806753	placeholder
12	11216472	11221791	12	9408299	9414528	placeholder
1	33080674	33082257	1	284642983	284644547	placeholder
19	1556365	1565033	18	4722676	4733257	placeholder
1	263487983	263526400	1	66939261	66989595	placeholder
7	48309406	48312633	7	45243097	45246736	placeholder
1	50655444	50664485	1	266720663	266728748	placeholder
16	3999798	4004101	15	3118009	3120912	placeholder
5	59929658	59934714	5	50648443	50653507	placeholder
2	59111734	59120363	2	173150901	173165324	placeholder
16	11431729	11434606	15	2274167	2278798	placeholder
4	28599399	28599993	4	99163048	99163642	placeholder
1	331222761	331223355	1	8638723	8639317	placeholder
11	10397447	10401520	9	19109112	19112365	placeholder
2	168112725	168116182	2	94814014	94817863	placeholder
2	175999424	176004892	2	87203208	87207060	placeholder
1	211131841	211142373	1	117412618	117431976	placeholder
3	99938674	99954935	3	101227746	101244208	placeholder
8	44781156	44808001	8	51823536	51845884	placeholder
15	12917227	12917722	13	4939438	4940011	placeholder
12	13089754	13096225	12	7434408	7441280	placeholder
2	151545378	151549078	2	110865881	110869196	placeholder
1	116575158	116582178	1	203115596	203122868	placeholder
1	293333588	293335195	1	36313502	36315063	placeholder
3	153472864	153489230	3	149948738	149966994	placeholder
13	11128549	11132938	10	17038822	17041316	placeholder
2	103535565	103538813	2	153395583	153405998	placeholder
19	2105305	2108879	18	5969380	5974635	placeholder
3	32653728	32666002	3	35309868	35319384	placeholder
14	7292621	7296124	14	9449273	9460958	placeholder
14	14512812	14518860	14	18700200	18704023	placeholder
6	86036079	86049920	6	72658825	72668037	placeholder
6	44221877	44231108	6	44153570	44163458	placeholder
1	195014176	195046733	1	131680989	131707498	placeholder
2	40922808	40924102	2	192125716	192130113	placeholder
3	59778572	59780239	3	65394560	65396077	placeholder
7	26836755	26843506	7	26366970	26375023	placeholder
14	5784980	5788035	14	7678211	7681939	placeholder
5	56125128	56129180	5	54692279	54696448	placeholder
1	315475279	315481141	1	19208964	19215378	placeholder
1	81780158	81782288	1	235675284	235677376	placeholder
1	164281373	164288985	1	158763643	158772982	placeholder
19	3246394	3274868	18	6681945	6715749	placeholder
16	2150657	2162132	15	15680576	15693446	placeholder
16	11700227	11702583	15	1965361	1968005	placeholder
17	4287121	4294277	16	10883366	10888473	placeholder
7	28313833	28318761	7	27728472	27734221	placeholder
1	204536239	204539119	1	123564596	123567376	placeholder
2	105867471	105874549	2	151364196	151370263	placeholder
1	62482691	62507511	1	254689384	254713047	placeholder
4	52972743	52975149	4	73209022	73213091	placeholder
6	22587987	22588557	6	21142337	21142907	placeholder
8	74931641	74938369	8	62361155	62365866	placeholder
1	199053374	199053962	1	128333367	128333955	placeholder
1	33255276	33259888	1	284440044	284443149	placeholder
3	91098395	91111919	3	96974442	96983126	placeholder
6	41586434	41589323	6	41369197	41372537	placeholder
7	28176456	28177032	7	27592760	27593336	placeholder
3	182021886	182026648	3	179925246	179930577	placeholder
6	149559	154613	6	473035	478796	placeholder
8	75170946	75171519	8	62106473	62107046	placeholder
12	177179	178728	12	22586332	22588146	placeholder
4	89623283	89627054	4	45823513	45827464	placeholder
13	18022612	18024637	10	24539685	24541976	placeholder
16	11735261	11739465	15	1920374	1925221	placeholder
10	603838	607173	11	24060387	24064882	placeholder
11	13162938	13163457	9	16448676	16449174	placeholder
3	167153583	167159846	3	164384191	164390214	placeholder
1	167293200	167297016	1	155694634	155698172	placeholder
3	98813394	98830919	3	100493792	100515830	placeholder
19	1681013	1682925	18	4946167	4949323	placeholder
1	23840621	23843673	1	293839129	293843000	placeholder
3	49251114	49261783	3	54031488	54043498	placeholder
17	9035673	9045654	16	7111712	7122654	placeholder
2	159587367	159592375	2	103100794	103106476	placeholder
10	16173361	16195767	11	9742959	9750439	placeholder
1	83769912	83773204	1	233866657	233869848	placeholder
15	1145896	1147654	13	21429073	21430923	placeholder
3	22705593	22709741	3	24483201	24486402	placeholder
7	28234864	28248584	7	27643406	27651050	placeholder
1	187088522	187093738	1	139168696	139173432	placeholder
4	40088847	40092503	4	84966405	84970210	placeholder
5	23919832	23929318	5	87664333	87676875	placeholder
6	40613771	40614491	6	40382848	40383568	placeholder
16	8412259	8415477	15	8753788	8760918	placeholder
2	157326340	157367227	2	105302307	105336592	placeholder
7	24228582	24229149	7	24017177	24017744	placeholder
6	31780069	31783858	6	31022237	31024701	placeholder
3	181239658	181248038	3	179217889	179227565	placeholder
2	206312767	206314127	2	57821307	57826303	placeholder
2	185851117	185851681	2	77821372	77821936	placeholder
1	79452355	79462724	1	237935479	237944832	placeholder
8	23502756	23507601	8	23279936	23282853	placeholder
18	8910413	8911678	17	10136545	10137844	placeholder
17	8379266	8382612	16	6149616	6154647	placeholder
3	193754875	193760309	3	191093866	191097347	placeholder
1	268266310	268272656	1	62281860	62288850	placeholder
5	90202176	90205339	5	31150342	31153378	placeholder
3	126108751	126116539	3	121608671	121616280	placeholder
2	24774570	24780509	2	208917159	208924503	placeholder
4	60566125	60573573	4	66330251	66337337	placeholder
19	1210317	1213611	18	2939974	2952331	placeholder
5	30697166	30704283	5	80803884	80811716	placeholder
4	72691225	72815375	4	57524962	57542768	placeholder
1	101719766	101745499	1	216177529	216201622	placeholder
3	142757363	142761344	3	138612705	138616046	placeholder
8	24598863	24599397	8	24336389	24336926	placeholder
2	212033475	212047872	2	52141331	52159095	placeholder
16	11636569	11637127	15	2047828	2048386	placeholder
6	8804492	8815200	6	8356034	8360567	placeholder
3	17320955	17321901	3	18857284	18858238	placeholder
1	5413909	5414467	1	309557146	309557704	placeholder
14	15248799	15257220	14	18757492	18766162	placeholder
2	194055655	194059974	2	69576239	69584595	placeholder
5	38685548	38698669	5	72377192	72391193	placeholder
16	10580870	10582641	15	12615341	12620586	placeholder
4	45737004	45738792	4	79633735	79635722	placeholder
3	105339387	105347124	3	106128300	106135277	placeholder
3	141618144	141623395	3	137375215	137378514	placeholder
1	266707151	266707709	1	63793509	63794067	placeholder
2	106042885	106076534	2	151636434	151644919	placeholder
3	24886662	24895714	3	26869132	26877716	placeholder
1	246126786	246144862	1	83941189	83960462	placeholder
8	79079921	79089534	8	72233062	72249767	placeholder
1	101555113	101561050	1	216355427	216364074	placeholder
4	7169003	7175437	4	112398141	112403860	placeholder
3	65754757	65765094	3	71778308	71789034	placeholder
7	50587469	50685748	7	46228636	46277993	placeholder
6	3412910	3414949	6	3880412	3882193	placeholder
2	50265408	50265969	2	181920898	181921459	placeholder
2	212086917	212092190	2	52102648	52125334	placeholder
1	321179041	321180076	1	14008515	14009613	placeholder
3	30124036	30130691	3	32674797	32682804	placeholder
1	252381705	252397773	1	77757301	77766846	placeholder
1	27354175	27359765	1	290330910	290335797	placeholder
3	178074973	178083873	3	176045434	176052291	placeholder
1	210842605	210847118	1	117729762	117733397	placeholder
13	17957670	17960411	10	24464013	24467231	placeholder
1	49837866	49841125	1	267569716	267573224	placeholder
1	250230558	250235686	1	79893585	79902177	placeholder
3	145504745	145513820	3	141607004	141616660	placeholder
16	7416060	7416609	15	6867310	6867884	placeholder
18	2515673	2519173	17	2364715	2368797	placeholder
1	258541098	258543520	1	71767774	71775751	placeholder
14	3574049	3578102	14	4891882	4896115	placeholder
5	52018373	52022151	5	58529660	58534990	placeholder
1	238278914	238286144	1	91497899	91504898	placeholder
3	63482492	63486970	3	69344283	69347536	placeholder
1	24218518	24224537	1	293470816	293479121	placeholder
4	50920485	50923711	4	74997408	75002128	placeholder
2	9742015	9742516	2	230429524	230430025	placeholder
19	7571279	7575270	18	9346940	9348089	placeholder
10	5571064	5573175	11	17448109	17450227	placeholder
1	166863518	166873559	1	156051910	156058956	placeholder
1	179259976	179265416	1	145710520	145715018	placeholder
4	38560611	38562938	4	86318876	86320631	placeholder
7	90750501	90755828	7	67474671	67479418	placeholder
3	32616629	32619941	3	35250934	35255072	placeholder
15	17031019	17032222	13	166717	167914	placeholder
1	340431137	340437972	1	573688	585752	placeholder
6	84698964	84796369	6	69482252	69538190	placeholder
16	8017452	8019893	15	7620570	7622328	placeholder
1	292833834	292837246	1	36851827	36854568	placeholder
1	118632127	118647636	1	201156097	201165303	placeholder
2	264193506	264201395	4	55460908	55469872	placeholder
1	26697362	26703558	1	290961585	290969406	placeholder
4	88913780	88918079	4	46452811	46457605	placeholder
1	99189258	99204084	1	218635257	218648625	placeholder
1	97593787	97596548	1	220113378	220116940	placeholder
1	16992333	16995949	1	299806465	299811432	placeholder
19	3142931	3151531	18	6816571	6827961	placeholder
11	20594962	20597881	9	9048416	9051115	placeholder
3	17147722	17168394	3	18698796	18715802	placeholder
1	126202841	126211126	1	193944787	193952290	placeholder
8	19686141	19689297	8	19405915	19408663	placeholder
7	46532084	46541419	7	44082992	44089945	placeholder
2	191870363	191877412	2	71768459	71779941	placeholder
2	148765021	148773868	2	113041272	113049674	placeholder
17	8308933	8310835	16	6062056	6064392	placeholder
6	12638486	12644703	6	11683345	11690415	placeholder
1	138150304	138167181	1	182951350	182963005	placeholder
6	81966757	81981004	6	71887580	71896587	placeholder
3	186310325	186314428	3	184194573	184206007	placeholder
1	187098340	187106336	1	139154665	139164386	placeholder
1	71289688	71314887	1	245932435	245950680	placeholder
7	92368255	92382374	7	79129220	79136667	placeholder
2	33936823	33938013	2	199327531	199328884	placeholder
13	7655240	7659992	10	13228921	13234209	placeholder
7	79453578	79456679	7	64512666	64516962	placeholder
5	2052233	2058663	5	108128150	108133603	placeholder
4	84590487	84594798	4	50436776	50440150	placeholder
7	48353218	48357186	7	45272293	45277138	placeholder
7	51640696	51648916	7	46610688	46618290	placeholder
17	8263894	8269610	16	6007906	6015143	placeholder
3	119707701	119718686	3	115255286	115265935	placeholder
1	317085010	317092436	1	17669630	17676190	placeholder
15	7042018	7045744	13	10986823	10989410	placeholder
2	16036317	16042855	2	217776124	217780405	placeholder
17	10514639	10516489	16	11791564	11793613	placeholder
10	2902080	2908265	11	18851946	18856461	placeholder
1	336987839	337011828	1	3883287	3923368	placeholder
1	61165030	61165546	1	256158313	256158838	placeholder
17	202833	209340	16	1132358	1135096	placeholder
3	160864958	160871886	3	157639424	157655206	placeholder
3	14145687	14152665	3	16007478	16015907	placeholder
7	39597002	39611348	7	38389506	38400591	placeholder
3	25403569	25410900	3	27459482	27463742	placeholder
3	141590542	141598240	3	137348010	137354748	placeholder
2	185197476	185213320	2	78402346	78414334	placeholder
1	322451562	322455298	1	12807696	12812073	placeholder
1	242095080	242107856	1	87741321	87752473	placeholder
7	58527235	58528975	7	50373254	50376933	placeholder
10	5891086	5911039	11	17063743	17088443	placeholder
14	507974	509271	14	589751	592010	placeholder
7	18665682	18681274	7	18511367	18527762	placeholder
1	333057085	333057601	1	5559012	5559528	placeholder
2	209719475	209721161	2	54491507	54492734	placeholder
1	30639189	30647763	1	287047503	287057738	placeholder
16	11254551	11255625	15	2535183	2536296	placeholder
5	64972091	64977976	5	46041855	46047283	placeholder
19	3235425	3241623	18	6720536	6726694	placeholder
16	11440711	11442788	15	2262459	2265577	placeholder
12	4180441	4184585	12	17198375	17205501	placeholder
1	13015273	13018879	1	303182715	303185806	placeholder
2	155039138	155041755	2	107496419	107499996	placeholder
7	2355498	2365420	7	3200947	3214536	placeholder
13	16505055	16507805	10	22760517	22762811	placeholder
7	85566800	85579852	7	71074821	71095580	placeholder
3	41926571	41943810	3	45800598	45832515	placeholder
3	178192776	178196994	3	176159152	176163025	placeholder
2	48694049	48703094	2	183574602	183587398	placeholder
1	138299566	138310972	1	182849541	182863533	placeholder
7	31073007	31082972	7	30369025	30379856	placeholder
11	3482847	3487746	9	2235433	2244001	placeholder
1	315627317	315643957	1	19038892	19056760	placeholder
4	82003746	82009136	4	48680285	48684513	placeholder
14	4696230	4696707	14	6425384	6425864	placeholder
2	178194373	178228232	2	85050267	85078560	placeholder
12	8266548	8270141	12	12518676	12521976	placeholder
1	272062027	272062531	1	58595800	58596301	placeholder
4	57788299	57791186	4	68756550	68759633	placeholder
3	103669014	103674758	3	104425211	104432371	placeholder
16	12474271	12474894	15	909784	910413	placeholder
2	9791569	9796019	2	230476019	230483771	placeholder
1	10884822	10887772	1	305001789	305003554	placeholder
10	6374000	6381634	11	16637061	16644024	placeholder
10	6319377	6327094	11	16689511	16694094	placeholder
7	80083328	80091049	4	72110224	72116144	placeholder
6	95373060	95377294	6	82451043	82453220	placeholder
5	36557387	36557882	5	74740427	74740922	placeholder
1	69695670	69696171	1	247411754	247412255	placeholder
5	86466440	86470749	5	33815521	33819097	placeholder
14	666536	669576	14	802403	805454	placeholder
7	31110519	31111782	7	30406300	30407638	placeholder
10	14489620	14498977	11	10950786	10953797	placeholder
1	50306395	50320330	1	267033356	267046992	placeholder
1	299748754	299750375	1	29398243	29399895	placeholder
7	12209731	12214316	7	12543413	12547111	placeholder
1	301782685	301784771	1	27284639	27286658	placeholder
7	22214712	22217902	7	21997083	21998532	placeholder
3	167424399	167429692	3	164680171	164686005	placeholder
19	1156780	1157848	8	59598308	59603345	placeholder
2	230925956	230939172	2	34124093	34129446	placeholder
1	200780994	200781492	1	126750187	126750694	placeholder
1	165769195	165772532	1	157172182	157175288	placeholder
3	168953431	168960511	3	166411103	166420998	placeholder
7	92731491	92733674	7	78605492	78607338	placeholder
1	89207154	89219583	1	228526487	228544505	placeholder
3	155105752	155111151	3	151698170	151703358	placeholder
3	46554650	46563831	3	50950625	50955230	placeholder
10	817518	821440	11	23694060	23696777	placeholder
4	22268525	22275115	4	94299658	94311131	placeholder
1	319224489	319227410	1	15672719	15676869	placeholder
2	146031074	146034113	2	115442218	115447326	placeholder
15	7394520	7396190	13	10581131	10582973	placeholder
11	21569852	21574071	9	7988434	7993883	placeholder
7	36977299	36978925	7	35954274	35955790	placeholder
4	74561731	74593944	4	56736078	56750487	placeholder
13	17480936	17483427	10	23937781	23941329	placeholder
6	58037356	58046370	6	58246582	58256537	placeholder
6	32994229	32994733	6	32303212	32303716	placeholder
6	38475849	38477030	6	38261804	38263339	placeholder
4	64331948	64342983	4	63564667	63580488	placeholder
1	195744255	195747193	1	131038927	131042353	placeholder
2	202225587	202229657	2	61946004	61950083	placeholder
3	64275503	64280378	3	70220458	70224707	placeholder
7	14427614	14430493	7	14654797	14656856	placeholder
15	15593186	15594374	13	1972555	1973813	placeholder
13	17557106	17559442	10	24041805	24044398	placeholder
12	169662	170504	12	22594595	22595412	placeholder
17	8192052	8194335	16	5910398	5915341	placeholder
1	187167284	187172418	1	139087849	139093376	placeholder
6	93663914	93677454	6	84528137	84537758	placeholder
7	32950974	32967871	7	32306778	32316999	placeholder
5	5502835	5506854	5	105341422	105346665	placeholder
10	11104666	11107634	11	12423646	12426420	placeholder
2	154958033	154962078	2	107582112	107588264	placeholder
1	261799247	261806490	1	68663238	68666928	placeholder
2	197229986	197236230	2	66586844	66592924	placeholder
1	97882598	97889880	1	219789496	219796046	placeholder
14	8303822	8315966	14	10612540	10623547	placeholder
1	287652432	287655955	1	42340897	42344946	placeholder
12	8455230	8457771	12	12317540	12320392	placeholder
4	53703613	53706064	4	72575222	72577395	placeholder
1	287506118	287581938	1	42434901	42544890	placeholder
16	12571768	12573395	15	782266	784560	placeholder
7	47592816	47597950	7	44824568	44826916	placeholder
1	50179619	50182630	1	267176605	267181891	placeholder
16	11059030	11062174	15	2612809	2616113	placeholder
4	68152377	68253676	4	60777308	60805123	placeholder
8	7783033	7803716	8	8525919	8533155	placeholder
14	4050310	4062511	14	5469674	5483332	placeholder
14	16017040	16027198	14	19561335	19568050	placeholder
12	8131734	8137250	12	12670883	12676598	placeholder
5	23394563	23401529	5	88097884	88104857	placeholder
3	66627561	66650336	3	72413673	72436783	placeholder
3	32604713	32612146	3	35237941	35245614	placeholder
2	191058677	191063842	2	72456244	72460736	placeholder
2	186416452	186424135	2	77204280	77212251	placeholder
16	12647938	12648751	15	667577	668460	placeholder
5	3018411	3024949	5	107848817	107853361	placeholder
3	50494106	50496866	3	55535396	55538092	placeholder
1	260740393	260753304	1	69603290	69619562	placeholder
2	220412610	220414564	2	44206915	44212731	placeholder
13	4996071	4998427	10	9767257	9771735	placeholder
14	1403840	1419992	14	1858728	1895674	placeholder
13	7478642	7487287	10	13035337	13042645	placeholder
8	29957069	29962309	8	35750062	35756593	placeholder
4	87038756	87040852	4	47873982	47876134	placeholder
14	2321286	2323726	14	3234399	3238272	placeholder
13	1920599	1925202	10	4048523	4057656	placeholder
14	5269420	5272956	14	7088875	7092089	placeholder
2	130846420	130854731	2	129459476	129464964	placeholder
12	3269425	3270958	12	18360912	18362409	placeholder
1	224660827	224663976	1	104399153	104405055	placeholder
13	16540489	16542615	10	22800902	22804690	placeholder
1	210825645	210836058	1	117739484	117748716	placeholder
2	24114877	24120448	2	209594359	209601229	placeholder
6	88258559	88265626	6	74912366	74918325	placeholder
16	7553981	7554806	15	7027219	7028813	placeholder
2	155055081	155067278	2	107466912	107485657	placeholder
7	12967529	12971481	7	13271371	13274989	placeholder
1	246146416	246153076	1	83932279	83939796	placeholder
1	336749677	336753679	1	3722244	3726235	placeholder
7	26137628	26148066	7	25751595	25756037	placeholder
7	31031674	31041268	7	30328740	30337413	placeholder
16	2552102	2553686	15	15302619	15303816	placeholder
7	84046690	84054452	7	72749740	72826108	placeholder
2	222397432	222399353	2	42282249	42283668	placeholder
1	300849133	300858735	1	28289489	28302889	placeholder
19	5670720	5672207	18	10758259	10759432	placeholder
11	20674090	20676727	9	8956562	8962490	placeholder
7	71824126	71827494	7	57606570	57610092	placeholder
1	50883329	50887935	1	266510936	266513483	placeholder
6	44577242	44578996	6	44554082	44556446	placeholder
4	50851606	50858172	4	75058446	75065859	placeholder
3	156404462	156408308	3	153108538	153112366	placeholder
15	3563191	3568025	13	15366094	15371578	placeholder
14	13661587	13671643	14	15240845	15247832	placeholder
2	189803121	189820477	2	73726689	73735088	placeholder
5	66488780	66497100	5	44817719	44829680	placeholder
6	85851838	85852267	6	72491331	72491760	placeholder
2	207409440	207417512	2	56865034	56867505	placeholder
3	137864584	137872004	3	133480386	133490554	placeholder
1	97779034	97783809	1	219901013	219904453	placeholder
13	1231663	1232113	10	2641504	2641954	placeholder
6	27388070	27391391	6	26117010	26119558	placeholder
7	62120784	62130137	7	52700655	52715749	placeholder
2	47423769	47425809	2	184821678	184824162	placeholder
3	59015670	59020796	3	64603775	64609793	placeholder
3	193622216	193631215	3	190972696	190979982	placeholder
2	24607066	24607504	2	209080978	209081416	placeholder
1	280775957	280782344	1	49606506	49612018	placeholder
19	3122065	3124346	18	6845087	6848502	placeholder
1	317041423	317043989	1	17733777	17735828	placeholder
5	22722967	22725738	5	88802661	88805233	placeholder
1	129245080	129271085	1	191130203	191160612	placeholder
13	14970970	14974587	10	20987239	20991259	placeholder
14	12632318	12640609	14	15110009	15126011	placeholder
2	9374537	9375754	2	230030765	230033661	placeholder
1	323497750	323506795	1	11831904	11846599	placeholder
8	22960639	22965490	8	22711431	22718880	placeholder
1	165495973	165502391	1	157534262	157541257	placeholder
3	155077355	155081592	3	151661176	151670445	placeholder
4	98508898	98516015	4	38127279	38132812	placeholder
17	11013697	11014108	16	12467737	12468148	placeholder
1	208737150	208749780	1	119665561	119675453	placeholder
8	53385711	53392192	8	70546717	70548968	placeholder
1	317414750	317416436	1	17361387	17363148	placeholder
2	69111528	69117425	2	162600468	162611377	placeholder
4	84866770	84868689	4	50631125	50633731	placeholder
14	481563	482197	14	558162	558987	placeholder
2	101937373	101943570	2	154906817	154912834	placeholder
7	36938411	36942899	7	35924018	35931440	placeholder
1	89175274	89206887	1	228545450	228578356	placeholder
17	6657043	6663635	16	8623968	8631594	placeholder
10	1647823	1649569	11	24944546	24946178	placeholder
1	187051244	187059576	1	139203940	139213515	placeholder
1	339538498	339542480	1	1284633	1289303	placeholder
5	7972810	7974582	5	102815981	102819060	placeholder
7	36535127	36539709	7	35557127	35568895	placeholder
5	100064100	100067486	5	14234634	14238544	placeholder
6	45467807	45471356	6	45478635	45482338	placeholder
13	17586505	17588454	10	24086223	24089783	placeholder
2	177537602	177541309	2	85739910	85744455	placeholder
3	65739564	65743649	3	71766796	71770252	placeholder
1	242764701	242769078	1	87243501	87249669	placeholder
4	38714990	38724301	4	86148998	86154504	placeholder
15	8679307	8682071	13	9196811	9199293	placeholder
3	94999229	95031724	3	99049097	99055500	placeholder
14	3581603	3582990	14	4900067	4901510	placeholder
14	5194885	5196656	14	6986187	6988968	placeholder
1	298683200	298691812	1	30517877	30519589	placeholder
15	7027018	7036768	13	10998158	11009575	placeholder
1	335732773	335739881	1	2897384	2906297	placeholder
2	240768164	240777563	2	25111141	25123355	placeholder
1	82074448	82087388	1	235393883	235406489	placeholder
3	55463244	55467680	3	61013758	61018285	placeholder
17	11106516	11107623	16	12592300	12593935	placeholder
2	61378402	61381460	2	170651466	170656614	placeholder
7	16095294	16155461	7	16296981	16359718	placeholder
1	152141770	152148989	1	170214116	170220697	placeholder
7	33125856	33128379	7	32450949	32453218	placeholder
13	15828967	15835780	10	21945402	21953698	placeholder
3	58978685	58986699	3	64560208	64567727	placeholder
2	24354390	24379722	2	209311709	209349692	placeholder
6	43217633	43220988	6	43164595	43170933	placeholder
1	72620233	72623024	1	244614870	244617151	placeholder
1	104566145	104568656	1	213470104	213471747	placeholder
5	50297369	50337869	5	60251601	60282147	placeholder
1	255738651	255740872	1	74570190	74572731	placeholder
2	177885194	177893091	2	85377787	85384666	placeholder
12	13722843	13728549	12	6797953	6803131	placeholder
7	26519875	26534917	7	26115160	26125075	placeholder
4	81370530	81374435	4	48347297	48350951	placeholder
1	82198386	82204454	1	235273821	235280565	placeholder
13	1910005	1916937	10	4037987	4044445	placeholder
10	6504131	6504545	11	16529993	16530407	placeholder
5	69915893	69924416	5	42284990	42290385	placeholder
1	55403936	55405794	1	261835677	261837657	placeholder
19	7465773	7468057	18	9397140	9398472	placeholder
17	10426748	10427165	16	2518791	2519208	placeholder
1	312476716	312482925	1	22260943	22266869	placeholder
4	38899792	38900919	4	86012347	86013462	placeholder
2	153910371	153916607	2	108564497	108573601	placeholder
1	106289336	106298830	1	211781856	211790398	placeholder
13	12473168	12475098	10	18306556	18310822	placeholder
5	20787448	20787764	5	90872137	90872455	placeholder
14	7530516	7533087	14	9691643	9694510	placeholder
1	96403439	96405553	1	221333802	221335909	placeholder
5	32396830	32398888	5	79006066	79008639	placeholder
5	24228612	24233073	5	87356718	87371042	placeholder
6	26959597	26963541	6	25683850	25686837	placeholder
1	319270179	319272241	1	15629441	15631606	placeholder
5	120881821	120886469	5	10422578	10426029	placeholder
4	60589986	60595013	4	66308820	66310294	placeholder
1	323739356	323742265	1	11609303	11610915	placeholder
1	104425676	104426087	1	213616794	213617205	placeholder
16	7817504	7822545	15	7349743	7356964	placeholder
5	52204550	52204916	5	58317262	58317628	placeholder
4	82155016	82157934	4	48790900	48793034	placeholder
2	220349036	220356184	2	44258331	44265464	placeholder
8	30367199	30368287	8	35367759	35368921	placeholder
4	49827794	49831811	4	75975376	75980938	placeholder
3	106256617	106266078	3	107011404	107018806	placeholder
2	212001426	212014250	2	52175224	52182896	placeholder
5	53239696	53245446	5	57165839	57170891	placeholder
1	156238669	156242371	1	166224485	166227818	placeholder
3	85464619	85469375	3	91665739	91671728	placeholder
7	88500198	88500600	7	67871202	67871604	placeholder
4	64131285	64135768	4	63724156	63730006	placeholder
3	82806809	82808732	3	88883142	88885381	placeholder
7	10718007	10729988	7	11104834	11117091	placeholder
19	4787838	4796612	18	8684410	8692608	placeholder
5	57825831	57828510	5	52816549	52823716	placeholder
3	195396208	195409212	3	192605141	192611605	placeholder
2	134606778	134607177	2	123733922	123734321	placeholder
1	210673727	210679501	1	117900695	117905369	placeholder
3	166737091	166739283	3	163990922	163993669	placeholder
8	38763798	38766675	8	27165784	27170568	placeholder
8	48506126	48512304	8	48796266	48804414	placeholder
1	39032024	39032782	1	278758849	278759891	placeholder
3	172504775	172511632	3	170184758	170189341	placeholder
1	249709398	249712782	1	80413194	80416606	placeholder
17	8369986	8371852	16	6136917	6140115	placeholder
1	248287385	248298405	1	81753389	81764539	placeholder
6	97327912	97331841	6	79948856	79951164	placeholder
6	93482686	93494269	6	84670423	84680769	placeholder
1	118977533	118989282	1	200857461	200863152	placeholder
1	88409109	88410491	1	229363050	229364447	placeholder
12	8389944	8391395	12	12388352	12389884	placeholder
7	22248880	22296196	7	22037423	22088493	placeholder
1	12288298	12293595	1	303759440	303764409	placeholder
14	5934523	5942396	14	7843398	7848996	placeholder
1	266726425	266736592	1	63767017	63771980	placeholder
1	29073505	29077594	1	288601435	288605160	placeholder
6	96286443	96294271	6	81483136	81489605	placeholder
4	54685075	54690642	4	71630747	71637147	placeholder
13	279318	281178	10	1632216	1635126	placeholder
7	36991717	37000474	7	35968384	35975756	placeholder
3	157148970	157151024	3	153896546	153898646	placeholder
17	10543639	10545107	16	11827590	11829986	placeholder
3	185062139	185064563	3	182880714	182885217	placeholder
3	186225710	186227818	3	184096931	184099656	placeholder
11	15054643	15063606	9	14568912	14576649	placeholder
2	209537925	209540563	2	54690366	54692954	placeholder
3	100523685	100526085	3	101740122	101742555	placeholder
2	164068720	164069173	2	98564826	98565276	placeholder
8	11611309	11614893	8	11772035	11775065	placeholder
2	168036498	168039915	2	94894926	94900184	placeholder
7	93104067	93108901	7	78096487	78104678	placeholder
1	322547857	322548298	1	12706619	12707059	placeholder
2	156365900	156372211	2	106191370	106197994	placeholder
6	8083988	8092906	6	7779013	7781972	placeholder
12	1611754	1614106	12	20698385	20700828	placeholder
3	113893647	113911728	3	109608283	109627774	placeholder
7	28324795	28329215	7	27740199	27745446	placeholder
7	10628098	10637655	7	11032165	11042213	placeholder
16	1383223	1384512	15	16500126	16501434	placeholder
3	3401289	3455513	3	5938486	5991007	placeholder
1	126413735	126425730	1	193749710	193763162	placeholder
2	103359027	103362062	2	153556659	153562087	placeholder
10	6530053	6537478	11	16484941	16496483	placeholder
6	24674724	24680114	6	23248343	23253991	placeholder
7	28859822	28864392	7	28223709	28229345	placeholder
2	160145737	160148994	2	102525830	102528835	placeholder
11	22751172	22751717	9	6771118	6771676	placeholder
1	53630615	53634490	1	263725897	263730007	placeholder
1	337472712	337478786	1	4303413	4306294	placeholder
1	48974186	48978557	1	268507651	268513494	placeholder
1	50141366	50151571	1	267216360	267227307	placeholder
5	52246562	52246937	5	58258850	58259225	placeholder
19	1180154	1183782	18	2863381	2870819	placeholder
1	44204	44946	1	310346334	310346812	placeholder
1	227824479	227828950	1	101409241	101413200	placeholder
16	13058278	13059054	15	43266	44459	placeholder
4	49848604	49853876	4	75956223	75959098	placeholder
1	194781477	194788425	1	131930445	131936476	placeholder
2	72755808	72756183	2	158988698	158989073	placeholder
3	3582266	3587826	3	6061155	6066598	placeholder
1	318073214	318075355	1	16715701	16717150	placeholder
1	118663588	118665422	1	201145298	201147206	placeholder
14	984520	985927	14	1278522	1280114	placeholder
11	20703857	20706566	9	8922181	8925716	placeholder
1	272453761	272456263	1	58136407	58139449	placeholder
15	12929485	12932128	13	4917449	4919579	placeholder
12	10970210	10973482	12	9669391	9673778	placeholder
5	5606945	5615235	5	105248165	105257367	placeholder
14	1921134	1921806	14	2639777	2640331	placeholder
2	55123649	55130861	2	176935063	176944390	placeholder
6	63839952	63841137	6	64059296	64062801	placeholder
14	5358772	5360700	14	7168010	7171926	placeholder
4	125709916	125711856	4	6900901	6903508	placeholder
3	89358509	89413474	3	95596069	95633911	placeholder
1	285016211	285017666	1	45195190	45196676	placeholder
1	62395777	62397971	1	254811476	254813428	placeholder
14	16413201	16413782	14	16899491	16900427	placeholder
14	9179118	9185857	14	11551922	11555747	placeholder
1	227621079	227625402	1	101650051	101653180	placeholder
8	4151793	4158258	8	4585501	4590920	placeholder
1	71179144	71180970	1	246042804	246044624	placeholder
4	53327749	53330519	4	72907967	72910809	placeholder
2	157675845	157677107	2	104978526	104980018	placeholder
7	33812889	33814996	7	33045838	33050255	placeholder
11	1213007	1216294	9	3850646	3857099	placeholder
1	233949873	233951686	1	95699888	95700611	placeholder
3	16028281	16032793	3	17841286	17846444	placeholder
17	8392822	8393176	16	6168520	6168874	placeholder
17	11002935	11003433	16	12448141	12454761	placeholder
15	869193	871619	13	20839332	20843206	placeholder
1	319413064	319415505	1	15485732	15488630	placeholder
1	273414840	273418676	1	57021433	57027715	placeholder
8	22954200	22956319	8	22706097	22708126	placeholder
1	55580961	55585355	1	261664872	261671216	placeholder
1	292903506	292906421	1	36764308	36766764	placeholder
1	16705168	16716826	1	300030850	300040505	placeholder
4	82562879	82567375	4	49051919	49056061	placeholder
1	92008352	92012875	1	225659746	225662169	placeholder
1	295170731	295177119	1	34330161	34336567	placeholder
15	12454052	12454400	13	5428968	5429316	placeholder
5	54478616	54493392	5	56079919	56109054	placeholder
1	5384184	5397338	1	309567521	309574507	placeholder
4	29983897	29998908	4	93595264	93606670	placeholder
1	50867681	50869361	1	266529081	266530858	placeholder
12	9493580	9496263	12	11248481	11250894	placeholder
3	32635268	32637846	3	35285210	35288205	placeholder
6	12092910	12096665	6	11132176	11135869	placeholder
3	29770768	29776004	3	32297870	32304288	placeholder
3	166609059	166612732	3	163827374	163830227	placeholder
1	107647842	107650903	1	210587190	210589527	placeholder
1	8158536	8166056	1	307317394	307323668	placeholder
4	88986060	88986393	4	46377765	46378098	placeholder
3	29804535	29807669	3	32327361	32332952	placeholder
5	30422948	30427726	5	81095874	81100188	placeholder
6	85232501	85248056	6	69130181	69144785	placeholder
3	155389564	155391528	3	152028054	152029905	placeholder
14	4774282	4776919	14	6507327	6509156	placeholder
1	177123120	177124503	1	147323695	147328279	placeholder
2	35163893	35165417	2	198049564	198051572	placeholder
15	15792536	15795457	13	1690488	1695650	placeholder
3	141639083	141642962	3	137394353	137398051	placeholder
6	80676355	80766535	6	68439461	68453078	placeholder
7	20380575	20391431	7	20189172	20195989	placeholder
3	24506215	24508985	3	26432668	26435628	placeholder
5	49292822	49298746	5	61275311	61282227	placeholder
3	63571776	63577628	3	69455661	69463541	placeholder
1	166473103	166476487	1	156479360	156484929	placeholder
1	20880183	20883202	1	296633201	296639605	placeholder
1	100866365	100868635	1	216990787	216993029	placeholder
5	26276636	26276954	5	85149492	85149813	placeholder
1	18589540	18594027	1	298484842	298487781	placeholder
1	246467437	246472655	1	83659949	83662605	placeholder
7	33321806	33326967	7	32622460	32627890	placeholder
19	5308331	5311325	18	9117470	9119364	placeholder
5	90516738	90521946	5	30877199	30879355	placeholder
2	84730442	84741187	2	63684079	63684382	placeholder
11	3127183	3127495	9	1716343	1716655	placeholder
1	285066748	285078367	1	45132652	45146454	placeholder
2	961532	967080	2	222071313	222075123	placeholder
3	16419270	16451687	3	18081768	18112002	placeholder
5	21004572	21004878	5	90647428	90647734	placeholder
3	178140422	178142038	3	176105452	176106697	placeholder
10	6963319	6968536	11	16123536	16127593	placeholder
4	31829479	31830987	4	92077747	92079368	placeholder
1	17590709	17595295	1	299305913	299309462	placeholder
13	3757695	3762840	10	8022388	8023606	placeholder
1	214686345	214692140	1	113947540	113952136	placeholder
3	163070613	163070952	3	159942068	159942407	placeholder
12	3602946	3603927	12	17910949	17915748	placeholder
8	74980402	74994729	8	62299896	62320849	placeholder
4	2741324	2745950	4	116853067	116858226	placeholder
1	221497393	221499812	1	107536731	107539135	placeholder
6	1185890	1189649	6	1573869	1576724	placeholder
2	120112681	120114286	2	139007896	139009743	placeholder
1	292797929	292805194	1	36890774	36897398	placeholder
1	165883410	165885884	1	157063064	157064715	placeholder
1	227695965	227697486	1	101567142	101569949	placeholder
7	83874689	83881540	7	72914072	72921741	placeholder
3	29664628	29666082	3	32181776	32183271	placeholder
1	279404367	279416879	1	50933941	50943819	placeholder
2	141081791	141083561	2	120129102	120133140	placeholder
1	50080112	50082055	1	267296153	267297631	placeholder
3	20399559	20405886	3	22039298	22043608	placeholder
17	4329867	4339359	16	10848008	10856090	placeholder
1	40389522	40412727	1	277317983	277339311	placeholder
10	4694062	4694341	11	21014785	21015064	placeholder
16	10992921	10994434	15	13741817	13743600	placeholder
11	6381860	6384765	9	23390482	23392868	placeholder
3	145595470	145598255	3	141715584	141718877	placeholder
3	6472656	6473520	3	8860717	8863019	placeholder
2	103234791	103238602	2	153697121	153704207	placeholder
13	629866	632952	10	725200	730422	placeholder
18	9056294	9056570	17	10305692	10305968	placeholder
1	26778437	26782074	1	290883111	290885714	placeholder
3	153948284	153951976	3	150473127	150474828	placeholder
1	63365548	63372153	1	253824368	253832123	placeholder
1	228934996	228937770	1	100370187	100372655	placeholder
3	178042139	178042400	3	176008813	176009074	placeholder
7	8613359	8613815	7	9116784	9117242	placeholder
5	65920569	65940545	5	45272462	45287356	placeholder
3	81805727	81841619	3	87892617	87925512	placeholder
3	26306156	26334502	3	28407585	28439666	placeholder
2	212917607	212920737	2	51299462	51301708	placeholder
1	1875011	1875263	1	312129069	312129321	placeholder
3	177914771	177920765	3	175880825	175887690	placeholder
14	472981	473233	14	542410	542661	placeholder
3	37952335	37957392	3	41305782	41312269	placeholder
1	252511787	252513542	1	77644272	77647679	placeholder
15	9361085	9361328	13	8510468	8510711	placeholder
6	22232607	22232835	6	20745877	20746105	placeholder
8	28559284	28562626	8	37229838	37234793	placeholder
3	83471032	83474465	3	89539496	89542512	placeholder
6	30713790	30715322	6	29745606	29747189	placeholder
3	169678392	169679077	3	167212524	167213199	placeholder
1	329104370	329115809	1	10538124	10543299	placeholder
12	18761288	18763391	12	3122697	3124854	placeholder
3	30574796	30576603	3	33088497	33090286	placeholder
13	15709697	15711455	10	21791015	21793915	placeholder
2	182396062	182397673	2	81033448	81035051	placeholder
3	23274407	23276212	3	25132752	25134267	placeholder
2	27107810	27108035	2	206523142	206523367	placeholder
6	38992139	38994329	6	38868025	38869956	placeholder
3	15563865	15564998	3	17361184	17364033	placeholder
2	192136763	192139586	2	71520241	71521941	placeholder
1	51390208	51395001	1	266064096	266069285	placeholder
2	182008946	182009132	2	81436203	81436389	placeholder
1	287014445	287020253	1	43114315	43123870	placeholder
3	146240468	146241259	3	142398377	142399176	placeholder
3	23649436	23651663	3	25505590	25506357	placeholder
1	41273832	41275831	1	276400507	276403847	placeholder
1	243073411	243073567	1	86898325	86898481	placeholder
