Species_1	Start_1	End_1	Species_2	Start_2	End_2	fill
1	65746531	65838890	1	278557923	278587128	placeholder
1	148936096	149069608	1	194220855	194357527	placeholder
8	42966448	43092062	8	22030743	22138916	placeholder
5	21571446	21593801	5	95880667	95912504	placeholder
1	198202236	198243518	1	146298151	146344430	placeholder
2	191945511	192002093	2	71651588	71709885	placeholder
14	14408711	14503783	14	17792911	17939676	placeholder
4	22456142	22582721	4	24071196	24196546	placeholder
1	270038753	270125470	1	72294343	72381796	placeholder
1	126070166	126166134	1	216608921	216674995	placeholder
14	5859568	5915779	14	7674673	7730430	placeholder
1	310054045	310226185	1	27831883	28007415	placeholder
7	41879020	42009147	7	41749475	41871033	placeholder
5	24709095	24743371	5	92428496	92470285	placeholder
1	239740195	239799764	1	103889016	103975323	placeholder
4	56879587	56937975	4	49827363	49871189	placeholder
3	64068408	64111453	3	141041537	141086494	placeholder
3	65933528	65979642	3	138927352	138977784	placeholder
2	47369246	47409108	2	216207982	216257809	placeholder
3	197899120	197959211	3	4128683	4175275	placeholder
2	198317496	198392263	2	65030932	65093754	placeholder
5	77784247	77837529	5	41060256	41073519	placeholder
12	11705357	11955692	12	14479669	14752726	placeholder
1	40467695	40605557	1	306632537	306774584	placeholder
16	10002106	10041753	15	6235457	6306020	placeholder
3	153841800	153945808	3	51059436	51191346	placeholder
13	13692774	13730122	11	19895555	19941592	placeholder
8	55648999	55715066	8	2682089	2702303	placeholder
17	7820850	7849822	16	5059283	5096097	placeholder
1	227650323	227674007	1	116499117	116525447	placeholder
1	55495909	55568752	1	290074873	290143790	placeholder
17	1875274	1969990	16	1733885	1816316	placeholder
1	337045295	337197606	1	2592376	2695216	placeholder
2	152269843	152317762	2	113071636	113114946	placeholder
1	173115847	173225833	1	169663994	169747802	placeholder
7	88785669	88883444	7	67808800	67891415	placeholder
1	226244444	226301853	1	118015464	118072522	placeholder
7	30649792	30742536	7	30840770	30914353	placeholder
16	13020831	13048086	15	17104507	17152366	placeholder
1	254251440	254273160	1	89058782	89083509	placeholder
1	340441203	340457170	1	218671	237933	placeholder
7	15905138	16030611	7	16305033	16440260	placeholder
1	63230614	63248112	1	281545717	281580357	placeholder
1	139247389	139332755	1	203616516	203655756	placeholder
15	14731807	14746046	13	3875101	3899488	placeholder
5	52903400	52945682	5	61420481	61473601	placeholder
4	19829077	19898892	4	16538238	16601543	placeholder
1	143309865	143409578	1	199817238	199915469	placeholder
2	90211784	90306194	2	174281034	174365725	placeholder
16	8925450	9028643	15	8050447	8185536	placeholder
2	103475212	103503025	2	160326490	160340376	placeholder
4	57144996	57220345	4	49613757	49671544	placeholder
6	85593186	85678509	6	83272865	83342556	placeholder
2	243389519	243490749	2	18544202	18619458	placeholder
16	11856908	11882451	15	15454401	15484992	placeholder
1	333403470	333571816	1	4846967	4958237	placeholder
7	29771975	29948810	7	29939041	30103506	placeholder
14	1843998	1869919	14	2454885	2490210	placeholder
1	270326380	270370401	1	71959147	72008791	placeholder
5	38723730	38762385	5	77001702	77044041	placeholder
1	17345116	17409434	1	330535040	330595669	placeholder
1	276478812	276524718	1	65256975	65309282	placeholder
16	10138522	10204439	15	5947374	6039901	placeholder
1	217716540	217754577	1	126942715	126987437	placeholder
1	273477741	273804175	1	68227241	68559083	placeholder
6	30925131	30997296	6	30221122	30302773	placeholder
2	67273630	67354026	2	194769959	194851102	placeholder
1	257698906	257750749	1	85255088	85262180	placeholder
8	41225517	41275540	8	20494663	20545648	placeholder
15	4578186	4642046	13	15275041	15329670	placeholder
2	156393146	156424112	2	108697001	108761599	placeholder
1	71974059	72090517	1	272188855	272268375	placeholder
6	89352107	89457309	6	88209341	88410865	placeholder
3	87273107	87430496	3	116164905	116350541	placeholder
8	21681298	21700178	8	56230834	56256201	placeholder
5	119878978	119912385	5	9714748	9756411	placeholder
7	31477671	31525503	7	31687078	31721420	placeholder
1	41301800	41347926	1	305776269	305827500	placeholder
4	93612604	93700625	4	78404398	78499602	placeholder
6	97386734	97463640	6	92407501	92509792	placeholder
1	130705502	130730074	1	212038288	212069143	placeholder
14	10099259	10150034	14	12487938	12539123	placeholder
1	39647603	39686272	1	307568711	307614915	placeholder
6	70123998	70172573	6	72383997	72429119	placeholder
2	158407906	158505750	2	106578724	106696011	placeholder
2	100057344	100092342	2	163866988	163895272	placeholder
15	6795598	6816406	13	12634418	12654884	placeholder
1	116661377	116673484	1	226321359	226334316	placeholder
2	217968864	218317612	2	43945443	44273796	placeholder
14	14554076	14601311	14	19142843	19193680	placeholder
1	65642528	65680170	1	278726315	278774823	placeholder
1	277621622	277638293	1	64103593	64123667	placeholder
10	16434487	16447306	10	16837322	16853844	placeholder
2	84884676	84975111	2	178836283	178906259	placeholder
15	1758966	1793963	13	19796425	19862116	placeholder
7	21239400	21296110	7	21451926	21519377	placeholder
2	155944757	155999368	2	109128317	109182252	placeholder
1	265601318	265694508	1	76920088	77018814	placeholder
7	89923509	89977359	7	68928890	68970650	placeholder
3	57057604	57110484	3	148796793	148856093	placeholder
7	46611936	46651584	7	45441046	45487178	placeholder
5	85860881	85961163	5	37159363	37245887	placeholder
14	16075595	16123807	14	17733093	17786990	placeholder
19	5983239	6019948	18	1465414	1505056	placeholder
8	75119664	75143890	8	12845480	12874559	placeholder
17	10092750	10111182	16	2817110	2856822	placeholder
3	25696020	25727393	3	185184477	185216242	placeholder
1	18148351	18207975	1	329828011	329877786	placeholder
1	286115006	286261800	1	54538449	54768453	placeholder
8	74273556	74304933	8	11926769	11958752	placeholder
1	116303632	116347770	1	226653030	226697765	placeholder
14	6397046	6421387	14	8337577	8365771	placeholder
13	474334	546105	11	1154072	1185694	placeholder
1	339620078	339678289	1	892708	921712	placeholder
2	199267891	199304830	2	64081844	64126434	placeholder
1	340401255	340412468	1	273845	283661	placeholder
14	8248162	8293241	14	10610120	10652124	placeholder
1	13668449	13726046	1	333814193	333861978	placeholder
3	152339458	152404353	3	52853895	52931013	placeholder
5	8042920	8068159	5	104537447	104562568	placeholder
2	133124550	133156532	2	126329182	126357106	placeholder
12	4882637	4944016	12	6668545	6703223	placeholder
14	9854934	9888403	14	12287669	12315659	placeholder
7	16305383	16355037	7	16708314	16754000	placeholder
3	114830030	114916385	3	93000913	93042379	placeholder
5	109376910	109521772	5	414082	522851	placeholder
1	255446735	255500403	1	87667685	87720762	placeholder
1	268763022	268834137	1	73676904	73745652	placeholder
2	206213535	206273600	2	56829993	56894178	placeholder
8	60638174	60798671	8	33897476	34026882	placeholder
5	36410076	36467420	5	79799726	79859850	placeholder
1	71525710	71607930	1	272689091	272781489	placeholder
1	62339399	62392219	1	282498913	282549031	placeholder
7	52747782	52867614	7	48368929	48419142	placeholder
1	272654955	272721331	1	69504170	69561914	placeholder
1	166157898	166199410	1	176645886	176699848	placeholder
6	31417461	31463732	6	30860867	30926324	placeholder
17	9549693	9575015	16	4382978	4439708	placeholder
3	152262743	152301892	3	52979529	53033165	placeholder
1	64641729	64776176	1	279808332	279939416	placeholder
1	332636091	332794298	1	6146516	6253283	placeholder
19	241781	256145	6	6378736	6410013	placeholder
2	11596379	11609758	2	265316155	265332120	placeholder
3	49301918	49375407	3	157560764	157677318	placeholder
3	142593126	142633794	3	63612223	63650581	placeholder
3	66422137	66495018	3	138571707	138633328	placeholder
5	70801597	70858812	5	45175226	45214072	placeholder
17	4936784	5003635	16	10036830	10096607	placeholder
1	238870745	238912380	1	104800404	104888883	placeholder
15	1857484	1871877	13	19686870	19703430	placeholder
5	50690613	50767089	5	63807232	63895983	placeholder
3	180826430	180940954	3	20717526	20849999	placeholder
1	176836776	176918133	1	166408872	166459780	placeholder
3	123249956	123295873	3	84222248	84271091	placeholder
5	67763398	67802533	5	47358008	47383813	placeholder
3	39113724	39157371	3	169446938	169494882	placeholder
1	53694873	53742432	1	292089906	292140074	placeholder
5	51303523	51358748	5	63226961	63285310	placeholder
1	262199614	262249198	1	80666541	80725434	placeholder
5	91215382	91237293	5	32990478	33010954	placeholder
14	220670	238661	14	220758	248438	placeholder
16	1772462	1839689	15	1829846	1895411	placeholder
2	95579626	95619839	2	168983476	169021659	placeholder
3	130717001	130760659	3	76265436	76310060	placeholder
4	90938011	90962116	4	75966800	75989261	placeholder
5	5528377	5604304	5	111956829	112013922	placeholder
6	69893270	69897716	6	72203776	72208237	placeholder
1	288140427	288174228	1	52268821	52305744	placeholder
8	66446636	66703663	8	18273236	18532349	placeholder
15	11631271	11661660	13	7061811	7096253	placeholder
8	25544782	25586932	8	36034937	36096816	placeholder
1	257459716	257510039	1	85516431	85562918	placeholder
6	43290076	43341584	6	44184582	44240474	placeholder
16	6745275	6768804	15	11352606	11373177	placeholder
2	31532027	31598392	2	234007168	234081222	placeholder
7	65935264	66036415	7	56694142	56769989	placeholder
10	5047427	5106248	10	7879771	7935836	placeholder
11	22591404	22598268	9	506386	514263	placeholder
1	55155058	55168832	1	290490429	290506737	placeholder
8	76739548	76786316	8	942508	1038426	placeholder
1	221445330	221488744	1	123173568	123213701	placeholder
1	277656680	277685325	1	64057879	64083634	placeholder
5	122421188	122467925	5	13014705	13071978	placeholder
3	169968203	170016443	3	32866211	32931519	placeholder
2	203692098	203727305	2	59482346	59518028	placeholder
1	159387198	159481033	1	183318542	183403239	placeholder
2	243252377	243294448	2	18711681	18751881	placeholder
7	88174371	88409672	7	70681474	70992695	placeholder
2	194020657	194049214	2	69418604	69456627	placeholder
12	8498031	8517940	12	11142339	11156785	placeholder
11	17532655	17569365	9	5931127	5967153	placeholder
7	56448764	56508055	7	50536946	50574892	placeholder
4	87252174	87311993	4	72835685	72886570	placeholder
17	3356830	3388473	16	11272317	11291027	placeholder
5	26598873	26708861	5	90301962	90390812	placeholder
1	296534198	296569541	1	42781730	42832030	placeholder
7	37143476	37191008	7	37205294	37252372	placeholder
3	33815248	33870085	3	175694459	175751660	placeholder
14	4705538	4723856	14	6313143	6339469	placeholder
4	5290407	5335474	4	3926430	3955166	placeholder
1	260910412	260955704	1	81857930	81911129	placeholder
1	212036948	212125948	1	132948387	133039175	placeholder
3	63498087	63531695	3	141707521	141741379	placeholder
1	222821071	222886448	1	121599805	121684057	placeholder
2	235291097	235552557	2	26104465	26355623	placeholder
13	18053883	18076417	11	24858827	24886935	placeholder
6	37761343	37834443	6	38215425	38287411	placeholder
15	14152287	14166274	13	4607488	4624730	placeholder
1	137800680	137829527	1	204998245	205024306	placeholder
1	64357789	64413404	1	280202589	280269333	placeholder
13	18324394	18342253	11	25174233	25192399	placeholder
2	9338111	9358535	2	263250735	263270408	placeholder
1	170590766	170751966	1	172074459	172189986	placeholder
1	114341305	114376522	1	228589779	228621139	placeholder
2	69157800	69205702	2	192792032	192860886	placeholder
1	59090684	59137284	1	286251108	286299388	placeholder
2	203790679	203816443	2	59362870	59386750	placeholder
1	323234194	323353163	1	14870216	14993345	placeholder
8	36952098	36993073	8	48175622	48223510	placeholder
10	6545356	6594373	10	9379648	9422949	placeholder
5	58731851	58784444	5	55574082	55629866	placeholder
7	14501130	14527304	7	14883964	14934676	placeholder
3	7944295	8038861	3	203146818	203218923	placeholder
1	226703011	226743012	1	117489267	117534448	placeholder
1	92879617	92922599	1	250372460	250413035	placeholder
2	199901084	199946125	2	63401209	63447175	placeholder
1	62899545	62916979	1	281932995	281952203	placeholder
7	65511714	65600287	7	56348016	56435483	placeholder
2	97487021	97514881	2	166387314	166413303	placeholder
2	141510596	141569048	2	123433240	123507590	placeholder
1	296633681	296728182	1	42582948	42703799	placeholder
3	120154147	120199347	3	87421667	87480302	placeholder
1	299037803	299126962	1	39785928	39895695	placeholder
16	5011379	5053912	15	13154341	13189761	placeholder
1	179138712	179176680	1	164463899	164499003	placeholder
14	7308527	7343068	14	9462961	9498521	placeholder
4	51608750	51641624	4	44853574	44879873	placeholder
15	1899943	2021609	13	19446912	19615695	placeholder
2	190077598	190154079	2	73439592	73502230	placeholder
2	155294036	155338081	2	109811174	109859058	placeholder
1	211828633	211922561	1	133125654	133215152	placeholder
1	256613682	256721885	1	86351027	86462936	placeholder
15	7337377	7389348	13	11921957	11980166	placeholder
1	249005722	249048972	1	94292609	94338560	placeholder
2	148811305	149196028	2	115727342	116144815	placeholder
1	225929935	225969758	1	118366731	118407271	placeholder
2	67452584	67521925	2	194624194	194644832	placeholder
8	74792764	74835711	8	12516525	12559149	placeholder
1	164234628	164261118	1	178724155	178743181	placeholder
11	15300587	15321220	9	8218373	8244633	placeholder
14	7214832	7264790	14	9360238	9407597	placeholder
3	71242012	71354018	3	133404232	133502602	placeholder
8	67712144	67766246	8	17513474	17558620	placeholder
1	146563261	146611757	1	196687286	196730131	placeholder
19	5532872	5559813	18	1866588	1884406	placeholder
1	65842572	65871978	1	278516736	278554330	placeholder
5	100158559	100311027	5	15567218	15717822	placeholder
3	44699290	44918746	3	162616629	162862335	placeholder
1	116607547	116631639	1	226362008	226385830	placeholder
5	23250637	23350957	5	93879592	94002875	placeholder
1	302623759	302655942	1	35853383	35890970	placeholder
1	17650518	17720537	1	330271344	330337470	placeholder
14	719665	740263	14	895111	921367	placeholder
4	23612693	23640751	4	23171168	23201499	placeholder
1	26592420	26654162	1	321459504	321527734	placeholder
2	190353589	190376469	2	73192872	73217689	placeholder
3	147386754	147437623	3	58202394	58256325	placeholder
7	31115328	31158679	7	31310954	31366352	placeholder
11	11963727	12054570	9	11501747	11581762	placeholder
2	182712477	182757954	2	81347385	81390204	placeholder
15	3377859	3431258	13	17119602	17204003	placeholder
3	58309119	58314897	3	147539015	147544787	placeholder
1	269844171	269908809	1	72519135	72585067	placeholder
19	4629440	4672443	18	2605738	2639319	placeholder
6	36540287	36567047	6	36666077	36703474	placeholder
1	259388280	259411447	1	83472908	83502598	placeholder
2	199769794	199872773	2	63484252	63593012	placeholder
13	13059948	13078794	11	19093830	19111949	placeholder
15	6517800	6546048	13	12927227	12950414	placeholder
6	43150111	43198579	6	44028709	44083244	placeholder
4	84273448	84317475	4	70305926	70352705	placeholder
4	20123778	20131399	4	16798803	16806683	placeholder
6	45583401	45606589	6	46728444	46753265	placeholder
1	284215054	284224877	1	56807090	56816482	placeholder
15	16761366	16777795	13	451307	486782	placeholder
15	11707112	11727607	13	7001139	7040791	placeholder
6	22656842	22694996	6	20846365	20914966	placeholder
18	9160510	9165550	17	776465	783389	placeholder
3	161020942	161073502	3	43172493	43241461	placeholder
3	45471755	45503488	3	161922733	161955202	placeholder
19	6412945	6477042	18	1092593	1142296	placeholder
8	48589652	48660041	8	27109338	27166522	placeholder
6	52093880	52121137	6	53655864	53681307	placeholder
3	56826965	56898702	3	149013564	149091705	placeholder
1	285975811	286023115	1	54838583	54887745	placeholder
8	23550171	23592750	8	54200380	54238326	placeholder
3	177449269	177543844	3	24299801	24387235	placeholder
6	42554280	42646994	6	43378230	43459359	placeholder
4	90968442	90998753	4	75995366	76026064	placeholder
1	270442240	270521068	1	71816994	71882609	placeholder
6	37963864	37993682	6	38412816	38454507	placeholder
13	3419802	3466320	11	7084233	7152524	placeholder
5	99248350	99300338	5	25031164	25076986	placeholder
1	114613967	114655901	1	228280561	228331744	placeholder
1	326092131	326181486	1	12068769	12153411	placeholder
3	91976442	92185402	3	111948374	112083486	placeholder
5	86572881	86627955	5	36624839	36684257	placeholder
2	176341799	176368796	2	88204716	88235170	placeholder
1	250866748	250943357	1	92331763	92412218	placeholder
6	254736	281183	6	394732	422365	placeholder
3	136578647	136663095	3	70096218	70186641	placeholder
5	57009854	57040207	5	57462209	57499063	placeholder
1	65894818	65952585	1	278417935	278492616	placeholder
3	165989207	166012035	3	37455797	37487990	placeholder
3	62739178	62843728	3	142661028	142795438	placeholder
4	78522802	78869637	4	65166031	65317331	placeholder
5	122762927	122769705	5	13735001	13743807	placeholder
8	38897809	38919812	8	50243760	50269999	placeholder
3	9518619	9636007	3	201578430	201666747	placeholder
4	22196146	22239206	4	24393704	24425993	placeholder
13	12106485	12265297	11	18225181	18372696	placeholder
8	24695495	24718111	8	53009198	53026285	placeholder
1	157045668	157107335	1	185830053	185900807	placeholder
4	131285596	131325384	4	116769769	116791274	placeholder
18	1007273	1053613	17	10582203	10618495	placeholder
12	15740445	15919202	12	18680395	18827510	placeholder
7	21399659	21476818	7	21642426	21722271	placeholder
3	42347327	42398999	3	165486790	165544719	placeholder
2	228443966	228530724	2	33249708	33337079	placeholder
3	52982617	52986250	3	153335253	153338889	placeholder
13	390293	420483	11	835370	883003	placeholder
1	135477797	135520808	1	207227990	207273105	placeholder
5	86517313	86569499	5	36686624	36708341	placeholder
3	34738913	34747905	3	174586435	174596003	placeholder
15	1336079	1354237	13	23322953	23358245	placeholder
6	42747753	42832878	6	43575703	43662201	placeholder
6	48970621	49005507	6	50457805	50494462	placeholder
1	337986849	338039904	1	1899349	1946353	placeholder
4	84333065	84462595	4	70177349	70288806	placeholder
14	4661495	4685591	14	6266303	6295048	placeholder
1	331136396	331210844	1	7603943	7662259	placeholder
6	10988868	11055278	6	8978138	9036385	placeholder
3	70184883	70231912	3	134504441	134552520	placeholder
8	44586934	44675788	8	23551213	23690070	placeholder
6	93129308	93183623	6	97821705	97857275	placeholder
7	75934480	75979747	7	63368683	63409269	placeholder
1	142742239	142855468	1	200199635	200311247	placeholder
1	277887252	277932505	1	63788481	63830938	placeholder
2	160533564	160681251	2	104194824	104359027	placeholder
1	183698300	183978040	1	160740293	161005250	placeholder
1	291813352	291889328	1	48187522	48259561	placeholder
1	154693946	154798106	1	188242396	188278403	placeholder
2	189233669	189514460	2	74170639	74469366	placeholder
8	23358941	23390731	8	54426695	54465405	placeholder
1	42905937	42946244	1	303958036	304008711	placeholder
2	98330260	98352873	2	165546271	165570779	placeholder
1	27644084	27661116	1	320375361	320392213	placeholder
1	200561649	200596682	1	144159896	144192331	placeholder
1	330850821	330895787	1	7856488	7887612	placeholder
1	266503929	266547698	1	76090921	76143706	placeholder
5	55628572	55661714	5	58951251	58989202	placeholder
7	62911398	62963516	7	54722191	54754697	placeholder
6	89930570	89980070	6	89018171	89056620	placeholder
5	40154817	40229061	5	75639510	75715137	placeholder
7	75905235	75908736	7	63340036	63343540	placeholder
14	6269487	6298685	14	8197333	8220703	placeholder
3	105745030	105797379	3	102200172	102235740	placeholder
3	152980872	153007086	3	52149836	52186847	placeholder
5	31395215	31420786	5	85361036	85385701	placeholder
2	157084301	157111087	2	108062854	108100625	placeholder
15	16934840	17038921	13	226290	262932	placeholder
8	6900984	7043115	8	70634542	70761119	placeholder
1	216257284	216305951	1	128547797	128567743	placeholder
1	294083175	294103082	1	45634333	45657455	placeholder
11	21320332	21342767	9	1891216	1912601	placeholder
11	15261459	15294596	9	8250942	8291204	placeholder
5	45901162	45904639	5	69144535	69148021	placeholder
2	182360134	182389908	2	81718112	81744953	placeholder
2	66899867	66927113	2	195189347	195225329	placeholder
4	131357993	131385499	4	116807254	116850829	placeholder
1	100421757	100464644	1	242593981	242639036	placeholder
4	19487277	19532078	4	16256725	16278937	placeholder
3	13820501	13854005	3	197808980	197849398	placeholder
1	113180726	113251416	1	229908097	229964596	placeholder
3	136134953	136176735	3	70540857	70594194	placeholder
1	13757420	13812830	1	333733950	333781779	placeholder
1	323748761	323798676	1	14408192	14463699	placeholder
3	155404606	155520328	3	49301491	49435757	placeholder
4	61577987	61622891	4	53853475	53899416	placeholder
1	109788909	109814707	1	233334264	233360422	placeholder
5	39233154	39241767	5	76495335	76504642	placeholder
7	168010	169810	7	387397	389160	placeholder
14	2568319	2597280	14	3475243	3512714	placeholder
7	51694396	51773957	7	47999977	48059769	placeholder
1	114668450	114696496	1	228235596	228266432	placeholder
6	56361559	56409865	6	58267579	58318830	placeholder
3	124278032	124301650	3	83058499	83088942	placeholder
12	20339340	20432523	12	20569834	20622831	placeholder
6	16945176	17070086	6	14749917	14865098	placeholder
12	2127838	2147551	12	2849931	2885254	placeholder
3	105944458	105994158	3	102029028	102067389	placeholder
4	12758044	12860455	4	9954595	9981586	placeholder
6	98994434	99039920	6	89730326	89785954	placeholder
3	101673636	101814059	3	106072136	106218967	placeholder
7	21934189	21984017	7	22234116	22294112	placeholder
1	257081025	257095445	1	85947338	85963565	placeholder
14	9817803	9859925	14	12261043	12280756	placeholder
6	62235133	62271068	6	64471719	64510529	placeholder
3	165722871	165823291	3	37723066	37865261	placeholder
8	44416689	44449583	8	23372235	23410214	placeholder
14	5001756	5071889	14	6653542	6683363	placeholder
1	98860299	98894814	1	244260789	244293070	placeholder
7	23607724	23671416	7	23996357	24065803	placeholder
3	11628522	11738446	3	199713461	199795356	placeholder
5	20901514	20947084	5	96602776	96643837	placeholder
2	200499394	200582071	2	62821472	62876958	placeholder
19	346734	353632	18	94078	108641	placeholder
8	25803465	25835695	8	36348731	36382068	placeholder
15	9309410	9354641	13	9524528	9566185	placeholder
1	11941280	11972529	1	335335799	335372653	placeholder
1	90344169	90441576	1	252971511	253074796	placeholder
1	25181596	25214292	1	322921846	322955073	placeholder
8	31454788	31462344	8	42484740	42492342	placeholder
2	79989101	80052621	2	182578486	182627654	placeholder
1	95107043	95180475	1	248083970	248171693	placeholder
2	155344224	155435561	2	109700957	109805895	placeholder
8	66913314	66941797	8	18059337	18080716	placeholder
2	52516907	52528520	2	210670695	210682444	placeholder
14	13558291	13599575	14	15451982	15489052	placeholder
1	300028831	300051069	1	38782609	38803958	placeholder
2	140628795	140681990	2	124319226	124363819	placeholder
5	87427724	87474421	5	35981375	36006188	placeholder
1	40663527	40702694	1	306509985	306561713	placeholder
2	20104226	20162689	2	246770712	246837821	placeholder
2	172950529	173058112	2	91677751	91761659	placeholder
10	16367918	16376729	10	16768777	16777438	placeholder
2	242936708	242966346	2	19015754	19036501	placeholder
10	6036331	6087106	10	8926624	8979447	placeholder
16	1458758	1512663	15	1445254	1497847	placeholder
15	3512100	3519644	13	16952461	16969499	placeholder
3	183104886	183112716	3	18485748	18492156	placeholder
12	5881391	5931910	12	7924038	7972877	placeholder
5	50931435	50966316	5	63582541	63643307	placeholder
11	20986969	21142747	9	2133065	2192964	placeholder
13	3390946	3415351	11	7046809	7080558	placeholder
1	164602503	164652134	1	178304825	178361088	placeholder
6	95976941	96021746	6	94509312	94568224	placeholder
3	59490873	59533755	3	146273035	146309869	placeholder
5	30512808	30544920	5	86321844	86363158	placeholder
8	76924163	76973335	8	7244882	7283066	placeholder
8	38784572	38819842	8	50121330	50146810	placeholder
1	174334334	174508676	1	168262531	168347918	placeholder
12	3685720	3707009	12	5135381	5160575	placeholder
7	49393193	49559980	7	47122371	47194604	placeholder
7	20547078	20581194	7	20764906	20803367	placeholder
6	90419595	90554253	6	100396771	100560931	placeholder
1	115839301	115861107	1	227138944	227158421	placeholder
4	89764301	89805546	4	74943156	74984830	placeholder
16	7562846	7588990	15	10323807	10351474	placeholder
2	148262245	148349717	2	116573231	116661629	placeholder
5	24202809	24214412	5	92996677	93009813	placeholder
2	193955195	193997336	2	69487757	69531558	placeholder
1	130509289	130565585	1	212192673	212247754	placeholder
6	42088511	42109820	6	42850945	42882297	placeholder
14	8739736	8782728	14	11157630	11195973	placeholder
7	89495486	89513516	7	68456482	68475602	placeholder
1	21034332	21059657	1	327286425	327292005	placeholder
1	200826653	200868823	1	143958903	143996231	placeholder
1	130610177	130673335	1	212093633	212154964	placeholder
1	333579236	333628440	1	4969834	4998587	placeholder
8	28915151	28948715	8	39766152	39801007	placeholder
1	300734952	300763457	1	38030207	38070951	placeholder
6	27562791	27589588	6	26296829	26331455	placeholder
15	10891677	10907414	13	7907107	7932147	placeholder
1	89920934	89970006	1	253498223	253558760	placeholder
14	8534423	8555709	14	10920139	10941765	placeholder
4	22319448	22368926	4	24265639	24319481	placeholder
1	123425656	123603183	1	219192656	219383908	placeholder
13	11353677	11472934	11	17260709	17347128	placeholder
4	73178136	73372373	4	62102989	62225449	placeholder
2	190458598	190502516	2	73085411	73119614	placeholder
19	1735681	1814915	18	5198669	5227048	placeholder
1	294318319	294331890	1	45416022	45433590	placeholder
3	201472379	201503814	3	1328941	1349647	placeholder
1	140049299	140126528	1	202923914	203004888	placeholder
6	89861023	89911025	6	88955059	88994700	placeholder
13	435757	451231	11	895698	943919	placeholder
2	232767532	232786603	2	28846682	28868033	placeholder
1	130464757	130474262	1	212280646	212289502	placeholder
19	6134582	6155279	18	1356783	1370171	placeholder
16	3961097	3993406	15	14115482	14133507	placeholder
3	14648598	14678471	3	197043455	197066087	placeholder
15	678565	715507	13	21264829	21330420	placeholder
12	7948396	8059519	12	10566625	10678713	placeholder
1	299302832	299335169	1	39582101	39607843	placeholder
15	5191455	5400849	13	14347702	14589714	placeholder
3	56181601	56184787	3	149724525	149727720	placeholder
2	11302081	11313147	2	264985369	264994167	placeholder
3	183724567	183730970	3	17777694	17785927	placeholder
11	22717112	22731704	9	354621	366761	placeholder
4	10720246	10751018	4	8092364	8119729	placeholder
3	184776439	184786795	3	16732092	16743124	placeholder
16	4137511	4280573	15	13846109	14001186	placeholder
1	292575819	292667255	1	47324434	47440854	placeholder
3	59602784	59626835	3	146179564	146202487	placeholder
5	55718750	55721930	5	58869437	58872614	placeholder
3	59049955	59059932	3	146755832	146768561	placeholder
13	2218249	2238089	11	5107292	5150946	placeholder
1	267928775	267953202	1	74558045	74594017	placeholder
2	229844903	230056863	2	31721199	31790951	placeholder
2	101041721	101072046	2	162881005	162915113	placeholder
13	8726782	8758868	11	14300041	14337817	placeholder
4	81860935	81884704	4	71974526	71994015	placeholder
14	8178794	8200375	14	10526865	10547985	placeholder
2	220716134	220813398	2	41475320	41571187	placeholder
5	32351975	32382292	5	84241756	84280005	placeholder
2	155798704	155864653	2	109266062	109337198	placeholder
6	10677155	10854898	6	8659326	8865142	placeholder
1	335909821	335912974	1	3488331	3491484	placeholder
7	9117484	9211114	7	9615340	9703868	placeholder
8	29579720	29600157	8	40481582	40502660	placeholder
1	40986552	41040908	1	306110730	306168734	placeholder
8	9406373	9455867	8	68369130	68408027	placeholder
4	42642534	42727973	4	36643243	36735802	placeholder
6	45536726	45556253	6	46671327	46695197	placeholder
1	22987767	23018835	1	325218457	325257300	placeholder
5	32435312	32450522	5	84168398	84186494	placeholder
1	223755001	223848508	1	120608813	120679499	placeholder
1	79303073	79306214	1	264587939	264591077	placeholder
5	120687296	120757748	5	10636199	10700186	placeholder
16	5628984	5701990	15	12505046	12563647	placeholder
4	27691706	27825097	4	19880329	20020449	placeholder
2	234696683	234772079	2	26883200	26973065	placeholder
19	4515649	4538096	18	2733196	2748999	placeholder
2	156133189	156173887	2	108961508	108997837	placeholder
1	166537207	166605735	1	176217576	176303922	placeholder
1	274602106	274619816	1	67312442	67333085	placeholder
1	300181577	300298183	1	38560383	38619912	placeholder
8	30578286	30690404	8	41543064	41664414	placeholder
7	84389438	84550855	7	75755586	75877645	placeholder
2	155621514	155667898	2	109480398	109526529	placeholder
7	22029157	22058718	7	22350339	22388213	placeholder
1	10971505	11035747	1	336126928	336219642	placeholder
8	39044291	39111508	8	50350652	50412217	placeholder
3	169179173	169208448	3	33776013	33806211	placeholder
5	97053634	97078659	5	27339283	27387539	placeholder
3	159004280	159030514	3	45328740	45396351	placeholder
17	9279253	9292979	16	7145512	7161587	placeholder
6	42975125	43002411	6	43832357	43870055	placeholder
2	207561962	207615795	2	55494916	55550429	placeholder
1	155509294	155557402	1	187565511	187608031	placeholder
3	137659573	137686690	3	68995098	69020320	placeholder
13	1397056	1423940	11	3311135	3350919	placeholder
3	103681867	103718112	3	104352526	104378926	placeholder
15	15609965	15621999	13	1978531	1995839	placeholder
5	112851631	112854727	5	3328701	3331797	placeholder
1	109087253	109116937	1	234032036	234066390	placeholder
1	215471967	215499371	1	129401414	129439170	placeholder
14	578422	613969	14	702409	749771	placeholder
7	30407939	30452883	7	30585751	30628895	placeholder
7	24099156	24171613	7	24489206	24560638	placeholder
1	176642749	176698074	1	166537932	166581116	placeholder
2	180025322	180077273	2	84260668	84303653	placeholder
6	30143208	30175388	6	29340715	29380332	placeholder
5	88489342	88543009	5	35401702	35446916	placeholder
3	67697820	67720705	3	137245371	137272954	placeholder
1	81813416	81891784	1	261878031	261968903	placeholder
5	82296412	82347616	5	39184216	39212243	placeholder
12	506307	517182	12	649101	664017	placeholder
5	31892847	31913769	5	84782224	84801567	placeholder
14	1094935	1104790	14	1413312	1427093	placeholder
15	16583080	16595450	13	703162	718503	placeholder
7	30838053	30882711	7	31025469	31076903	placeholder
6	93452572	93477784	6	97546749	97566858	placeholder
6	96593056	96699135	6	93650969	93819815	placeholder
5	69858617	69910122	5	45615577	45643644	placeholder
14	5701141	5713229	14	7483030	7498010	placeholder
1	17779433	17801489	1	330197959	330215502	placeholder
3	28809924	28828171	3	181452168	181470535	placeholder
8	26420749	26465803	8	37040085	37095470	placeholder
6	27604072	27625672	6	26333758	26363580	placeholder
4	80151832	80276918	4	67759106	67824002	placeholder
1	317744804	317757442	1	20295103	20306203	placeholder
5	5777442	5796329	5	111763010	111779264	placeholder
6	58253800	58279502	6	60151651	60181224	placeholder
2	146008178	146030296	2	118805446	118821508	placeholder
4	2188271	2269676	4	1274207	1349148	placeholder
1	61112973	61125248	1	283945124	283957832	placeholder
5	20287270	20319090	5	97280916	97327247	placeholder
1	106369866	106442519	1	236448745	236537299	placeholder
7	10889647	10978043	7	11373402	11460936	placeholder
3	169849808	169880295	3	33032071	33063740	placeholder
5	57047557	57062227	5	57437043	57453085	placeholder
3	91243797	91339593	3	112483453	112560140	placeholder
5	24958998	24972751	5	92232735	92246310	placeholder
13	1517327	1541711	11	3589049	3629313	placeholder
6	44397276	44400195	6	45378677	45381605	placeholder
6	406632	463754	6	583034	634217	placeholder
1	93761448	93774546	1	249499128	249515359	placeholder
3	136793771	136824710	3	69910662	69961046	placeholder
3	25506899	25527260	3	185401969	185425981	placeholder
2	154450557	154504014	2	110694229	110747516	placeholder
19	4543385	4566809	18	2704663	2728682	placeholder
12	14456243	14580018	12	17539960	17672055	placeholder
7	31189914	31212813	7	31419533	31443530	placeholder
16	2000033	2023678	15	2049710	2075930	placeholder
17	11170933	11193442	16	12318063	12346240	placeholder
15	8049500	8058039	13	10961449	10973416	placeholder
19	7171047	7190243	18	1545193	1556199	placeholder
4	36452675	36543388	4	30849169	30907565	placeholder
15	15962590	15976106	13	1518094	1537416	placeholder
8	44244373	44260056	8	23215252	23230121	placeholder
7	51553508	51596133	7	47929670	47960749	placeholder
2	198487399	198505395	2	64923177	64959136	placeholder
7	52942930	53031024	7	48441188	48498332	placeholder
3	21783745	21789463	3	189724892	189730862	placeholder
2	149974190	149996811	2	115328790	115351315	placeholder
1	313297447	313322657	1	24963072	25008559	placeholder
4	91962449	92020931	4	76936086	76987945	placeholder
3	196740665	196774898	3	5123624	5161440	placeholder
1	184325975	184377654	1	160395461	160432331	placeholder
1	116744674	116777585	1	226212743	226247241	placeholder
3	88254233	88314594	3	115177969	115245954	placeholder
4	93231538	93301803	4	78131508	78201112	placeholder
17	9279253	9292982	16	7145512	7161590	placeholder
2	140539324	140588275	2	124428427	124458118	placeholder
1	63550054	63561275	1	281206482	281217646	placeholder
4	33458375	33592197	4	28186885	28323468	placeholder
10	5750384	5771304	10	8604484	8639033	placeholder
5	5616879	5659217	5	111902775	111939463	placeholder
13	8414261	8432425	11	13958952	13974569	placeholder
6	48695776	48769907	6	50164221	50238786	placeholder
3	181137435	181166449	3	20450436	20480716	placeholder
8	20541074	20597090	8	57399150	57456644	placeholder
2	40846012	40873029	2	223926995	223950260	placeholder
2	20003899	20070920	2	246857331	246931025	placeholder
2	190382745	190426184	2	73091794	73186544	placeholder
5	9260008	9308628	5	105723155	105769502	placeholder
5	36574361	36581601	5	79671653	79684714	placeholder
11	20286440	20297885	9	3116584	3124951	placeholder
19	4340681	4356124	18	2917266	2932205	placeholder
1	118669676	118704362	1	224279291	224304246	placeholder
2	99349228	99385045	2	164585035	164658568	placeholder
10	175048	196014	10	2644343	2664803	placeholder
5	34168019	34232791	5	82154325	82242740	placeholder
1	293043878	293093933	1	46788128	46830695	placeholder
17	92434	198258	16	199745	234387	placeholder
1	39451300	39497196	1	307785425	307841437	placeholder
15	13702501	13723804	13	5081304	5096830	placeholder
1	103085952	103136446	1	239925476	239980557	placeholder
1	130481558	130508149	1	212248889	212274275	placeholder
5	39563972	39665180	5	76038481	76101812	placeholder
1	332483509	332525805	1	6366891	6396974	placeholder
1	174200408	174225182	1	168483986	168495342	placeholder
1	85161841	85200393	1	258630340	258673125	placeholder
3	147494076	147533871	3	58112900	58152408	placeholder
4	93215841	93301782	4	78113498	78201103	placeholder
1	242063390	242075412	1	101465417	101487582	placeholder
1	246419710	246461214	1	97053470	97111597	placeholder
1	168776711	168795981	1	174051996	174070918	placeholder
1	96256258	96283671	1	246936169	246957594	placeholder
8	23785905	23829716	8	53964718	54013743	placeholder
1	200800861	200815396	1	144006509	144019840	placeholder
7	6202920	6243137	7	4996753	5039744	placeholder
4	85853986	85880373	4	69008761	69031857	placeholder
4	50929907	50957802	4	44217385	44251349	placeholder
13	15774006	15799794	11	22231873	22260005	placeholder
3	168352301	168472129	3	34611440	34750199	placeholder
3	86919166	87003259	3	116694832	116773655	placeholder
4	24547680	24592992	4	22368551	22396831	placeholder
13	8814194	8824995	11	14403746	14413271	placeholder
5	30775772	30795526	5	86027164	86054162	placeholder
5	85569428	85595640	5	37455753	37467207	placeholder
1	310260484	310295084	1	27766939	27804461	placeholder
4	23255896	23313588	4	23472646	23518572	placeholder
8	53201370	53238182	8	3970114	3991113	placeholder
16	12173893	12185611	15	15871425	15887326	placeholder
1	87111173	87200807	1	256524929	256646062	placeholder
1	279703147	280021428	1	61689759	61869477	placeholder
17	3804622	3823345	16	10934128	10955973	placeholder
15	13684455	13697405	13	5104260	5121335	placeholder
1	236609894	236661444	1	107341991	107401100	placeholder
15	16519291	16531218	13	789945	804472	placeholder
15	11080990	11104701	13	7681193	7703253	placeholder
1	340342936	340382075	1	290462	307474	placeholder
2	101832610	101866767	2	162029127	162068305	placeholder
16	9429134	9470799	15	7327315	7409090	placeholder
5	85999461	86093524	5	37053238	37121590	placeholder
1	284284000	284362226	1	56668186	56733282	placeholder
12	13645021	13647820	12	16593015	16595820	placeholder
19	450817	459942	18	9670077	9691427	placeholder
17	11070721	11097220	16	12164594	12198345	placeholder
4	86435006	86493488	4	68471979	68519049	placeholder
1	18656041	18672354	1	329418312	329433877	placeholder
14	1089917	1093711	14	1407838	1412006	placeholder
4	88512763	88552041	4	73791821	73822404	placeholder
8	19573014	19604134	8	58491647	58519993	placeholder
3	70267426	70321482	3	134412866	134472615	placeholder
5	91929495	91932462	5	32321174	32324144	placeholder
13	8551471	8569704	11	14099004	14115686	placeholder
11	22975826	23001583	9	21315	64995	placeholder
12	8682132	8702781	12	11315295	11333433	placeholder
1	302657167	302693295	1	35814062	35852177	placeholder
1	168452123	168615001	1	174232452	174374222	placeholder
1	238947527	239029884	1	104694436	104786205	placeholder
4	4076299	4105335	4	2874105	2902664	placeholder
6	49230271	49296983	6	50724300	50817745	placeholder
1	159876070	159929636	1	182865861	182915157	placeholder
4	73065416	73177551	4	62056393	62102581	placeholder
1	87574714	87622491	1	256103908	256153660	placeholder
7	17676099	17744007	7	18027866	18094814	placeholder
5	100032497	100061378	5	15442861	15475335	placeholder
1	6139098	6179656	1	340082021	340110118	placeholder
2	25191602	25207160	2	241184770	241208846	placeholder
1	242435645	242458332	1	101238050	101267637	placeholder
3	115060351	115094897	3	92827626	92852423	placeholder
3	166440949	166479246	3	36894142	36928738	placeholder
3	183490588	183557734	3	17977388	18058536	placeholder
12	8311466	8329312	12	10928895	10956133	placeholder
14	5975954	6031457	14	7785465	7846915	placeholder
11	15490185	15524820	9	8003074	8035216	placeholder
4	15322490	15358130	4	12703353	12734564	placeholder
2	189779697	189792787	2	73851873	73874322	placeholder
12	18671557	18702074	12	20378465	20406873	placeholder
3	68286554	68378304	3	136528605	136629908	placeholder
4	51728686	51773822	4	44955516	44991067	placeholder
1	51609739	51624147	1	294506392	294523164	placeholder
6	36175674	36191677	6	36252439	36277798	placeholder
7	16906940	16947714	7	17252412	17283985	placeholder
6	89309700	89342504	6	87442489	87483913	placeholder
5	92597051	92626912	5	31638186	31672039	placeholder
2	100956456	100988530	2	162967368	162993615	placeholder
4	18575322	18714891	4	15492897	15623829	placeholder
7	43973094	43993795	7	43458415	43481554	placeholder
16	1237957	1259737	15	1186276	1213247	placeholder
1	251230943	251248913	1	91984283	92002039	placeholder
14	5658712	5695327	14	7428629	7477229	placeholder
15	6972432	6980370	13	12451881	12459410	placeholder
7	38707458	38744386	7	38727169	38747715	placeholder
12	710533	727072	12	898642	918212	placeholder
6	91513858	91598858	6	99446925	99515263	placeholder
5	115351634	115354361	5	5508192	5510919	placeholder
1	177068372	177071099	1	166292148	166294872	placeholder
7	34217506	34242458	7	34388680	34414018	placeholder
1	90103684	90157997	1	253273411	253316224	placeholder
3	32950139	33090892	3	176581203	176728258	placeholder
6	8197532	8238818	6	6590833	6620762	placeholder
4	76129734	76495785	4	63619303	63749041	placeholder
4	60826505	60950732	4	53129714	53236092	placeholder
1	18405884	18455044	1	329598320	329637006	placeholder
6	25624808	25649471	6	23993641	24025034	placeholder
4	54990336	55031673	4	51659040	51695876	placeholder
1	338198137	338209208	1	1773168	1782999	placeholder
3	25950087	25979658	3	184912737	184941906	placeholder
6	12224871	12250608	6	10255351	10279222	placeholder
3	113155440	113169168	3	94784608	94803533	placeholder
1	46322975	46399520	1	300142018	300223900	placeholder
2	51463784	51509182	2	211799357	211849103	placeholder
8	14608345	14640294	8	63508755	63536847	placeholder
6	54221868	54247433	6	55994895	56020621	placeholder
1	25296888	25319260	1	322809200	322830472	placeholder
2	199041677	199054891	2	64347559	64361731	placeholder
17	9940432	9950621	16	3562981	3584293	placeholder
16	6777891	6794191	15	11332212	11342861	placeholder
3	127595735	127676603	3	79377218	79440057	placeholder
7	28288882	28311193	7	28487491	28514280	placeholder
1	226506770	226593069	1	117690251	117792716	placeholder
3	58531249	58636486	3	147208191	147294733	placeholder
1	194735671	194762389	1	149647527	149663738	placeholder
3	131228209	131251739	3	75723134	75759197	placeholder
1	237815531	237923775	1	105901292	106050635	placeholder
1	166007450	166027246	1	176846478	176870626	placeholder
2	98283771	98294110	2	165601330	165611322	placeholder
8	43286374	43297331	8	22338857	22346740	placeholder
2	214557334	214588909	2	47872726	47908759	placeholder
8	408689	495249	8	78109538	78191900	placeholder
3	43592045	43708570	3	164053503	164180354	placeholder
1	6619161	6669861	1	339707262	339748889	placeholder
8	67458923	67512188	8	15739104	15780898	placeholder
5	103995949	103998847	5	19500289	19503181	placeholder
1	104279177	104304700	1	238792990	238823806	placeholder
1	274536958	274583633	1	67354714	67394885	placeholder
16	10962176	10990656	15	4108400	4167172	placeholder
2	83765002	83807799	2	179835494	179865796	placeholder
3	17958954	17999656	3	193935215	193972275	placeholder
2	199534420	199563893	2	63811332	63847198	placeholder
2	217449250	217467615	2	44781663	44801967	placeholder
2	117300540	117318630	2	146416776	146433465	placeholder
1	317541292	317572653	1	20498623	20546211	placeholder
14	1035132	1056553	14	1336493	1359594	placeholder
15	1833693	1847385	13	19728306	19753627	placeholder
2	32041279	32060929	2	233474405	233494586	placeholder
1	222573211	222707517	1	121844420	121975431	placeholder
12	1067825	1076293	12	1414423	1427631	placeholder
3	169626122	169628756	3	33262574	33265214	placeholder
6	46390232	46429145	6	47589541	47623950	placeholder
13	1375866	1390049	11	3279587	3302405	placeholder
15	3378355	3481230	13	17025503	17185085	placeholder
8	74060981	74082452	8	11662656	11689243	placeholder
2	103406035	103469712	2	160345573	160395579	placeholder
4	36290662	36330321	4	30701046	30746728	placeholder
4	31803620	31818120	4	26698269	26718012	placeholder
8	37430172	37561672	8	48699079	48853693	placeholder
3	106546350	106574481	3	101423561	101454476	placeholder
14	7822437	7854781	14	10096214	10120088	placeholder
5	15693573	15839014	5	101804065	101939757	placeholder
3	58720321	58765201	3	147039658	147085399	placeholder
15	4771410	4831150	13	15026944	15095480	placeholder
10	11268552	11337196	10	13830492	13893117	placeholder
1	245316639	245376171	1	98245154	98308218	placeholder
2	177007178	177120913	2	87476621	87574537	placeholder
17	8039869	8052308	16	5370182	5389530	placeholder
3	132229355	132287895	3	74794329	74859591	placeholder
3	127035920	127089573	3	80030937	80060747	placeholder
1	50684637	50698583	1	295467247	295483520	placeholder
14	462805	471211	14	542162	555513	placeholder
1	40012616	40132599	1	307204417	307278228	placeholder
7	85177219	85200373	7	74987261	75022677	placeholder
8	51860702	51916594	8	29993908	30030985	placeholder
1	18367493	18382647	1	329667337	329678144	placeholder
16	4993712	5008274	15	13191929	13204704	placeholder
4	6550271	6593361	4	4989320	5013494	placeholder
3	14630218	14632819	3	197090603	197093198	placeholder
6	93948619	93993545	6	97053905	97096957	placeholder
2	182271080	182293047	2	81805899	81829274	placeholder
1	40141480	40202995	1	307081893	307191755	placeholder
1	287659987	287721306	1	52827556	52909840	placeholder
2	195214093	195250278	2	68082269	68126192	placeholder
2	85950719	85978840	2	178024872	178051893	placeholder
11	6211361	6220420	9	17880650	17890116	placeholder
1	298349188	298403629	1	40721545	40783467	placeholder
1	164020763	164063725	1	178929266	178986259	placeholder
16	7703167	7718811	15	10165196	10184965	placeholder
8	76568065	76592895	8	590571	617872	placeholder
6	54475603	54612384	6	56256325	56399442	placeholder
2	129837934	129847360	2	134848385	134857377	placeholder
14	15147651	15187395	14	18544642	18581068	placeholder
1	288101205	288103788	1	52346002	52348591	placeholder
1	68997353	69023508	1	275343087	275374693	placeholder
4	87547774	87580416	4	73083920	73119237	placeholder
3	124890468	124893042	3	82413796	82416376	placeholder
4	24020760	24196219	4	22653224	22790721	placeholder
1	105496186	105513439	1	237553167	237579342	placeholder
5	19895648	19919032	5	97637843	97682464	placeholder
12	2730103	2732677	12	3717135	3719706	placeholder
19	7488913	7512241	18	1751435	1762958	placeholder
8	30768598	30816935	8	41755143	41794161	placeholder
3	22303381	22335008	3	189130273	189140153	placeholder
2	198167013	198181937	2	65174226	65187625	placeholder
2	206464446	206555948	2	56614128	56627973	placeholder
7	48036513	48063826	7	46427189	46446295	placeholder
1	151741036	151806580	1	191385100	191416397	placeholder
1	107673959	107695012	1	234932651	234976681	placeholder
2	56394819	56418743	2	206367821	206390045	placeholder
1	16163405	16184845	1	331653325	331671756	placeholder
11	20235116	20257129	9	3153922	3175043	placeholder
1	163510085	163526771	1	179520678	179537581	placeholder
5	24341221	24362885	5	92840453	92858859	placeholder
4	37534786	37544869	4	31802975	31818221	placeholder
14	4818117	4827115	14	6436672	6449617	placeholder
15	4843469	4908124	13	14944562	15009547	placeholder
8	35886256	35906676	8	47124609	47159964	placeholder
1	195374552	195384759	1	149017781	149029921	placeholder
3	46033115	46056697	3	161297250	161313774	placeholder
5	13646855	13677363	5	104155251	104188872	placeholder
6	47508441	47560686	6	48814709	48876448	placeholder
1	302318657	302389417	1	36147834	36225481	placeholder
2	153958436	154014237	2	111207810	111225716	placeholder
3	10731146	10909995	3	200459990	200489164	placeholder
4	26575	46561	4	42546	118586	placeholder
13	11714072	11723284	11	17785595	17799585	placeholder
16	11094973	11105498	15	14528697	14544463	placeholder
6	4613566	4711673	6	4400326	4479428	placeholder
4	90493366	90545489	4	75593440	75618209	placeholder
6	27039371	27082326	6	25663238	25693965	placeholder
7	13766859	13801584	7	14150272	14243576	placeholder
2	12093136	12107872	2	265650225	265659989	placeholder
2	212328001	212439163	2	50231997	50332011	placeholder
2	30425345	30465865	2	235252573	235299570	placeholder
6	67181465	67243493	6	69470269	69528865	placeholder
1	279364270	279399877	1	62195028	62237329	placeholder
7	6332775	6481577	7	4764992	4894619	placeholder
7	21186477	21217275	7	21392993	21430337	placeholder
2	215173939	215264053	2	47145280	47243523	placeholder
6	88106031	88141747	6	86004841	86035205	placeholder
13	1842561	1855971	11	4186465	4226744	placeholder
3	82025879	82071402	3	121934773	121984721	placeholder
19	1426642	1437522	18	4608980	4623511	placeholder
2	21106444	21129370	2	245743239	245770772	placeholder
5	105016344	105018867	5	20584027	20586544	placeholder
1	115753136	115799004	1	227197783	227234572	placeholder
5	32463054	32479811	5	84136731	84152800	placeholder
17	379482	468879	16	392540	512432	placeholder
3	41973738	42017682	3	166037827	166106502	placeholder
5	69112721	69122002	5	46196431	46203939	placeholder
1	63078687	63114592	1	281713086	281740910	placeholder
13	18730071	18745642	11	25682664	25696878	placeholder
4	53637819	53652169	4	46615261	46630243	placeholder
4	95176195	95226825	4	79769126	79820577	placeholder
17	5699679	5705478	16	9366344	9371142	placeholder
2	199004552	199024977	2	64366520	64407643	placeholder
1	23957571	23994732	1	324183136	324222280	placeholder
8	35832137	35864093	8	47034786	47079631	placeholder
2	156087984	156121126	2	109009401	109040578	placeholder
7	40977993	41107856	7	40892656	41017073	placeholder
16	12848617	12853599	15	16840084	16845887	placeholder
19	5347758	5362868	18	2018050	2034736	placeholder
1	65501385	65525222	1	278897820	278934088	placeholder
1	64493247	64546650	1	280059612	280121956	placeholder
13	15858817	15876415	11	22332885	22354722	placeholder
12	14782046	14794669	12	17920560	17927986	placeholder
14	2517303	2524944	14	3400042	3411231	placeholder
14	3919063	3946017	14	5165208	5189431	placeholder
2	142578060	142623645	2	122436457	122476065	placeholder
6	24188386	24292386	6	22506352	22621049	placeholder
3	14716784	14719184	3	197013431	197015840	placeholder
4	54832468	54884122	4	51816745	51887640	placeholder
13	8499997	8513921	11	14051830	14067477	placeholder
1	242493410	242529914	1	101157787	101206581	placeholder
1	278845073	278878385	1	62763468	62797268	placeholder
1	318862190	318907731	1	19176978	19217977	placeholder
1	149186625	149212937	1	194060819	194083394	placeholder
1	48995712	49030159	1	297311654	297347388	placeholder
1	99672147	99714640	1	243389663	243426864	placeholder
4	15247752	15320366	4	12635448	12700893	placeholder
6	52941382	52969338	6	54571932	54604411	placeholder
2	140903549	140943209	2	124069333	124097582	placeholder
1	250796316	250831360	1	92449690	92485509	placeholder
11	15344429	15362792	9	8178369	8198512	placeholder
7	13303961	13372968	7	13722603	13776226	placeholder
1	237650734	237663057	1	106212982	106224931	placeholder
2	105233991	105311649	2	157784311	157837513	placeholder
2	18579085	18601940	2	248363508	248396350	placeholder
3	69414086	69438341	3	135384784	135428176	placeholder
1	141722764	141786135	1	201260826	201329085	placeholder
1	116782679	116810003	1	226186054	226207424	placeholder
1	229124061	229164749	1	114960526	115008937	placeholder
1	183318460	183349493	1	161338559	161410985	placeholder
3	186289204	186304781	3	15054838	15083301	placeholder
6	46068338	46070786	6	47271349	47273791	placeholder
1	36624156	36639839	1	310922053	310945193	placeholder
1	233857288	233876608	1	110208872	110223234	placeholder
3	202793831	202847079	3	415890	483563	placeholder
1	28423353	28445523	1	319491772	319515192	placeholder
11	22531101	22539181	9	577362	584837	placeholder
5	67377364	67424757	5	47708820	47750027	placeholder
1	233889702	233935422	1	110149760	110194010	placeholder
2	183991532	184202764	2	79751372	80049128	placeholder
1	335766239	335839158	1	3543922	3587066	placeholder
2	179321993	179365287	2	85001230	85046390	placeholder
1	37176000	37178034	1	310347479	310425335	placeholder
8	76446153	76455808	8	361442	374861	placeholder
5	49665274	49708802	5	64978553	65025683	placeholder
13	2723755	2794594	11	6026420	6101716	placeholder
12	601462	617229	12	770381	787748	placeholder
6	3595193	3724203	6	3449382	3528159	placeholder
2	46937396	46972623	2	216819545	216855539	placeholder
3	119672205	119690427	3	87961416	87999836	placeholder
1	66610876	66638694	1	277788161	277816686	placeholder
3	61902946	61925328	3	143726094	143754449	placeholder
14	6466388	6485693	14	8421602	8445296	placeholder
3	88189274	88232883	3	115266008	115308104	placeholder
3	63047379	63058983	3	142251155	142262994	placeholder
13	766846	781207	11	1630630	1654831	placeholder
1	217604610	217612034	1	127098158	127109404	placeholder
1	36410002	36470024	1	311144131	311234760	placeholder
3	64404405	64436845	3	140629134	140665077	placeholder
6	2639274	2703796	6	2696832	2751361	placeholder
7	58262313	58281626	7	51742775	51753169	placeholder
15	15267835	15347089	13	2416783	2444119	placeholder
3	69533262	69560529	3	135203638	135234983	placeholder
1	5925046	5973728	1	340218559	340252564	placeholder
2	163636166	163660163	2	101051484	101075901	placeholder
3	23582895	23604935	3	187652201	187672255	placeholder
3	157716787	157734761	3	46839079	46855476	placeholder
8	20598915	20647587	8	57347643	57397444	placeholder
16	9662466	9678411	15	6979234	7018141	placeholder
8	4071589	4073980	8	73929683	73932119	placeholder
17	10070731	10077097	16	2771654	2783027	placeholder
5	65136728	65164518	5	49488118	49516991	placeholder
1	56142156	56195708	1	289372859	289437131	placeholder
7	27457170	27459582	7	27687932	27690341	placeholder
2	154830577	154864480	2	110325857	110365270	placeholder
5	91355020	91367211	5	32871692	32884736	placeholder
14	5726242	5743861	14	7510264	7531794	placeholder
1	272418100	272438404	1	69845253	69873819	placeholder
12	10072732	10086824	12	12817994	12833505	placeholder
11	22470078	22479205	9	633407	645804	placeholder
1	9541340	9588013	1	337344193	337386630	placeholder
3	160109997	160146606	3	44193779	44235321	placeholder
7	14698004	14720050	7	15113108	15136606	placeholder
7	28488254	28510823	7	28703121	28723291	placeholder
1	159744629	159771310	1	183026968	183052589	placeholder
12	19552262	19624079	12	21056752	21127349	placeholder
5	122207969	122225285	5	12609197	12657971	placeholder
1	180597383	180633813	1	163311561	163347042	placeholder
1	248194628	248235475	1	95141900	95175634	placeholder
3	125015084	125023599	3	82297424	82305867	placeholder
1	264596762	264669333	1	78052616	78127427	placeholder
3	135173765	135192612	3	71690448	71704633	placeholder
3	125065037	125069237	3	82259167	82262994	placeholder
4	55486412	55515170	4	51193631	51215679	placeholder
3	50522524	50547211	3	156064633	156106540	placeholder
7	33640740	33718164	7	33840922	33886469	placeholder
6	2878147	2913707	6	2888238	2906824	placeholder
15	1163141	1176722	13	21713213	21736601	placeholder
6	44584137	44604395	6	45575508	45593665	placeholder
1	40221714	40237732	1	307050330	307064380	placeholder
18	8943646	8953328	17	1040153	1053519	placeholder
2	55453734	55466315	2	207449209	207461054	placeholder
14	2053351	2055739	14	2729995	2732389	placeholder
5	53482944	53508988	5	60797026	60825611	placeholder
3	114823759	114826180	3	93096145	93098626	placeholder
6	89550321	89599259	6	88543009	88605590	placeholder
2	140628846	140681282	2	124256776	124363759	placeholder
13	7755391	7765029	11	13276910	13297936	placeholder
1	340331640	340342392	1	308074	329611	placeholder
2	79862189	79889400	2	182713932	182745547	placeholder
1	156046673	156071967	1	186981073	187010074	placeholder
11	4908415	4918745	9	18746719	18756374	placeholder
3	85562443	85594745	3	118159917	118199065	placeholder
3	5973063	6000024	3	204824278	204838209	placeholder
5	64812075	64824746	5	49757822	49770844	placeholder
1	205729197	205759994	1	139349859	139375910	placeholder
6	71304593	71322530	6	73565966	73589282	placeholder
4	56354737	56439151	4	50270708	50366582	placeholder
8	14354701	14356984	8	63811015	63813316	placeholder
13	6687882	6723156	11	11797033	11838840	placeholder
1	125778152	125803398	1	216968044	216985402	placeholder
1	237305639	237330706	1	106619580	106650569	placeholder
1	46260460	46292962	1	300249291	300280996	placeholder
1	309546482	309691210	1	28524770	28526837	placeholder
1	115727812	115742916	1	227242597	227253198	placeholder
7	91369237	91386502	7	84034565	84061868	placeholder
15	16989266	17001326	13	193147	204805	placeholder
5	55566062	55596983	5	59023684	59052602	placeholder
1	19247830	19254699	1	328929352	328935071	placeholder
7	60399844	60447909	7	52744304	52770894	placeholder
7	27048886	27075486	7	27306816	27330436	placeholder
5	81962024	82011983	5	39376943	39396459	placeholder
3	91492460	91574413	3	112330699	112358445	placeholder
13	11063368	11078990	11	16961066	16977055	placeholder
1	160098186	160119118	1	182659414	182697038	placeholder
1	252005157	252016813	1	91217167	91229104	placeholder
6	32525718	32545665	6	32097779	32123034	placeholder
5	23187801	23240871	5	94013735	94082581	placeholder
1	192743763	192751708	1	151675293	151681421	placeholder
2	150029839	150086444	2	115252529	115301862	placeholder
3	52012381	52104300	3	154340767	154445591	placeholder
15	16634093	16661140	13	628457	650959	placeholder
3	146244948	146263220	3	59586270	59600667	placeholder
3	70091631	70111239	3	134625825	134643709	placeholder
3	5893230	5940219	3	204860083	204895193	placeholder
4	52608599	52638301	4	45684500	45714454	placeholder
6	30288051	30305896	6	29514730	29540799	placeholder
1	228882924	228931547	1	115194193	115237348	placeholder
7	30983320	31016144	7	31166962	31194705	placeholder
14	412935	420696	14	473758	484684	placeholder
1	181602825	181636603	1	162638392	162655284	placeholder
3	40532203	40541125	3	167678915	167688520	placeholder
2	211124016	211138917	2	51601843	51612876	placeholder
17	10998407	11002777	16	12075406	12080449	placeholder
14	9327947	9340104	14	11773642	11783959	placeholder
19	3912406	3945764	18	3403408	3433970	placeholder
3	102039885	102098657	3	105829155	105872559	placeholder
3	141787358	141923005	3	64372241	64515443	placeholder
3	130559669	130654553	3	76357672	76458588	placeholder
3	137583554	137592606	3	69086690	69097352	placeholder
7	89683716	89726628	7	68698918	68744547	placeholder
10	8381028	8401202	10	11064732	11081674	placeholder
3	177659440	177674838	3	24157028	24168808	placeholder
7	58722452	58878178	7	52115286	52170191	placeholder
1	335035357	335044655	1	4219974	4228611	placeholder
1	10724589	10758801	1	336356496	336376357	placeholder
2	206317391	206336911	2	56755997	56779085	placeholder
7	30374911	30403439	7	30557303	30581605	placeholder
14	5400900	5418474	14	7129364	7151828	placeholder
3	170614275	170634623	3	32126127	32154112	placeholder
16	6896387	6907997	15	11209451	11220180	placeholder
2	241663560	241683350	2	19999920	20022078	placeholder
1	16331011	16341193	1	331514375	331522297	placeholder
18	8802060	8865215	17	1167830	1169823	placeholder
2	188118139	188156270	2	75666322	75710891	placeholder
1	20951264	20973804	1	327361690	327384198	placeholder
2	176040392	176070108	2	88511526	88543109	placeholder
5	13118308	13120594	5	109360636	109362916	placeholder
1	336895643	336919122	1	2797434	2823226	placeholder
1	190959887	190974713	1	153608350	153629556	placeholder
1	328017774	328123511	1	10419707	10513120	placeholder
8	77286157	77326597	8	6811306	6848238	placeholder
6	54341760	54365907	6	56107668	56128184	placeholder
7	22819550	22839162	7	23203122	23224837	placeholder
6	18055910	18085045	6	15820283	15850754	placeholder
6	12257018	12275286	6	10287983	10301758	placeholder
3	113349643	113497158	3	94421906	94611241	placeholder
8	40922070	40948703	8	20200790	20230435	placeholder
14	15267830	15290875	14	19318226	19339841	placeholder
1	46450273	46504842	1	300044746	300097109	placeholder
4	119763564	119844637	4	104992536	104996719	placeholder
4	67666547	67771090	4	58514641	58556045	placeholder
11	5039398	5088875	9	18532513	18593024	placeholder
7	83814472	83843885	7	76511324	76534065	placeholder
3	163567015	163575289	3	40198058	40207755	placeholder
4	6483352	6532583	4	5021423	5057383	placeholder
1	232245665	232280519	1	111759111	111790472	placeholder
17	10021716	10028484	16	2644440	2663718	placeholder
1	106580604	106632789	1	236229034	236261004	placeholder
1	257847511	257898060	1	85117518	85172218	placeholder
1	266742900	266767040	1	75840575	75860011	placeholder
5	39095584	39129103	5	76626396	76666829	placeholder
2	100909659	100922789	2	163016575	163030248	placeholder
1	172716022	172767232	1	170036297	170091352	placeholder
1	282268967	282346846	1	59032913	59108669	placeholder
3	119964900	119973407	3	87666792	87675166	placeholder
5	53110445	53144445	5	61169434	61222812	placeholder
10	6346572	6365282	10	9195683	9225645	placeholder
11	2248786	2268135	9	22073647	22105395	placeholder
8	79090748	79099292	8	1919602	1934744	placeholder
8	13856940	13877267	8	64271675	64289778	placeholder
17	5377996	5420692	16	9676746	9713248	placeholder
2	104103350	104135518	2	159565721	159596210	placeholder
2	221716428	221732724	2	40515203	40531539	placeholder
8	76512381	76542712	8	518418	554931	placeholder
15	4433486	4441153	13	15530105	15538939	placeholder
1	202104566	202130697	1	142696346	142716459	placeholder
2	100754989	100767370	2	163176834	163190371	placeholder
3	146265041	146288831	3	59563223	59584882	placeholder
7	16617209	16669643	7	16991645	17036103	placeholder
1	306743574	306761478	1	31575867	31593016	placeholder
5	57704259	57753792	5	56631855	56689684	placeholder
5	50364522	50375600	5	64242405	64252778	placeholder
3	202896188	202902216	3	309843	316229	placeholder
3	34760720	34776705	3	174559874	174574099	placeholder
2	183616685	183758237	2	80329428	80460661	placeholder
3	44260511	44321927	3	163321974	163391030	placeholder
6	71680208	71718998	6	73901695	73936635	placeholder
1	276391933	276418337	1	65370775	65413317	placeholder
1	54091939	54322255	1	291424835	291655910	placeholder
3	106091652	106188593	3	101836488	101918301	placeholder
7	47012740	47102735	7	45768224	45836251	placeholder
7	89230210	89265177	7	68187008	68213628	placeholder
15	15537972	15558696	13	2058681	2084498	placeholder
1	149223736	149239837	1	194031965	194047376	placeholder
1	255417593	255420854	1	87765736	87768715	placeholder
15	8733937	8742505	13	10219228	10225998	placeholder
3	98170120	98218103	3	108824975	108856664	placeholder
1	169579394	169651189	1	173184011	173255068	placeholder
1	55758980	55782926	1	289810442	289826061	placeholder
8	11346139	11366633	8	66641079	66656850	placeholder
1	160479228	160514389	1	182262196	182301732	placeholder
3	107876217	107934681	3	100261072	100328294	placeholder
1	180637665	180655805	1	163266007	163293311	placeholder
3	13986511	14139700	3	197560541	197691139	placeholder
14	13852178	13867461	14	18373703	18384609	placeholder
4	43439703	43522968	4	37364190	37450212	placeholder
3	168497283	168506902	3	34566310	34570424	placeholder
6	43008988	43028207	6	43875163	43896846	placeholder
2	215700458	215827157	2	46563952	46661984	placeholder
3	196918123	196954792	3	4941182	4970319	placeholder
5	92219301	92275501	5	32028697	32074072	placeholder
1	160431378	160468142	1	182317886	182352539	placeholder
6	32602963	32632607	6	32189134	32226861	placeholder
1	323582222	323600191	1	14595705	14625312	placeholder
2	41189648	41225575	2	223553793	223583660	placeholder
3	200442583	200467322	3	2167510	2174710	placeholder
14	97554	106047	14	65365	78075	placeholder
3	123022639	123040509	3	84502135	84518111	placeholder
1	252446964	252487698	1	90695236	90739051	placeholder
1	145869421	145871659	1	197389222	197391460	placeholder
5	85620567	85638336	5	37416825	37434965	placeholder
3	199957800	200005234	3	2545106	2566821	placeholder
1	143613209	143645881	1	199601764	199627862	placeholder
1	130427210	130458126	1	212296290	212317860	placeholder
5	31719102	31735567	5	84980126	85003562	placeholder
1	118898521	118952578	1	224025352	224084108	placeholder
7	83677813	83721974	7	76628408	76655497	placeholder
6	23631385	23673138	6	21871560	21916651	placeholder
11	936520	942414	9	23197848	23206133	placeholder
3	131079722	131097042	3	75911687	75932700	placeholder
7	48249681	48289994	7	46527426	46553081	placeholder
10	1631518	1642727	10	701872	727330	placeholder
5	98259540	98304742	5	26044821	26087374	placeholder
2	153652587	153695920	2	111542516	111585880	placeholder
4	21957183	21959391	4	18526625	18528833	placeholder
1	265979758	265989463	1	76632949	76639939	placeholder
7	9512545	9942610	7	10057031	10467395	placeholder
2	137768360	137799558	2	131041709	131079685	placeholder
3	66714719	66820708	3	138322587	138421302	placeholder
1	267042108	267056522	1	75491712	75506268	placeholder
11	21293448	21302107	9	1936527	1945405	placeholder
1	125689672	125755134	1	217022207	217089256	placeholder
19	192456	197653	18	10047052	10054614	placeholder
7	30759242	30790237	7	30928789	30956750	placeholder
1	137938181	137968690	1	204881708	204905979	placeholder
1	40925044	40943268	1	306220896	306243844	placeholder
8	39153821	39186877	8	50462149	50508427	placeholder
14	149102	153570	14	137087	141686	placeholder
6	24575	45742	6	45018	66408	placeholder
4	22382850	22414817	4	24226963	24246227	placeholder
13	17942288	17954276	11	24720309	24735149	placeholder
5	4739637	4750492	5	112822992	112832383	placeholder
1	294050625	294062592	1	45677482	45692935	placeholder
3	167271448	167313591	3	35992905	36033809	placeholder
5	30073736	30092213	5	86774112	86794971	placeholder
1	332870976	332903402	1	4398687	4437641	placeholder
8	29055582	29124585	8	39916597	39982983	placeholder
2	204504323	204564734	2	58606006	58670492	placeholder
7	51003783	51105799	7	47746427	47767986	placeholder
10	8116633	8172327	10	10833092	10883603	placeholder
1	315806017	315830083	1	22263811	22292021	placeholder
8	68480375	68552992	8	16832062	16894590	placeholder
4	21783919	21801259	4	18353114	18373317	placeholder
17	7398842	7420285	16	7482301	7497392	placeholder
2	33290204	33302497	2	232050057	232069267	placeholder
1	25417066	25420564	1	322739429	322743110	placeholder
3	155853209	155860822	3	48915279	48926110	placeholder
1	42852354	42887848	1	304043726	304069605	placeholder
2	214663548	214800498	2	47635070	47781393	placeholder
1	293016018	293039238	1	46832508	46879648	placeholder
2	169717403	169737288	2	95035676	95055459	placeholder
1	239233260	239258897	1	104460232	104495717	placeholder
7	5203543	5271619	7	5567398	5648940	placeholder
4	30284394	30313562	4	25378617	25401038	placeholder
2	48219522	48262306	2	215311359	215357748	placeholder
1	168847594	168873900	1	174003397	174027970	placeholder
7	40143617	40169164	7	40120572	40145567	placeholder
3	193296561	193326436	3	8098795	8121184	placeholder
3	151008978	151031151	3	54330566	54350587	placeholder
1	306974594	307004182	1	31274800	31316939	placeholder
1	323455755	323488282	1	14728648	14754977	placeholder
1	288286767	288300578	1	52126935	52145021	placeholder
5	12926141	12980483	5	109165076	109215097	placeholder
13	8219798	8231022	11	13722012	13730405	placeholder
17	8347709	8365554	16	5783370	5805529	placeholder
1	286732618	286760073	1	54021499	54050833	placeholder
1	12575220	12601740	1	334796690	334816109	placeholder
14	5095423	5111418	14	6765167	6789532	placeholder
17	9419637	9432600	16	4645420	4665603	placeholder
2	140778051	140830650	2	124175542	124227004	placeholder
11	1720059	1731883	9	22899216	22918460	placeholder
1	6754463	6756350	1	339644750	339646667	placeholder
1	227784396	227820607	1	116326042	116390032	placeholder
5	56602697	56611665	5	57927290	57936768	placeholder
6	20709303	20712195	6	18651099	18652992	placeholder
3	114023954	114044983	3	93892241	93908259	placeholder
13	421344	434979	11	884062	903412	placeholder
5	66595718	66631045	5	48278348	48295511	placeholder
1	80041066	80120586	1	263724650	263802973	placeholder
1	111308671	111310855	1	231837120	231839271	placeholder
15	10625778	10633834	13	8162844	8168314	placeholder
1	191124621	191189069	1	153367617	153440440	placeholder
14	3125655	3136285	14	4170792	4184834	placeholder
11	18491829	18504101	9	5000139	5010855	placeholder
1	292080507	292137011	1	47930365	47990888	placeholder
4	11760994	11775773	4	8967531	8980406	placeholder
14	7419723	7440789	14	9575853	9598142	placeholder
8	50041348	50119433	8	28296790	28333650	placeholder
1	75049816	75110933	1	268710440	268792408	placeholder
2	89999830	90063266	2	174508691	174576883	placeholder
5	55676704	55701335	5	58898430	58926081	placeholder
2	182468487	182470344	2	81645703	81647560	placeholder
6	24913648	24940704	6	23261060	23292573	placeholder
2	103259514	103315350	2	160566659	160578828	placeholder
13	7716567	7732475	11	13239199	13256719	placeholder
1	274165805	274188228	1	67784617	67820173	placeholder
3	24443573	24461576	3	186653247	186673734	placeholder
11	22480558	22485831	9	624759	631025	placeholder
2	226309896	226312044	2	35784813	35786961	placeholder
1	267488790	267510119	1	75028255	75052463	placeholder
2	160574976	160578661	2	104312408	104316512	placeholder
17	5988864	5990796	16	9064523	9066467	placeholder
4	56957150	57001300	4	49778423	49808275	placeholder
14	5247934	5261747	14	6969353	6987300	placeholder
5	52073852	52075985	5	62381952	62384097	placeholder
14	3338985	3355378	14	4461329	4477675	placeholder
7	79429587	79441703	7	66806748	66819256	placeholder
8	37656214	37658377	8	48941972	48944129	placeholder
6	33022946	33053583	6	32692143	32731016	placeholder
4	21165269	21186348	4	17790587	17810812	placeholder
3	181186276	181212748	3	20403774	20433779	placeholder
7	36349630	36358372	7	36423924	36431694	placeholder
2	32251051	32269975	2	233230454	233249469	placeholder
1	107119915	107131353	1	235738612	235761322	placeholder
2	208838297	208888736	2	54114652	54182615	placeholder
12	13743077	13764157	12	16708307	16723255	placeholder
10	9252137	9273147	10	11934823	11955983	placeholder
16	6817002	6832310	15	11288249	11304384	placeholder
6	5749027	5810286	6	5231807	5279755	placeholder
3	86019211	86042321	3	117682209	117713366	placeholder
3	22730272	22748181	3	188633797	188649638	placeholder
5	97291013	97323002	5	27094603	27121681	placeholder
4	64164224	64166258	4	55685279	55687325	placeholder
11	21154272	21173694	9	2092557	2118724	placeholder
6	2463214	2474449	6	2531966	2543521	placeholder
7	60957800	60959930	7	53834927	53837066	placeholder
2	214901462	214934696	2	47498803	47538451	placeholder
6	61604426	61645481	6	63864864	63903357	placeholder
7	85815569	85840053	7	74212174	74233616	placeholder
1	267426003	267465367	1	75068724	75099389	placeholder
1	29805675	29807799	1	318074615	318076736	placeholder
1	299957968	299978675	1	38863454	38891877	placeholder
1	26903201	26906925	1	321169865	321173616	placeholder
15	7157139	7227663	13	12115359	12189131	placeholder
6	51787914	51809061	6	53262483	53283619	placeholder
6	38612353	38640982	6	39131509	39159983	placeholder
3	46418073	46431624	3	160852371	160877042	placeholder
12	4312006	4315339	12	5924969	5929758	placeholder
6	45153207	45164675	6	46284665	46302744	placeholder
10	1413933	1424699	10	790463	807710	placeholder
1	25876478	25896785	1	322249886	322270360	placeholder
3	202570433	202578919	3	739008	747287	placeholder
14	5069027	5087072	14	6727225	6755309	placeholder
4	53783926	53808500	4	46747746	46765088	placeholder
2	18899355	18922142	2	248004447	248029105	placeholder
3	119809001	119836363	3	87768375	87845664	placeholder
3	107619582	107636339	3	100613632	100631656	placeholder
3	135699719	135721423	3	71104284	71135116	placeholder
10	5334389	5354566	10	8180760	8195881	placeholder
12	10425316	10453835	12	13205070	13231613	placeholder
2	201952037	202036528	2	61366868	61449286	placeholder
1	151438976	151447941	1	191731457	191744998	placeholder
7	62223587	62244025	7	54415059	54426666	placeholder
7	6039489	6068063	7	5208357	5233422	placeholder
11	12919108	12930530	9	10650281	10662560	placeholder
3	99343622	99353077	3	108165026	108174589	placeholder
13	3489110	3539839	11	7187856	7249876	placeholder
3	104317282	104372808	3	103639480	103686711	placeholder
7	37753906	37772295	7	37839554	37858405	placeholder
7	57808960	57836160	7	51278167	51290135	placeholder
10	9338784	9358860	10	12017113	12035986	placeholder
4	27828410	27949756	4	19774469	19877136	placeholder
1	276174601	276212676	1	65593999	65637955	placeholder
1	125941679	125972003	1	216780013	216812709	placeholder
1	75132112	75151198	1	268663976	268685433	placeholder
7	30813374	30825818	7	30996896	31010500	placeholder
1	154378000	154414117	1	188624990	188666970	placeholder
3	68090248	68106212	3	136831712	136845471	placeholder
5	61863009	61872181	5	52459988	52471143	placeholder
6	19292408	19349616	6	17171364	17231581	placeholder
6	3799348	3822245	6	3583368	3591804	placeholder
15	10535260	10553339	13	8246105	8259123	placeholder
16	6638905	6663554	15	11457442	11484692	placeholder
3	158380427	158382521	3	46131983	46134077	placeholder
1	26298500	26344136	1	321811095	321846787	placeholder
5	78539546	78541637	5	40684402	40686463	placeholder
1	256973326	256992255	1	86074877	86092726	placeholder
1	303239497	303312151	1	35320856	35414256	placeholder
6	90780463	90802658	6	100156075	100170444	placeholder
1	178086714	178108728	1	165341246	165363645	placeholder
1	51576826	51584596	1	294550104	294558172	placeholder
14	15294804	15307434	14	19343773	19361270	placeholder
7	28886776	28904523	7	29071264	29087445	placeholder
15	3674274	3694956	13	16681434	16712617	placeholder
1	104470487	104508888	1	238583540	238619913	placeholder
1	277555437	277584143	1	64157177	64182427	placeholder
5	106181144	106183202	5	21833242	21835300	placeholder
6	1565163	1644185	6	1709003	1788876	placeholder
5	56751200	56770397	5	57748283	57765870	placeholder
12	16081471	16109931	12	18990888	19012999	placeholder
3	175819175	175847480	3	26101243	26136686	placeholder
5	21723301	21772953	5	95663124	95721999	placeholder
5	108587871	108608774	5	24456000	24468654	placeholder
10	6009711	6021040	10	8907187	8913237	placeholder
1	38997309	39026644	1	308346683	308388836	placeholder
6	39025962	39042138	6	39672186	39681789	placeholder
3	87663629	87681163	3	115893340	115912421	placeholder
14	2346156	2355076	14	3155602	3166545	placeholder
6	22177860	22182565	6	20293412	20322498	placeholder
1	205908500	205924970	1	139315397	139333151	placeholder
8	59050664	59062013	8	35251731	35264876	placeholder
5	22851896	22868430	5	94433398	94449784	placeholder
2	204610022	204625246	2	58541629	58567491	placeholder
12	8162204	8178711	12	10770807	10783594	placeholder
12	1026031	1045074	12	1358838	1382353	placeholder
7	23253420	23269120	7	23663760	23677303	placeholder
2	99098184	99120335	2	164885316	164903897	placeholder
3	25986930	25989228	3	184898951	184901324	placeholder
7	26577078	26591845	7	26840081	26852474	placeholder
1	51173462	51175484	1	295013649	295015677	placeholder
14	5421400	5426391	14	7155941	7161141	placeholder
7	73703274	73712064	7	61209977	61226435	placeholder
5	108179688	108204221	5	24087945	24118952	placeholder
4	42129131	42152342	4	36148139	36180092	placeholder
6	38460978	38468666	6	38957910	38963010	placeholder
5	31924295	31948433	5	84742084	84766953	placeholder
1	224840678	224860871	1	119528107	119537769	placeholder
1	63741051	63752681	1	280990931	281005738	placeholder
15	3762358	3810332	13	16482056	16566943	placeholder
3	183906201	183920031	3	17585064	17596764	placeholder
1	165196606	165294594	1	177652842	177753318	placeholder
13	1449839	1459379	11	3401402	3417950	placeholder
1	208840728	208908407	1	136224503	136295723	placeholder
5	66662905	66784378	5	48141768	48248736	placeholder
7	74596691	74627661	7	61982933	62012032	placeholder
5	5807841	5863742	5	111695014	111748638	placeholder
12	4410499	4412533	12	6033980	6036005	placeholder
1	158148691	158163760	1	184701545	184714385	placeholder
3	48369482	48440599	3	158606551	158693845	placeholder
1	127265797	127311346	1	215449840	215486200	placeholder
3	156829284	156836721	3	47847614	47857593	placeholder
1	300807653	300845326	1	37946529	37982229	placeholder
1	192939460	192986400	1	151384617	151459500	placeholder
14	13711897	13745447	14	18504036	18527180	placeholder
16	11519761	11540819	15	15013608	15040750	placeholder
2	68303553	68335008	2	193774405	193803692	placeholder
1	69985824	70027742	1	274235178	274273837	placeholder
17	7967694	7971107	16	5271299	5277991	placeholder
8	76966852	76988365	8	7214003	7232054	placeholder
6	26944218	26948019	6	25575911	25579510	placeholder
5	79299714	79305837	5	40385327	40392320	placeholder
2	98207390	98228996	2	165670271	165689280	placeholder
2	191734979	191765888	2	71880763	71913960	placeholder
13	3807246	3809657	11	7568670	7572058	placeholder
2	100871946	100890291	2	163037732	163053011	placeholder
6	42133525	42183111	6	42905029	42970919	placeholder
6	81732579	81754460	6	83040838	83054255	placeholder
17	3219629	3253592	16	11348404	11372274	placeholder
13	1794461	1806478	11	4111153	4160877	placeholder
5	22490364	22494039	5	94886146	94889408	placeholder
2	141174238	141202811	2	123796477	123819769	placeholder
5	110440385	110474533	5	1217542	1222914	placeholder
2	156642611	156682926	2	108526473	108565551	placeholder
3	147716809	147764538	3	57861492	57908325	placeholder
1	242690408	242719292	1	100910964	100935617	placeholder
14	8977538	8992230	14	11403546	11414042	placeholder
1	2393884	2421574	1	342177662	342189204	placeholder
3	141669456	141688815	3	64619979	64637244	placeholder
15	13442619	13464273	13	5195839	5220026	placeholder
3	46377981	46401201	3	160893907	160914503	placeholder
4	84536506	84584852	4	70087339	70119286	placeholder
3	23660683	23665880	3	187575536	187580634	placeholder
1	251290581	251314335	1	91915415	91945628	placeholder
1	192817189	192837384	1	151577942	151594721	placeholder
13	14847741	14870565	11	21157889	21186989	placeholder
19	3029259	3051627	18	4273872	4299616	placeholder
14	14086228	14124886	14	18154149	18190671	placeholder
6	24584050	24613693	6	22917106	22945487	placeholder
1	62637726	62663444	1	282195537	282220843	placeholder
2	133202140	133228758	2	126407546	126442571	placeholder
7	55088506	55139210	7	49925165	49943945	placeholder
3	192503100	192536146	3	8777520	8802480	placeholder
2	99391377	99416032	2	164564374	164578481	placeholder
8	35702137	35722667	8	46900920	46916970	placeholder
1	332409042	332443729	1	6433984	6459161	placeholder
7	71769248	71815482	7	59360037	59394228	placeholder
7	46464416	46515335	7	45326308	45368948	placeholder
4	84989915	85020894	4	69750195	69769757	placeholder
3	20336981	20374339	3	191245237	191280033	placeholder
17	10153359	10160715	16	2973892	2998146	placeholder
17	6668703	6698380	16	8379244	8400940	placeholder
8	7887896	7925263	8	69742364	69762057	placeholder
13	2969322	2994221	11	6361250	6407822	placeholder
4	86594670	86637716	4	68337808	68380034	placeholder
4	6782576	6815028	4	4826512	4844011	placeholder
5	91973527	91993430	5	32258518	32280454	placeholder
6	93832371	93863244	6	97195915	97227662	placeholder
10	7486274	7529399	10	10199312	10245406	placeholder
7	27955049	27984528	7	28168055	28185805	placeholder
1	88345235	88347221	1	255291533	255293522	placeholder
8	4043067	4050313	8	73954601	73959280	placeholder
13	18720326	18722306	11	25673684	25675670	placeholder
2	76130319	76197140	2	185665086	185739359	placeholder
2	173064567	173087225	2	91649412	91670908	placeholder
13	2605139	2625199	11	5858043	5879600	placeholder
11	8329387	8351147	9	15255889	15275336	placeholder
4	21437446	21464421	4	18035027	18062998	placeholder
7	92765029	92785142	7	82358823	82385210	placeholder
1	50352555	50367427	1	295781730	295796077	placeholder
1	44304223	44306212	1	302386159	302388142	placeholder
1	238854191	238864806	1	104893983	104903015	placeholder
5	51042224	51070414	5	63504341	63532998	placeholder
13	8587675	8610232	11	14134689	14155071	placeholder
12	17023730	17081666	12	19832716	19876027	placeholder
3	70137077	70155399	3	134584482	134603138	placeholder
4	92341892	92353509	4	77285836	77303335	placeholder
6	10913750	10940124	6	8912616	8938003	placeholder
13	14750270	14772578	11	21061361	21085649	placeholder
1	187386399	187414397	1	157390152	157417568	placeholder
1	82853155	82880989	1	260806290	260847042	placeholder
1	280656639	280765480	1	60771090	60917295	placeholder
7	10650204	10670668	7	11118363	11133913	placeholder
15	8484689	8498860	13	10497290	10512254	placeholder
2	157533851	157547077	2	107570852	107590984	placeholder
15	16791579	16885398	13	327398	432810	placeholder
1	267199755	267223821	1	75318629	75348111	placeholder
1	6742690	6744661	1	339652361	339654290	placeholder
19	4485279	4498901	18	2764474	2776526	placeholder
8	40993642	41010012	8	20294190	20310948	placeholder
3	146453069	146478667	3	59332609	59361414	placeholder
3	86007855	86016312	3	117716962	117727503	placeholder
19	7525352	7541629	18	1767908	1776303	placeholder
1	322413830	322431842	1	15799463	15815231	placeholder
16	2818971	2827957	15	2804737	2810346	placeholder
1	114858261	114867187	1	228064897	228072889	placeholder
1	99041624	99057412	1	244089144	244095412	placeholder
7	89769446	89793019	7	68778666	68796334	placeholder
1	147068889	147148267	1	196165152	196234599	placeholder
14	15332763	15341106	14	19391298	19400306	placeholder
15	4681819	4736864	13	15141075	15209510	placeholder
13	12620550	12636546	11	18627736	18641967	placeholder
6	25575903	25609549	6	23941837	23979832	placeholder
17	4305069	4319996	16	10590876	10601421	placeholder
1	189031107	189033051	1	155693772	155695716	placeholder
12	139269	143657	12	163985	168142	placeholder
1	205604055	205641011	1	139491517	139544248	placeholder
12	9934418	9994213	12	12701854	12742531	placeholder
1	215016454	215044251	1	129834953	129864575	placeholder
6	5498541	5523888	6	5048418	5062467	placeholder
16	2085637	2140164	15	2139208	2185273	placeholder
16	12123123	12128197	15	15801482	15806816	placeholder
15	3586863	3602538	13	16835929	16856862	placeholder
3	35895379	35907861	3	173247245	173251838	placeholder
1	339876493	339901042	1	754775	774596	placeholder
3	173972661	173986473	3	28307359	28319042	placeholder
3	200347600	200378899	3	2214909	2231539	placeholder
2	156761734	156804323	2	108404436	108444269	placeholder
1	316979802	317003236	1	21138080	21152392	placeholder
12	8371088	8384512	12	10997857	11013157	placeholder
14	3584079	3589731	14	4757275	4764003	placeholder
1	83968339	84026997	1	259724056	259782476	placeholder
1	187427525	187508310	1	157285876	157375779	placeholder
17	1769547	1825787	16	1867979	1879591	placeholder
7	36135064	36154646	7	36220242	36242034	placeholder
6	41046556	41070802	6	41731086	41757407	placeholder
1	153564488	153566495	1	189531141	189533145	placeholder
15	615328	634618	13	21180480	21218699	placeholder
7	89189125	89217896	7	68149693	68180248	placeholder
1	73092780	73125118	1	270993037	271031068	placeholder
6	25657645	25696495	6	24037003	24096573	placeholder
7	25899762	25915322	7	26185049	26202174	placeholder
3	107122323	107132137	3	101197073	101212594	placeholder
3	119368106	119385867	3	88338466	88355255	placeholder
1	239834566	239859774	1	103852136	103869451	placeholder
14	4962005	4976400	14	6614859	6627748	placeholder
1	66066018	66096837	1	278276276	278299219	placeholder
3	47313647	47326889	3	160011109	160029497	placeholder
1	204912027	204949717	1	140201681	140246569	placeholder
6	56069654	56126986	6	57956237	58022551	placeholder
1	277813024	277830382	1	63892268	63912965	placeholder
13	7545770	7557490	11	12882906	12898227	placeholder
15	15599732	15605616	13	1999895	2009288	placeholder
3	50629654	50645262	3	155926937	155948118	placeholder
16	1144925	1162051	15	1115837	1127160	placeholder
2	190653840	190678006	2	72918516	72939285	placeholder
15	8265911	8276334	13	10728299	10740490	placeholder
14	389153	401353	14	438204	454156	placeholder
2	177571989	177580763	2	86908789	86918152	placeholder
2	11280998	11299131	2	264968929	264982557	placeholder
3	23426112	23438338	3	187829496	187841029	placeholder
1	50515460	50520954	1	295607073	295614039	placeholder
6	38731727	38785467	6	39273547	39311319	placeholder
13	3651811	3664641	11	7378477	7395549	placeholder
14	6541196	6563813	14	8514504	8540350	placeholder
6	93625338	93627003	6	97412990	97414730	placeholder
5	18082782	18085040	5	99510662	99512899	placeholder
2	205376374	205394974	2	57786209	57796064	placeholder
6	31816202	31818119	6	31311900	31313817	placeholder
2	133676320	133800936	2	126874960	127006801	placeholder
1	77310533	77312441	1	266492202	266494110	placeholder
11	22499388	22508049	9	603124	610469	placeholder
1	215075059	215087155	1	129776014	129788518	placeholder
1	40294343	40313049	1	306960169	306985627	placeholder
1	159783942	159787447	1	183015932	183019641	placeholder
12	740925	747660	12	936445	943063	placeholder
1	27942839	27958970	1	320071479	320089256	placeholder
2	195352896	195388075	2	67939083	67970364	placeholder
8	55041225	55058536	8	3178412	3195421	placeholder
16	2187264	2211752	15	2225053	2249196	placeholder
1	111410788	111438357	1	231717073	231730099	placeholder
5	26156373	26169504	5	90822229	90841490	placeholder
1	66651694	66666731	1	277747767	277760374	placeholder
4	50490751	50522083	4	43833112	43879820	placeholder
6	45310155	45329743	6	46438794	46464175	placeholder
1	55710135	55757126	1	289842125	289891795	placeholder
2	28663235	28689030	2	237312739	237339089	placeholder
16	7960094	7976163	15	9842172	9860023	placeholder
1	319234287	319260116	1	18872288	18900286	placeholder
6	86009206	86027263	6	83622026	83634432	placeholder
8	43238262	43259373	8	22277691	22303039	placeholder
1	227713155	227727986	1	116436666	116450977	placeholder
2	152511667	152550859	2	112757608	112806972	placeholder
6	93919580	93928190	6	97119272	97129318	placeholder
1	336396964	336429115	1	3159397	3175969	placeholder
3	164297061	164320082	3	39355937	39377751	placeholder
6	32863814	32865629	6	32514949	32516761	placeholder
8	21804074	21833125	8	56041457	56090984	placeholder
1	254653653	254681658	1	88578502	88639712	placeholder
8	69758963	69798107	8	15834675	15871315	placeholder
4	2616169	2636530	4	1660030	1672573	placeholder
2	217368933	217412554	2	44837781	44874681	placeholder
1	259637474	259655383	1	83244361	83263660	placeholder
11	20693908	20700021	9	2619947	2627884	placeholder
15	9032792	9065306	13	9826612	9869240	placeholder
7	33058257	33081253	7	33298857	33317035	placeholder
1	181514667	181528618	1	162717912	162731250	placeholder
8	19207512	19253844	8	58870278	58926884	placeholder
3	131049597	131073748	3	75938760	75961763	placeholder
11	7692819	7694370	9	16078023	16079574	placeholder
4	9153652	9171600	4	6733864	6752042	placeholder
2	21138398	21189555	2	245674846	245737521	placeholder
1	236791516	236832009	1	107154049	107199678	placeholder
5	119346617	119401107	5	9267370	9297511	placeholder
4	86378	92021	4	184027	189029	placeholder
1	104159522	104231367	1	238918165	238932774	placeholder
3	17301378	17316037	3	194660924	194676827	placeholder
3	114923396	114930964	3	92986452	92995376	placeholder
2	212895695	212912720	2	49687180	49704241	placeholder
3	194934037	195003133	3	6672436	6722056	placeholder
2	191642585	191683670	2	71963290	72002003	placeholder
19	2885873	2898232	18	4089943	4102263	placeholder
1	179015947	179051668	1	164556255	164589733	placeholder
3	123198904	123223578	3	84297272	84322169	placeholder
3	64614252	64643193	3	140428591	140461823	placeholder
6	51598703	51624092	6	53103196	53132302	placeholder
3	168967006	168991231	3	34015317	34046105	placeholder
1	8854688	8898018	1	337877808	337910309	placeholder
5	56080699	56114605	5	58508045	58537425	placeholder
1	41746528	41777448	1	305305076	305329829	placeholder
3	159153667	159216358	3	45059747	45127683	placeholder
11	20578512	20581864	9	2764677	2768366	placeholder
14	4834247	4851514	14	6457734	6470818	placeholder
3	63662055	63739870	3	141452628	141548816	placeholder
5	30255138	30298051	5	86566715	86596653	placeholder
2	220680735	220705365	2	41581545	41607125	placeholder
1	119023463	119043568	1	223935544	223964573	placeholder
2	217116870	217164118	2	45096522	45164252	placeholder
17	8626861	8630354	16	6185387	6188687	placeholder
7	90675268	90700028	7	69873808	69893324	placeholder
6	219349	236098	6	359680	377222	placeholder
5	20753608	20780597	5	96769956	96795449	placeholder
1	35823694	35902139	1	311678598	311757790	placeholder
3	92220291	92452865	3	111283430	111369942	placeholder
1	68963381	68977297	1	275400058	275414777	placeholder
1	229377961	229408027	1	114667180	114706640	placeholder
4	5243910	5257733	4	3875010	3884676	placeholder
11	15402863	15414290	9	8130322	8141401	placeholder
14	6511294	6523354	14	8470728	8491411	placeholder
1	126052168	126067625	1	216683907	216703792	placeholder
2	156468600	156484408	2	108655520	108671827	placeholder
16	11012189	11019694	15	3999815	4030207	placeholder
3	27369474	27376557	3	183147039	183155238	placeholder
3	157822405	157838351	3	46719262	46741331	placeholder
1	184067595	184150763	1	160558469	160649479	placeholder
13	15839662	15845438	11	22313054	22318399	placeholder
6	18412489	18423650	6	16216940	16232270	placeholder
8	76328783	76346073	8	14563017	14584101	placeholder
6	56036037	56063656	6	57929580	57948798	placeholder
11	8485569	8511649	9	15088182	15106046	placeholder
4	58149573	58193921	4	48708856	48742648	placeholder
1	165595561	165612962	1	177272866	177300026	placeholder
3	160649964	160682193	3	43588052	43611953	placeholder
6	58221307	58246547	6	60114765	60145813	placeholder
1	73260286	73290399	1	270788653	270830522	placeholder
1	233605389	233628171	1	110443249	110464123	placeholder
15	14336425	14338267	13	4410228	4412070	placeholder
11	10562621	10567401	9	12947270	12950399	placeholder
5	34099014	34147642	5	82272344	82343471	placeholder
1	340309939	340331299	1	329774	362794	placeholder
8	25493162	25516035	8	52137590	52160933	placeholder
2	214825719	214836982	2	47604628	47618294	placeholder
3	175624518	175653282	3	26326172	26352205	placeholder
3	155741986	155766935	3	49017811	49052726	placeholder
16	11838015	11843820	15	15432301	15438425	placeholder
6	44444388	44463329	6	45411019	45429985	placeholder
4	24403869	24426836	4	22456498	22472788	placeholder
4	73907481	73935381	4	62425016	62449487	placeholder
2	179470086	179498426	2	84883024	84909151	placeholder
6	38421591	38427460	6	38916930	38923390	placeholder
11	20216916	20229271	9	3180339	3193163	placeholder
15	13299243	13312449	13	5395998	5426010	placeholder
2	21669356	21685370	2	245093750	245113091	placeholder
2	68278635	68285811	2	193824092	193830664	placeholder
1	287210371	287231053	1	53422719	53440308	placeholder
2	147672991	147723432	2	117244126	117291018	placeholder
19	7319111	7344918	18	1652958	1663902	placeholder
14	7067819	7069625	14	9199482	9204359	placeholder
1	72170070	72192852	1	272078275	272102310	placeholder
2	99917309	99931627	2	164040526	164062334	placeholder
3	25652516	25685149	3	185227690	185264943	placeholder
3	95039472	95109661	3	110017820	110034670	placeholder
14	9437963	9462171	14	11886631	11906133	placeholder
10	627084	637812	10	3298393	3313720	placeholder
1	314335973	314346419	1	23840378	23852795	placeholder
1	13323015	13350861	1	334124865	334151184	placeholder
3	123636865	123666471	3	83853862	83886937	placeholder
8	35463358	35492728	8	46667315	46690268	placeholder
15	11793579	11806467	13	6923632	6940600	placeholder
5	16437473	16447415	5	101203267	101211901	placeholder
5	79507345	79539153	5	40284332	40310736	placeholder
4	9552705	9576166	4	7043770	7061076	placeholder
3	119151451	119208276	3	88565175	88638742	placeholder
2	212855477	212864660	2	49750350	49779192	placeholder
1	149168312	149180477	1	194089444	194097618	placeholder
2	80519096	80520914	2	182248459	182250280	placeholder
1	250242810	250251958	1	93057203	93070455	placeholder
1	317241862	317255699	1	20866366	20886687	placeholder
3	184909490	184954954	3	16556756	16601451	placeholder
3	141125752	141228375	3	65120379	65173588	placeholder
1	194063525	194082722	1	150241279	150260470	placeholder
3	179579713	179621224	3	22131454	22173119	placeholder
1	265781759	265815390	1	76789234	76815166	placeholder
1	195064456	195097211	1	149323641	149351508	placeholder
5	64873578	64887517	5	49686555	49705779	placeholder
13	3231649	3240306	11	6788156	6797097	placeholder
1	335179739	335207323	1	4109817	4118536	placeholder
6	53388279	53601497	6	55051199	55269625	placeholder
2	61550665	61573377	2	200968837	200992730	placeholder
12	3471024	3487830	12	4841605	4858405	placeholder
1	42227314	42252118	1	304752579	304782712	placeholder
12	13108326	13132001	12	16074829	16094797	placeholder
3	144660198	144687093	3	61351591	61382661	placeholder
2	1810342	1824508	2	256164182	256177442	placeholder
1	11485536	11497538	1	335812948	335823892	placeholder
2	189731869	189751404	2	73903089	73919199	placeholder
1	122925250	122944613	1	219889136	219917932	placeholder
8	38335773	38340948	8	49657361	49665483	placeholder
16	9644456	9655587	15	7028875	7053727	placeholder
3	100078431	100116554	3	107647955	107671494	placeholder
17	261493	276175	16	288687	303148	placeholder
2	234423899	234435922	2	27227876	27240820	placeholder
16	11784848	11792140	15	15352395	15361381	placeholder
6	67288079	67311123	6	69569753	69587973	placeholder
3	131113922	131145715	3	75844646	75892439	placeholder
2	147348718	147364328	2	117490898	117509798	placeholder
1	336132016	336161346	1	3325823	3345759	placeholder
1	113199	118670	1	343408225	343418861	placeholder
6	38828008	38850928	6	39429837	39458832	placeholder
3	32622240	32628257	3	177134848	177141814	placeholder
6	20407055	20437691	6	18347160	18396019	placeholder
19	3008338	3018296	18	4243095	4255147	placeholder
1	271836579	271838373	1	70521660	70523454	placeholder
3	107039223	107054104	3	101283841	101299504	placeholder
4	20613571	20655223	4	17243186	17280880	placeholder
1	1949424	1972083	1	341882967	341898325	placeholder
7	33913366	33937095	7	34084620	34102106	placeholder
8	28954937	28974395	8	39805296	39829075	placeholder
5	3998839	4081979	5	113386069	113475237	placeholder
4	44439047	44451214	4	38203837	38214246	placeholder
17	11015219	11025585	16	12095101	12108647	placeholder
1	301552530	301565588	1	37157511	37170886	placeholder
2	67036979	67070254	2	195071895	195104967	placeholder
3	140120971	140156402	3	66330652	66362973	placeholder
14	8419143	8449534	14	10790187	10811886	placeholder
17	10696587	10701778	16	11746253	11753074	placeholder
3	45504036	45525355	3	161900565	161922178	placeholder
5	74541862	74668493	5	43504773	43559534	placeholder
3	169040500	169063314	3	33928986	33950625	placeholder
2	133234377	133264465	2	126449368	126471896	placeholder
1	251660397	251675799	1	91585793	91598433	placeholder
2	30004920	30043650	2	235741163	235776285	placeholder
2	152161450	152178871	2	113219355	113232472	placeholder
6	55934118	55962245	6	57801822	57835619	placeholder
10	11464076	11511550	10	13994203	14025184	placeholder
3	62066597	62098907	3	143545736	143578292	placeholder
3	186248096	186254310	3	15119653	15130713	placeholder
6	85459466	85469273	6	83127482	83140968	placeholder
12	16542351	16547035	12	19391219	19395184	placeholder
1	129332858	129716183	1	213052396	213450239	placeholder
14	10156425	10167203	14	12544606	12562987	placeholder
2	101021629	101033175	2	162923105	162934181	placeholder
13	7897418	7899366	11	13442618	13445529	placeholder
1	273423470	273432459	1	68628457	68638194	placeholder
2	133043230	133084339	2	126252879	126290154	placeholder
2	214943016	214952176	2	47482702	47494337	placeholder
8	30861702	30897105	8	41835311	41862216	placeholder
1	260861429	260884234	1	81939441	81974573	placeholder
2	198855826	198877724	2	64556376	64578271	placeholder
1	94572924	94592623	1	248674615	248690642	placeholder
13	12483339	12500266	11	18497350	18509893	placeholder
7	71840461	71853070	7	59417969	59428219	placeholder
8	75223828	75240148	8	13028812	13047855	placeholder
8	70317262	70337824	8	7599421	7674224	placeholder
17	10882680	10885901	16	11913949	11918945	placeholder
3	197297025	197349323	3	4578169	4639652	placeholder
1	17531440	17542199	1	330411940	330425006	placeholder
12	982787	994294	12	1289074	1302601	placeholder
1	116556674	116569222	1	226423917	226434292	placeholder
19	3889509	3902841	18	3442669	3453436	placeholder
1	267883849	267890766	1	74629656	74636466	placeholder
15	5126166	5127933	13	14684122	14685889	placeholder
13	18047069	18053331	11	24851500	24858313	placeholder
11	19495646	19524242	9	3922009	3949589	placeholder
2	32321588	32323355	2	233171283	233173050	placeholder
17	10131528	10138826	16	2913400	2935791	placeholder
1	195499238	195503521	1	148904474	148908211	placeholder
13	16975555	16985609	11	23598169	23613199	placeholder
5	35241311	35257611	5	81022749	81059036	placeholder
6	62415695	62522939	6	64684041	64818313	placeholder
1	173068176	173109692	1	169752218	169786568	placeholder
14	992487	1001882	14	1272944	1286501	placeholder
1	6055681	6086855	1	340139573	340162672	placeholder
6	26996007	27013964	6	25610722	25627832	placeholder
3	20409143	20441020	3	191176049	191202036	placeholder
6	80858695	80885112	6	79318768	79332394	placeholder
1	142507090	142642933	1	200402388	200527149	placeholder
8	7702023	7753255	8	69849941	69890108	placeholder
1	334753133	334818459	1	6008304	6052290	placeholder
3	201629447	201739908	3	1175753	1243081	placeholder
2	25954031	25961169	2	240330885	240337208	placeholder
1	284098536	284122410	1	56932201	56969612	placeholder
3	137969465	138060651	3	68584648	68690815	placeholder
1	64006165	64025695	1	280634122	280651743	placeholder
5	65998036	65999788	5	48838853	48840599	placeholder
13	17690890	17725094	11	24492962	24530215	placeholder
15	14796425	14821547	13	3788430	3812092	placeholder
3	188734513	188754497	3	12544227	12559919	placeholder
1	75641562	75657505	1	268133427	268150829	placeholder
5	22067757	22090552	5	95325189	95346865	placeholder
8	29462365	29486035	8	40338038	40360649	placeholder
1	327545809	327588880	1	10943712	10979094	placeholder
1	23678791	23706015	1	324513785	324544701	placeholder
3	147164245	147177339	3	58483367	58494972	placeholder
6	52344711	52364582	6	53926155	53952870	placeholder
2	168092553	168108271	2	96619330	96633282	placeholder
3	50573972	50600844	3	155981063	156029328	placeholder
7	13003250	13052407	7	13458343	13510879	placeholder
7	47664049	47684437	7	46204061	46213240	placeholder
1	108428	110252	1	343422908	343424731	placeholder
1	312096940	312125730	1	26238276	26266316	placeholder
16	10814396	10822355	15	4636151	4660584	placeholder
8	48091017	48117555	8	26639075	26662027	placeholder
4	73619236	73705552	4	62268382	62316737	placeholder
6	86301607	86402555	6	83926276	84028340	placeholder
6	18341279	18378763	6	16174217	16188290	placeholder
6	42351421	42365591	6	43188217	43206746	placeholder
1	244878381	244896471	1	98719569	98735742	placeholder
14	1491669	1497561	14	1962548	1970368	placeholder
3	14457778	14470832	3	197254170	197263216	placeholder
3	142364452	142376090	3	63895409	63912258	placeholder
2	212498068	212523024	2	50142684	50169740	placeholder
2	177137148	177149805	2	87451326	87460732	placeholder
16	11768037	11774111	15	15332123	15342072	placeholder
4	20240117	20257089	4	16889259	16903672	placeholder
4	50744472	50746206	4	44064598	44066332	placeholder
3	134725636	134739849	3	72185461	72204611	placeholder
4	98973992	99045246	4	83588530	83633245	placeholder
5	81606318	81689224	5	39526198	39563845	placeholder
14	15884627	15895783	14	20113103	20121374	placeholder
17	8564620	8577562	16	6105329	6128711	placeholder
5	94021260	94048685	5	30230100	30263920	placeholder
8	24737535	24752363	8	52968834	52991686	placeholder
2	61253659	61255342	2	201358340	201360023	placeholder
17	10390491	10396167	16	2505535	2521216	placeholder
1	86777462	86796300	1	256971718	256990782	placeholder
5	91102570	91128332	5	33134633	33165059	placeholder
7	80176112	80196066	7	79298868	79318154	placeholder
2	152842661	152859025	2	112401696	112409639	placeholder
1	70919357	70979978	1	273378125	273455277	placeholder
3	115307260	115335352	3	92535304	92568783	placeholder
13	13475904	13553844	11	19653914	19733589	placeholder
5	9547918	9596543	5	105843876	105894832	placeholder
2	216844410	217005297	2	45265495	45455006	placeholder
13	1928773	1947336	11	4367952	4397035	placeholder
3	115230212	115243642	3	92628618	92642040	placeholder
7	23119574	23149674	7	23526987	23554921	placeholder
16	7868196	7869906	15	9984846	9986568	placeholder
3	140078906	140103855	3	66374212	66398257	placeholder
5	68174538	68271797	5	46998286	47054058	placeholder
3	171522617	171540388	3	31222280	31239375	placeholder
2	212535270	212568319	2	50093567	50128357	placeholder
3	165866680	165875687	3	37660340	37669244	placeholder
2	190883362	190891257	2	72681565	72687830	placeholder
2	206281362	206296011	2	56801610	56821284	placeholder
13	3838939	3859343	11	7639688	7678247	placeholder
6	10258474	10292530	6	8264359	8286498	placeholder
11	6901554	6944970	9	17055242	17100810	placeholder
1	190801953	190812705	1	153775574	153787186	placeholder
8	37738626	37750539	8	49034649	49047336	placeholder
16	7518755	7535132	15	10386365	10398391	placeholder
8	25249079	25263785	8	52404157	52435294	placeholder
6	48555080	48676754	6	50004021	50143042	placeholder
3	177870010	177894900	3	23894101	23922488	placeholder
1	319426974	319443584	1	18677758	18699242	placeholder
3	175702374	175768378	3	26180631	26256351	placeholder
12	8211060	8225087	12	10819440	10835865	placeholder
1	20896966	20904052	1	327429946	327437519	placeholder
8	75837281	75866453	8	13779174	13802678	placeholder
6	93933343	93940987	6	97105783	97110121	placeholder
3	89052558	89113961	3	114400526	114463667	placeholder
4	7745120	7755079	4	5646887	5658253	placeholder
6	33123045	33156662	6	32794496	32833285	placeholder
3	170278818	170306682	3	32537561	32565512	placeholder
1	247177383	247199231	1	96278081	96284714	placeholder
19	5970695	5977401	18	1509595	1514687	placeholder
15	13757791	13763621	13	5037493	5044269	placeholder
11	13127830	13135807	9	10529787	10539295	placeholder
1	51212066	51238331	1	294950233	294985111	placeholder
2	51195843	51235086	2	212066584	212117443	placeholder
5	32497015	32509560	5	84117205	84125904	placeholder
11	20561910	20576841	9	2772357	2786969	placeholder
3	159756320	159761710	3	44449473	44455316	placeholder
14	3096014	3115083	14	4138951	4159960	placeholder
1	28093433	28098926	1	319896741	319904975	placeholder
3	13857990	13886416	3	197782163	197805582	placeholder
1	55664479	55681342	1	289937383	289956454	placeholder
7	33574648	33606763	7	33768965	33800369	placeholder
1	259707479	259732881	1	83169448	83195226	placeholder
8	8015552	8033904	8	69654113	69682599	placeholder
1	34175503	34207769	1	313374902	313401266	placeholder
1	116879232	116905917	1	226084140	226111308	placeholder
16	12318399	12328534	15	16079967	16096212	placeholder
1	340024789	340030876	1	642044	647430	placeholder
3	2801656	2826662	3	207479587	207492344	placeholder
7	85859042	85874646	7	74172842	74186999	placeholder
1	45900	70338	1	343513057	343539952	placeholder
16	1331938	1363363	15	1317854	1329131	placeholder
2	28625774	28641421	2	237375752	237391470	placeholder
16	11443845	11449189	15	14950565	14956826	placeholder
7	23492757	23522678	7	23890584	23918971	placeholder
13	740114	741857	11	1580481	1582227	placeholder
15	14766585	14776516	13	3835834	3850165	placeholder
15	11175533	11205848	13	7573498	7607785	placeholder
17	8082730	8092146	16	5444918	5456243	placeholder
3	124083269	124102498	3	83366768	83383309	placeholder
8	77201254	77224642	8	6920171	6955008	placeholder
1	195986243	196071918	1	148381423	148468999	placeholder
1	259218322	259261335	1	83641367	83676058	placeholder
1	8277153	8317455	1	338313706	338332619	placeholder
16	6881592	6891441	15	11224454	11231485	placeholder
12	777109	785002	12	983772	992235	placeholder
15	13201806	13239611	13	5485200	5514673	placeholder
3	89784691	89801397	3	113763981	113780842	placeholder
4	31615429	31627733	4	26559937	26578415	placeholder
1	150153694	150175936	1	193108074	193132269	placeholder
4	89314525	89327299	4	74555913	74574434	placeholder
2	206172754	206202470	2	56909194	56938878	placeholder
1	277591492	277606952	1	64140119	64151648	placeholder
2	133967763	133991502	2	127173235	127200799	placeholder
1	16762580	16788990	1	331105567	331129326	placeholder
2	135044506	135089976	2	128407870	128441648	placeholder
6	60845603	60863166	6	63060637	63074097	placeholder
7	31876739	31907054	7	32094496	32126633	placeholder
2	165129374	165148329	2	99623819	99650362	placeholder
11	6187196	6237257	9	17864083	17872755	placeholder
1	73193739	73210337	1	270890027	270902635	placeholder
5	61898419	61937877	5	52407060	52434470	placeholder
4	86341768	86362690	4	68593108	68607216	placeholder
2	61430968	61480765	2	201086990	201143756	placeholder
15	1288276	1293872	13	23498591	23528305	placeholder
1	292677507	292684846	1	47294675	47313023	placeholder
1	4383886	4396165	1	341029252	341036945	placeholder
7	2508999	2527777	7	8506547	8520270	placeholder
8	20888170	20897417	8	57095480	57104188	placeholder
15	6178649	6187689	13	13318597	13330851	placeholder
1	94502716	94536856	1	248759599	248788474	placeholder
10	11045210	11056578	10	13615462	13626175	placeholder
6	31537668	31569830	6	31012076	31047407	placeholder
14	8109539	8118866	14	10446694	10457034	placeholder
1	293364573	293384390	1	46435325	46450755	placeholder
6	91655350	91657958	6	99388349	99394937	placeholder
5	51669894	51691318	5	62868604	62882482	placeholder
5	84167307	84328048	5	38159400	38225002	placeholder
8	60406268	60414289	8	34229201	34239501	placeholder
1	37568	42424	1	343544070	343546807	placeholder
7	19961185	19983299	7	20149217	20169095	placeholder
6	38178162	38190372	6	38674285	38687845	placeholder
19	443921	509425	18	9699170	9703013	placeholder
2	41528097	41540924	2	223199718	223214117	placeholder
2	199061766	199071091	2	64334924	64343997	placeholder
1	265703753	265740803	1	76870983	76907039	placeholder
2	203684905	203686573	2	59523513	59525178	placeholder
18	418464	425968	17	11294326	11306032	placeholder
3	110839883	110850552	3	97157189	97167629	placeholder
3	178648784	178662058	3	23256959	23268321	placeholder
11	2204763	2217296	9	22158098	22179119	placeholder
1	215154216	215247936	1	129645629	129723698	placeholder
3	37272072	37347501	3	171613454	171711023	placeholder
2	73875944	73903463	2	188054313	188085774	placeholder
3	194413321	194422436	3	7112673	7120030	placeholder
7	47826812	47842732	7	46296573	46307554	placeholder
1	149268449	149276773	1	193969568	193977224	placeholder
6	49197784	49199431	6	50683973	50685620	placeholder
2	154816321	154821743	2	110369335	110375997	placeholder
2	152049744	152138674	2	113289855	113333257	placeholder
2	217347122	217348760	2	44891857	44893495	placeholder
7	48577911	48579504	7	46730055	46731654	placeholder
1	285510326	285672795	1	55180059	55332536	placeholder
2	40877522	40895184	2	223903235	223922436	placeholder
1	72262731	72286442	1	271978471	272007585	placeholder
16	2736803	2772751	15	2722314	2756367	placeholder
2	16065664	16087186	2	250948344	250969739	placeholder
1	81679581	81707178	1	262082558	262108723	placeholder
1	337944991	337975105	1	1951545	1985026	placeholder
4	71430569	71496111	4	61411708	61463794	placeholder
16	11911553	11924553	15	15526025	15536910	placeholder
7	26602347	26612505	7	26859628	26876499	placeholder
3	160695819	160706308	3	43562722	43572598	placeholder
6	84258148	84297751	6	80700584	80737944	placeholder
6	81129328	81164238	6	79461115	79485900	placeholder
1	262068372	262091396	1	80821823	80857493	placeholder
3	48174822	48176499	3	158947579	158949253	placeholder
2	18236430	18259940	2	248693436	248716320	placeholder
17	7071690	7078733	16	7936414	7944054	placeholder
3	68247674	68267179	3	136664681	136679074	placeholder
1	98903455	98929935	1	244231258	244254250	placeholder
7	55816197	55840577	7	50222024	50239303	placeholder
1	308010295	308078095	1	30092188	30200789	placeholder
2	232700706	232710029	2	28918902	28929336	placeholder
3	179652495	179658131	3	22081236	22087993	placeholder
2	96982759	96994689	2	167723474	167738233	placeholder
7	25928515	25947720	7	26216506	26235950	placeholder
3	99034228	99171484	3	108320047	108447519	placeholder
3	139954718	140055148	3	66419866	66531596	placeholder
14	9769511	9801962	14	12222024	12249514	placeholder
6	46703015	46719441	6	47957021	47973450	placeholder
7	15321228	15359438	7	15724394	15757457	placeholder
6	71057720	71074858	6	73280175	73293624	placeholder
1	48653011	48665925	1	297733316	297751173	placeholder
1	79341420	79351108	1	264542364	264551590	placeholder
3	91219638	91235950	3	112586149	112599615	placeholder
10	16577847	16587472	10	16967374	16977781	placeholder
6	30678227	30706391	6	29905359	29939672	placeholder
2	167987471	167989085	2	96748422	96750120	placeholder
7	47274316	47302423	7	45975573	46004157	placeholder
1	239375047	239391788	1	104328578	104341277	placeholder
5	10859323	10933178	5	107131391	107194729	placeholder
1	226302809	226316478	1	118001430	118014516	placeholder
5	36490524	36516237	5	79744522	79752691	placeholder
1	127319799	127333454	1	215415902	215432299	placeholder
7	28444222	28449256	7	28650963	28655980	placeholder
1	159689026	159695829	1	183091957	183105387	placeholder
16	12457578	12466576	15	16280610	16291201	placeholder
8	57632596	57785238	8	15023059	15114002	placeholder
7	27086594	27108372	7	27346428	27368835	placeholder
4	21532010	21574661	4	18120350	18172902	placeholder
1	302229078	302248388	1	36298170	36321562	placeholder
8	60316742	60344586	8	34352779	34368802	placeholder
1	72606591	72608040	1	271610846	271612292	placeholder
3	202721066	202725806	3	571732	576683	placeholder
5	30438361	30448413	5	86437868	86450618	placeholder
1	227748285	227771504	1	116396967	116417708	placeholder
8	64570186	64589052	8	35693756	35710110	placeholder
11	20339119	20346335	9	3061715	3069161	placeholder
2	243048515	243144239	2	18871668	18949896	placeholder
6	95917166	95937150	6	94611026	94631287	placeholder
4	80687972	80697360	4	68063880	68087506	placeholder
5	68331092	68340767	5	46885163	46958212	placeholder
1	32921016	32988014	1	314647714	314739502	placeholder
4	86638654	86679636	4	68297489	68336617	placeholder
1	107608999	107633048	1	235016808	235043761	placeholder
14	5761021	5773640	14	7540799	7557890	placeholder
11	20651509	20657958	9	2670569	2678265	placeholder
1	339430157	339434718	1	1053450	1057206	placeholder
3	123162573	123195126	3	84325952	84354458	placeholder
2	93280545	93314738	2	171309689	171335743	placeholder
1	176709540	176748026	1	166511949	166529777	placeholder
17	9868357	9883571	16	3720282	3753737	placeholder
19	6994265	7003631	18	694154	705335	placeholder
2	54762332	54763892	2	208264031	208265591	placeholder
2	103303772	103329908	2	160476736	160512998	placeholder
7	41677704	41709687	7	41575110	41608417	placeholder
13	7579502	7581110	11	12928017	12929628	placeholder
7	72004564	72037875	7	59534196	59572240	placeholder
5	51596381	51626215	5	62928063	62934341	placeholder
17	8296076	8302327	16	5711559	5722479	placeholder
3	83288874	83314405	3	120671525	120692001	placeholder
1	267659791	267693894	1	74819009	74886527	placeholder
1	18622917	18639867	1	329448509	329459662	placeholder
1	226640267	226677700	1	117578321	117626402	placeholder
8	17218546	17235424	8	61011706	61031338	placeholder
14	1082173	1087103	14	1398165	1405226	placeholder
2	33942814	33964610	2	231411912	231433919	placeholder
8	4553653	4575723	8	73478024	73496451	placeholder
2	72682165	72697596	2	189260386	189275031	placeholder
3	25932833	25934441	3	184959241	184960849	placeholder
2	232797021	232820599	2	28808571	28829818	placeholder
2	33627711	33655058	2	231652568	231690555	placeholder
13	721452	729247	11	1545491	1558602	placeholder
1	124021603	124180242	1	218596679	218790200	placeholder
3	150895092	150914611	3	54481964	54505005	placeholder
4	134295215	134306179	4	119171723	119185046	placeholder
3	54076244	54077843	3	152069820	152071425	placeholder
1	316970512	316976229	1	21162239	21168096	placeholder
1	194607517	194609062	1	149771021	149772566	placeholder
4	8990078	9120186	4	6607823	6711200	placeholder
2	189683490	189700644	2	73957684	73972250	placeholder
3	197448638	197459666	3	4485875	4493298	placeholder
2	159714299	159745125	2	105200108	105227306	placeholder
4	49086020	49114837	4	42507706	42542581	placeholder
7	71865780	71874592	7	59438611	59448192	placeholder
1	241868124	241917533	1	101636614	101694175	placeholder
1	319333087	319345305	1	18784244	18795533	placeholder
3	179882707	179951014	3	21802075	21880521	placeholder
3	55025967	55108733	3	150947419	151042723	placeholder
1	321099250	321118180	1	17118732	17139688	placeholder
14	15931527	15967050	14	20230104	20262722	placeholder
3	197822092	197846713	3	4220873	4236608	placeholder
7	8073025	8269598	7	2989121	3180036	placeholder
1	165819870	165852109	1	177021177	177044464	placeholder
5	90604962	90628104	5	33615802	33642130	placeholder
12	15249096	15277577	12	18216243	18237031	placeholder
2	216332758	216342296	2	46023586	46032536	placeholder
1	298617699	298619280	1	40413498	40415079	placeholder
1	273133711	273135277	1	69031834	69033400	placeholder
15	10937490	10953979	13	7858346	7871032	placeholder
3	139113223	139138606	3	67334771	67372029	placeholder
4	86550225	86571058	4	68400384	68421912	placeholder
2	90679868	90693781	2	173924004	173938780	placeholder
3	2461247	2502534	3	207726693	207754290	placeholder
1	68737845	68838220	1	275550209	275635574	placeholder
14	3214759	3223924	14	4296736	4310668	placeholder
1	239107038	239107911	1	104611538	104612411	placeholder
2	201236857	201259151	2	62090735	62116921	placeholder
1	205486740	205491838	1	139650739	139653818	placeholder
3	142387077	142412612	3	63851427	63877213	placeholder
1	61817478	61819065	1	283184469	283186056	placeholder
3	193729741	193740045	3	7738864	7750052	placeholder
8	43191114	43217808	8	22243567	22266398	placeholder
3	87784301	87834256	3	115717767	115764763	placeholder
1	309958272	309979149	1	28090398	28112012	placeholder
14	12711570	12740939	14	15330744	15354894	placeholder
16	8767562	8820073	15	8376684	8435344	placeholder
8	78942785	78948350	8	1553376	1568463	placeholder
1	16273906	16293668	1	331561207	331585732	placeholder
1	172151289	172267097	1	170534167	170650131	placeholder
5	31971071	31984719	5	84706272	84717041	placeholder
7	2774262	2788439	7	8252471	8260808	placeholder
10	6266624	6279988	10	9113163	9126823	placeholder
7	151677	157074	7	357476	365661	placeholder
5	30887377	30893854	5	85875070	85881476	placeholder
8	77139481	77156963	8	7048905	7071624	placeholder
13	871522	882775	11	1912204	1941427	placeholder
6	47754782	47803930	6	49093148	49182410	placeholder
1	166482056	166506619	1	176337412	176365361	placeholder
2	142977593	142985896	2	122025618	122033076	placeholder
1	71766528	71784061	1	272514800	272529172	placeholder
3	160081247	160107046	3	44241082	44258775	placeholder
1	79291421	79292969	1	264607142	264608705	placeholder
19	3215735	3228802	18	6794909	6811599	placeholder
1	80709746	80739394	1	263130671	263158363	placeholder
7	24311074	24321048	7	24702626	24717966	placeholder
3	150771840	150773379	3	54651504	54653043	placeholder
3	182008892	182012441	3	19546954	19549790	placeholder
17	10088221	10089790	16	2808757	2810326	placeholder
16	974962	983365	15	945654	954413	placeholder
1	169109336	169119330	1	173755037	173764452	placeholder
18	6898519	6910390	17	3709758	3727159	placeholder
19	4292680	4305208	18	2967131	2977800	placeholder
2	104902949	104935811	2	158102642	158137702	placeholder
3	49724760	49741234	3	157083621	157103492	placeholder
5	100567962	100584886	5	15985941	16006234	placeholder
7	38205520	38257640	7	38250591	38284845	placeholder
8	5424007	5425573	8	72396507	72398073	placeholder
3	45241696	45259648	3	162242463	162264871	placeholder
3	147779777	147788886	3	57837095	57846028	placeholder
8	135426	146942	8	78539077	78542033	placeholder
18	885485	897938	2	158220862	158250346	placeholder
5	71306689	71363948	5	44842556	44862057	placeholder
6	87672400	87693766	6	85576883	85592761	placeholder
1	277952427	277959657	1	63756514	63762365	placeholder
7	55511510	55513049	7	50105897	50107436	placeholder
2	207100920	207129103	2	56010116	56035470	placeholder
5	31383763	31390117	5	85389530	85395605	placeholder
19	860473	870747	18	8430094	8474454	placeholder
7	47696276	47705036	7	46228084	46237117	placeholder
1	64466064	64467486	1	280142304	280143726	placeholder
12	4926267	4935241	12	6715670	6727136	placeholder
17	8675425	8747875	16	6258643	6366997	placeholder
1	237549383	237561329	1	106338128	106358003	placeholder
5	2111909	2117300	5	114711971	114718266	placeholder
10	16060814	16095969	10	16562458	16582534	placeholder
2	150264374	150286483	2	115050017	115074564	placeholder
16	13051056	13057693	15	17157362	17165944	placeholder
2	31887847	31910484	2	233636999	233677956	placeholder
17	8459011	8473763	16	5937556	5956669	placeholder
1	119166064	119278583	1	223726008	223832334	placeholder
2	18536069	18562416	2	248413437	248434686	placeholder
2	202167779	202186931	2	61221466	61249924	placeholder
11	8707370	8714578	9	14883028	14889825	placeholder
1	305952616	305990776	1	32460622	32503703	placeholder
6	45612934	45639681	6	46770339	46785448	placeholder
17	2325204	2340190	16	1995651	2006478	placeholder
1	71171336	71178188	1	273154557	273160618	placeholder
15	1811253	1816895	13	19777905	19789386	placeholder
7	23588362	23598818	7	23980899	23991991	placeholder
15	8630718	8643520	13	10321867	10336727	placeholder
12	3242941	3249450	12	4552563	4559952	placeholder
3	115101629	115112113	3	92736038	92814662	placeholder
5	120753678	120767420	5	10710468	10725046	placeholder
2	34015956	34017465	2	231339360	231340851	placeholder
7	89411240	89424430	7	68361839	68371946	placeholder
7	32014190	32033182	7	32263232	32278045	placeholder
4	91651824	91692101	4	76653967	76692374	placeholder
5	59708578	59732606	5	54544842	54568518	placeholder
1	51486100	51496765	1	294654214	294663036	placeholder
4	38587794	38616757	4	32779702	32809544	placeholder
7	30150215	30182450	7	30317191	30345732	placeholder
15	3632915	3648523	13	16763235	16798369	placeholder
3	160034295	160062267	3	44277857	44318989	placeholder
6	30876763	30884462	6	30132212	30139736	placeholder
4	42158200	42160965	4	36187279	36189611	placeholder
1	195806490	195833648	1	148598818	148625166	placeholder
15	11514822	11533016	13	7209579	7232264	placeholder
1	222721174	222747529	1	121800321	121832171	placeholder
1	79363320	79398696	1	264493493	264529036	placeholder
7	14641519	14663790	7	15042392	15074752	placeholder
7	20858796	20874674	7	21073664	21091585	placeholder
13	11214105	11226522	11	17122812	17136440	placeholder
8	59937722	59970903	8	34687639	34715781	placeholder
7	29303649	29318276	7	29505442	29525832	placeholder
15	6860841	6872909	13	12580048	12593385	placeholder
4	82162629	82174093	4	71751521	71755689	placeholder
3	37449686	37457430	3	171483028	171490444	placeholder
1	257780166	257785391	1	85239806	85243814	placeholder
1	164325463	164349710	1	178599216	178647349	placeholder
8	4586426	4623895	8	73399886	73453454	placeholder
5	24399445	24445855	5	92742257	92791049	placeholder
1	697036	701625	1	342732321	342734768	placeholder
2	151348363	151370671	2	114000147	114022069	placeholder
11	4166653	4182874	9	19623959	19646444	placeholder
2	28649538	28658977	2	237351089	237368458	placeholder
3	27388794	27400847	3	183117923	183137589	placeholder
10	724444	732554	10	3490300	3505800	placeholder
16	10531484	10553685	15	5572654	5612886	placeholder
2	151803150	151815999	2	113605886	113618839	placeholder
1	287609974	287647241	1	52922440	52968707	placeholder
2	98048985	98056031	2	165876960	165881666	placeholder
1	48783232	48792262	1	297580200	297587134	placeholder
17	7222291	7228291	16	7754852	7761209	placeholder
2	32874584	32889468	2	232566787	232585717	placeholder
3	105997369	106020543	3	102008578	102025743	placeholder
13	2263450	2273981	11	5174929	5221635	placeholder
5	50248537	50256710	5	64355070	64366981	placeholder
8	77091336	77108502	8	7091959	7103677	placeholder
7	89171701	89179230	7	68137090	68143717	placeholder
3	156705184	156713631	3	47980160	47988917	placeholder
13	13885816	13944399	11	20108186	20155049	placeholder
16	12116020	12120316	15	15792289	15798288	placeholder
11	22784574	22788090	9	273971	277626	placeholder
1	142244742	142270940	1	200718234	200752730	placeholder
6	57011482	57038377	6	58794347	58826307	placeholder
6	67627045	67628536	6	69971893	69973384	placeholder
6	47712568	47731326	6	49050369	49060437	placeholder
3	183220754	183230288	3	18363716	18368459	placeholder
4	21266610	21377503	4	17885541	17981546	placeholder
5	8071273	8097140	5	104567449	104591586	placeholder
4	2540787	2552693	4	1595495	1607461	placeholder
6	91260218	91269523	6	99757457	99766422	placeholder
3	89812469	89823801	3	113742606	113757469	placeholder
17	4678011	4718031	16	10271747	10305422	placeholder
11	22654203	22657848	9	436555	440244	placeholder
1	328926418	329054569	1	9571380	9697310	placeholder
3	151178778	151189621	3	54169709	54183832	placeholder
6	30522871	30571649	6	29746900	29782103	placeholder
8	105887	108536	8	78573391	78576296	placeholder
7	71889504	71914799	7	59462755	59478105	placeholder
16	12132631	12140072	15	15813825	15824387	placeholder
17	3990963	3996010	16	10817501	10823184	placeholder
1	269950920	269975039	1	72451177	72482473	placeholder
1	332468806	332470315	1	6407835	6409344	placeholder
7	89083749	89099921	7	68060019	68072609	placeholder
6	48170407	48178833	6	49556139	49566338	placeholder
1	340458136	340520752	1	145262	152633	placeholder
16	12512962	12522549	15	16352938	16363642	placeholder
3	20279917	20287937	3	191345023	191352169	placeholder
2	205160461	205174902	2	57983522	57999219	placeholder
2	232150544	232200585	2	29379920	29433863	placeholder
3	159049902	159070752	3	45286252	45310979	placeholder
15	1371003	1377120	13	23271843	23278447	placeholder
1	63454650	63486521	1	281287510	281327681	placeholder
3	135266218	135292734	3	71574183	71597751	placeholder
7	24247941	24257883	7	24639085	24650535	placeholder
3	150400716	150405633	3	55067327	55072041	placeholder
7	83915170	83929972	7	76416872	76429109	placeholder
6	42072009	42073506	6	42829376	42830873	placeholder
16	1400303	1415455	15	1366582	1383007	placeholder
7	89573946	89594616	7	68558506	68571605	placeholder
2	164759402	164782340	2	100030566	100053295	placeholder
14	1252701	1273360	14	1636411	1655067	placeholder
6	98746494	98775786	6	90212526	90251824	placeholder
12	3760238	3769202	12	5226106	5234596	placeholder
15	16414047	16423780	13	923514	933757	placeholder
4	5218551	5237267	4	3856323	3871809	placeholder
15	13133094	13145093	13	5575689	5586259	placeholder
4	77812405	77870271	4	64808644	64839835	placeholder
14	9305370	9312390	14	11752019	11759170	placeholder
2	37405185	37428516	2	227786385	227813182	placeholder
7	78874520	78905948	7	66287741	66313491	placeholder
6	22256648	22276496	6	20385658	20407739	placeholder
3	138743001	138838524	3	67686413	67824450	placeholder
1	68582396	68666762	1	275698979	275729984	placeholder
2	222953486	223041392	2	39116220	39212829	placeholder
19	1365254	1369128	18	4490836	4499062	placeholder
5	40639766	40650784	5	75172250	75181246	placeholder
1	293396311	293426262	1	46395366	46415121	placeholder
3	100136495	100145272	3	107628696	107633624	placeholder
8	31123612	31183394	8	42102132	42163798	placeholder
1	192805519	192812611	1	151607474	151616093	placeholder
1	126639066	126660995	1	216090118	216120905	placeholder
3	86281857	86292337	3	117458732	117469411	placeholder
14	2532856	2538054	14	3422130	3428741	placeholder
2	26869853	26896729	2	239332513	239366824	placeholder
3	137082394	137102691	3	69594660	69622826	placeholder
2	221952529	221968214	2	40243517	40260970	placeholder
3	202548014	202557723	3	757106	763577	placeholder
1	323919442	323944750	1	14255007	14277049	placeholder
1	293253416	293259122	1	46596744	46603245	placeholder
5	22591640	22607680	5	94765368	94777103	placeholder
1	239720261	239726305	1	103982319	103988795	placeholder
1	184298693	184324289	1	160434061	160448038	placeholder
13	18785390	18834098	11	25743085	25756489	placeholder
4	50101450	50119220	4	43440624	43453442	placeholder
1	261808084	261838754	1	81100434	81124293	placeholder
3	35338549	35453699	3	173794320	173902643	placeholder
1	160200686	160250943	1	182528340	182561326	placeholder
7	20672581	20696256	7	20905208	20932487	placeholder
3	165372891	165386262	3	38250849	38264836	placeholder
3	37981339	37983327	3	170806745	170808742	placeholder
5	86655407	86718129	5	36559250	36598333	placeholder
16	8141946	8173148	15	9582487	9619912	placeholder
13	7930077	7955605	11	13473541	13498020	placeholder
2	198524957	198542509	2	64877107	64906699	placeholder
7	29412199	29413702	7	29604562	29606065	placeholder
2	152215152	152233525	2	113152032	113167802	placeholder
3	169378216	169380777	3	33558228	33560895	placeholder
3	33969893	33989036	3	175551127	175574515	placeholder
14	2463496	2483302	14	3317813	3342652	placeholder
1	101790939	101869848	1	241252178	241324425	placeholder
15	12147592	12154359	13	6587771	6596686	placeholder
2	104625702	104655579	2	158443713	158483593	placeholder
2	154332734	154401100	2	110789366	110858736	placeholder
5	56026694	56040771	5	58582557	58621887	placeholder
1	116634708	116641299	1	226352396	226358480	placeholder
17	9770233	9790928	16	3946184	3982266	placeholder
1	319580289	319617211	1	18514450	18538942	placeholder
17	10714757	10724867	16	11773353	11788501	placeholder
8	26375659	26409279	8	36979439	37025676	placeholder
4	58738276	58834185	4	48160304	48240565	placeholder
19	204192	207331	18	10063624	10069092	placeholder
19	3197703	3204087	18	6822167	6831030	placeholder
15	11428066	11443359	13	7310109	7324744	placeholder
5	50258174	50269291	5	64341524	64353830	placeholder
15	16664767	16670180	13	615449	623958	placeholder
2	143096696	143125858	2	121858577	121902693	placeholder
17	1102644	1121279	16	1279674	1313517	placeholder
1	90060946	90069435	1	253362527	253375056	placeholder
2	132837282	132851091	2	126049354	126063438	placeholder
8	64549386	64562309	8	35671283	35681785	placeholder
16	13060170	13066601	15	17169201	17175332	placeholder
8	53344889	53366608	8	3879888	3896067	placeholder
1	200747053	200748538	1	144070819	144072304	placeholder
4	13868545	13899774	4	10817031	10846424	placeholder
8	58633111	58639351	8	35506794	35510624	placeholder
2	101870383	101887631	2	162002751	162025346	placeholder
6	70702522	70714580	6	72944440	72955044	placeholder
3	79390398	79401857	3	124754554	124767487	placeholder
6	96369695	96390159	6	94057005	94075104	placeholder
5	13974214	13993676	5	103842712	103861330	placeholder
1	269976209	269998441	1	72421855	72450023	placeholder
5	119015218	119049120	5	8989072	9008164	placeholder
4	89644671	89667076	4	74843137	74865518	placeholder
8	74953910	74968567	8	12658039	12670454	placeholder
13	2113558	2119442	11	4787682	4797188	placeholder
7	91420665	91422144	7	83998060	83999542	placeholder
14	3764003	3800173	14	4972886	5023333	placeholder
1	34398002	34526957	1	313123429	313220738	placeholder
4	49998157	50002961	4	43356052	43360950	placeholder
1	100792276	100817853	1	242266634	242296030	placeholder
13	8662509	8680142	11	14226960	14246961	placeholder
3	79778114	79883812	3	124269324	124366406	placeholder
3	195446949	195507308	3	6256795	6293306	placeholder
7	18011785	18047139	7	18341666	18379106	placeholder
2	153813558	153860003	2	111335161	111386975	placeholder
1	48821548	48843822	1	297532756	297554609	placeholder
3	46350278	46374336	3	160921484	160943646	placeholder
2	92150619	92167421	2	172414066	172472435	placeholder
12	9055709	9068512	12	11730101	11745233	placeholder
15	13771713	13777324	13	5024450	5029434	placeholder
1	248560000	248561482	1	94794762	94796238	placeholder
16	7991379	7996006	15	9816670	9819742	placeholder
5	17103502	17178725	5	100469914	100536593	placeholder
1	257060310	257071969	1	85974394	85991994	placeholder
2	53437341	53460752	2	209676506	209699589	placeholder
1	62318377	62334374	1	282561518	282607828	placeholder
1	246483574	246505820	1	97007025	97031952	placeholder
6	38391499	38418904	6	38875371	38914561	placeholder
6	70902649	70919282	6	73142525	73159305	placeholder
14	430052	433425	14	495954	500098	placeholder
2	155013575	155029526	2	110139506	110151206	placeholder
13	12522593	12539146	11	18533694	18548656	placeholder
3	188199115	188207271	3	13118052	13126288	placeholder
2	241505881	241534330	2	20176286	20216666	placeholder
2	209758424	209768887	2	53104749	53112895	placeholder
15	7778235	7783188	13	11327864	11330722	placeholder
5	121153354	121236202	5	11151165	11245117	placeholder
5	24058736	24088573	5	93098904	93135267	placeholder
3	170644533	170650537	3	32105799	32112472	placeholder
7	16278205	16294815	7	16684677	16700472	placeholder
1	71228506	71239249	1	273109304	273125671	placeholder
1	204805478	204806939	1	140366640	140368101	placeholder
1	126438286	126446742	1	216318601	216326883	placeholder
1	316938971	316945958	1	21198911	21262857	placeholder
2	141418412	141431114	2	123592713	123604488	placeholder
3	28840255	28846237	3	181432001	181444568	placeholder
15	82106	93232	13	20482005	20492379	placeholder
8	39114042	39131753	8	50414692	50430605	placeholder
4	49144334	49224645	4	42561946	42649027	placeholder
8	70047896	70069531	8	7391159	7401365	placeholder
7	39547895	39560614	7	39520971	39533457	placeholder
7	75870213	75901269	7	63317236	63335953	placeholder
2	207490900	207521822	2	55584135	55610241	placeholder
1	250661891	250670886	1	92607613	92616424	placeholder
7	51171047	51218942	7	47795769	47817903	placeholder
4	23327525	23331595	4	23451922	23457304	placeholder
4	91890939	91898909	4	76868675	76875683	placeholder
4	86095253	86125494	4	68762597	68796220	placeholder
3	95528443	95553065	3	109872071	109916095	placeholder
1	335962376	336056818	1	3386829	3454445	placeholder
8	75194258	75203441	8	12935445	12942686	placeholder
10	884452	892627	10	3771003	3783254	placeholder
1	123229624	123264358	1	219541850	219579427	placeholder
7	56209690	56279515	7	50393754	50435375	placeholder
2	152242801	152263541	2	113124005	113144059	placeholder
3	147052100	147058576	3	58610375	58617274	placeholder
7	19872263	19897661	7	20057597	20090171	placeholder
19	2262229	2268611	18	5723403	5732170	placeholder
2	219864289	219898652	2	42426005	42463537	placeholder
1	339949426	340019966	1	650938	658280	placeholder
13	931879	940999	11	2128601	2143532	placeholder
3	47290376	47311370	3	160032448	160054169	placeholder
7	30343317	30362941	7	30511810	30537934	placeholder
8	68554402	68587821	8	16797672	16830801	placeholder
14	4628631	4650364	14	6219539	6253247	placeholder
6	35016646	35043471	6	34796502	34814435	placeholder
3	200395791	200398180	3	2202381	2204471	placeholder
1	2050889	2073379	1	341943817	341955786	placeholder
14	16444792	16456610	14	17490808	17502516	placeholder
2	140872681	140878862	2	124116416	124121642	placeholder
1	317072497	317080805	1	21053240	21062711	placeholder
5	51837826	51870465	5	62656096	62687548	placeholder
1	4465066	4500055	1	340978813	341000853	placeholder
1	288519760	288548290	1	51836635	51873113	placeholder
8	35769226	35780746	8	46986686	47000613	placeholder
1	199086110	199108625	1	145666682	145693003	placeholder
1	158016596	158020998	1	184857570	184863735	placeholder
13	17561407	17583482	11	24316038	24347023	placeholder
11	22607990	22617887	9	481619	494522	placeholder
1	288323475	288341639	1	52082061	52092529	placeholder
1	166878980	166907957	1	175907375	175939845	placeholder
3	83326608	83365746	3	120624442	120657870	placeholder
1	99000343	99015298	1	244129644	244143141	placeholder
1	165944189	165958040	1	176924161	176939051	placeholder
1	130681895	130701394	1	212066924	212087184	placeholder
6	12804291	12809908	6	10870592	10877143	placeholder
4	86379812	86410957	4	68541066	68577797	placeholder
1	146488572	146542087	1	196763114	196812078	placeholder
1	222787557	222807764	1	121696643	121716288	placeholder
2	80285002	80298885	2	182407697	182418464	placeholder
1	279215099	279216542	1	62396756	62398196	placeholder
1	128857256	128880227	1	213755548	213782622	placeholder
3	158268143	158297990	3	46205498	46244684	placeholder
1	34056739	34139945	1	313449649	313535646	placeholder
4	11668635	11722401	4	8887534	8937339	placeholder
1	92027338	92049214	1	251313529	251327933	placeholder
1	314054969	314077011	1	24137311	24158245	placeholder
4	101153350	101198429	4	85550445	85569018	placeholder
7	54664118	54722321	7	49242139	49282750	placeholder
11	14784045	14790670	9	8794503	8801341	placeholder
1	281160548	281190599	1	60259230	60290440	placeholder
5	53829786	53846782	5	60451451	60475132	placeholder
1	25727981	25749243	1	322400087	322420742	placeholder
3	92818128	92835876	3	110897686	110909350	placeholder
7	92429376	92434751	7	82827617	82830573	placeholder
3	162948368	162974272	3	40904639	40929477	placeholder
1	143273951	143297035	1	199927554	199949832	placeholder
2	225498217	225511122	2	36613114	36635205	placeholder
3	148922370	148926489	3	56530280	56534919	placeholder
5	122087517	122101529	5	12417972	12443421	placeholder
3	24297763	24299194	3	186814939	186816370	placeholder
1	277976349	277989462	1	63730589	63744966	placeholder
14	15259398	15263439	14	19298715	19311112	placeholder
3	201133014	201154780	3	1563157	1577449	placeholder
4	34791836	34884657	4	29362552	29456383	placeholder
14	10182074	10201228	14	12599912	12615795	placeholder
8	57045461	57167268	8	2037344	2050855	placeholder
1	31309005	31310433	1	316499611	316501039	placeholder
7	16860795	16904845	7	17213792	17250232	placeholder
1	116591184	116603895	1	226389716	226400387	placeholder
2	89916718	89928763	2	174653008	174664720	placeholder
5	56062128	56074332	5	58540927	58559505	placeholder
3	38883837	38908035	3	169785202	169810343	placeholder
3	22379475	22389074	3	189074390	189082071	placeholder
1	73985391	74003859	1	270016184	270035717	placeholder
1	158385804	158428126	1	184428179	184458444	placeholder
16	12404908	12414828	15	16203652	16238128	placeholder
1	276761272	276789272	1	65040878	65069275	placeholder
1	329752108	329782063	1	8934902	8959799	placeholder
1	274442970	274477540	1	67459621	67491624	placeholder
1	104579710	104614076	1	238462384	238499924	placeholder
7	22727519	22746830	7	23111130	23129605	placeholder
1	336724500	336738845	1	2912981	2925310	placeholder
1	240057305	240070942	1	103603976	103628389	placeholder
12	863418	872220	12	1129513	1141180	placeholder
2	91855614	91863311	2	172793013	172798046	placeholder
15	4003058	4004905	13	16204274	16208914	placeholder
16	2315239	2326995	15	2362860	2367663	placeholder
16	9681340	9684266	15	6970689	6980078	placeholder
12	109736	126012	12	110997	132013	placeholder
2	182246818	182256696	2	81840801	81849345	placeholder
3	45533719	45544575	3	161879700	161891711	placeholder
10	16040089	16046236	10	16538288	16543649	placeholder
1	296577548	296606000	1	42742092	42772628	placeholder
1	43165127	43183991	1	303657143	303680692	placeholder
7	47967513	47992692	7	46388386	46399318	placeholder
3	192022617	192071736	3	9190957	9239105	placeholder
1	134436990	134535526	1	208189048	208291689	placeholder
3	193859570	193893189	3	7605225	7628285	placeholder
12	8189375	8194756	12	10793754	10800202	placeholder
14	5219785	5230822	14	6933408	6946786	placeholder
1	315776560	315794427	1	22301877	22323542	placeholder
7	5976760	5994566	7	5291169	5304166	placeholder
1	228142749	228144168	1	115988022	115989441	placeholder
1	36012510	36022786	1	311551139	311567522	placeholder
16	12142675	12149408	15	15827519	15838028	placeholder
2	221230325	221245481	2	41007437	41024075	placeholder
15	4228535	4273866	13	15784461	15837685	placeholder
14	4780342	4793197	14	6394225	6410461	placeholder
1	307225049	307397669	1	30883339	31029261	placeholder
5	51872243	51884955	5	62636407	62654125	placeholder
17	8387489	8391113	16	5836000	5841827	placeholder
16	11847794	11855489	15	15443964	15450407	placeholder
2	18523751	18534374	2	248436776	248447353	placeholder
14	260286	273505	14	274698	289122	placeholder
1	177075470	177086152	1	166274222	166284276	placeholder
2	208827417	208828863	2	54195450	54196896	placeholder
17	8273988	8280760	16	5684815	5697679	placeholder
1	151905143	151924083	1	191256090	191274372	placeholder
1	339399770	339414610	1	1094129	1100666	placeholder
1	296873807	296911740	1	42404453	42434481	placeholder
3	117403172	117421978	3	90260393	90277799	placeholder
3	64597510	64603063	3	140476600	140482767	placeholder
5	13734949	13746614	5	104094191	104105471	placeholder
4	23989702	23994712	4	22814558	22820318	placeholder
16	12675188	12681579	15	16585530	16593356	placeholder
15	10426810	10454999	13	8342875	8365431	placeholder
12	9217744	9230450	12	11892214	11901502	placeholder
1	316938381	316942276	1	21201645	21205141	placeholder
1	227299803	227327717	1	116915360	116941578	placeholder
19	4775132	4786570	18	2503057	2510830	placeholder
7	10674606	10692704	7	11136369	11150189	placeholder
2	20978175	20993700	2	245889027	245905739	placeholder
7	81839808	81856598	7	80973561	80986123	placeholder
3	118464898	118529638	3	89138500	89199389	placeholder
14	15217405	15225300	14	19253021	19261876	placeholder
1	40887882	40903821	1	306286371	306308018	placeholder
4	26399239	26420242	4	21027730	21046900	placeholder
1	98837603	98853931	1	244297989	244317363	placeholder
7	39555303	39560602	7	39528192	39533451	placeholder
1	249669156	249696465	1	93606120	93632966	placeholder
7	8515810	8523367	7	2755467	2765439	placeholder
1	340480389	340492486	1	175451	184989	placeholder
1	329415245	329431728	1	9230255	9244063	placeholder
11	6995812	7020122	9	16944233	16979931	placeholder
2	154890802	154913522	2	110273815	110309235	placeholder
1	247695402	247713723	1	95707133	95722499	placeholder
1	130769559	130815481	1	211948651	212003998	placeholder
5	26300172	26316273	5	90660676	90676513	placeholder
1	104795261	104801774	1	238273316	238278509	placeholder
1	11982275	11996916	1	335317127	335326613	placeholder
6	72640400	72660749	6	74861279	74878485	placeholder
1	215370584	215416932	1	129500787	129530593	placeholder
11	280494	294247	9	26167092	26201665	placeholder
4	20289371	20307143	4	16931599	16949645	placeholder
2	191530232	191552573	2	72097074	72117062	placeholder
14	5048972	5053127	14	6705259	6710730	placeholder
3	141081237	141082635	3	65234318	65235659	placeholder
7	14437459	14459346	7	14815253	14835630	placeholder
7	19387077	19388481	7	19544032	19545436	placeholder
13	15801031	15810904	11	22262628	22271140	placeholder
10	9042415	9051662	10	11729151	11738953	placeholder
1	22932854	22946179	1	325308923	325323809	placeholder
8	54368250	54457203	8	3379822	3417140	placeholder
1	9800662	9893116	1	337067273	337145703	placeholder
1	63972848	63984814	1	280688253	280709023	placeholder
7	93118961	93131152	7	81843251	81854170	placeholder
7	29432837	29435517	7	29630168	29634004	placeholder
6	59730069	59763982	6	61691418	61716825	placeholder
2	201998995	202012636	2	61401164	61407534	placeholder
3	156493667	156506003	3	48177142	48191350	placeholder
2	182417111	182418898	2	81697248	81699086	placeholder
2	234353709	234379702	2	27290317	27322743	placeholder
1	238331589	238384838	1	105401267	105455899	placeholder
1	177094100	177120898	1	166248522	166267715	placeholder
6	58136088	58141055	6	60020896	60025905	placeholder
19	1217378	1219105	18	7545408	7547812	placeholder
2	192165835	192185321	2	71425747	71447015	placeholder
3	168581571	168627188	3	34453409	34497573	placeholder
2	152434464	152439475	2	112877686	112882437	placeholder
4	49662164	49676423	4	43055911	43069753	placeholder
3	163149100	163160118	3	40705211	40715969	placeholder
2	43743435	43758643	2	220546339	220556538	placeholder
5	121350800	121385071	5	11405173	11432830	placeholder
1	155562391	155592550	1	187530703	187561589	placeholder
3	137505455	137516626	3	69170566	69188275	placeholder
16	12361776	12363831	15	16149209	16151015	placeholder
1	129055588	129244680	1	213542752	213699599	placeholder
18	5106865	5115656	17	5927860	5938765	placeholder
5	45680854	45685540	5	69366813	69371786	placeholder
1	71689142	71712878	1	272588577	272609728	placeholder
2	232746978	232765992	2	28873549	28892933	placeholder
6	3503104	3510711	6	3374078	3379582	placeholder
3	148612712	148653313	3	56846407	56889422	placeholder
6	83378691	83426934	6	81538512	81573877	placeholder
12	1416682	1457451	12	1902790	1974574	placeholder
3	147770883	147773951	3	57852012	57855224	placeholder
1	279132924	279137009	1	62491959	62496363	placeholder
1	286982706	286999457	1	53695632	53714783	placeholder
13	637120	643363	11	129498	138037	placeholder
2	100839834	100849117	2	163099428	163110086	placeholder
17	7533284	7540956	16	7353528	7362379	placeholder
1	254691570	254702318	1	88555422	88600069	placeholder
4	42072117	42117486	4	36084210	36140083	placeholder
4	29466019	29496618	4	24641888	24668683	placeholder
2	198572373	198618203	2	64798705	64841150	placeholder
12	554121	559384	12	708470	714846	placeholder
8	21788047	21800365	8	56097757	56113103	placeholder
5	38765438	38773988	5	76989469	76997995	placeholder
5	23407434	23417099	5	93805086	93816045	placeholder
16	2280445	2307751	15	2325535	2349285	placeholder
2	209524640	209537027	2	53360173	53374305	placeholder
6	36950455	37147177	6	37205668	37487052	placeholder
15	3558357	3559743	13	16892348	16893713	placeholder
2	75926705	75937330	2	185905221	185915463	placeholder
5	45717110	45775592	5	69283857	69331460	placeholder
6	82508490	82512910	6	82350722	82356133	placeholder
7	56107083	56116951	7	50339754	50351716	placeholder
4	46682196	46685336	4	40271205	40274959	placeholder
7	28336550	28360487	7	28534789	28556393	placeholder
1	205008691	205014445	1	140131153	140136613	placeholder
8	43714267	43727322	8	22715499	22727687	placeholder
3	33887357	33894796	3	175672873	175678441	placeholder
1	274485762	274503268	1	67433729	67453158	placeholder
3	119357644	119367922	3	88355420	88366545	placeholder
7	79460689	79467306	7	66833201	66839437	placeholder
1	149916901	149937838	1	193325840	193345233	placeholder
1	252548783	252554279	1	90634947	90642279	placeholder
7	36686302	36689043	7	36753851	36757130	placeholder
11	12565062	12568140	9	11014547	11018722	placeholder
1	115386481	115396186	1	227560505	227569904	placeholder
1	265410784	265430625	1	77198855	77220562	placeholder
14	5056433	5065454	14	6714136	6723498	placeholder
1	160126051	160141155	1	182641030	182659855	placeholder
19	137502	142064	18	9941459	9957294	placeholder
13	8101585	8105910	11	13601869	13607719	placeholder
1	51403826	51419686	1	294748025	294758402	placeholder
3	97916337	97986300	3	108981484	109016104	placeholder
2	100505034	100513127	2	163429535	163437806	placeholder
3	10667846	10705254	3	200615568	200649478	placeholder
5	69078318	69101082	5	46209212	46227046	placeholder
2	217323437	217346454	2	44894153	44926998	placeholder
4	28173431	28204663	4	19576347	19604726	placeholder
2	217011707	217031415	2	45238204	45259767	placeholder
17	10053815	10060053	16	2719194	2735502	placeholder
13	922818	928380	11	2103867	2123942	placeholder
1	333238263	333254108	1	4668375	4681706	placeholder
1	286779910	286797195	1	53974374	54002534	placeholder
2	199791159	199792512	2	63569436	63570789	placeholder
1	257014175	257030637	1	86027263	86046184	placeholder
2	92107211	92135357	2	172529022	172550050	placeholder
17	10685720	10699961	16	11733356	11744822	placeholder
13	18762078	18767276	11	25714216	25719466	placeholder
2	32174526	32175900	2	233338049	233339411	placeholder
1	63208526	63211678	1	281590295	281593408	placeholder
3	119331469	119344139	3	88389513	88402630	placeholder
5	49303793	49324911	5	65398567	65415725	placeholder
1	153365541	153372226	1	189723720	189729343	placeholder
1	267479379	267484178	1	75055158	75059731	placeholder
6	41829826	41848225	6	42561634	42583557	placeholder
2	18851159	18866637	2	248051832	248068519	placeholder
2	189945508	189954748	2	73662151	73669504	placeholder
1	313087002	313127139	1	25158913	25211905	placeholder
2	31181684	31204423	2	234347518	234374847	placeholder
2	85934076	85939415	2	178061524	178065949	placeholder
17	7546469	7552839	16	7341365	7347139	placeholder
1	340299884	340301168	1	373579	374926	placeholder
1	66671459	66681791	1	277734235	277745186	placeholder
8	66727384	66734356	8	18250029	18253877	placeholder
2	155583189	155592900	2	109546906	109556723	placeholder
6	73064743	73078299	6	75243964	75259419	placeholder
3	178263835	178286449	3	23467255	23492975	placeholder
8	11380664	11397936	8	66612222	66626221	placeholder
1	179406121	179410032	1	164273926	164278343	placeholder
12	13986464	14011979	12	16949501	16980413	placeholder
15	16903214	16908629	13	297911	304514	placeholder
2	179204059	179205418	2	85186723	85188079	placeholder
3	191919393	191952940	3	9302849	9338213	placeholder
16	3912112	3933480	15	14151373	14174513	placeholder
5	119478761	119490816	5	9356195	9366808	placeholder
1	339838642	339848053	1	801050	809105	placeholder
16	1103030	1125994	15	1068453	1099805	placeholder
7	62277820	62327924	7	54435097	54439201	placeholder
1	182591147	182631811	1	161770135	161813546	placeholder
1	306056789	306058307	1	32381744	32383262	placeholder
1	279237679	279245003	1	62364636	62371027	placeholder
2	195286493	195303048	2	68024413	68042710	placeholder
11	22557070	22561374	9	553925	559180	placeholder
3	13892063	13893596	3	197774913	197776458	placeholder
3	179562322	179564227	3	22185147	22188922	placeholder
3	89774104	89775427	3	113790601	113791918	placeholder
10	16040101	16046146	10	16538291	16543556	placeholder
3	147256104	147349674	3	58291148	58397292	placeholder
3	22823132	22839040	3	188521994	188540630	placeholder
1	324697143	324719411	1	13533210	13552787	placeholder
7	33194899	33207002	7	33418630	33426323	placeholder
1	33264247	33265597	1	314348948	314350298	placeholder
15	8662272	8670464	13	10293443	10303318	placeholder
1	307032265	307069546	1	31193701	31243507	placeholder
8	69671732	69701655	8	15943569	15970224	placeholder
14	355113	360749	14	397840	404557	placeholder
11	14633471	14722868	9	8865166	8898791	placeholder
5	91451630	91472431	5	32766745	32796551	placeholder
1	214882090	214898479	1	129988171	130000296	placeholder
1	49734787	49767443	1	296447335	296501788	placeholder
1	301938466	301946931	1	36693022	36702608	placeholder
1	288042912	288065295	1	52386850	52436640	placeholder
12	2078750	2086640	12	2783044	2790880	placeholder
13	18711571	18713714	11	25663649	25665947	placeholder
3	47949566	47950907	3	159208237	159209578	placeholder
2	154774479	154783814	2	110415438	110426632	placeholder
14	13425821	13445546	14	15590070	15605119	placeholder
1	204860981	204875402	1	140287913	140299500	placeholder
17	4899551	4930306	16	10102785	10108888	placeholder
1	242392145	242404248	1	101318968	101328614	placeholder
5	92366842	92386334	5	31930413	31944294	placeholder
1	234239549	234260779	1	109737878	109754678	placeholder
7	51650676	51657543	7	47983059	47987357	placeholder
2	18225679	18227023	2	248724181	248725528	placeholder
2	157687514	157707292	2	107411932	107427344	placeholder
11	21192930	21198499	9	2062714	2070709	placeholder
12	8485544	8490159	12	11128993	11135933	placeholder
3	107640936	107663506	3	100575823	100603531	placeholder
7	34782150	34812213	7	34961845	34985235	placeholder
14	2325717	2333349	14	3128187	3142628	placeholder
2	30403033	30418059	2	235311254	235335075	placeholder
5	59916222	59921298	5	54337175	54346652	placeholder
3	25022713	25050816	3	185953372	185988096	placeholder
3	22676168	22693750	3	188695120	188722718	placeholder
3	20814150	20834324	3	190804615	190825057	placeholder
3	62981577	62990205	3	142323312	142331743	placeholder
7	81548859	81599609	7	80670519	80722004	placeholder
8	7771699	7773022	8	69834684	69835998	placeholder
1	279084830	279102631	1	62523861	62546814	placeholder
3	79475689	79482130	3	124663778	124669588	placeholder
4	94399984	94441500	4	79114734	79135945	placeholder
2	84796832	84807664	2	178985082	178996660	placeholder
1	321132898	321152962	1	17073985	17096872	placeholder
3	155807244	155819386	3	48963234	48976703	placeholder
3	169651136	169670556	3	33238481	33250384	placeholder
15	15293825	15300584	13	2406815	2414229	placeholder
7	61853651	61952432	7	54270889	54295893	placeholder
1	96044933	96087137	1	247134801	247182178	placeholder
1	331274424	331327920	1	7503109	7533646	placeholder
15	13749545	13753806	13	5048533	5052940	placeholder
1	302106912	302123749	1	36463201	36497280	placeholder
1	250284367	250291010	1	93025012	93031624	placeholder
3	24598524	24608375	3	186482819	186497090	placeholder
7	90888674	90898260	7	70132874	70139262	placeholder
4	68002454	68013256	4	58663799	58670723	placeholder
1	334708563	334731889	1	5937147	5971145	placeholder
18	9651194	9657416	17	97896	109648	placeholder
6	5829286	5854411	6	5304257	5332886	placeholder
16	593047	633361	15	727307	760835	placeholder
4	89700636	89715150	4	74895959	74905684	placeholder
18	2895946	2909228	17	8075981	8085032	placeholder
3	50688940	50699907	3	155863899	155881638	placeholder
16	7600530	7620113	15	10271769	10304521	placeholder
2	199239972	199253986	2	64142226	64159385	placeholder
7	52601027	52706084	7	48309961	48351274	placeholder
7	79917786	79950209	7	79025864	79065888	placeholder
11	926241	934509	9	23169472	23195371	placeholder
8	76365399	76377728	8	124227	210643	placeholder
5	52873799	52884170	5	61496801	61510009	placeholder
7	22386944	22425577	7	22732144	22767870	placeholder
1	340231323	340253011	1	422841	445272	placeholder
8	59283879	59311468	8	35136016	35147368	placeholder
1	104886450	104900072	1	238157147	238169657	placeholder
11	20120297	20129186	9	3293533	3306027	placeholder
6	61173520	61188801	6	63382540	63397386	placeholder
1	329592180	329593497	1	9089052	9090366	placeholder
3	159698446	159705021	3	44502090	44508674	placeholder
7	44768409	44775191	7	44122882	44129462	placeholder
4	84482886	84503738	4	70151658	70168942	placeholder
5	5718216	5737810	5	111811911	111826088	placeholder
3	34621155	34633004	3	174717153	174728028	placeholder
6	96318502	96339086	6	94102564	94128426	placeholder
5	119459066	119469851	5	9339278	9346100	placeholder
10	14571234	14590861	10	15396454	15414877	placeholder
7	52007836	52025496	7	48152872	48168985	placeholder
1	81079231	81088175	1	262709094	262719172	placeholder
4	25559300	25574093	4	21601476	21616029	placeholder
1	115932809	115950647	1	227058142	227067941	placeholder
2	16986560	17004801	2	250034003	250052164	placeholder
1	189312257	189334663	1	155341036	155358485	placeholder
3	153673231	153679158	3	51387458	51393606	placeholder
5	7907643	7925457	5	109544670	109560198	placeholder
1	72223582	72253414	1	272016691	272047812	placeholder
8	60415418	60423115	8	34220934	34228100	placeholder
2	53342598	53403569	2	209722650	209790711	placeholder
19	1668943	1678460	18	5046859	5066784	placeholder
1	194034524	194057501	1	150266747	150288591	placeholder
6	99056773	99069765	6	89649267	89659079	placeholder
3	51147321	51156160	3	155426605	155434580	placeholder
1	25225921	25227223	1	322899779	322901087	placeholder
12	9474063	9487593	12	12165672	12180751	placeholder
10	1613620	1620538	10	655411	663812	placeholder
16	8843129	8860957	15	8312939	8341482	placeholder
6	3883645	3890997	6	3671166	3678577	placeholder
1	29783630	29786388	1	318097379	318100100	placeholder
2	21757251	21761319	2	245010499	245017296	placeholder
1	291493811	291582011	1	48505173	48592984	placeholder
4	30525475	30538311	4	25625608	25635977	placeholder
3	172676473	172694550	3	29803467	29824334	placeholder
5	10024765	10026067	5	106326858	106328160	placeholder
5	30869545	30879903	5	85891929	85906340	placeholder
7	31425718	31431328	7	31629909	31636574	placeholder
6	3136029	3147946	6	3089749	3099797	placeholder
4	60710220	60775760	4	53035229	53078863	placeholder
5	30922694	30954058	5	85763933	85822624	placeholder
2	199598946	199607209	2	63765246	63772477	placeholder
5	64991784	65007484	5	49597337	49616124	placeholder
13	12807006	12825640	11	18802651	18822154	placeholder
2	234014009	234208683	2	27488050	27681953	placeholder
1	286810628	286819209	1	53937257	53954963	placeholder
7	81445999	81491370	7	80576742	80607832	placeholder
10	139758	149429	10	2586873	2595915	placeholder
19	3074461	3088427	18	4329849	4346688	placeholder
5	32405916	32407101	5	84219663	84222381	placeholder
5	64677228	64699089	5	49879708	49899372	placeholder
3	159663227	159686645	3	44521175	44545757	placeholder
2	103871544	103901182	2	159688724	159720244	placeholder
5	120621595	120629324	5	10531339	10540285	placeholder
1	116089222	116128026	1	226891238	226931175	placeholder
15	8921977	8965697	13	9939626	9992525	placeholder
7	2424844	2440025	7	8584147	8605241	placeholder
15	16237900	16239169	13	1167384	1168575	placeholder
8	64511389	64518468	8	35639750	35648334	placeholder
2	241551515	241560027	2	20153580	20162641	placeholder
4	75324109	75354273	4	63242218	63271093	placeholder
1	33629882	33635234	1	314045474	314050670	placeholder
1	283303008	283321709	1	57878460	57901524	placeholder
14	3195325	3205256	14	4263483	4272795	placeholder
17	1567989	1575446	16	1481230	1488327	placeholder
16	8119868	8129326	15	9641491	9650720	placeholder
1	61019845	61028222	1	284055911	284065757	placeholder
5	14055038	14064582	5	103779989	103787957	placeholder
1	99821454	99893729	1	243183762	243256741	placeholder
4	40636274	40639900	4	34693879	34697628	placeholder
1	340043920	340049550	1	616036	621504	placeholder
8	60353387	60372745	8	34321797	34333559	placeholder
5	30800905	30810066	5	86012042	86021978	placeholder
14	12652368	12664806	14	15274412	15289984	placeholder
7	92926791	92940356	7	82120228	82142961	placeholder
2	222496841	222513723	2	39643312	39656538	placeholder
14	6529227	6536075	14	8500963	8510540	placeholder
16	12469165	12472783	15	16294778	16299996	placeholder
7	65802764	65853735	7	56610331	56641789	placeholder
4	24896917	24925388	4	22121827	22148730	placeholder
2	93505418	93521026	2	171125545	171144485	placeholder
5	13370059	13400044	5	104387914	104407587	placeholder
3	79758955	79766291	3	124374000	124383079	placeholder
3	170510964	170525970	3	32253067	32271427	placeholder
6	38339249	38343614	6	38847752	38853890	placeholder
1	74029708	74054316	1	269954191	269981313	placeholder
6	95169298	95243722	6	95331421	95412532	placeholder
4	31912210	31958622	4	26811219	26838865	placeholder
8	3290201	3338318	8	74712548	74749095	placeholder
5	21083681	21157733	5	96382526	96453809	placeholder
19	2559848	2564479	18	6366856	6378439	placeholder
10	844367	850185	10	3695930	3702764	placeholder
13	16468162	16478169	11	23023473	23035239	placeholder
1	336365921	336386741	1	3187125	3201051	placeholder
1	51437650	51453643	1	294705520	294723015	placeholder
13	18356319	18358701	11	25208912	25211659	placeholder
12	9007553	9018802	12	11676457	11688947	placeholder
3	140994058	140999287	3	65329737	65336088	placeholder
8	44192194	44218561	8	23150170	23188329	placeholder
5	57419697	57446781	5	56963100	56993377	placeholder
7	27166553	27167807	7	27417149	27418394	placeholder
1	36087514	36102059	1	311465452	311490215	placeholder
4	4110673	4118271	4	2906375	2916555	placeholder
3	134623379	134647147	3	72285700	72304536	placeholder
11	22804769	22813342	9	253912	262764	placeholder
2	64231923	64233198	2	198144188	198145463	placeholder
1	181310451	181343278	1	162842126	162863304	placeholder
15	838530	840777	13	21688417	21691719	placeholder
17	8537390	8538614	16	6052358	6053600	placeholder
1	280988810	281066195	1	60400168	60475254	placeholder
4	51238706	51254593	4	44507039	44519634	placeholder
4	63637609	63638848	4	55312213	55315622	placeholder
1	195278638	195291210	1	149119625	149139315	placeholder
16	10801898	10803672	15	4695427	4697486	placeholder
19	5921398	5927000	18	553684	557754	placeholder
15	654434	662283	13	21237840	21246214	placeholder
1	166685588	166708183	1	176127022	176145054	placeholder
6	38119812	38133864	6	38600112	38616046	placeholder
12	1158867	1166855	12	1546055	1555821	placeholder
10	5017380	5024915	10	7849901	7856648	placeholder
11	18913833	18925817	9	4519925	4532830	placeholder
2	47455806	47473002	2	216127195	216145786	placeholder
12	9200484	9215104	12	11876783	11890050	placeholder
2	159770554	159842150	2	105092983	105166808	placeholder
1	51455735	51467344	1	294690496	294702916	placeholder
7	28694916	28696194	7	28886217	28887498	placeholder
15	9387493	9393947	13	9479381	9491053	placeholder
2	215613580	215620026	2	46753830	46760274	placeholder
1	106517467	106549278	1	236309695	236355443	placeholder
17	10298452	10301733	16	3372799	3381660	placeholder
4	62510600	62522352	4	54570039	54584079	placeholder
19	3105684	3116569	18	6933582	6944595	placeholder
7	14677630	14687138	7	15085599	15096166	placeholder
13	11159674	11170615	11	17057283	17067250	placeholder
6	47282144	47293590	6	48568959	48583956	placeholder
10	10332413	10344985	10	12955815	12962841	placeholder
13	3362049	3368876	11	6983703	6997300	placeholder
6	42405476	42417171	6	43240211	43256961	placeholder
3	71220739	71238976	3	133506629	133520380	placeholder
5	44519636	44540146	5	70757048	70773810	placeholder
2	207639546	207641363	2	55452617	55457787	placeholder
8	70105921	70131894	8	7431323	7452888	placeholder
6	42882611	42896667	6	43708314	43722132	placeholder
6	24338207	24355795	6	22666731	22683073	placeholder
4	22873092	23004751	4	23691549	23815677	placeholder
3	160251067	160256505	3	44083091	44090129	placeholder
6	41821492	41822731	6	42552718	42553957	placeholder
3	110940929	110942192	3	97042884	97044150	placeholder
11	17596780	17605342	9	5903803	5911787	placeholder
3	194617436	194657443	3	6917243	6947879	placeholder
10	3231306	3259372	10	5835218	5871709	placeholder
5	91952454	91971115	5	32283195	32295448	placeholder
2	209546491	209560287	2	53328189	53347061	placeholder
13	645993	651656	11	113689	125329	placeholder
7	80021645	80036740	7	79168683	79198181	placeholder
2	191512196	191520908	2	72123471	72131947	placeholder
8	27950969	27982180	8	38715378	38742621	placeholder
7	8872015	8874436	7	9287107	9290457	placeholder
11	12552542	12555670	9	11031689	11035105	placeholder
1	185173902	185194586	1	159618874	159642599	placeholder
3	16184797	16193661	3	195564823	195576866	placeholder
12	664848	668627	12	844951	849915	placeholder
13	1828917	1859387	11	4165677	4235843	placeholder
1	63404924	63415450	1	281375433	281386144	placeholder
11	21362443	21367736	9	1843437	1850386	placeholder
11	20274638	20281337	9	3130787	3136463	placeholder
3	172848198	172849889	3	29614235	29616168	placeholder
1	232359832	232361086	1	111674214	111675468	placeholder
19	7306176	7316693	18	1641112	1650023	placeholder
8	78840183	78846594	8	1326481	1340043	placeholder
2	243612639	243629516	2	18421767	18440864	placeholder
5	122752270	122755460	5	13710538	13715020	placeholder
1	116646586	116655867	1	226339358	226350673	placeholder
4	4128805	4141761	4	2929058	2943464	placeholder
2	159526696	159561244	2	105391058	105446431	placeholder
1	251162305	251199329	1	92037441	92090712	placeholder
3	34788980	34798456	3	174534378	174545167	placeholder
1	117132222	117145892	1	225803719	225818441	placeholder
3	125114560	125132482	3	82192767	82212126	placeholder
7	27236416	27253535	7	27490803	27507639	placeholder
5	27016061	27030575	5	89993449	90006755	placeholder
13	17050601	17098710	11	23700127	23750719	placeholder
15	7110245	7123064	13	12242842	12255728	placeholder
3	65793206	65817379	3	139109425	139140703	placeholder
12	9253953	9291131	12	11928976	11941032	placeholder
1	104196069	104219802	1	238872562	238891037	placeholder
3	145768783	145781091	3	60077751	60089936	placeholder
2	55263839	55292514	2	207633532	207666847	placeholder
14	2377473	2378727	14	3195099	3196347	placeholder
15	16977197	16978545	13	219754	221162	placeholder
2	225644397	225648425	2	36474449	36478665	placeholder
4	4659586	4660846	4	3534655	3535903	placeholder
7	85526691	85536785	7	74588986	74606707	placeholder
17	8228748	8233813	16	5624198	5639893	placeholder
3	141627877	141636550	3	64674521	64685652	placeholder
1	152579539	152627768	1	190549948	190601176	placeholder
19	5275867	5278780	18	2083879	2087786	placeholder
1	254556653	254566410	1	88698039	88708136	placeholder
2	197259444	197271027	2	66058096	66068342	placeholder
6	98696126	98708310	6	90318897	90330641	placeholder
6	18392184	18405832	6	16198791	16211435	placeholder
7	20642117	20653076	7	20873386	20883543	placeholder
1	38767805	38790192	1	308643882	308671533	placeholder
4	93141032	93175523	4	78038032	78076809	placeholder
1	335050408	335066890	1	4200594	4212246	placeholder
15	12081624	12097815	13	6641702	6656273	placeholder
5	88278427	88299753	5	35584754	35603330	placeholder
1	150352278	150384868	1	192838086	192860272	placeholder
1	119094903	119136102	1	223857754	223888587	placeholder
5	10438610	10469460	5	106761965	106780334	placeholder
5	32715205	32751510	5	83840715	83884527	placeholder
2	204370296	204391429	2	58784061	58805630	placeholder
3	25062277	25069164	3	185938631	185943508	placeholder
1	50482327	50504036	1	295627156	295643274	placeholder
1	2606632	2635830	1	342270494	342315403	placeholder
15	16980886	16988119	13	206308	216692	placeholder
3	147859923	147872119	3	57731049	57744123	placeholder
4	44943075	45092049	4	38632253	38799718	placeholder
1	1909854	1940693	1	341865490	341881242	placeholder
2	149900275	149904739	2	115420111	115425682	placeholder
10	5301126	5316982	10	8148539	8163430	placeholder
11	3055001	3077368	9	21045814	21073598	placeholder
2	154574260	154595519	2	110618642	110635518	placeholder
2	40569154	40584452	2	224264713	224289964	placeholder
5	110420843	110434971	5	1188926	1200792	placeholder
4	7824002	7841224	4	5715360	5732618	placeholder
1	302251649	302274691	1	36268538	36295136	placeholder
1	289257526	289274939	1	51052184	51062292	placeholder
2	133171209	133190918	2	126374619	126399594	placeholder
6	10636752	10645618	6	8610449	8618519	placeholder
13	2305286	2306531	11	5281834	5283079	placeholder
6	36724562	36744851	6	36892056	36904957	placeholder
18	9592318	9594662	17	195664	198226	placeholder
2	157655419	157669865	2	107443534	107457439	placeholder
15	6760763	6776292	13	12669091	12685638	placeholder
5	88672206	88684822	5	35273991	35289870	placeholder
4	87588588	87592201	4	73129787	73131014	placeholder
4	41991657	42005476	4	36001606	36017394	placeholder
6	60120205	60130619	6	62312119	62323454	placeholder
5	55301516	55323112	5	59236736	59252423	placeholder
5	91395276	91405649	5	32834645	32842432	placeholder
17	8234614	8249651	16	5641187	5645776	placeholder
3	153958094	153979193	3	51030093	51047009	placeholder
2	143169237	143194226	2	121774975	121805875	placeholder
7	2539795	2556962	7	8456265	8483542	placeholder
3	55568939	55586899	3	150393735	150409584	placeholder
1	99729872	99752471	1	243344864	243374488	placeholder
11	14481119	14507320	9	9082868	9108372	placeholder
1	283287055	283296985	1	57908069	57918437	placeholder
8	27908440	27916250	8	38663375	38673927	placeholder
11	1149395	1152428	9	23637568	23640617	placeholder
11	8283986	8286080	9	15315997	15318052	placeholder
6	74749577	74766045	6	76257365	76273122	placeholder
1	269824774	269836833	1	72594960	72610913	placeholder
1	226486080	226487319	1	117815129	117816371	placeholder
14	5240166	5244118	14	6965072	6967806	placeholder
3	29977109	30007468	3	180050627	180081810	placeholder
13	7785189	7797590	11	13323529	13339302	placeholder
5	30246305	30250433	5	86602030	86606264	placeholder
3	10347067	10372912	3	200928873	200954468	placeholder
6	44940788	44946270	6	45995521	46001717	placeholder
1	289720032	289804798	1	50489192	50583455	placeholder
2	230185698	230210865	2	31522328	31554680	placeholder
5	93956284	93991435	5	30304326	30338632	placeholder
5	30206004	30216562	5	86653473	86676061	placeholder
8	38038564	38054209	8	49342933	49359667	placeholder
11	1853057	1863028	9	22692409	22695135	placeholder
12	8393503	8402068	12	11025910	11033583	placeholder
2	103625697	103670889	2	160172295	160210831	placeholder
1	29211370	29212522	1	318708741	318709893	placeholder
3	59078219	59138377	3	146686946	146738776	placeholder
8	830064	834994	8	77513522	77517684	placeholder
1	106652072	106688546	1	236170897	236202033	placeholder
17	2225653	2231714	16	1537135	1549415	placeholder
1	328494019	328528184	1	10058262	10085300	placeholder
1	268304749	268308602	1	74226808	74232308	placeholder
3	157850582	157873982	3	46682795	46706227	placeholder
4	91315492	91335893	4	76330899	76357525	placeholder
3	67646737	67664262	3	137338202	137358795	placeholder
4	81391032	81401533	4	72198801	72207297	placeholder
3	3783724	3784951	3	206933638	206934865	placeholder
2	132881813	132955703	2	126090646	126155470	placeholder
2	144170999	144172262	2	120826029	120827268	placeholder
2	138015879	138024571	2	131312519	131320547	placeholder
3	21456200	21462824	3	190119445	190128798	placeholder
14	7512030	7520866	14	9674477	9684540	placeholder
3	131412743	131505074	3	75447011	75560206	placeholder
1	267612655	267645963	1	74900833	74929476	placeholder
3	59682219	59703050	3	146093926	146113459	placeholder
2	10966939	10982575	2	264683592	264699694	placeholder
4	59421577	59437157	4	47621732	47639440	placeholder
1	22959732	22971485	1	325276857	325296471	placeholder
3	157879892	157889329	3	46669258	46675488	placeholder
2	86876523	86885410	2	177278759	177279938	placeholder
13	10198576	10208345	11	15953986	15965857	placeholder
1	258626692	258631281	1	84318829	84322733	placeholder
17	10035169	10040955	16	2678813	2690796	placeholder
7	10563162	10598296	7	11034686	11068895	placeholder
2	12362763	12363987	2	254682321	254683545	placeholder
15	14100081	14120664	13	4657521	4685221	placeholder
1	8323843	8324986	1	338309343	338310480	placeholder
3	192083165	192098891	3	9172375	9180498	placeholder
2	132856276	132872347	2	126067030	126080307	placeholder
4	30319595	30343163	4	25408101	25428618	placeholder
5	92579428	92589311	5	31689970	31700092	placeholder
6	56264290	56276862	6	58181586	58195909	placeholder
11	11518647	11574664	9	11955337	12011227	placeholder
6	71090532	71108085	6	73330895	73333745	placeholder
7	36050627	36070542	7	36127900	36143224	placeholder
3	50661089	50680215	3	155891591	155905755	placeholder
1	237996840	238041316	1	105772673	105832427	placeholder
2	204257682	204258900	2	58905238	58906456	placeholder
5	64720762	64753816	5	49820132	49856185	placeholder
1	103156396	103253365	1	239818569	239918208	placeholder
1	170421444	170439833	1	172332703	172359215	placeholder
1	125436893	125441485	1	217310993	217315387	placeholder
10	6881559	6904308	10	9656863	9677855	placeholder
1	22975793	22986434	1	325258281	325270387	placeholder
6	38203204	38223406	6	38696879	38712505	placeholder
15	10286432	10298323	13	8505517	8520047	placeholder
3	123363747	123368958	3	84160036	84165080	placeholder
3	172527237	172551776	3	29988728	30024916	placeholder
5	3899937	3905349	5	113567186	113572484	placeholder
5	38787822	38807597	5	76964631	76980519	placeholder
10	7435711	7457041	10	10152562	10173610	placeholder
14	5812431	5823534	14	7608870	7622500	placeholder
17	10704232	10708069	16	11756334	11760494	placeholder
2	66727476	66741783	2	195393363	195415968	placeholder
2	226648401	226656239	2	35362676	35370369	placeholder
1	63319538	63352542	1	281441865	281474757	placeholder
4	83092716	83151716	4	71151132	71171911	placeholder
1	221779863	221786211	1	122849767	122871169	placeholder
5	9662719	9682365	5	105960136	105974913	placeholder
6	26517838	26543915	6	25084361	25094627	placeholder
8	23620235	23633652	8	54159011	54167928	placeholder
2	220102069	220116009	2	42185353	42197302	placeholder
7	5906446	5925026	7	5345609	5358835	placeholder
8	69802819	69814737	8	15822693	15830949	placeholder
17	7856370	7862510	16	5111519	5122568	placeholder
1	125841861	125864379	1	216887140	216919967	placeholder
1	24716510	24720377	1	323452045	323455767	placeholder
1	317311379	317328295	1	20772580	20787348	placeholder
1	75299111	75366983	1	268431013	268513078	placeholder
3	191822989	191848784	3	9407305	9432058	placeholder
3	131865605	132052863	3	75040066	75231394	placeholder
12	13291994	13307363	12	16240642	16255881	placeholder
5	40233227	40240127	5	75628933	75635736	placeholder
8	41017459	41035100	8	20320961	20334721	placeholder
7	27924663	27931778	7	28137348	28144123	placeholder
1	51815404	51823093	1	294208352	294209522	placeholder
13	2310292	2323971	11	5316864	5344602	placeholder
3	186968090	186988603	3	14295020	14319630	placeholder
2	133863967	133880865	2	127077735	127095335	placeholder
7	62013897	62071171	7	54339670	54351839	placeholder
2	53463921	53477784	2	209620924	209629933	placeholder
12	1719166	1724436	12	2287353	2293418	placeholder
3	147792756	147793962	3	57831691	57832888	placeholder
7	34250667	34258550	7	34421796	34427842	placeholder
2	205434691	205454672	2	57698755	57731314	placeholder
2	220364814	220376685	2	41906738	41923733	placeholder
1	98105879	98107076	1	245054801	245055932	placeholder
19	2764352	2777310	18	6632723	6647270	placeholder
3	192657984	192696657	3	8615291	8647007	placeholder
4	98105702	98110883	4	82680034	82685296	placeholder
18	6964344	6971761	17	3629108	3640029	placeholder
7	15887952	15898967	7	16287416	16297951	placeholder
5	40605165	40606401	5	75211782	75213018	placeholder
6	24373758	24428937	6	22750724	22761768	placeholder
15	8437390	8445816	13	10553801	10567043	placeholder
3	25494836	25505825	3	185426966	185443230	placeholder
7	22788841	22799924	7	23172106	23183029	placeholder
1	23138575	23148333	1	325071278	325090933	placeholder
3	141601879	141609345	3	64702036	64707556	placeholder
1	28558267	28570635	1	319372142	319405864	placeholder
15	72934	76711	13	20470966	20475260	placeholder
11	6391468	6403950	9	17676834	17687375	placeholder
5	21684206	21700253	5	95746010	95773852	placeholder
4	89674840	89681798	4	74873048	74879845	placeholder
4	9182305	9205235	4	6760449	6777808	placeholder
1	149153918	149164749	1	194104116	194115397	placeholder
3	50430330	50440201	3	156217726	156228743	placeholder
1	36594640	36616942	1	310966694	310984624	placeholder
3	196644077	196651289	3	5229975	5235657	placeholder
1	180163269	180298778	1	163593705	163716320	placeholder
1	64803830	64808885	1	279772039	279787735	placeholder
5	30895653	30905607	5	85866658	85873087	placeholder
12	3718154	3752530	12	5171176	5216306	placeholder
2	95526034	95531982	2	169069523	169073887	placeholder
6	99133884	99137080	6	100606039	100610479	placeholder
3	91154270	91186375	3	112636339	112657581	placeholder
1	71252897	71263347	1	273082807	273094890	placeholder
10	6209821	6235907	10	9063492	9083719	placeholder
7	23867628	23868813	7	24257900	24259088	placeholder
1	91661668	91670901	1	251701222	251710674	placeholder
1	183538644	183539835	1	161161090	161162281	placeholder
7	74766391	74794005	7	62180615	62206741	placeholder
1	53783106	53798166	3	112428743	112468722	placeholder
12	1709853	1713533	12	2275151	2279989	placeholder
3	120468352	120474931	3	87128827	87133792	placeholder
6	32752955	32762355	6	32386317	32397809	placeholder
3	160223923	160236143	3	44110750	44119565	placeholder
1	239678521	239700943	1	104001644	104032132	placeholder
2	232666880	232677071	2	28956520	28966445	placeholder
1	187292300	187297588	1	157508123	157516520	placeholder
1	261571279	261587414	1	81176020	81192059	placeholder
2	242211705	242212905	2	19555759	19556953	placeholder
1	195677912	195688281	1	148778894	148788218	placeholder
2	15864376	15879642	2	251158528	251180973	placeholder
7	90732658	90745520	7	69939750	69952552	placeholder
1	98707768	98787775	1	244365377	244443015	placeholder
16	2712067	2717779	15	2706250	2710329	placeholder
1	15465783	15476743	1	332308465	332319259	placeholder
15	16909575	16912469	13	293272	297190	placeholder
2	33838007	33853347	2	231551471	231566871	placeholder
1	89907928	89920163	1	253559382	253576697	placeholder
8	41280316	41298346	8	20553822	20569062	placeholder
3	123513730	123531410	3	83975922	83991202	placeholder
3	44345405	44372364	3	163254919	163288930	placeholder
1	80235279	80274545	1	263555673	263631080	placeholder
1	11718483	11721735	1	335590445	335594256	placeholder
11	22367739	22371912	9	776807	781583	placeholder
2	160156607	160207305	2	104705762	104762329	placeholder
2	176008935	176014335	2	88573099	88577664	placeholder
1	73577823	73579080	1	270469598	270470855	placeholder
6	91204917	91230952	6	99797451	99827975	placeholder
1	185121890	185152087	1	159668751	159695636	placeholder
1	60969078	60994265	1	284097344	284130603	placeholder
4	93096521	93105268	4	77990533	78003174	placeholder
3	166029432	166036132	3	37426458	37437535	placeholder
6	23568731	23581035	6	21782342	21795305	placeholder
7	44339136	44358504	7	43779865	43803886	placeholder
3	168681485	168723227	3	34329183	34391245	placeholder
6	22650110	22651286	6	20839489	20844592	placeholder
13	11186733	11195663	11	17087524	17096722	placeholder
5	73591831	73626800	5	43930430	43942592	placeholder
1	71276755	71286040	1	273060913	273069127	placeholder
5	100522658	100532458	5	15935465	15945345	placeholder
1	18210023	18213356	1	329816214	329826114	placeholder
6	42318128	42328987	6	43158758	43169012	placeholder
1	25470473	25484355	1	322658580	322674464	placeholder
7	6286342	6310070	7	4927339	4938742	placeholder
13	14896628	14900924	11	21238250	21240363	placeholder
15	16385513	16398937	13	955637	969604	placeholder
2	157477900	157486181	2	107632880	107678500	placeholder
7	70586025	70599230	7	58265914	58280670	placeholder
4	85023886	85037971	4	69724483	69745050	placeholder
5	40305840	40329675	5	75520367	75544808	placeholder
3	59630106	59638361	3	146169206	146176271	placeholder
2	101916169	101917330	2	161966574	161967735	placeholder
6	57370131	57371175	6	59219549	59222816	placeholder
5	18956322	18979727	5	98569073	98593106	placeholder
5	849936	858398	5	116386795	116392437	placeholder
5	92366833	92384571	5	31932293	31944300	placeholder
12	1782532	1787233	12	2372523	2377392	placeholder
3	115245821	115256669	3	92615806	92626366	placeholder
12	18621840	18642996	12	20445779	20459757	placeholder
7	36182614	36193136	7	36269275	36283468	placeholder
8	20459426	20473259	8	57525660	57546779	placeholder
6	24207905	24214295	6	22522930	22529217	placeholder
17	7006855	7019271	16	8016447	8021314	placeholder
3	134675615	134692210	3	72238583	72257401	placeholder
1	49920614	49936197	1	296260553	296276216	placeholder
1	315587663	315591288	1	22519692	22524284	placeholder
1	333311025	333336275	1	4714744	4730904	placeholder
19	4848851	4892058	18	2404378	2440381	placeholder
1	253849257	253864682	1	89356422	89365677	placeholder
10	116220	129839	10	2527236	2561823	placeholder
1	324671831	324687172	1	13563921	13580921	placeholder
1	115436056	115457470	1	227493818	227508131	placeholder
1	123324771	123395681	1	219406151	219475287	placeholder
1	319366495	319385742	1	18751444	18767596	placeholder
17	523940	538347	16	565316	582010	placeholder
5	68649448	68730353	5	46669007	46699979	placeholder
10	14090920	14103538	10	15133133	15145158	placeholder
2	190317660	190318818	2	73268265	73269423	placeholder
2	12078587	12092616	2	265638842	265649735	placeholder
14	5614038	5620062	14	7371881	7377676	placeholder
8	74702985	74709251	8	12370612	12378362	placeholder
3	82202712	82223190	3	121765824	121775085	placeholder
6	3390661	3404982	6	3289556	3303475	placeholder
19	323204	329557	18	56001	63568	placeholder
7	20018233	20048313	7	20207375	20237397	placeholder
2	230226644	230238753	2	31489550	31503454	placeholder
6	16804307	16827846	6	14633155	14641469	placeholder
1	18469065	18471129	1	329586551	329588809	placeholder
2	105667225	105718678	2	157049044	157072010	placeholder
1	195390791	195415556	1	148981187	149010789	placeholder
15	11110900	11116938	13	7668298	7675665	placeholder
6	70503282	70506235	6	72748809	72752568	placeholder
8	8613730	8640792	8	69016987	69041951	placeholder
8	19380518	19401038	8	58700078	58720056	placeholder
2	68999205	69011161	2	193041314	193057221	placeholder
1	36861002	36876734	1	310689104	310700708	placeholder
2	205210992	205222181	2	57929748	57940583	placeholder
1	176931298	176966692	1	166372227	166397289	placeholder
13	8083811	8087249	11	13580093	13587111	placeholder
2	130427991	130429050	2	134397762	134398821	placeholder
1	270232202	270252432	1	72122096	72141823	placeholder
8	77115662	77128524	8	7078284	7088505	placeholder
1	324078825	324129057	1	14097552	14127483	placeholder
5	32454307	32460114	5	84157699	84165547	placeholder
3	103465226	103493784	3	104549246	104576813	placeholder
8	62352775	62354072	8	32391013	32392282	placeholder
6	12509455	12526827	6	10568107	10583801	placeholder
7	14071104	14092451	7	14487844	14505521	placeholder
3	84508048	84510505	3	119329567	119332069	placeholder
11	20482472	20490549	9	2868946	2885715	placeholder
12	11161621	11162773	12	13946523	13947675	placeholder
4	53711662	53731136	4	46663620	46682329	placeholder
6	52396823	52398014	6	53989647	53990838	placeholder
19	294008	312731	18	41875	54649	placeholder
3	179023461	179028636	3	22807115	22821247	placeholder
1	2645349	2680666	1	342325130	342337958	placeholder
1	321346111	321360368	1	16859136	16873744	placeholder
1	299140585	299159013	1	39752210	39770703	placeholder
8	2583448	2603375	8	75470680	75482865	placeholder
14	1170822	1179155	14	1513757	1523746	placeholder
1	244526275	244527421	1	99108924	99110070	placeholder
8	51753503	51758774	8	29933396	29945751	placeholder
1	27724383	27735863	1	320298498	320313152	placeholder
2	230885118	230886270	2	30794106	30795252	placeholder
8	7675390	7685364	8	69899135	69904037	placeholder
7	89297763	89299059	7	68244931	68246227	placeholder
7	44588718	44597154	7	43968132	43973613	placeholder
1	299829672	299872524	1	38996109	39036874	placeholder
1	312418298	312423239	1	25956246	25962019	placeholder
1	39106749	39107862	1	308243112	308244234	placeholder
4	84630618	84648174	4	70022325	70030126	placeholder
6	26707334	26708339	6	25282150	25283164	placeholder
12	8571059	8582193	12	11207337	11226285	placeholder
3	38972730	38986824	3	169690436	169707720	placeholder
2	202193331	202204937	2	61207730	61218564	placeholder
3	157196363	157207303	3	47422802	47432311	placeholder
3	169897077	169914897	3	32990784	33011275	placeholder
3	183039293	183054830	3	18553278	18567428	placeholder
5	90411010	90450200	5	33790030	33811986	placeholder
3	122726061	122759200	3	84811719	84839022	placeholder
13	7739746	7747712	11	13263967	13270925	placeholder
3	202891868	202893530	3	325275	327191	placeholder
15	13254957	13263718	13	5440492	5447994	placeholder
2	96457650	96478669	2	168035655	168063222	placeholder
2	100681884	100685190	2	163259874	163263066	placeholder
1	277726108	277730925	1	64011579	64016058	placeholder
8	22634610	22642988	8	55236608	55251221	placeholder
3	118938001	118939138	3	88839565	88840702	placeholder
8	19703112	19730197	8	58360576	58383826	placeholder
1	40821004	40878772	1	306317573	306372937	placeholder
7	74686494	74701154	7	62095278	62110993	placeholder
2	156272378	156287159	2	108854268	108867103	placeholder
15	13729178	13733561	13	5070432	5075171	placeholder
11	8363782	8368472	9	15240495	15245712	placeholder
8	48379630	48396352	8	26930046	26949273	placeholder
3	92566390	92748571	3	110949730	111045312	placeholder
6	10778697	10779828	6	8773688	8774816	placeholder
1	300062570	300082209	1	38753382	38771589	placeholder
7	91043327	91063435	7	84381440	84405658	placeholder
13	2282873	2285768	11	5234547	5237067	placeholder
4	38284140	38289388	4	32488409	32494536	placeholder
7	13125744	13174610	7	13563089	13606420	placeholder
7	88891501	88917188	7	67908566	67922357	placeholder
3	186991590	187001230	3	14274518	14291900	placeholder
2	101207105	101213454	2	162748218	162753859	placeholder
4	83176947	83187807	4	71122629	71133856	placeholder
1	286883799	286889263	1	53821751	53827107	placeholder
2	165114188	165122268	2	99658341	99665496	placeholder
1	237683575	237770807	1	106104993	106194694	placeholder
16	5711651	5718918	15	12487217	12492662	placeholder
2	56548012	56549140	2	206230038	206231169	placeholder
1	225099251	225111691	1	119252079	119273600	placeholder
5	3618808	3621498	5	113814324	113815244	placeholder
7	9229352	9260935	7	9745309	9777744	placeholder
4	87490493	87491672	4	73041372	73042551	placeholder
12	14278970	14335915	12	17315571	17395965	placeholder
1	159966107	159977232	1	182815011	182822937	placeholder
1	285246481	285289373	1	55564032	55638525	placeholder
5	53795571	53796690	5	60515174	60516299	placeholder
3	33682601	33690688	3	175888330	175896748	placeholder
8	69292882	69306539	8	16290523	16318244	placeholder
3	191794921	191807483	3	9445888	9457620	placeholder
1	330587511	330605480	1	8126654	8165106	placeholder
11	8525113	8526909	9	15072776	15074432	placeholder
1	15622474	15628986	1	332157619	332170747	placeholder
1	337862003	337885689	1	2028627	2044536	placeholder
1	28456355	28463009	1	319474340	319479940	placeholder
3	149070272	149260652	3	56202863	56438771	placeholder
1	160021449	160068682	1	182727138	182778511	placeholder
7	2449357	2461054	7	8565085	8573572	placeholder
2	152493129	152501588	2	112818818	112824565	placeholder
7	64984531	65006465	7	55949207	55972438	placeholder
8	25858811	25884374	8	36408554	36438921	placeholder
16	1940688	1956314	15	1975051	1997405	placeholder
8	67423922	67430779	8	17650927	17659632	placeholder
1	194829453	194840695	1	149568531	149577668	placeholder
3	81885676	81935218	3	122052357	122071993	placeholder
1	254542856	254553655	1	88710085	88724153	placeholder
1	312063751	312070997	1	26311257	26316967	placeholder
5	9920685	9921801	5	106230163	106231279	placeholder
2	23972473	23975909	2	242632157	242634524	placeholder
5	86454681	86455797	5	36756315	36757431	placeholder
6	45558737	45565146	6	46697644	46704990	placeholder
5	120773034	120789889	5	10731538	10753037	placeholder
17	9737566	9749505	16	4021838	4040385	placeholder
2	206297940	206306020	2	56793417	56799734	placeholder
6	45404819	45420330	6	46540950	46559084	placeholder
13	16247709	16254254	11	22766376	22774151	placeholder
1	152743364	152746193	1	190430408	190433096	placeholder
2	145979206	145980322	2	118847233	118848349	placeholder
8	13972108	13986645	8	64157221	64168888	placeholder
2	207600450	207615795	2	55494916	55508542	placeholder
3	191860243	191869494	3	9382317	9390380	placeholder
1	62945850	62965980	1	281867007	281903695	placeholder
7	62549995	62551105	7	54510831	54511941	placeholder
8	11616102	11628646	8	66432453	66446055	placeholder
5	97257590	97268163	5	27148518	27160994	placeholder
2	100121453	100122572	2	163844501	163845611	placeholder
5	40545880	40546981	5	75276351	75277452	placeholder
5	51739722	51740835	5	62816382	62817495	placeholder
5	46731037	46745619	5	68202955	68215650	placeholder
1	191934916	191988004	1	152516791	152562553	placeholder
4	95236237	95269002	4	79826656	79853895	placeholder
2	85286506	85323767	2	178598867	178622642	placeholder
1	242890718	242992647	1	100559732	100692930	placeholder
3	37533380	37534490	3	171369107	171370217	placeholder
3	61881098	61895686	3	143758710	143773305	placeholder
14	13334858	13335950	14	15686620	15687700	placeholder
2	63668762	63685941	2	198840561	198857087	placeholder
5	100540780	100556378	5	15950603	15963466	placeholder
1	309984921	309992893	1	28080823	28084963	placeholder
4	99404498	99417465	4	83918671	83948387	placeholder
3	168056225	168061949	3	35082013	35088526	placeholder
3	157335905	157342583	3	47255889	47264716	placeholder
2	134827672	134889599	2	128124067	128198947	placeholder
1	153875253	153882502	1	189147152	189155089	placeholder
3	65590375	65607059	3	139350921	139370087	placeholder
6	74295814	74364807	6	75945821	75988684	placeholder
6	57811051	57818632	6	59668976	59683014	placeholder
2	176538799	176539906	2	88074914	88076012	placeholder
7	28183370	28196561	7	28392556	28401289	placeholder
15	14780820	14790086	13	3818027	3830837	placeholder
8	11527314	11542694	8	66509823	66525548	placeholder
11	2451134	2452238	9	21810962	21812066	placeholder
15	14914426	14918020	13	3671757	3680258	placeholder
10	1677187	1683711	10	3840781	3848009	placeholder
3	161493829	161510864	3	42676179	42688586	placeholder
8	30902217	30904757	8	41867882	41870127	placeholder
7	2944764	2950970	7	8127880	8135673	placeholder
1	242730034	242739413	1	100885055	100896613	placeholder
15	4145087	4175276	13	15903573	15948280	placeholder
1	46413028	46428597	1	300108608	300122198	placeholder
6	69966400	69971437	6	72262800	72269314	placeholder
7	23011792	23104885	7	23412232	23509824	placeholder
3	196180972	196227080	3	5585261	5623269	placeholder
4	50443862	50452450	4	43752019	43760849	placeholder
17	7219230	7220337	16	7763488	7764592	placeholder
1	240047278	240055900	1	103631403	103634773	placeholder
11	14733759	14734875	9	8852139	8853255	placeholder
6	42601816	42603757	6	43410529	43412469	placeholder
6	10648551	10665497	6	8621815	8645136	placeholder
12	1488379	1493807	12	2021639	2028913	placeholder
6	45172766	45179457	6	46311151	46318418	placeholder
5	2812789	2827870	5	114550612	114571511	placeholder
13	3815620	3823886	11	7578508	7586804	placeholder
5	110280203	110312088	5	1089402	1108779	placeholder
3	82964901	82973316	3	120998500	121006303	placeholder
18	3103488	3108974	17	9239915	9246754	placeholder
5	97554525	97555599	5	26843642	26844707	placeholder
16	12156854	12164487	15	15846948	15857652	placeholder
8	70178495	70220260	8	7522924	7579134	placeholder
10	8266030	8268589	10	10962141	10966603	placeholder
1	154293222	154355248	1	188686941	188754721	placeholder
2	121899787	121916221	2	142299888	142312737	placeholder
6	53078855	53091907	6	54717794	54730536	placeholder
17	10376880	10381976	16	2542816	2558453	placeholder
1	256837192	256898454	1	86187678	86249641	placeholder
6	90685521	90699448	6	100269328	100280518	placeholder
13	18704680	18710384	11	25657522	25662275	placeholder
5	30415167	30416245	5	86470960	86472049	placeholder
15	2041717	2054251	13	19381373	19406779	placeholder
3	119307887	119323480	3	88407492	88422624	placeholder
19	3006219	3007299	18	4240863	4241895	placeholder
1	65985418	65990096	1	278380122	278385684	placeholder
1	227615404	227616496	1	116581154	116582246	placeholder
15	13332415	13336053	13	5344059	5349886	placeholder
7	20000496	20009868	7	20185973	20199053	placeholder
1	210967143	210968226	1	134197014	134198097	placeholder
3	152921202	152951406	3	52221505	52249922	placeholder
1	175698088	175699180	1	167380722	167381814	placeholder
7	8992462	9003253	7	9410566	9422281	placeholder
1	71144410	71145508	1	273187540	273188644	placeholder
5	37412182	37430820	5	78714164	78731886	placeholder
3	168250532	168262281	3	34842262	34856608	placeholder
5	40929882	40944111	5	74838063	74860478	placeholder
6	48947338	48963579	6	50433627	50451313	placeholder
7	84594525	84628425	7	75679805	75717009	placeholder
3	130849038	130858480	3	76166039	76179139	placeholder
1	320908235	320911136	1	17343168	17346372	placeholder
10	26734537	26736575	10	26394333	26396024	placeholder
2	199143447	199150556	2	64241745	64254025	placeholder
4	79253433	79308557	4	66803750	66836350	placeholder
4	2679161	2685981	4	1715634	1720914	placeholder
3	146019090	146026765	3	59800501	59814002	placeholder
14	1227461	1232576	14	1592648	1600820	placeholder
5	96920838	96934325	5	27516085	27533551	placeholder
3	79372640	79377950	3	124780345	124821661	placeholder
6	74396666	74410369	6	76022890	76041513	placeholder
2	31570211	31571285	2	234033563	234036503	placeholder
1	126295354	126306505	1	216474737	216483685	placeholder
1	63156755	63157826	1	281662117	281663194	placeholder
2	153831814	153842036	2	111355466	111364673	placeholder
8	13578035	13593154	8	64560223	64568800	placeholder
16	12339288	12340380	15	16113496	16114588	placeholder
15	8213506	8248246	13	10762773	10797380	placeholder
7	29446131	29447343	7	29647411	29648639	placeholder
2	11313486	11321927	2	264994601	265006821	placeholder
5	82483695	82500125	5	39111087	39116892	placeholder
1	286487022	286499578	1	54286504	54300717	placeholder
6	26040451	26041534	6	24525165	24526248	placeholder
8	10512709	10524537	8	67287076	67296083	placeholder
8	6816876	6831109	8	70832820	70846178	placeholder
6	18314309	18330498	6	16117172	16132389	placeholder
2	223463537	223491923	2	38602808	38646972	placeholder
5	56258537	56268621	5	58318389	58336912	placeholder
5	79420407	79421481	5	40328653	40329730	placeholder
5	40690980	40692087	5	75128951	75130058	placeholder
3	57351371	57367422	3	148525662	148541943	placeholder
3	179291050	179301708	3	22563175	22579181	placeholder
3	103388042	103401220	3	104655453	104675983	placeholder
16	12653790	12656037	15	16552108	16554616	placeholder
2	188287571	188294187	2	75524414	75530946	placeholder
4	21380182	21387286	4	17984331	17993923	placeholder
2	175210004	175234493	2	89384542	89417859	placeholder
6	27831079	27832165	6	26563516	26564666	placeholder
1	130902505	130903552	1	211844159	211845206	placeholder
15	14885801	14889280	13	3708189	3711878	placeholder
3	34452795	34477699	3	174917659	174946155	placeholder
11	461330	471917	9	27059558	27086950	placeholder
3	168186835	168195714	3	34929054	34941872	placeholder
8	62300651	62309001	8	32439042	32448027	placeholder
10	216830	226192	10	2693164	2700511	placeholder
7	34750224	34754037	7	34936915	34943972	placeholder
14	1641499	1642567	14	2175851	2176919	placeholder
2	12276284	12333906	2	265838086	265856955	placeholder
16	12575131	12580087	15	16430368	16435808	placeholder
15	16534294	16541023	13	780606	786170	placeholder
1	232125605	232126679	1	111927489	111928563	placeholder
1	150707857	150724984	1	192492924	192507967	placeholder
1	69933612	69947560	1	274316873	274329371	placeholder
1	114825369	114832665	1	228097622	228105956	placeholder
1	178832845	178847041	1	164725301	164735364	placeholder
2	96484880	96500692	2	168011426	168030461	placeholder
5	87185037	87192813	5	36204042	36211292	placeholder
15	6373584	6379027	13	13103086	13107040	placeholder
1	274587568	274598593	1	67339825	67349685	placeholder
19	708567	723194	18	8766735	8811645	placeholder
1	101581055	101612782	1	241524795	241542194	placeholder
7	37704930	37731574	7	37775229	37810565	placeholder
3	69864816	69884731	3	134874376	134904228	placeholder
17	8186912	8189617	16	5577681	5580584	placeholder
1	237533323	237546527	1	106366903	106385528	placeholder
2	104348720	104369986	2	159339110	159357447	placeholder
1	101445679	101469732	1	241637586	241657857	placeholder
7	33152643	33156310	7	33390554	33394339	placeholder
10	25601506	25612832	10	24976885	24993643	placeholder
14	7044276	7050003	14	9170901	9180102	placeholder
2	51777595	51867192	2	211407182	211496540	placeholder
4	86687040	86689642	4	68286815	68289854	placeholder
15	3845666	3851902	13	16411372	16426396	placeholder
5	25176159	25196169	5	91963829	91994858	placeholder
1	306897527	306917314	1	31383759	31406773	placeholder
3	38423298	38442766	3	170374274	170403500	placeholder
19	2792875	2801458	18	3981496	3988520	placeholder
2	92085531	92092639	2	172570157	172575262	placeholder
3	119084713	119116858	3	88672625	88709420	placeholder
1	40710120	40719936	1	306492063	306502625	placeholder
3	127185274	127198117	3	79911887	79924270	placeholder
12	8344775	8354483	12	10972735	10981279	placeholder
3	5735204	5736212	3	205018055	205019081	placeholder
2	101232333	101248355	2	162716558	162740808	placeholder
13	2290247	2294200	11	5252354	5260948	placeholder
3	199700458	199732038	3	2739817	2759338	placeholder
13	16874131	16878438	11	23481423	23484775	placeholder
1	315732401	315755449	1	22353601	22370768	placeholder
11	20638902	20644515	9	2683117	2690169	placeholder
3	36722694	36755363	3	172188908	172231048	placeholder
13	5011155	5039502	11	9299445	9343653	placeholder
12	4174115	4177343	12	5756934	5762885	placeholder
6	81713985	81721119	6	83070561	83079130	placeholder
6	85110559	85216589	6	79976966	80056829	placeholder
17	10574896	10579730	16	11576827	11583237	placeholder
1	170512787	170537560	1	172241854	172265255	placeholder
5	31481378	31503100	5	85268773	85290328	placeholder
7	30526882	30549073	7	30734107	30754296	placeholder
15	1238662	1249751	13	22199807	22219840	placeholder
2	109259836	109264771	2	154355450	154359180	placeholder
1	181559202	181560261	1	162702877	162703936	placeholder
15	7403952	7405008	13	11904086	11905142	placeholder
17	10742478	10743501	16	11811045	11812061	placeholder
10	4655782	4656829	10	7505706	7506765	placeholder
6	26745818	26746826	6	25319953	25320961	placeholder
15	10470413	10485837	13	8305498	8318722	placeholder
3	144179471	144197948	3	61885081	61907965	placeholder
5	40518394	40527191	5	75289401	75299519	placeholder
2	33095055	33097085	2	232337172	232338777	placeholder
5	4482352	4483405	5	112552952	112554005	placeholder
8	44137456	44153320	8	23112084	23125825	placeholder
17	10850980	10856412	16	11905065	11911985	placeholder
6	27658233	27673582	6	26391527	26408967	placeholder
12	651407	656584	12	827292	836570	placeholder
1	246966841	246967885	1	96491201	96492242	placeholder
4	55112136	55113192	4	51560189	51561257	placeholder
16	12195638	12198321	15	15903422	15908350	placeholder
2	203171883	203232113	2	60079922	60131288	placeholder
4	22191292	22193214	4	24431146	24434838	placeholder
2	148554949	148577373	2	116364942	116384287	placeholder
1	292918321	292933376	1	46979857	46989817	placeholder
1	23339863	23352822	1	324874216	324884161	placeholder
7	22802270	22811673	7	23185433	23196058	placeholder
18	7929755	7933699	17	2479873	2483569	placeholder
1	165776481	165782646	1	177080525	177086437	placeholder
15	1818425	1827654	13	19759858	19774494	placeholder
5	26390841	26407335	5	90582702	90602926	placeholder
1	286904018	286909364	1	53799079	53803416	placeholder
6	40891531	40902924	6	41561576	41573142	placeholder
5	90116861	90148061	5	34102834	34132189	placeholder
7	13182195	13194826	7	13615954	13625868	placeholder
2	151907185	151930343	2	113471949	113492479	placeholder
1	168914063	168915107	1	173975548	173976586	placeholder
3	159354965	159364977	3	44863817	44892167	placeholder
10	8219226	8238068	10	10920049	10934045	placeholder
1	247102038	247116464	1	96361332	96379468	placeholder
17	3168216	3169311	16	11401257	11402343	placeholder
19	7583064	7586003	18	1801664	1803737	placeholder
3	171580715	171676640	3	31058193	31170073	placeholder
16	11355438	11358751	15	14822349	14826450	placeholder
1	249208199	249210919	1	94088964	94091967	placeholder
12	3251726	3260188	12	4563210	4571928	placeholder
15	11545058	11552206	13	7194334	7200660	placeholder
6	88229504	88239466	6	86136280	86147340	placeholder
14	2436510	2453800	14	3279456	3301814	placeholder
19	5397167	5401590	18	1987752	1992865	placeholder
4	25172690	25189378	4	21930260	21942247	placeholder
1	115994796	116043148	1	226977565	227018224	placeholder
10	16118497	16119487	10	16593843	16594824	placeholder
14	16668093	16706982	14	17237570	17269055	placeholder
1	4752312	4767364	1	340805031	340814493	placeholder
3	146230987	146237163	3	59609018	59617263	placeholder
1	98960514	98993027	1	244152439	244188804	placeholder
1	181485529	181508256	1	162737264	162761849	placeholder
3	37997277	37998318	3	170791519	170792560	placeholder
5	22800263	22809336	5	94496927	94516621	placeholder
5	97767546	97851713	5	26514714	26613423	placeholder
4	64092570	64112905	4	55624232	55640406	placeholder
1	100468055	100469090	1	242590893	242591943	placeholder
6	7906992	7921273	6	6411902	6421611	placeholder
1	72292973	72294268	1	271959074	271960353	placeholder
16	12450941	12454586	15	16272101	16277036	placeholder
1	259656140	259686908	1	83220024	83243525	placeholder
6	85369993	85389622	6	79832829	79848516	placeholder
5	10091701	10243402	5	106377805	106531909	placeholder
3	141492894	141508735	3	64786448	64801912	placeholder
3	63554607	63566648	3	141660671	141672432	placeholder
1	299712479	299713295	1	39164848	39165682	placeholder
2	142247982	142262794	2	122817352	122832426	placeholder
6	38438824	38441419	6	38932042	38934734	placeholder
8	8720737	8730157	8	68960743	68966376	placeholder
6	94005393	94017885	6	97023410	97034143	placeholder
13	14918967	14928791	11	21260268	21269807	placeholder
1	115219047	115226720	1	227722980	227730329	placeholder
3	29635480	29645612	3	180467160	180480272	placeholder
5	13953037	13967716	5	103869438	103882292	placeholder
3	153708633	153722086	3	51344867	51357124	placeholder
10	7979158	7980214	10	10706342	10707398	placeholder
2	31440124	31455602	2	234162013	234174389	placeholder
2	193499973	193502451	2	69981943	69983999	placeholder
3	91367155	91381700	3	112401523	112413789	placeholder
6	26756781	26757792	6	25342074	25343082	placeholder
2	65514418	65525927	2	196747113	196759912	placeholder
17	10936614	10939518	16	11989791	11994146	placeholder
1	41739249	41740284	1	305333561	305334627	placeholder
1	43130180	43131234	1	303734615	303735674	placeholder
6	45210897	45225296	6	46352906	46370043	placeholder
5	18069851	18071657	5	99523723	99527446	placeholder
12	17351071	17360706	12	23463683	23470472	placeholder
8	44019960	44041888	8	23029166	23042188	placeholder
1	241074763	241087590	1	102543390	102551252	placeholder
10	11607353	11673005	10	14085891	14104573	placeholder
1	52919816	52929393	1	292952117	292970220	placeholder
6	80636656	80654417	6	79215148	79227306	placeholder
1	107575401	107584405	1	235067471	235078704	placeholder
6	43123975	43124989	6	44003015	44004029	placeholder
4	23149425	23165175	4	23545339	23560598	placeholder
6	10340658	10348683	6	8330858	8339880	placeholder
5	31430278	31438997	5	85335935	85348011	placeholder
7	30950073	30951090	7	31143503	31144520	placeholder
6	94274749	94297383	6	96570410	96600838	placeholder
7	92448677	92454371	7	82800683	82807561	placeholder
14	1067489	1072517	14	1378316	1385592	placeholder
3	34606462	34616096	3	174737195	174750086	placeholder
6	113899	125887	6	197574	206835	placeholder
2	29978167	30001392	2	235780794	235803168	placeholder
6	48142383	48152762	6	49520500	49533032	placeholder
1	311773962	311778046	1	26593159	26603473	placeholder
1	334980758	335028448	1	4237420	4278597	placeholder
1	332339419	332417893	1	6496388	6507671	placeholder
14	13838678	13850408	14	18387074	18401633	placeholder
3	10201406	10226645	3	201041304	201057938	placeholder
3	123377319	123386776	3	84131707	84138748	placeholder
1	142142418	142150841	1	200838075	200852659	placeholder
12	11429861	11430905	12	14215050	14216094	placeholder
15	6499082	6506384	13	12963713	12971266	placeholder
8	40908888	40913919	8	20184264	20192715	placeholder
1	24947510	24957265	1	323202492	323211267	placeholder
5	21777201	21780650	5	95653302	95657470	placeholder
16	12837685	12839617	15	16827125	16829222	placeholder
1	48806835	48817831	1	297560622	297566414	placeholder
1	177219791	177220814	1	166160165	166161188	placeholder
1	215695383	215733238	1	129128892	129168367	placeholder
1	239348027	239362240	1	104356624	104365269	placeholder
19	269788	271723	18	29252	33014	placeholder
13	18379496	18381111	11	25236265	25237918	placeholder
1	301798784	301812911	1	36859293	36875586	placeholder
17	4468326	4476514	16	10470769	10474052	placeholder
6	68199933	68210861	6	70581812	70590431	placeholder
10	9019741	9034292	10	11707119	11717607	placeholder
6	85796610	85801274	6	83445741	83450794	placeholder
7	85093412	85121781	7	75085411	75107143	placeholder
6	40460725	40463178	6	41052652	41055956	placeholder
2	236743327	236756600	2	25021083	25029479	placeholder
10	6421558	6428193	10	9267094	9272915	placeholder
3	45424599	45447385	3	161978381	162016126	placeholder
6	80963915	80976890	6	79359154	79377865	placeholder
6	18265398	18266391	6	16033018	16034038	placeholder
2	59953119	59961933	2	202799245	202808129	placeholder
1	311739196	311750665	1	26631173	26639375	placeholder
2	177691433	177707665	2	86772446	86789807	placeholder
7	82004330	82011548	7	81163937	81174866	placeholder
1	36180669	36225900	1	311419637	311440689	placeholder
3	185021943	185031865	3	16471095	16483023	placeholder
2	150247392	150248997	2	115089813	115091145	placeholder
1	302021737	302045398	1	36571922	36613846	placeholder
3	179199049	179202984	3	22673142	22680778	placeholder
3	131022712	131030811	3	75974746	75984716	placeholder
1	63254576	63265150	1	281535754	281542230	placeholder
10	9001174	9006792	10	11689915	11696608	placeholder
3	126299235	126322880	3	81015682	81032699	placeholder
8	9471639	9477303	8	68354274	68358399	placeholder
5	58816304	58822278	5	55545536	55555223	placeholder
4	53143261	53144284	4	46179945	46180957	placeholder
6	48529315	48532129	6	49966677	49971547	placeholder
5	40625389	40632745	5	75184439	75194312	placeholder
16	6799455	6805076	15	11323647	11328318	placeholder
1	166655328	166663398	1	176161379	176169099	placeholder
13	16996488	17010329	11	23627384	23643589	placeholder
5	97516027	97604230	5	26780530	26879450	placeholder
1	177055086	177056097	1	166303743	166304754	placeholder
2	215469359	215485677	2	46890069	46913832	placeholder
2	156003969	156013292	2	109115832	109124310	placeholder
1	198330841	198427605	1	146058986	146173806	placeholder
6	60592461	60616584	6	62807572	62834935	placeholder
8	23434267	23444860	8	54367692	54375559	placeholder
4	57600660	57601671	4	49237870	49238881	placeholder
1	335940169	335947598	1	3459930	3464952	placeholder
15	15305426	15310955	13	2391682	2398862	placeholder
2	190026298	190046905	2	73540096	73571905	placeholder
7	46562417	46577740	7	45408263	45420198	placeholder
12	417825	421254	12	525626	529523	placeholder
6	26714190	26715198	6	25288826	25289834	placeholder
3	119432198	119441271	3	88265748	88280097	placeholder
3	82000186	82011624	3	122001834	122011957	placeholder
2	97227252	97228263	2	166706167	166707178	placeholder
19	4389416	4395881	18	2862502	2868280	placeholder
1	96023668	96030340	1	247204331	247215994	placeholder
10	8634194	8645957	10	11319474	11333662	placeholder
3	99964448	99990170	3	107747583	107767061	placeholder
10	3107957	3143016	10	5681682	5710742	placeholder
3	10376394	10383208	3	200919024	200925839	placeholder
3	196142225	196143230	3	5668151	5669147	placeholder
3	134478656	134495571	3	72438362	72456649	placeholder
15	3521919	3527178	13	16944034	16953481	placeholder
6	48062593	48083886	6	49429131	49450150	placeholder
7	25968736	25977768	7	26257793	26266889	placeholder
1	66104448	66113669	1	278259225	278270263	placeholder
3	127432890	127441699	3	79617028	79626999	placeholder
1	257105049	257111603	1	85933956	85940125	placeholder
4	70513076	70646611	4	61123494	61174495	placeholder
6	45446264	45450552	6	46584954	46588623	placeholder
5	22630984	22631989	5	94735749	94736754	placeholder
3	35023569	35032019	3	174265292	174276711	placeholder
7	80788133	80806299	7	79971994	79984594	placeholder
12	13265518	13275612	12	16215442	16224963	placeholder
11	22739175	22747703	9	344594	346846	placeholder
6	45476737	45484572	6	46616911	46625594	placeholder
2	33105203	33110394	2	232320693	232393206	placeholder
6	71953692	71963230	6	74140236	74150954	placeholder
15	10978212	10987968	13	7807998	7815499	placeholder
14	1622077	1623076	14	2147151	2148150	placeholder
13	15758635	15766412	11	22217340	22228901	placeholder
2	94404702	94412044	2	170212501	170226617	placeholder
16	7665985	7670494	15	10229025	10235367	placeholder
2	215072870	215081627	2	47322984	47327950	placeholder
1	71786686	71929521	1	272332232	272512138	placeholder
1	215580216	215588672	1	129305396	129314342	placeholder
8	38251932	38286341	8	49533721	49586331	placeholder
1	17881551	17887590	1	330070121	330097778	placeholder
7	74360800	74381073	7	61789529	61809143	placeholder
2	154625358	154642439	2	110572075	110589102	placeholder
2	152806093	152807089	2	112450044	112451040	placeholder
2	99466194	99482470	2	164491266	164505052	placeholder
3	15817555	15823516	3	195936307	195942583	placeholder
1	311754508	311762199	1	26617144	26627532	placeholder
2	59228271	59244585	3	71225127	71242986	placeholder
7	39920602	39950738	7	39892527	39927460	placeholder
3	71159361	71160357	3	133566329	133567325	placeholder
5	94963732	94990436	5	29324154	29349728	placeholder
1	332545097	332545961	1	6348345	6349209	placeholder
4	96535076	96544445	4	81058451	81077200	placeholder
2	222434095	222439839	2	39730399	39735389	placeholder
2	64714528	64727374	2	197597971	197610038	placeholder
1	246362746	246375312	1	97171139	97184084	placeholder
3	147481140	147491566	3	58154940	58163563	placeholder
3	179095038	179126174	3	22742428	22756462	placeholder
8	19264187	19271602	8	58850337	58860626	placeholder
8	59623501	59720428	8	34832261	34886283	placeholder
11	12387946	12392991	9	11188950	11192571	placeholder
1	69953916	69963537	1	274298884	274310705	placeholder
4	64250360	64260216	4	55723574	55737064	placeholder
13	2924971	2930390	11	6294822	6301181	placeholder
1	293908991	293913669	1	45869550	45874569	placeholder
1	148428908	148429898	1	194866578	194867568	placeholder
6	91359143	91373926	6	99658541	99671784	placeholder
2	84744929	84770055	2	179010008	179030415	placeholder
3	132711035	132717901	3	74331807	74342534	placeholder
2	120330037	120331024	2	143499349	143500336	placeholder
8	51820274	51838115	8	29976159	29988809	placeholder
2	34867920	34871732	2	230507252	230511412	placeholder
5	92499893	92532502	5	31752682	31779144	placeholder
3	160946859	160987000	3	43272532	43315843	placeholder
6	52985988	52998077	6	54622157	54682861	placeholder
3	126790650	126792297	3	80328485	80330074	placeholder
3	172445741	172456238	3	30141063	30149235	placeholder
8	48525711	48569928	8	27054138	27083680	placeholder
1	274144535	274156679	1	67840255	67849612	placeholder
16	7227402	7242107	15	10738270	10758787	placeholder
3	119347024	119356910	3	88369070	88385376	placeholder
3	169446630	169452803	3	33462729	33470294	placeholder
1	22903176	22905372	1	325346890	325350304	placeholder
2	33377753	33392644	2	231942669	231958122	placeholder
1	55347149	55400678	1	290245715	290305113	placeholder
6	88269513	88289152	6	86188182	86199596	placeholder
1	104450761	104456803	1	238645709	238654527	placeholder
4	23363527	23366401	4	23429966	23433187	placeholder
16	2514259	2523986	15	2524033	2540747	placeholder
1	12049101	12061974	1	335260821	335272587	placeholder
4	99374311	99390487	4	83898141	83910316	placeholder
17	4671641	4675810	16	10307735	10311262	placeholder
1	48687679	48700814	1	297703811	297718545	placeholder
12	11380850	11381783	12	14165031	14165964	placeholder
5	3498002	3498959	5	113906295	113907261	placeholder
17	8077435	8081002	16	5435905	5443305	placeholder
7	22154035	22171499	7	22476271	22492395	placeholder
4	17270867	17299256	4	14404321	14429112	placeholder
5	18900991	18918557	5	98639724	98658240	placeholder
1	11727876	11744240	1	335573717	335584768	placeholder
3	98099868	98100693	3	108892753	108893581	placeholder
1	199249441	199253659	1	145511972	145515581	placeholder
6	60252237	60261588	6	62458614	62466814	placeholder
7	58593933	58618025	7	51858433	51871177	placeholder
2	76096608	76111979	2	185757293	185769670	placeholder
6	26767234	26797119	6	25354979	25355921	placeholder
3	94443798	94482740	3	110246777	110261199	placeholder
1	149672	155534	1	343362914	343371206	placeholder
3	51177085	51178060	3	155410539	155411514	placeholder
1	314390842	314398302	1	23786146	23798250	placeholder
2	174997999	175006219	2	89627488	89635848	placeholder
1	150441371	150483117	1	192756477	192795361	placeholder
3	148888426	148894060	3	56575104	56582159	placeholder
6	33159067	33175965	6	32835689	32857438	placeholder
2	222363462	222366450	2	39796994	39800235	placeholder
13	2243892	2246984	11	5153068	5170222	placeholder
6	46547831	46617732	6	47781282	47869024	placeholder
13	12874237	12877062	11	18865234	18867203	placeholder
3	89851761	89854122	3	113720716	113726489	placeholder
15	3624575	3630448	13	16801634	16810158	placeholder
8	30025396	30036760	8	40944113	40955485	placeholder
2	91871230	91882399	2	172765659	172785565	placeholder
15	15798952	15806293	13	1731876	1742167	placeholder
2	199763133	199767804	2	63595047	63599121	placeholder
7	20911338	20935409	7	21124520	21157905	placeholder
1	225156754	225193736	1	119148389	119201456	placeholder
5	94056574	94076334	5	30195716	30222146	placeholder
7	30501244	30516615	7	30698851	30726334	placeholder
19	829217	832626	18	8514237	8524660	placeholder
3	141419523	141468921	3	64828847	65002301	placeholder
3	153507475	153528272	3	51573272	51593313	placeholder
17	10166811	10181895	16	3014141	3049609	placeholder
16	2034870	2040464	15	2081835	2087663	placeholder
7	31709098	31721617	7	31969330	31980931	placeholder
2	104966617	104996491	2	158056412	158074852	placeholder
5	97525550	97526501	5	26871102	26872053	placeholder
11	22519435	22523265	9	588966	593401	placeholder
6	48537921	48539978	6	49976322	49978883	placeholder
3	91703783	91751360	3	112246442	112276225	placeholder
2	217206043	217299946	2	44946901	45045034	placeholder
2	2823163	2849783	2	257091304	257114784	placeholder
4	26385379	26393306	4	21052903	21058005	placeholder
1	28124513	28151774	1	319816264	319850584	placeholder
1	121908789	121913597	1	220924694	220929650	placeholder
16	11072844	11076446	15	14571217	14576418	placeholder
19	4474789	4478947	18	2783512	2788982	placeholder
3	17334551	17407264	3	194577118	194641372	placeholder
4	4675358	4680752	4	3541308	3545268	placeholder
19	2837316	2856557	18	4036498	4057597	placeholder
2	101819937	101830245	2	162070137	162078808	placeholder
2	152024709	152031327	2	113359136	113368007	placeholder
1	272334026	272337620	1	70000876	70003633	placeholder
7	3763048	3779418	7	7671939	7687316	placeholder
3	141942355	141959035	3	64344291	64349916	placeholder
1	184800152	184801109	1	160019760	160020717	placeholder
1	257043414	257056255	1	85998132	86011597	placeholder
3	79962025	79969244	3	124173936	124180177	placeholder
15	11609747	11618912	13	7120104	7139138	placeholder
1	144511717	144549675	1	198693731	198728610	placeholder
1	317795713	317812693	1	20237541	20253132	placeholder
8	49388035	49404591	8	27783919	27792359	placeholder
1	69852085	69863721	1	274410950	274424865	placeholder
4	37394578	37398648	4	31695457	31698717	placeholder
3	69648377	69668230	3	135086537	135116243	placeholder
5	108115640	108133694	5	24028002	24060825	placeholder
2	155167769	155174808	2	109973225	109979666	placeholder
14	3870911	3884291	14	5108291	5121685	placeholder
1	287745968	287758239	1	52783644	52794856	placeholder
3	65819961	65906645	3	139014227	139106795	placeholder
6	48513056	48514975	6	49945999	49948182	placeholder
15	14877942	14884938	13	3713123	3717252	placeholder
1	340059424	340068864	1	597198	607082	placeholder
10	10108212	10125620	10	12747412	12769046	placeholder
3	119133293	119142106	3	88645422	88658121	placeholder
10	14476890	14486215	10	15341730	15349515	placeholder
15	7946286	7955549	13	11089426	11097143	placeholder
1	41279587	41294517	1	305833901	305847102	placeholder
12	8111226	8125959	12	10723195	10736325	placeholder
3	182323002	182344915	3	19251854	19265887	placeholder
16	4663984	4695482	15	13499839	13522220	placeholder
2	21470521	21476403	2	245343121	245351600	placeholder
1	121492982	121513649	1	221334643	221349785	placeholder
2	137513682	137537845	2	130792932	130818555	placeholder
3	186156678	186157644	3	15204631	15205594	placeholder
3	147836535	147850924	3	57755975	57769892	placeholder
1	227733392	227744622	1	116420739	116430038	placeholder
8	28814723	28819444	8	39650696	39654883	placeholder
1	164369013	164387476	1	178550420	178579638	placeholder
7	37778918	37798059	7	37863907	37888868	placeholder
10	1405811	1410656	10	810373	817116	placeholder
15	13837458	13847179	13	4956535	4963483	placeholder
3	63020543	63034800	3	142276746	142294974	placeholder
5	122563566	122580856	5	13309390	13357750	placeholder
16	11156062	11158103	15	14466608	14468530	placeholder
3	125142861	125167978	3	82153993	82182845	placeholder
1	221882984	221902693	1	122736835	122752598	placeholder
5	13198921	13209069	5	109424418	109435861	placeholder
5	2974603	2985468	5	114435842	114443694	placeholder
6	71592159	71593104	6	73825097	73826042	placeholder
5	82056582	82064033	5	39319756	39325664	placeholder
10	298389	301813	10	2816238	2826717	placeholder
2	11752417	11764056	2	265435854	265448323	placeholder
6	35104468	35130549	6	34895423	34911810	placeholder
1	292731010	292744256	1	47210850	47226015	placeholder
1	14125200	14137674	1	333474993	333483881	placeholder
1	313567755	313577900	1	24650145	24663123	placeholder
3	2605286	2626636	3	207651927	207667956	placeholder
5	56788980	56826916	5	57683892	57734843	placeholder
1	233800614	233818295	1	110256456	110274019	placeholder
4	84622798	84629302	4	70026922	70038603	placeholder
1	323533029	323534405	1	14664170	14666814	placeholder
6	26490304	26491246	6	25056865	25057807	placeholder
8	13828119	13834483	8	64327429	64332637	placeholder
6	85705415	85727789	6	83361538	83380384	placeholder
1	101633646	101641005	1	241485881	241494808	placeholder
1	71679862	71684213	1	272613701	272618800	placeholder
5	107887894	107888836	5	23770165	23771107	placeholder
16	10043039	10046825	15	6225148	6232825	placeholder
1	15592279	15604451	1	332193244	332205734	placeholder
2	104042525	104059359	2	159630980	159654253	placeholder
15	8695926	8710301	13	10251594	10264165	placeholder
15	4451449	4469383	13	15499636	15518290	placeholder
2	86800470	86833265	2	177329028	177349765	placeholder
14	2546099	2552067	14	3441290	3450880	placeholder
3	49925440	49934898	3	156811409	156826535	placeholder
5	82528919	82535125	5	39074505	39080130	placeholder
12	1652769	1656295	12	2195604	2200217	placeholder
2	186547442	186579677	2	77374224	77426025	placeholder
2	18283311	18295325	2	248651333	248665780	placeholder
12	4418644	4429502	12	6041146	6054546	placeholder
3	139030504	139031446	3	67464656	67465598	placeholder
2	104067627	104078661	2	159610903	159624536	placeholder
1	214774649	214785046	1	130208297	130224083	placeholder
18	659655	663393	17	10943960	10949282	placeholder
4	70131447	70147180	4	60459429	60474876	placeholder
2	205187647	205204276	2	57948008	57967457	placeholder
8	41180666	41206715	8	20453805	20478874	placeholder
12	15293995	15296354	12	18260828	18262725	placeholder
16	1599566	1610956	15	1616336	1626181	placeholder
2	32893468	32901883	2	232555337	232563053	placeholder
4	8620652	8640261	4	6251148	6272631	placeholder
4	82413763	82426076	4	71587935	71608159	placeholder
1	13630224	13639966	1	333886560	333896673	placeholder
13	1732697	1741356	11	3967746	3976969	placeholder
1	94721140	94731038	1	248540564	248550999	placeholder
2	30103829	30130485	2	235649785	235673682	placeholder
1	61861450	61874189	1	283126530	283136798	placeholder
3	94801863	94802799	3	110144949	110145885	placeholder
2	37061664	37073579	2	228168273	228184156	placeholder
3	142635885	142642822	3	63602083	63610212	placeholder
3	45126652	45141829	3	162372359	162384720	placeholder
16	7539106	7548036	15	10372145	10382621	placeholder
6	65615466	65632840	6	67941248	67966107	placeholder
3	141483280	141488786	3	64808753	64816581	placeholder
16	11215413	11218082	15	14626693	14630438	placeholder
2	155865948	155902677	2	109218945	109264699	placeholder
2	153879467	153891812	2	111299415	111315468	placeholder
2	182792656	182800050	2	81295036	81302990	placeholder
3	135474273	135485518	3	71379632	71390637	placeholder
14	6719342	6740259	14	8750884	8790937	placeholder
1	156246797	156253137	1	186777833	186785201	placeholder
1	324298228	324311674	1	13932651	13943058	placeholder
4	55056982	55070409	4	51633194	51645323	placeholder
1	27365871	27372522	1	320699058	320704568	placeholder
1	302294552	302302252	1	36238989	36246420	placeholder
5	92281210	92319137	5	31988282	32023693	placeholder
3	177031604	177032585	3	24831842	24832811	placeholder
3	51088470	51098062	3	155481656	155493572	placeholder
15	8829368	8833665	13	10087385	10091161	placeholder
6	43228006	43249193	6	44118098	44143564	placeholder
3	105487727	105504020	3	102497760	102511860	placeholder
13	1658227	1664196	11	3849534	3857317	placeholder
3	24389512	24422317	3	186691911	186723585	placeholder
3	20679431	20680349	3	190991215	190992145	placeholder
8	22037766	22051484	8	55821525	55839850	placeholder
1	33354425	33472724	1	314213810	314262042	placeholder
1	121545686	121546607	1	221297331	221298252	placeholder
1	195297942	195308820	1	149103571	149111846	placeholder
14	3731889	3737295	14	4941094	4946657	placeholder
3	160639541	160645780	3	43615936	43625428	placeholder
1	27966154	28090505	1	319911540	320056404	placeholder
3	201427806	201471143	4	65098579	65137502	placeholder
8	54922949	54991038	8	3218419	3255137	placeholder
16	7806978	7812998	15	10061031	10065567	placeholder
10	8994439	8998852	10	11682081	11686476	placeholder
3	62041679	62052045	3	143593700	143606440	placeholder
1	68676045	68692101	1	275673468	275689126	placeholder
1	289180686	289190944	1	51133876	51150619	placeholder
1	63373764	63403644	1	281387796	281417344	placeholder
3	159976874	159985553	3	44362275	44371179	placeholder
1	124214390	124224961	1	218549767	218566100	placeholder
3	189513228	189514140	3	11734346	11735264	placeholder
14	336453	338778	14	374465	376922	placeholder
10	805704	807885	10	3617624	3621620	placeholder
2	126771460	126773979	2	137948063	137950420	placeholder
11	22770616	22772916	9	297916	305183	placeholder
1	276224083	276235439	1	65565684	65578303	placeholder
3	31300980	31301889	3	178595481	178596387	placeholder
1	36056342	36066725	1	311500753	311512904	placeholder
7	8457513	8472566	7	2795818	2834424	placeholder
14	5390029	5392411	14	7115975	7118326	placeholder
2	182132373	182133261	2	81972096	81972987	placeholder
2	100256038	100266185	2	163684607	163692722	placeholder
12	14838725	14843475	12	17963948	17966843	placeholder
5	30969792	30995175	5	85736519	85762762	placeholder
4	74321715	74322618	4	62823650	62824550	placeholder
1	259113679	259117601	1	83771156	83773899	placeholder
6	38534346	38539448	6	39057043	39064000	placeholder
14	12784717	12793065	14	16458159	16472995	placeholder
1	51271444	51293521	1	294879288	294902893	placeholder
7	30904032	30912490	7	31100785	31108841	placeholder
1	258637818	258644559	1	84301766	84307780	placeholder
3	168881849	168889416	3	34124508	34135904	placeholder
17	8622770	8625967	16	6180191	6184225	placeholder
10	9590942	9591821	10	12243868	12244747	placeholder
8	48898159	48917381	8	27349730	27372984	placeholder
6	1489671	1523508	6	1647947	1674701	placeholder
3	154025595	154040479	3	50963860	50982111	placeholder
10	16559312	16572061	10	16951368	16964201	placeholder
5	36229103	36241061	5	80045447	80063765	placeholder
1	239597428	239613525	1	104098618	104116644	placeholder
2	28693817	28705324	2	237297427	237308338	placeholder
15	7243547	7258702	13	12077271	12089714	placeholder
6	90809904	90821646	6	100136097	100144418	placeholder
3	141656682	141664134	3	64643423	64651453	placeholder
3	161145744	161147918	3	43098089	43100201	placeholder
1	299206745	299248879	1	39661017	39704766	placeholder
3	37935328	37948512	3	170844539	170858694	placeholder
12	9318350	9319265	12	11991744	11992659	placeholder
1	53464921	53467932	1	292373018	292375907	placeholder
3	98656478	98668829	3	108619371	108625290	placeholder
8	48050796	48065468	8	26601081	26615912	placeholder
14	16730789	16739389	14	17223372	17229082	placeholder
19	7205815	7215199	18	1566766	1570980	placeholder
1	63987933	63994024	1	280672153	280685455	placeholder
3	51192279	51193173	3	155387965	155388859	placeholder
1	253998669	254022257	1	89319036	89344267	placeholder
2	219842510	219848119	2	42483343	42487304	placeholder
16	2171687	2183856	15	2214102	2222528	placeholder
3	156999424	157008551	3	47651464	47658084	placeholder
1	233842059	233858179	1	110236511	110240615	placeholder
19	1248471	1253320	18	7137031	7150629	placeholder
1	115872850	115886494	1	227114193	227126595	placeholder
1	195725915	195736238	1	148723381	148734007	placeholder
2	73961960	73976454	2	187959471	187971299	placeholder
5	69797733	69853268	5	45648651	45696788	placeholder
1	116729582	116740120	1	226251434	226263346	placeholder
3	44029873	44035617	3	163640383	163646449	placeholder
2	192072143	192084492	2	71534024	71545546	placeholder
4	82214165	82226647	4	71726195	71735590	placeholder
1	64064259	64065051	1	280591875	280592661	placeholder
1	116548997	116553394	1	226438233	226444351	placeholder
14	13453037	13483032	14	15556218	15582036	placeholder
14	6490429	6495376	14	8453212	8458803	placeholder
3	186825677	186847069	3	14463515	14485250	placeholder
2	152011920	152012820	2	113390955	113391858	placeholder
5	109130339	109133803	5	180334	182394	placeholder
2	98247086	98253857	2	165647944	165655426	placeholder
3	147191074	147235651	3	58420590	58470227	placeholder
3	1802393	1814558	3	208349525	208358022	placeholder
12	17471151	17511633	12	23224285	23280081	placeholder
2	141642582	141656661	2	123347592	123366261	placeholder
17	3069160	3075355	16	11460693	11463287	placeholder
3	197530097	197538082	3	4421219	4426511	placeholder
17	9529587	9532221	16	4464653	4472467	placeholder
1	269941830	269943612	1	72488758	72490683	placeholder
1	138347527	138362693	1	204552902	204560988	placeholder
7	6312509	6320160	7	4916712	4926125	placeholder
1	153890669	153908381	1	189118915	189131590	placeholder
8	24570268	24594920	8	53144387	53165716	placeholder
11	8316991	8324157	9	15281574	15287673	placeholder
1	56722420	56723320	1	288762049	288762952	placeholder
1	274508300	274514686	1	67420976	67429215	placeholder
1	169200022	169266649	1	173593370	173677051	placeholder
1	202598687	202599560	1	142219244	142220105	placeholder
2	25533048	25542415	2	240806924	240825520	placeholder
2	18265919	18272655	2	248676195	248690548	placeholder
7	2582891	2595838	7	8424645	8431566	placeholder
1	257144325	257160403	1	85882904	85900507	placeholder
1	102545557	102563787	1	240495524	240520967	placeholder
3	48554490	48555384	3	158481506	158482400	placeholder
11	12557737	12561263	9	11023280	11027321	placeholder
8	22606094	22614125	8	55267843	55279264	placeholder
1	98491722	98497212	1	244621249	244626177	placeholder
2	167951333	167972473	2	96766541	96784529	placeholder
1	285003644	285004535	1	55923204	55924095	placeholder
16	11899647	11911538	15	15506378	15519692	placeholder
3	37424175	37432021	3	171515159	171522195	placeholder
19	5338339	5345652	18	2036955	2041097	placeholder
19	5461109	5463039	18	1941712	1943580	placeholder
2	8700272	8798173	2	262763303	262774686	placeholder
12	8361177	8363588	12	10987002	10988953	placeholder
1	187074360	187083196	1	157740261	157750718	placeholder
4	55036367	55039935	4	51652180	51656298	placeholder
6	1125099	1153463	6	1317589	1331798	placeholder
14	15080029	15094819	14	18633940	18648194	placeholder
4	38904472	38925812	4	33093144	33106546	placeholder
1	238839123	238849542	1	104908369	104918754	placeholder
1	194990387	195006042	1	149413972	149423508	placeholder
1	34707649	34708534	1	312968612	312969497	placeholder
2	169697580	169702537	2	95069111	95074286	placeholder
2	18948703	18960143	2	247962989	247974737	placeholder
17	6459442	6471181	16	8572981	8582646	placeholder
1	214918479	214935673	1	129950384	129968876	placeholder
3	94212603	94213455	3	110309153	110310005	placeholder
7	29130364	29142922	7	29324376	29335652	placeholder
1	50404155	50409130	1	295732982	295740411	placeholder
1	281347005	281359181	1	60084829	60097732	placeholder
17	8196851	8201116	16	5589424	5593531	placeholder
1	192757757	192769849	1	151660759	151669650	placeholder
1	193436955	193447570	1	150884118	150895755	placeholder
5	69036122	69054615	5	46310096	46359583	placeholder
1	64785259	64796625	1	279791673	279799293	placeholder
4	51164164	51169535	4	44416507	44422834	placeholder
1	224964945	224989821	1	119353923	119371505	placeholder
2	208938691	209015672	2	53990872	54050706	placeholder
15	13928487	13940701	13	4852088	4861944	placeholder
8	76054681	76079630	8	14102953	14145587	placeholder
3	153399497	153416303	3	51686898	51704581	placeholder
5	46764623	46772155	5	68165136	68176908	placeholder
3	25732166	25736330	3	185163598	185178137	placeholder
2	207650944	207663239	2	55428810	55443034	placeholder
3	63642884	63653336	3	141558635	141570009	placeholder
4	119628464	119636862	4	104875858	104880174	placeholder
3	100068641	100072049	3	107681829	107684362	placeholder
2	22475030	22484261	2	244292342	244298307	placeholder
19	224084	224975	18	10104749	10105664	placeholder
13	13758293	13766618	11	19972726	19984867	placeholder
1	71419570	71430767	1	272904404	272917052	placeholder
2	215428801	215442696	2	46961906	46977639	placeholder
1	207170940	207187765	1	138018407	138036897	placeholder
1	283509210	283551242	1	57638622	57681848	placeholder
2	8911911	8936038	2	262889001	262907748	placeholder
19	80743	83638	18	9768607	9773085	placeholder
7	27999693	28012565	7	28204647	28224821	placeholder
5	68350783	68360219	5	46926104	46933599	placeholder
3	61708029	61735276	3	143814484	143857072	placeholder
5	50227586	50230754	5	64381844	64384309	placeholder
3	202903178	202906836	3	303039	307992	placeholder
6	81185630	81224383	6	79501927	79519536	placeholder
5	37380061	37380940	5	78775478	78776357	placeholder
1	226319786	226322115	1	117992225	117999121	placeholder
6	24977235	24983952	6	23336670	23341793	placeholder
1	53801186	53808430	1	291996100	292007849	placeholder
12	9031999	9037567	12	11698612	11704356	placeholder
1	257309801	257322769	1	85709641	85718387	placeholder
12	4397666	4402933	12	6018369	6023817	placeholder
17	4122556	4127757	16	10736613	10739169	placeholder
14	10207303	10219373	14	12632096	12640183	placeholder
18	9348056	9348860	17	546342	547155	placeholder
5	39259869	39270425	5	76451890	76467641	placeholder
6	16886085	16907394	6	14692663	14712897	placeholder
1	131988055	132010362	1	210786427	210805712	placeholder
6	89181616	89188838	6	87237437	87243896	placeholder
1	268348600	268362906	1	74160592	74174816	placeholder
6	12889795	12899786	6	10962974	10975461	placeholder
2	97289388	97323679	2	166589450	166628431	placeholder
1	265268174	265285136	1	77354396	77384246	placeholder
12	10114266	10124525	12	12859537	12866138	placeholder
1	25288528	25293982	1	322832256	322836894	placeholder
1	49401635	49416134	1	296899345	296906569	placeholder
1	150193679	150203047	1	193063532	193067241	placeholder
19	2110888	2113774	18	5968767	5972239	placeholder
1	319558202	319564842	1	18550218	18554691	placeholder
1	26170786	26178960	1	321953054	321961037	placeholder
15	11815975	11822204	13	6888754	6894681	placeholder
7	14137997	14149147	7	14541145	14547943	placeholder
8	55327899	55353461	8	3105683	3112121	placeholder
19	4614832	4619523	18	2649285	2652007	placeholder
2	194804017	194977216	2	68395621	68584425	placeholder
16	12251298	12253216	15	15977939	15980173	placeholder
6	85821213	85832662	6	83462099	83471662	placeholder
1	194892286	194897795	1	149505025	149512821	placeholder
18	8524843	8546272	17	1502527	1512888	placeholder
1	254741484	254742348	1	88497529	88498393	placeholder
4	89849200	89866806	4	75010942	75017813	placeholder
1	73176751	73186162	1	270912344	270921940	placeholder
11	18850891	18854159	9	4607097	4611527	placeholder
1	165481809	165493405	1	177450770	177460985	placeholder
1	287728898	287731961	1	52816890	52823171	placeholder
3	156906888	156911165	3	47778093	47783339	placeholder
15	16678785	16687782	13	587146	597112	placeholder
5	99744196	99758457	5	14844262	14856363	placeholder
2	207667909	207676090	2	55406767	55424327	placeholder
1	211793548	211799708	1	133263592	133269794	placeholder
2	97826616	97827474	2	166097153	166098011	placeholder
1	92855404	92877105	1	250415674	250443762	placeholder
6	84882667	84893085	6	80242344	80258729	placeholder
1	319354887	319362939	1	18770332	18779655	placeholder
2	89832874	89865248	2	174720346	174761338	placeholder
16	8077546	8082426	15	9699484	9709816	placeholder
1	261844406	261845264	1	81052253	81095766	placeholder
14	8207536	8217960	14	10557305	10572328	placeholder
1	61673109	61687240	1	283293161	283312694	placeholder
1	88472720	88476126	1	255139651	255144000	placeholder
10	7938831	7949914	10	10670146	10682629	placeholder
2	199317794	199326674	2	64052676	64061634	placeholder
3	68068687	68083691	3	136853548	136867214	placeholder
4	58287057	58315955	4	48612406	48623307	placeholder
1	223400365	223405759	1	121028027	121037634	placeholder
1	69660684	69678740	1	274627728	274645428	placeholder
13	1668403	1675124	11	3863015	3872896	placeholder
2	185787637	185789688	2	78268943	78271270	placeholder
1	295461490	295499022	1	43976998	44003528	placeholder
1	87683757	87697409	1	255999074	256014792	placeholder
1	53171958	53190608	1	292657348	292668315	placeholder
6	59442253	59450323	6	61408495	61417228	placeholder
3	148005459	148007004	3	57629772	57636263	placeholder
1	276994812	276998550	1	64810096	64816060	placeholder
3	119046249	119078625	3	88715691	88747851	placeholder
7	9014680	9028964	7	9432097	9454019	placeholder
7	80722813	80741705	7	79895277	79916063	placeholder
2	100379433	100393837	2	163561433	163574559	placeholder
2	126799428	126801676	2	137922775	137924908	placeholder
2	15390910	15398178	2	251679369	251690006	placeholder
4	42487466	42503701	4	36522513	36541462	placeholder
10	5322758	5327764	10	8168632	8173374	placeholder
16	11435811	11438545	15	14941288	14944570	placeholder
2	76957364	76973634	2	185001504	185019058	placeholder
19	5611251	5613803	18	279798	282434	placeholder
14	5035577	5039948	14	6691240	6695829	placeholder
3	103231650	103239597	3	104831287	104837394	placeholder
1	31053813	31054665	1	316763215	316764067	placeholder
3	40899701	40932452	3	167264329	167295555	placeholder
17	2250934	2255267	16	1524103	1526392	placeholder
11	15157781	15165510	9	8390880	8405211	placeholder
6	76203661	76233911	6	77139316	77159403	placeholder
1	6557554	6567057	1	339778367	339784012	placeholder
19	333186	336380	18	74841	78905	placeholder
5	31957318	31967013	5	84723283	84735078	placeholder
3	50472232	50481034	3	156150998	156159841	placeholder
8	44083195	44092397	8	23066922	23075111	placeholder
2	100320966	100328681	2	163616533	163624311	placeholder
11	8475153	8481049	9	15110550	15119827	placeholder
7	70475989	70515393	7	58164671	58205686	placeholder
1	8722367	8763204	1	338002766	338013066	placeholder
1	340579600	340589603	1	54940	69169	placeholder
3	150231919	150240488	3	55263185	55273508	placeholder
1	49090090	49103329	1	297225609	297241199	placeholder
8	44452280	44455259	8	23413657	23416038	placeholder
3	14154856	14165120	3	197535699	197547098	placeholder
5	94010238	94015502	5	30269226	30273779	placeholder
2	158393782	158394406	2	106708959	106709583	placeholder
4	53231249	53248016	4	46240462	46254040	placeholder
3	64534972	64544898	3	140530344	140540871	placeholder
6	93898467	93909308	6	97141119	97150846	placeholder
2	12300639	12312436	2	265810491	265819606	placeholder
2	226021126	226089532	2	36002870	36050657	placeholder
2	160856716	160880936	2	103942392	103967254	placeholder
14	16514005	16520638	14	17421123	17427346	placeholder
3	57118807	57147850	3	148754717	148788041	placeholder
2	31871776	31875803	2	233688070	233697334	placeholder
14	1445313	1447456	14	1893003	1895255	placeholder
4	93191241	93198507	4	78088832	78106240	placeholder
8	75330020	75339231	8	13164972	13173357	placeholder
6	99223327	99226167	6	100776766	100779289	placeholder
3	35040490	35054858	3	174232856	174249962	placeholder
16	12050693	12051503	15	15711770	15714362	placeholder
15	1460130	1465592	13	20403010	20412736	placeholder
3	66233328	66239918	3	138796690	138801888	placeholder
4	24446558	24447386	4	22437737	22438571	placeholder
12	584630	585467	12	747162	747999	placeholder
2	159633883	159645863	2	105301306	105310288	placeholder
1	337194032	337216063	1	2580487	2588511	placeholder
5	59054258	59068081	5	55249753	55260092	placeholder
6	36192078	36196198	6	36278206	36285091	placeholder
14	1242175	1244960	14	1613222	1617799	placeholder
2	32241488	32245485	2	233253498	233256496	placeholder
7	47659691	47660504	7	46199762	46200575	placeholder
10	16001659	16012408	10	16478169	16489001	placeholder
6	62301339	62307337	6	64543669	64551543	placeholder
10	10428399	10430480	10	13046121	13047752	placeholder
17	10734880	10738314	16	11801846	11805930	placeholder
8	49368224	49373582	8	27764923	27775098	placeholder
3	13144627	13145497	3	198498825	198499683	placeholder
5	1412073	1450046	5	115894521	115937154	placeholder
7	72249386	72250202	7	59797457	59798273	placeholder
7	38550743	38583893	7	38600133	38626190	placeholder
15	15693886	15712644	13	1861323	1884122	placeholder
4	32331641	32332445	4	27223895	27224708	placeholder
3	202734335	202740733	3	556394	561085	placeholder
3	10482896	10497758	3	200809795	200828873	placeholder
19	361721	365011	18	121032	125158	placeholder
8	38029180	38036778	8	49335000	49340956	placeholder
14	9733441	9756565	14	12197237	12210094	placeholder
2	18508678	18515240	2	248454340	248460871	placeholder
14	9620754	9621606	14	12060300	12061140	placeholder
3	16072733	16094258	3	195661969	195682367	placeholder
3	199171788	199190098	3	3142246	3151431	placeholder
6	70311337	70318933	6	72569380	72582501	placeholder
1	115679516	115686260	1	227293716	227297627	placeholder
8	76349326	76357359	8	14586915	14596872	placeholder
3	51125888	51133530	3	155443021	155454823	placeholder
1	237365545	237396932	1	106534790	106576402	placeholder
1	317159486	317191045	1	20935543	20965949	placeholder
2	216252706	216260225	2	46100971	46106724	placeholder
6	95282177	95307831	6	95230535	95252304	placeholder
4	33981601	33986652	4	28688152	28694993	placeholder
2	129567894	129585846	2	135153791	135170350	placeholder
13	711571	713925	11	1521358	1523927	placeholder
3	49527192	49538011	3	157351309	157368455	placeholder
6	72847179	72848007	6	75075945	75076776	placeholder
6	44858433	44861567	6	45906375	45909464	placeholder
17	2125357	2140485	2	11263627	11279256	placeholder
2	163305303	163390545	2	101368169	101478355	placeholder
14	4831418	4833734	14	6452982	6457187	placeholder
2	150997574	150999717	2	114396656	114398864	placeholder
17	10369657	10373524	16	2576751	2580876	placeholder
8	78955207	78961560	8	1576910	1584699	placeholder
3	167342435	167371330	3	35929426	35962804	placeholder
1	142118263	142124614	1	200878001	200886635	placeholder
6	1266697	1270821	6	1442584	1452251	placeholder
1	178268392	178271854	1	165188785	165192697	placeholder
2	240869385	240875968	2	20960484	20966074	placeholder
3	187292758	187301915	3	13934073	13944289	placeholder
11	219179	231491	9	26265341	26281830	placeholder
2	106016739	106030166	2	157286496	157342361	placeholder
1	22908179	22909007	1	325343638	325344466	placeholder
3	122826208	122862881	3	84682316	84705522	placeholder
1	178424222	178427669	1	165037930	165041606	placeholder
1	34766406	34770451	1	312899091	312903355	placeholder
6	23681373	23700502	6	21925036	21943097	placeholder
8	62417900	62472583	8	32267550	32319968	placeholder
4	21969591	21973580	4	18540184	18544885	placeholder
3	40179286	40181999	3	168134349	168137162	placeholder
4	6363320	6372653	4	5132924	5138120	placeholder
12	301006	304935	12	375805	379991	placeholder
1	318090156	318098825	1	19960098	19968223	placeholder
2	241466255	241487402	2	20250045	20268883	placeholder
6	31572528	31576764	6	31049463	31053131	placeholder
1	104368096	104398614	1	238719465	238744300	placeholder
6	22510653	22555382	6	20669244	20730894	placeholder
6	3222482	3242582	6	3166501	3178953	placeholder
10	11136651	11144432	10	13716077	13728821	placeholder
8	67442160	67451290	8	17636348	17642589	placeholder
3	120330781	120334766	3	87297806	87301951	placeholder
1	52533412	52596679	1	293298429	293375834	placeholder
1	36032237	36037826	1	311537126	311543716	placeholder
7	17486564	17492128	7	17823009	17827970	placeholder
6	61226730	61364743	6	63427093	63598207	placeholder
3	62847104	62877785	3	142594940	142657911	placeholder
3	61952450	61953263	3	143704085	143704898	placeholder
1	208667373	208682150	1	136450275	136469247	placeholder
2	236974860	236997731	2	24756345	24784550	placeholder
1	104618577	104628266	1	238444555	238454788	placeholder
2	200143860	200150933	2	63199972	63207034	placeholder
5	32052606	32066785	5	84638815	84651856	placeholder
15	14089309	14093707	13	4692133	4696745	placeholder
1	226188701	226221860	1	118096101	118127781	placeholder
4	76943826	77008791	4	64312861	64348234	placeholder
1	251522801	251568642	1	91671373	91713984	placeholder
7	17494320	17512618	7	17831986	17849111	placeholder
2	3300991	3310946	2	257471715	257473411	placeholder
1	313470792	313482485	1	24792153	24805652	placeholder
8	22657135	22679235	8	55207948	55226436	placeholder
3	67298402	67306292	3	137729945	137735980	placeholder
5	40947318	40952515	5	74831801	74834790	placeholder
17	9475873	9481164	16	4563733	4570145	placeholder
15	6148725	6154184	13	13359145	13365403	placeholder
3	15994668	16001382	3	195758483	195767336	placeholder
2	195304687	195315620	2	68010996	68022752	placeholder
2	97037993	97059033	2	167788189	167813687	placeholder
3	47595947	47598342	3	159668707	159671114	placeholder
6	62277019	62295533	6	64515789	64538673	placeholder
1	277972325	277974700	1	63746862	63748757	placeholder
2	191498295	191507330	2	72134991	72169382	placeholder
3	28762959	28770011	3	181523030	181530357	placeholder
13	10271083	10271890	11	16031389	16032196	placeholder
4	5930537	5963779	4	4467223	4492423	placeholder
13	7419475	7426028	11	12737057	12745959	placeholder
8	22254053	22313554	8	55574643	55629753	placeholder
5	31367810	31375888	5	85402875	85409660	placeholder
1	11781105	11799406	1	335518732	335540802	placeholder
8	76701902	76710293	8	812480	846111	placeholder
6	71016541	71034314	6	73238445	73255983	placeholder
1	249458028	249487122	1	93785853	93810937	placeholder
1	81063247	81067862	1	262731893	262735371	placeholder
4	98708621	98710938	4	83299760	83302233	placeholder
6	68040762	68163630	6	70408555	70542485	placeholder
17	2149170	2166597	16	1580797	1591646	placeholder
2	184933753	184935532	2	79139738	79141732	placeholder
2	190589678	190624297	2	72966090	73002749	placeholder
2	160127119	160132411	2	104781689	104786886	placeholder
3	37908290	37915933	3	170876367	170882374	placeholder
8	11144088	11160918	8	66805542	66818380	placeholder
17	10015948	10017796	16	2623598	2634311	placeholder
1	27115016	27122130	1	320953760	320961111	placeholder
7	50864174	50903716	7	47696112	47709368	placeholder
3	168519057	168536899	3	34547481	34558615	placeholder
16	1377895	1380509	15	1341647	1346482	placeholder
1	80525011	80542438	1	263285209	263299285	placeholder
15	3493631	3499096	13	16997890	17003892	placeholder
17	9847119	9849507	16	3801385	3806777	placeholder
8	49302252	49328278	8	27698300	27720201	placeholder
7	26101433	26103857	7	26403383	26405631	placeholder
12	17319478	17339336	12	23474851	23508160	placeholder
4	69913924	69954851	4	60353672	60361799	placeholder
17	11032907	11033699	16	12118801	12119599	placeholder
16	9386969	9391256	15	7481728	7488487	placeholder
14	7060443	7065364	14	9189865	9196375	placeholder
2	226101434	226102199	2	35989271	35990042	placeholder
4	9780398	9782105	4	7269433	7271179	placeholder
2	84049990	84050728	2	179635289	179636021	placeholder
2	129532754	129538076	2	135189852	135194682	placeholder
5	5487818	5492862	5	112044067	112053842	placeholder
3	32830483	32848615	3	176852023	176870858	placeholder
1	255366356	255393761	1	87795028	87820322	placeholder
4	82101492	82110494	4	71794405	71803750	placeholder
5	99301871	99307606	5	25026256	25029476	placeholder
3	28420127	28431937	3	181882109	181892993	placeholder
1	74651681	74686215	1	269164087	269200936	placeholder
1	25794889	25809798	1	322348508	322365217	placeholder
16	11042279	11043038	15	14616804	14617560	placeholder
2	33727580	33737460	2	231572265	231580633	placeholder
10	6283376	6296776	10	9129291	9136995	placeholder
1	51596797	51605799	1	294526309	294537049	placeholder
8	44525644	44526313	8	23485160	23485829	placeholder
3	159044633	159045422	3	45317531	45318380	placeholder
6	4179096	4198833	6	3996121	4005222	placeholder
2	51317079	51328272	2	211973416	211983862	placeholder
2	128176973	128183577	2	136481504	136487620	placeholder
8	11096794	11104635	8	66849905	66854938	placeholder
13	2705636	2710424	11	6002832	6012510	placeholder
5	20647869	20648658	5	96932892	96933678	placeholder
13	1479235	1490881	11	3460439	3481669	placeholder
3	200799305	200819571	3	1901522	1911299	placeholder
8	38837171	38864901	8	50164856	50204130	placeholder
10	7618070	7660576	10	10328209	10373454	placeholder
4	78031489	78037150	4	64905222	64908425	placeholder
1	239572300	239583146	1	104133471	104142298	placeholder
13	7564835	7570230	11	12904729	12913624	placeholder
1	152880150	152901618	1	190237823	190277162	placeholder
5	419600	425789	5	116916647	116921425	placeholder
1	292770892	292785058	1	47158007	47170816	placeholder
6	71967399	71983249	6	74154194	74174191	placeholder
3	120613146	120624580	3	86966393	86992900	placeholder
16	7151948	7156727	15	10856129	10859812	placeholder
1	126232140	126237010	1	216541389	216550296	placeholder
3	63537420	63545510	3	141679169	141687486	placeholder
17	8207204	8210759	16	5602525	5606264	placeholder
2	127968619	127974571	2	136674798	136684291	placeholder
3	27289407	27310453	3	183245980	183259084	placeholder
10	9013538	9016333	10	11701019	11704150	placeholder
5	86165063	86167974	5	36979747	36983172	placeholder
5	36370568	36376605	5	79902038	79906837	placeholder
6	98662098	98666984	6	90378687	90390046	placeholder
7	64066882	64121463	7	55381669	55441535	placeholder
19	154746	155935	18	9980921	9983136	placeholder
3	173517467	173524569	3	28863514	28874837	placeholder
2	199947706	199959287	2	63386609	63399586	placeholder
8	19664213	19682718	8	58405011	58419758	placeholder
15	13736575	13744051	13	5060591	5066482	placeholder
14	15795426	15799596	14	20041132	20045021	placeholder
17	9955066	9958290	16	3542556	3555008	placeholder
3	50648363	50656778	3	155910249	155920126	placeholder
2	247707900	247720483	2	15401842	15411308	placeholder
18	9668407	9674040	17	73093	79813	placeholder
1	191921613	191929563	1	152571309	152581103	placeholder
19	2994619	3004044	18	4200885	4211812	placeholder
5	56422293	56427023	5	58152894	58157081	placeholder
2	21461974	21467661	2	245356969	245368302	placeholder
1	195844793	195856504	1	148568847	148586967	placeholder
5	26719362	26736431	5	90277340	90292706	placeholder
4	91750572	91751352	4	76745934	76746714	placeholder
1	199863926	199867354	1	144907120	144911210	placeholder
1	68487294	68496616	1	275830253	275840019	placeholder
3	28658183	28675400	3	181621095	181636816	placeholder
17	10505894	10510309	16	11491151	11496881	placeholder
1	16134541	16150103	1	331683479	331696334	placeholder
2	2377968	2392987	2	256712095	256721335	placeholder
19	855269	856461	18	8480266	8489186	placeholder
19	7196561	7200345	18	1560476	1563114	placeholder
5	120603322	120607312	5	10502888	10510193	placeholder
16	11350294	11353897	15	14816630	14820656	placeholder
2	203325022	203331644	2	59987101	59988306	placeholder
3	32382143	32399501	3	177410184	177428615	placeholder
1	323520687	323523204	1	14680473	14683265	placeholder
7	14011553	14021577	7	14418295	14427641	placeholder
4	47009866	47010640	4	40538544	40539318	placeholder
8	38599633	38603721	8	49931850	49935720	placeholder
8	78419544	78426717	8	5084203	5095425	placeholder
1	27662686	27666939	1	320367160	320373701	placeholder
14	13373083	13375836	14	15642495	15644264	placeholder
10	4637058	4637811	10	7480634	7481396	placeholder
13	10296015	10301671	11	16057950	16065464	placeholder
2	34372735	34379845	2	231027310	231037860	placeholder
5	120842534	120843314	5	10810128	10811023	placeholder
4	98808814	98819920	4	83387285	83396407	placeholder
12	1737246	1743880	12	2311325	2324050	placeholder
7	33508222	33508735	7	33699960	33700452	placeholder
8	62976284	62987406	8	31783864	31794200	placeholder
3	35936966	35943526	3	173191130	173207289	placeholder
1	96290330	96296583	1	246921603	246927649	placeholder
4	131327812	131337848	4	116792661	116799545	placeholder
3	147656426	147661498	3	57968816	57974939	placeholder
5	96993879	96999990	5	27445889	27452145	placeholder
2	747341	757961	2	255255917	255263408	placeholder
3	88131677	88144999	3	115374220	115387581	placeholder
2	92024807	92031833	2	172621737	172628667	placeholder
2	97611829	97612606	2	166300939	166301506	placeholder
1	276527981	276543718	1	65242217	65253992	placeholder
6	38481516	38485403	6	38980580	38992111	placeholder
19	2864200	2868137	18	4065420	4068557	placeholder
15	4758677	4765434	13	15103876	15111585	placeholder
1	291903114	291917870	1	48160864	48173086	placeholder
4	83226179	83233981	4	71093303	71101146	placeholder
1	276900305	276901073	1	64906984	64907752	placeholder
3	163289993	163296818	3	40554362	40561733	placeholder
8	23446127	23452768	8	54358730	54366198	placeholder
2	181240681	181249336	2	82975983	82982683	placeholder
1	18691347	18700150	1	329387981	329398603	placeholder
13	11081951	11089776	11	16980326	16990428	placeholder
1	246918795	246942915	1	96517611	96543695	placeholder
5	30400036	30407851	5	86480576	86495261	placeholder
7	70741667	70744028	7	58409380	58411997	placeholder
3	172890251	172896884	3	29546010	29553610	placeholder
5	74781124	74822154	5	43251559	43261791	placeholder
3	150548369	150552248	3	54873484	54878658	placeholder
7	19486662	19520378	7	19641183	19673288	placeholder
1	324259902	324269439	1	13990005	14000244	placeholder
4	29177610	29185843	4	24448235	24455483	placeholder
2	8799761	8812996	2	262775956	262781416	placeholder
3	42043216	42059794	3	165971621	165983281	placeholder
3	147023874	147039666	3	58654152	58665516	placeholder
7	24466378	24472728	7	24856955	24864187	placeholder
14	5233574	5238663	14	6952805	6962403	placeholder
2	73754069	73755520	2	188218051	188219634	placeholder
1	104104595	104124960	1	238973018	238994681	placeholder
5	41018979	41024704	5	74750185	74753495	placeholder
1	18305097	18310616	1	329733333	329741816	placeholder
1	179472307	179557235	1	164179073	164206766	placeholder
3	64216301	64232809	3	140887883	140914947	placeholder
16	11642444	11644982	15	15171617	15174233	placeholder
5	119964889	119977752	5	9815101	9828525	placeholder
1	269236436	269238997	1	73247202	73254990	placeholder
1	292690304	292712093	1	47258285	47283796	placeholder
1	33172154	33186649	1	314429984	314449021	placeholder
11	5248668	5267255	9	18304980	18326913	placeholder
3	178919263	178948745	3	22913565	22943250	placeholder
3	147063390	147064919	3	58601379	58602965	placeholder
2	90311999	90326213	2	174262049	174275499	placeholder
6	40515661	40524632	6	41126380	41136818	placeholder
3	191812422	191821978	3	9433062	9441803	placeholder
1	336576769	336588187	1	3031006	3042598	placeholder
10	6918159	6935391	10	9692233	9708308	placeholder
2	191808132	191821247	2	71825172	71836099	placeholder
11	320756	323927	9	26609206	26612658	placeholder
2	76065372	76069847	2	185783001	185787161	placeholder
3	25364648	25365395	3	185604651	185605398	placeholder
2	177513342	177532222	2	86963311	87009168	placeholder
5	16493132	16551046	5	101126972	101162560	placeholder
1	89992833	90005669	1	253444942	253456375	placeholder
3	30225208	30228152	3	179800532	179804040	placeholder
18	7048308	7051747	17	3540937	3547055	placeholder
1	102033226	102045079	1	241075090	241087629	placeholder
16	1384889	1392249	15	1351099	1361659	placeholder
7	21861268	21866449	7	22141830	22146764	placeholder
1	67819677	67827706	1	276492435	276501355	placeholder
12	1730096	1740888	12	2299732	2336864	placeholder
3	92470809	92492839	3	111262357	111269141	placeholder
3	61934861	61946767	3	143709491	143718983	placeholder
17	4423788	4428916	16	10512513	10514362	placeholder
2	100664161	100669765	2	163276173	163284656	placeholder
2	180411887	180417725	2	83912827	83920989	placeholder
5	122487215	122506047	5	13130539	13160257	placeholder
3	32854132	32863269	3	176838173	176845874	placeholder
14	5441897	5444492	14	7183853	7186654	placeholder
3	197178831	197205346	3	4714355	4737190	placeholder
1	331334723	331346378	1	7477850	7483260	placeholder
10	6509375	6514097	10	9342098	9351834	placeholder
1	31008833	31009577	1	316796546	316797290	placeholder
6	4998962	5025052	6	4657582	4672612	placeholder
5	18092663	18108022	5	99477223	99498912	placeholder
8	68755661	68760650	8	16600542	16605052	placeholder
1	87289048	87289786	1	256426750	256427488	placeholder
2	131330801	131338909	2	133765439	133772133	placeholder
3	62156572	62157310	3	143461474	143462212	placeholder
11	2942685	2952434	9	21232390	21244699	placeholder
3	29681367	29684479	3	180420920	180423559	placeholder
6	57457845	57489327	6	59318008	59357246	placeholder
1	322475354	322480233	1	15753356	15758232	placeholder
5	87232760	87249097	5	36162036	36169022	placeholder
1	178307659	178319494	1	165156370	165165599	placeholder
7	33225792	33226469	7	33449274	33449967	placeholder
1	80456980	80480485	1	263352064	263372096	placeholder
11	8840002	8845704	9	14767898	14772102	placeholder
14	327515	331421	14	360794	366047	placeholder
18	7919843	7925107	17	2487786	2493144	placeholder
4	23141536	23142271	4	23565931	23566666	placeholder
1	207245286	207253447	1	137960300	137970147	placeholder
2	18501506	18505536	2	248464672	248471336	placeholder
3	100512890	100519898	3	107322385	107332765	placeholder
1	279153707	279160029	1	62471682	62477037	placeholder
2	216284890	216292693	2	46064125	46069895	placeholder
4	36102970	36111085	4	30518293	30526301	placeholder
2	149346299	149351211	2	115567376	115579098	placeholder
8	77252959	77253589	8	6912359	6912986	placeholder
5	20794147	20798629	5	96746971	96751581	placeholder
5	13434865	13437159	5	104337732	104340918	placeholder
17	10147267	10149575	16	2955640	2964870	placeholder
7	55042979	55085689	7	49916621	49923583	placeholder
12	157890	159264	12	184431	185805	placeholder
1	139229602	139242245	1	203661111	203670876	placeholder
3	166916586	166917306	3	36380208	36380937	placeholder
1	300006988	300012757	1	38828086	38835160	placeholder
5	51274813	51285179	5	63291610	63298914	placeholder
5	29311547	29342158	5	87600351	87686963	placeholder
14	387112	388605	14	435930	437629	placeholder
1	280489106	280524600	1	61040326	61089947	placeholder
2	105008369	105033742	2	158026550	158034184	placeholder
14	2316993	2319943	14	3114990	3118827	placeholder
19	3364951	3369142	18	3973761	3977271	placeholder
6	49159811	49172164	6	50662941	50675737	placeholder
6	57198996	57222766	6	59004814	59027672	placeholder
3	104457457	104466397	3	103538521	103553832	placeholder
1	284082576	284089228	1	56981622	56987336	placeholder
6	42661157	42663899	6	43476309	43479031	placeholder
4	51950937	51984709	4	45185904	45208345	placeholder
7	51229128	51271509	7	47826254	47846957	placeholder
3	183179571	183189550	3	18407331	18426577	placeholder
14	16041545	16065113	14	20399907	20435632	placeholder
1	51085563	51098424	1	295085209	295097301	placeholder
1	149261527	149262250	1	193988130	193988853	placeholder
5	9685378	9689614	5	105978369	105989176	placeholder
4	91346138	91360617	4	76369238	76378010	placeholder
6	24987950	25001538	6	23352037	23366717	placeholder
5	30819616	30826776	5	85986635	85996106	placeholder
1	12266487	12282527	1	335053573	335056468	placeholder
2	195539	196259	16	12360293	12361013	placeholder
1	94914839	94941081	1	248336891	248372281	placeholder
1	69922636	69927827	1	274335791	274339264	placeholder
1	63936136	63942006	1	280745285	280753129	placeholder
14	15051660	15057318	14	18675656	18679789	placeholder
5	13227899	13233721	5	104489716	104493438	placeholder
11	22658948	22660578	9	433662	435404	placeholder
14	13701195	13701837	14	15364341	15434873	placeholder
4	63645357	63653831	4	55324241	55331193	placeholder
11	17589335	17594438	9	5914318	5918179	placeholder
2	182204474	182214344	2	81893746	81904390	placeholder
14	3806376	3810458	14	5029973	5033246	placeholder
15	7433967	7438643	13	11858133	11863058	placeholder
4	29877062	29882229	4	25007699	25027098	placeholder
1	117197797	117208471	1	225735748	225746560	placeholder
13	8616442	8619434	11	14162279	14168755	placeholder
6	51923820	51931579	6	53432185	53440642	placeholder
2	84998724	85002095	2	178817627	178820836	placeholder
2	105840084	105856932	2	157135908	157142626	placeholder
1	65717172	65721586	1	278685448	278690445	placeholder
3	188400294	188407827	3	12907408	12912292	placeholder
4	81125543	81126182	4	72314386	72315976	placeholder
8	69338074	69344254	8	16280691	16285125	placeholder
1	99111041	99113958	1	244019689	244022352	placeholder
8	52249197	52273735	8	30230713	30248101	placeholder
1	216326628	216336173	1	128514224	128528324	placeholder
13	8721370	8722081	11	14293041	14293749	placeholder
3	25478344	25483648	3	185453003	185456817	placeholder
3	200126125	200131413	3	2442779	2449483	placeholder
14	1478287	1480312	14	1939352	1944087	placeholder
16	11925471	11928140	15	15537818	15541038	placeholder
12	18418858	18423955	12	21629322	21634213	placeholder
3	152419510	152423207	3	52820343	52824712	placeholder
8	69408206	69421057	8	16197128	16208699	placeholder
3	146512858	146526210	3	59282004	59295938	placeholder
2	103844406	103866151	2	159729432	159745803	placeholder
5	53027669	53028374	5	61341449	61342154	placeholder
12	3569181	3574819	12	4979761	4986844	placeholder
6	12960884	12993324	6	11036068	11069711	placeholder
14	8710333	8715082	14	11124407	11131155	placeholder
4	85811429	85828384	4	69046959	69061264	placeholder
2	134135503	134136160	2	127365692	127366358	placeholder
12	497000	497879	12	630072	630951	placeholder
15	14125645	14132312	13	4646996	4654132	placeholder
2	197177592	197190918	2	66139054	66145142	placeholder
3	110415462	110432302	3	97558357	97570951	placeholder
15	902349	905505	13	22376456	22380561	placeholder
2	134571607	134587889	2	127802337	127822283	placeholder
10	16031542	16036249	10	16528486	16534638	placeholder
15	1010527	1013672	13	22672254	22677080	placeholder
8	11129158	11138353	8	66823588	66828118	placeholder
13	18267143	18331559	11	25105535	25108100	placeholder
5	69536191	69586943	5	45789577	45809968	placeholder
5	88692701	88708053	5	35249822	35263314	placeholder
4	96607021	96611629	4	81150794	81158534	placeholder
8	37570576	37584179	8	48860591	48874970	placeholder
1	104440976	104446146	1	238657674	238663529	placeholder
2	209734113	209744781	2	53123489	53137737	placeholder
7	5187243	5188310	7	5534455	5551231	placeholder
1	100921256	100928467	1	242166721	242173941	placeholder
8	54811734	54812379	8	3281176	3281815	placeholder
1	205764075	205768391	1	139339404	139345843	placeholder
1	75268083	75285794	1	268525125	268539249	placeholder
10	6393568	6410029	10	9248129	9259354	placeholder
19	7191943	7227968	18	1558307	1560154	placeholder
1	31741757	31750166	1	315996364	316007380	placeholder
5	32415328	32418633	5	84200426	84204786	placeholder
11	1020650	1027644	9	23363401	23372353	placeholder
5	59968952	59970169	5	54278377	54279772	placeholder
6	40905813	40911000	6	41576254	41581432	placeholder
3	119978668	119983476	3	87654785	87662567	placeholder
3	147105442	147109622	3	58555492	58559755	placeholder
3	45553782	45577076	3	161830577	161872895	placeholder
12	163559	164234	12	190737	191415	placeholder
5	16258378	16283585	5	101353891	101376718	placeholder
3	30547002	30555281	3	179487663	179511812	placeholder
1	93942873	93949163	1	249283955	249294799	placeholder
3	199864182	199919825	3	2587666	2619585	placeholder
5	13685211	13704781	5	104136394	104148152	placeholder
2	195055021	195055711	2	68290774	68291464	placeholder
3	59537065	59553351	3	146252324	146267117	placeholder
14	16369146	16391466	14	17545338	17568611	placeholder
4	2795099	2802582	4	1825568	1831726	placeholder
3	142422610	142430719	3	63837528	63844899	placeholder
11	3239511	3300787	9	20754222	20839944	placeholder
16	12841718	12843326	15	16831888	16833861	placeholder
3	49426346	49439463	3	157479915	157494312	placeholder
8	75815269	75827986	8	13763131	13768752	placeholder
7	31165169	31170919	7	31384660	31390347	placeholder
3	126932515	126951797	3	80179005	80201667	placeholder
1	270290847	270302642	1	72025686	72042764	placeholder
5	59571175	59594761	5	54703889	54728095	placeholder
11	10452585	10454415	9	13058168	13060493	placeholder
4	87824927	87833354	4	73404240	73414117	placeholder
6	40969049	40973392	6	41647028	41652029	placeholder
3	60372043	60381837	3	145330264	145338224	placeholder
1	69969412	69980037	1	274280817	274293362	placeholder
1	199439305	199452790	1	145303088	145326017	placeholder
3	150505749	150506418	3	54930323	54930992	placeholder
11	22448612	22451129	9	667266	670117	placeholder
1	148764468	148776398	1	194504943	194511551	placeholder
3	163301658	163314364	3	40529872	40539833	placeholder
15	8171234	8177467	13	10843167	10848424	placeholder
13	5066412	5070426	11	9377489	9381628	placeholder
3	23483458	23492224	3	187776469	187785804	placeholder
1	1555380	1560605	1	341593362	341597045	placeholder
5	31740701	31752830	5	84946808	84976218	placeholder
2	230507557	230593904	2	31132324	31200372	placeholder
1	227684312	227684963	1	116488080	116488707	placeholder
6	26827192	26839895	6	25431938	25446678	placeholder
6	63687037	63694191	6	66002529	66012887	placeholder
13	2633208	2641374	11	5893989	5907004	placeholder
13	17025722	17032591	11	23662643	23674877	placeholder
3	105389507	105419792	3	102599205	102626265	placeholder
2	195323663	195327891	2	67994179	67998287	placeholder
4	13832853	13836668	4	10791914	10796285	placeholder
7	41317539	41322158	7	41224018	41226877	placeholder
1	243228894	243234314	1	100332181	100337359	placeholder
12	11361865	11365399	12	14143829	14148563	placeholder
14	7377559	7399236	14	9534315	9561557	placeholder
2	176023651	176029320	2	88554266	88561873	placeholder
7	14464643	14475292	7	14843430	14854411	placeholder
11	20456183	20459427	9	2911539	2915479	placeholder
6	23639699	23648508	6	21865459	21888983	placeholder
1	319300526	319309361	1	18821723	18830690	placeholder
6	36609536	36614202	6	36751825	36756698	placeholder
1	116356323	116377862	1	226614372	226635900	placeholder
6	49100059	49103870	6	50582603	50584199	placeholder
15	6877981	6882286	13	12568952	12571952	placeholder
7	74443948	74450668	7	61829532	61835863	placeholder
3	193845767	193849200	3	7638325	7642372	placeholder
17	3752583	3779174	16	10968057	10985023	placeholder
6	186136	188124	6	298845	303590	placeholder
4	87586630	87587689	4	73125191	73126276	placeholder
15	16426883	16429018	13	917975	919820	placeholder
6	30118608	30119343	6	29306334	29307072	placeholder
4	77673821	77764181	4	64782454	64800813	placeholder
4	40135286	40158527	4	34218979	34239659	placeholder
16	8445098	8449619	15	8882284	8885835	placeholder
17	10783014	10785145	16	11859322	11861526	placeholder
16	11776449	11778594	15	15343231	15345645	placeholder
3	86273216	86277271	3	117475004	117480017	placeholder
4	123759470	123773233	6	45544514	45564545	placeholder
7	91879097	91909625	7	83441981	83462053	placeholder
16	13068473	13069415	15	17177160	17178173	placeholder
5	67306286	67355624	5	47766951	47790897	placeholder
4	98496765	98503296	4	83084426	83090881	placeholder
8	55892387	56072923	8	2555416	2618967	placeholder
1	340613237	340615678	1	39057	41679	placeholder
6	8820396	8824699	6	7085363	7088453	placeholder
16	10500906	10504677	15	5504557	5510995	placeholder
3	88359509	88366204	3	115105965	115116630	placeholder
1	207270472	207277559	1	137939989	137945854	placeholder
6	89667964	89676713	6	88707589	88714979	placeholder
1	180699246	180716990	1	163241761	163253889	placeholder
1	216317714	216319044	1	128533943	128534899	placeholder
2	34004911	34008932	2	231348346	231353364	placeholder
4	61503512	61504974	4	53766708	53768228	placeholder
7	17310802	17324398	7	17640787	17654486	placeholder
1	64130014	64137006	1	280510433	280522065	placeholder
3	153734284	153742180	3	51318233	51325994	placeholder
13	8712093	8714153	11	14283592	14284735	placeholder
2	163988528	163989209	2	100725840	100726515	placeholder
5	98232132	98232597	5	26115332	26115797	placeholder
1	153883459	153889403	1	189135400	189143215	placeholder
1	65531945	65548530	1	278873486	278887160	placeholder
1	302176729	302182645	1	36396221	36401543	placeholder
1	122949515	122962462	1	219871520	219883404	placeholder
5	64843885	64851100	5	49721661	49730537	placeholder
7	22848039	22854945	7	23232846	23238120	placeholder
1	373899	377571	1	343012124	343018825	placeholder
7	29066180	29080756	7	29238854	29262467	placeholder
6	44188021	44209152	6	45099593	45118086	placeholder
4	60681732	60695113	4	53007330	53015776	placeholder
5	56450314	56465277	5	58108864	58124020	placeholder
3	28872364	28897209	3	181353111	181407313	placeholder
1	300929692	300937390	1	37829084	37849121	placeholder
17	3468	28393	16	152827	171051	placeholder
15	15313755	15316006	13	2385204	2388600	placeholder
3	79437325	79460674	3	124687732	124713286	placeholder
1	208689948	208697562	1	136434216	136441058	placeholder
4	78347909	78414406	4	65076779	65082651	placeholder
2	76704248	76718060	2	185200505	185215906	placeholder
1	298523514	298544047	1	40499888	40527701	placeholder
7	5539862	5556215	7	5909964	5917815	placeholder
1	71157221	71164959	1	273164682	273175537	placeholder
12	9503000	9507645	12	12197724	12203184	placeholder
17	4270974	4279616	16	10617324	10622718	placeholder
2	19652649	19662226	2	247230706	247239446	placeholder
1	183620600	183630740	1	161058521	161065830	placeholder
6	58548555	58625877	6	60495362	60559905	placeholder
1	289446176	289450516	1	50831703	50838265	placeholder
16	5126817	5130460	15	13079626	13083345	placeholder
6	60094046	60098006	6	62280626	62286509	placeholder
1	10772773	10785542	1	336330918	336338082	placeholder
4	86699799	86705099	4	72412225	72415616	placeholder
2	155184353	155236173	2	109912579	109963889	placeholder
2	198914125	198917228	2	64503526	64508359	placeholder
4	20587268	20589924	4	17212263	17214840	placeholder
8	22054936	22056332	8	55816051	55817860	placeholder
7	58360986	58388411	7	51786303	51790583	placeholder
6	53094814	53232352	6	54733160	54885539	placeholder
1	211244265	211262636	1	133887650	133902348	placeholder
4	88429057	88442522	4	72426467	72436071	placeholder
1	96183401	96190216	1	247016902	247022038	placeholder
7	80970608	80998761	7	80173510	80191617	placeholder
11	10454717	10459376	9	13052417	13057872	placeholder
8	2607522	2613758	8	75462250	75464826	placeholder
1	292759061	292767239	1	47177287	47184901	placeholder
7	13691892	13695517	7	14052123	14057211	placeholder
1	48896629	48911911	1	297447293	297464276	placeholder
6	12647375	12654676	6	10716126	10722270	placeholder
11	18159149	18185362	9	5338724	5349081	placeholder
1	190080565	190082706	1	154552239	154554587	placeholder
2	21856531	21863415	2	244897347	244901646	placeholder
10	93483	105631	10	2498726	2514736	placeholder
5	92451926	92466680	5	31832626	31852964	placeholder
6	70948738	70954713	6	73188229	73192344	placeholder
8	62399927	62411446	8	32324306	32343163	placeholder
1	261554129	261560281	1	81199929	81207004	placeholder
16	8862864	8867015	15	8302621	8311099	placeholder
16	8747996	8761696	15	8438551	8454131	placeholder
16	12168178	12170042	15	15862438	15864152	placeholder
3	166763976	166815126	3	36500117	36559774	placeholder
1	193529368	193595726	1	150750011	150809198	placeholder
6	38152316	38174546	6	38639715	38670104	placeholder
3	20381191	20392822	3	191224164	191237988	placeholder
3	126976863	126978751	3	80149698	80150726	placeholder
2	155146105	155149897	2	110002534	110007491	placeholder
1	149325196	149332024	1	193934186	193941174	placeholder
1	48869365	48872563	1	297495463	297498365	placeholder
1	311964523	311971635	1	26382300	26390959	placeholder
4	100695135	100698589	4	85133686	85140571	placeholder
15	11002502	11003138	13	7792312	7792945	placeholder
7	20657072	20660694	7	20888625	20893243	placeholder
5	10376409	10409750	5	106696963	106733906	placeholder
6	19556540	19574147	6	17417205	17430469	placeholder
4	4598152	4608126	4	3471612	3479132	placeholder
2	24838046	24843015	2	241639290	241643000	placeholder
12	10890271	10910985	12	13716378	13732804	placeholder
3	171749336	171753625	3	30962763	30968233	placeholder
5	13190977	13194495	5	109417955	109420967	placeholder
2	188317565	188322880	2	75494606	75508321	placeholder
14	557385	557991	14	672491	673112	placeholder
14	16128136	16134458	14	17723349	17729151	placeholder
11	13200153	13211874	9	10455643	10472567	placeholder
1	192793004	192797407	1	151627585	151631721	placeholder
10	1580773	1586475	10	618241	623954	placeholder
1	167342601	167349240	1	175469954	175477246	placeholder
19	7595033	7604135	18	1810063	1814513	placeholder
1	323826794	323841896	1	14370581	14382119	placeholder
12	4499014	4502746	12	6126106	6129862	placeholder
2	64671214	64685424	2	197640980	197653780	placeholder
8	75025323	75032966	8	12741272	12753204	placeholder
1	46892089	46892662	1	299614246	299614819	placeholder
2	16634066	16645688	2	250402212	250426496	placeholder
3	155884611	155888417	3	48873024	48878522	placeholder
6	61511096	61517538	6	63739666	63744256	placeholder
1	322447973	322448585	1	15781458	15782070	placeholder
10	15982980	15983598	10	16456255	16456873	placeholder
7	31683448	31698236	7	31945143	31952573	placeholder
8	38562587	38570043	8	49891386	49904950	placeholder
2	154320436	154326209	2	110867025	110874216	placeholder
16	2340275	2348154	15	2386526	2394799	placeholder
3	69338878	69342612	3	135448174	135453206	placeholder
3	88037252	88041658	3	115467571	115473955	placeholder
4	77567455	77614326	4	64730065	64766938	placeholder
3	148910475	148916573	3	56547118	56554871	placeholder
11	22758390	22761345	9	311806	314851	placeholder
4	85226435	85238516	4	69534142	69546736	placeholder
2	47063191	47067528	2	216695849	216700255	placeholder
5	9237075	9243630	5	105691320	105698017	placeholder
4	35905701	35909208	4	30342754	30346717	placeholder
1	164314990	164319213	1	178653168	178659021	placeholder
14	3729322	3729838	14	4937600	4938116	placeholder
13	2348193	2370130	11	5385471	5413782	placeholder
1	322403588	322409111	1	15820858	15826212	placeholder
6	22932687	22946958	6	21196533	21210736	placeholder
2	18871153	18878659	2	248042186	248048444	placeholder
6	18097288	18113782	6	15863993	15880368	placeholder
3	163183721	163195801	3	40671080	40676961	placeholder
1	226696650	226698708	1	117547043	117557194	placeholder
2	154924588	154927276	2	110251348	110255602	placeholder
1	82136437	82147210	1	261601878	261612171	placeholder
13	7625153	7629411	11	12982870	12985833	placeholder
15	12888118	12890977	13	5842883	5848706	placeholder
7	33749014	33759374	7	33915618	33920402	placeholder
8	74370634	74379033	8	12021304	12026886	placeholder
6	98746494	98752454	6	90244078	90251824	placeholder
3	148395538	148465222	3	57073730	57170124	placeholder
8	25625821	25660689	8	36115268	36165313	placeholder
4	81468746	81472958	4	72151037	72154455	placeholder
3	200705348	200724359	3	1961335	1970660	placeholder
5	68906581	68970386	5	46500032	46513014	placeholder
2	38680823	38683861	2	226505917	226508400	placeholder
1	268963445	268967264	1	73530089	73533041	placeholder
7	49668921	49679773	7	47214646	47220042	placeholder
6	12681175	12687137	6	10746893	10752176	placeholder
2	157171646	157174902	2	107991095	107994719	placeholder
1	336767970	336771341	1	2890236	2892648	placeholder
1	185089536	185094365	1	159730413	159733403	placeholder
16	9961984	9971100	15	6369055	6385711	placeholder
4	25301754	25325846	4	21819199	21837845	placeholder
8	25925588	25934084	8	36488266	36499205	placeholder
15	10366916	10391522	13	8403328	8403925	placeholder
11	19447931	19451204	9	4007317	4010219	placeholder
1	318755328	318758376	1	19323803	19326831	placeholder
8	8840174	8849433	8	68849087	68856159	placeholder
5	109554079	109558939	5	540886	545552	placeholder
4	41101387	41148805	4	35122786	35166102	placeholder
14	5920384	5928631	14	7734504	7743937	placeholder
1	321024235	321051239	1	17198798	17219095	placeholder
14	15790508	15794341	14	20036712	20039896	placeholder
6	31158077	31217270	6	30524846	30582445	placeholder
6	46621653	46635071	6	47873235	47886131	placeholder
2	151844557	151848514	2	113559287	113563523	placeholder
7	28874984	28880756	7	29058301	29064708	placeholder
2	99803811	99812984	2	164193327	164200855	placeholder
19	3100736	3102682	18	6947418	6949887	placeholder
16	10086006	10098203	15	6123389	6142484	placeholder
3	89943451	89984166	3	113596771	113625845	placeholder
8	28984128	29009467	8	39837593	39865962	placeholder
3	92638879	92748571	3	110949730	111009838	placeholder
3	168486132	168490813	3	34593727	34599962	placeholder
7	28765478	28772025	7	28940931	28954981	placeholder
3	68163324	68202004	3	136729149	136755202	placeholder
1	267352175	267356463	1	75175555	75180879	placeholder
1	178233275	178238945	1	165222203	165225830	placeholder
6	41118769	41130002	6	41802371	41817727	placeholder
3	197470157	197491490	3	4452765	4476072	placeholder
1	294068159	294072790	1	45668027	45673570	placeholder
6	38445950	38448441	6	38937900	38939020	placeholder
6	38370194	38381342	6	38858626	38862773	placeholder
3	92865791	92880368	3	110877534	110891250	placeholder
1	71147734	71151892	1	273180734	273185254	placeholder
8	622855	624529	8	77860973	77863096	placeholder
6	44846683	44851891	6	45896141	45900662	placeholder
1	12263218	12264739	1	335067587	335069715	placeholder
2	174393185	174399553	2	90260652	90267327	placeholder
11	20678536	20682749	9	2641357	2646465	placeholder
1	61844510	61852462	1	283150856	283157933	placeholder
19	7219525	7232980	18	1573066	1585101	placeholder
15	8853369	8881253	13	10036369	10067509	placeholder
7	33385247	33394321	7	33591656	33600316	placeholder
1	267155047	267161513	1	75379451	75387473	placeholder
7	22097499	22109116	7	22411517	22427963	placeholder
1	205928129	205933669	1	139302905	139308078	placeholder
2	209838299	209838896	2	53039099	53039612	placeholder
3	64043598	64048280	3	141110013	141114394	placeholder
3	160191995	160202484	3	44137957	44150474	placeholder
2	122908565	122919621	2	141260618	141276232	placeholder
5	36383699	36396095	5	79883437	79892721	placeholder
17	7885402	7896967	16	5163665	5187604	placeholder
3	147814529	147821312	3	57795662	57802479	placeholder
5	50189852	50192716	5	64422967	64428060	placeholder
2	185867117	185870823	2	78191096	78195061	placeholder
8	59322029	59327780	8	35125096	35132677	placeholder
1	23846941	23860676	1	324329347	324351492	placeholder
3	110567946	110574702	3	97420958	97429169	placeholder
4	100716346	100720665	4	85158296	85163114	placeholder
2	214892170	214894185	2	47545908	47548793	placeholder
5	122190876	122201105	5	12571444	12588907	placeholder
5	31100818	31113028	5	85596635	85615121	placeholder
5	7958738	7965841	5	109512532	109523757	placeholder
16	12477456	12479296	15	16305170	16307301	placeholder
19	199729	201396	18	10057342	10059743	placeholder
8	35445055	35457194	8	46647034	46652810	placeholder
1	238179295	238193291	1	105613254	105633507	placeholder
10	7409053	7413226	10	10129731	10133169	placeholder
7	29455189	29457452	7	29653956	29656761	placeholder
12	11216472	11221791	12	13995991	14000407	placeholder
1	33080674	33082257	1	314544548	314546057	placeholder
19	1556365	1565033	18	4853056	4864445	placeholder
1	263487983	263526400	1	79321209	79369321	placeholder
7	48309406	48312633	7	46581184	46584660	placeholder
1	50655444	50664485	1	295495268	295511750	placeholder
16	3999798	4004101	15	14106916	14108861	placeholder
5	59929658	59934714	5	54322890	54327971	placeholder
2	59111734	59120363	2	203734952	203750716	placeholder
16	11431729	11434606	15	14933595	14938143	placeholder
4	28599399	28599993	4	19209497	19210091	placeholder
1	331222761	331223355	1	7591295	7591889	placeholder
11	10397447	10401520	9	13103271	13106001	placeholder
2	168112725	168116182	2	96612865	96616318	placeholder
2	175999424	176004892	2	88581253	88585259	placeholder
1	211131841	211142373	1	134011847	134012865	placeholder
3	99938674	99954935	3	107776593	107790649	placeholder
8	44781156	44808001	8	23752412	23778202	placeholder
15	12917227	12917722	13	5807521	5808076	placeholder
12	13089754	13096225	12	16056922	16062431	placeholder
2	151545378	151549078	2	113845476	113848957	placeholder
1	116575158	116582178	1	226412118	226417238	placeholder
1	293333588	293335195	1	46486378	46487949	placeholder
3	153472864	153489230	3	51608574	51627905	placeholder
13	11128549	11132938	11	17030436	17032410	placeholder
2	103535565	103538813	2	160293423	160300713	placeholder
19	2105305	2108879	18	5974816	5978144	placeholder
3	32653728	32666002	3	177088527	177096948	placeholder
14	7292621	7296124	14	9445134	9455863	placeholder
14	14512812	14518860	14	19229256	19238273	placeholder
6	86036079	86049920	6	83643392	83652192	placeholder
6	44221877	44231108	6	45134717	45140185	placeholder
1	195014176	195046733	1	149368777	149400704	placeholder
2	40922808	40924102	2	223880015	223924567	placeholder
3	59778572	59780239	3	146004266	146005803	placeholder
7	26836755	26843506	7	27108688	27114475	placeholder
14	5784980	5788035	14	7570900	7575759	placeholder
5	56125128	56129180	5	58478088	58485316	placeholder
1	315475279	315481141	1	22634793	22640727	placeholder
1	81780158	81782288	1	261982643	261984750	placeholder
1	164281373	164288985	1	178688282	178698721	placeholder
19	3246394	3274868	18	6739972	6774465	placeholder
16	2150657	2162132	15	2196609	2209104	placeholder
16	11700227	11702583	15	15242277	15245150	placeholder
17	4287121	4294277	16	10608164	10612858	placeholder
7	28313833	28318761	7	28516980	28521314	placeholder
1	204536239	204539119	1	140652993	140656868	placeholder
2	105867471	105874549	2	157196099	157202462	placeholder
1	62482691	62507511	1	282355645	282374956	placeholder
4	52972743	52975149	4	46049474	46051954	placeholder
6	22587987	22588557	6	20766871	20767441	placeholder
8	74931641	74938369	8	12635423	12640617	placeholder
1	199053374	199053962	1	145739413	145740001	placeholder
1	33255276	33259888	1	314355227	314358300	placeholder
3	91098395	91111919	3	112686133	112698688	placeholder
6	41586434	41589323	6	42294100	42297806	placeholder
3	120529465	120563748	3	87046871	87075413	placeholder
7	28176456	28177032	7	28383609	28384185	placeholder
3	182021886	182026648	3	19529086	19534777	placeholder
6	149559	154613	6	252582	262325	placeholder
8	75170946	75171519	8	12919404	12919977	placeholder
12	177179	178728	12	208360	210181	placeholder
4	89623283	89627054	4	74814664	74818343	placeholder
13	18022612	18024637	11	24813097	24815290	placeholder
16	11735261	11739465	15	15287563	15292207	placeholder
10	603838	607173	10	3259225	3264339	placeholder
11	13162938	13163457	9	10504292	10504790	placeholder
3	167153583	167159846	3	36161732	36168236	placeholder
1	167293200	167297016	1	175530057	175533731	placeholder
3	98813394	98830919	3	108524030	108537785	placeholder
19	1681013	1682925	18	5069004	5072192	placeholder
1	23840621	23843673	1	324354679	324358854	placeholder
3	49251114	49261783	3	157725229	157735228	placeholder
17	9035673	9045654	16	6762762	6775077	placeholder
2	159587367	159592375	2	105358700	105364871	placeholder
10	16173361	16195767	10	16616008	16626774	placeholder
1	83769912	83773204	1	259997192	260000295	placeholder
15	1145896	1147654	13	23072161	23074101	placeholder
3	22705593	22709741	3	188677845	188680592	placeholder
7	28234864	28248584	7	28440905	28447788	placeholder
1	187088522	187093738	1	157725850	157731802	placeholder
4	40088847	40092503	4	34166794	34170726	placeholder
5	23919832	23929318	5	93334561	93346713	placeholder
6	40613771	40614491	6	41254693	41255413	placeholder
16	8412259	8415477	15	8926764	8929894	placeholder
2	157326340	157367227	2	107811682	107846511	placeholder
7	24228582	24229149	7	24617376	24617937	placeholder
6	31780069	31783858	6	31264654	31266883	placeholder
3	181239658	181248038	3	20352073	20361318	placeholder
2	206312767	206314127	2	56782386	56783428	placeholder
2	185851117	185851681	2	78211470	78212034	placeholder
1	79452355	79462724	1	264422420	264431960	placeholder
8	23502756	23507601	8	54278377	54281016	placeholder
18	8910413	8911678	17	1090620	1091941	placeholder
17	8379266	8382612	16	5827337	5831529	placeholder
3	193754875	193760309	3	7704575	7709455	placeholder
1	268266310	268272656	1	74262646	74269179	placeholder
5	90202176	90205339	5	34025529	34029014	placeholder
3	126108751	126116539	3	81209824	81217453	placeholder
2	24774570	24780509	2	241714971	241722670	placeholder
4	60566125	60573573	4	52943004	52950355	placeholder
19	1210317	1213611	18	7556187	7563608	placeholder
5	30697166	30704283	5	86157568	86165255	placeholder
4	72691225	72815375	4	61984315	61998643	placeholder
1	101719766	101745499	1	241382905	241411677	placeholder
3	142757363	142761344	3	63466833	63472874	placeholder
8	24598863	24599397	8	53140775	53141312	placeholder
2	212033475	212047872	2	50607988	50625003	placeholder
16	11636569	11637127	15	15161187	15161745	placeholder
6	8804492	8815200	6	7077017	7082793	placeholder
3	17320955	17321901	3	194657113	194657950	placeholder
1	5413909	5414467	1	340622052	340622610	placeholder
14	15248799	15257220	14	19284787	19296247	placeholder
2	194055655	194059974	2	69403547	69410355	placeholder
5	38685548	38698669	5	77087094	77099652	placeholder
16	10580870	10582641	15	5676349	5680426	placeholder
4	45737004	45738792	4	39494115	39496500	placeholder
3	105339387	105347124	3	102674055	102681272	placeholder
3	141618144	141623395	3	64689298	64693644	placeholder
1	266707151	266707709	1	75892481	75893045	placeholder
2	106042885	106076534	2	157513706	157518766	placeholder
3	24886662	24895714	3	186092565	186150755	placeholder
1	246126786	246144862	1	97392071	97410623	placeholder
8	79079921	79089534	8	1886431	1900027	placeholder
1	101555113	101561050	1	241560172	241565902	placeholder
4	7169003	7175437	4	5253535	5258257	placeholder
3	65754757	65765094	3	139172708	139180923	placeholder
7	50587469	50685748	7	47568940	47626333	placeholder
6	3412910	3414949	6	3307752	3309408	placeholder
2	50265408	50265969	2	213184259	213184820	placeholder
2	212086917	212092190	2	50563605	50588123	placeholder
1	321179041	321180076	1	17060497	17061549	placeholder
3	30124036	30130691	3	179927087	179933256	placeholder
1	252381705	252397773	1	90793530	90803746	placeholder
1	27354175	27359765	1	320721558	320725253	placeholder
3	178074973	178083873	3	23688193	23695347	placeholder
1	210842605	210847118	1	134328173	134332818	placeholder
2	95571485	95577922	2	169023588	169030230	placeholder
13	17957670	17960411	11	24739025	24742184	placeholder
1	49837866	49841125	1	296359997	296362176	placeholder
1	250230558	250235686	1	93075849	93081664	placeholder
3	145504745	145513820	3	60421800	60431457	placeholder
16	7416060	7416609	15	10513091	10520887	placeholder
18	2515673	2519173	17	9229228	9232098	placeholder
1	258541098	258543520	1	84441367	84445405	placeholder
14	3574049	3578102	14	4745113	4748853	placeholder
5	52018373	52022151	5	62468059	62473134	placeholder
1	238278914	238286144	1	105506619	105514110	placeholder
3	63482492	63486970	3	141752605	141755884	placeholder
1	24218518	24224537	1	323978171	323984985	placeholder
4	50920485	50923711	4	44202739	44206872	placeholder
2	9742015	9742516	2	263608234	263608753	placeholder
19	7571279	7575270	18	1792941	1794318	placeholder
10	5571064	5573175	10	8408221	8410359	placeholder
1	166863518	166873559	1	175946769	175953880	placeholder
1	179259976	179265416	1	164407848	164411842	placeholder
4	38560611	38562938	4	32750789	32752520	placeholder
7	90750501	90755828	7	69955851	69963065	placeholder
3	32616629	32619941	3	177144499	177146695	placeholder
15	17031019	17032222	13	173329	174673	placeholder
1	340431137	340437972	1	245588	254670	placeholder
6	84698964	84796369	6	80306205	80369535	placeholder
16	8017452	8019893	15	9782650	9785525	placeholder
1	292833834	292837246	1	47094601	47097961	placeholder
1	118632127	118647636	1	224318752	224329633	placeholder
2	264193506	264201395	4	64929333	64939604	placeholder
1	26697362	26703558	1	321400945	321408434	placeholder
4	88913780	88918079	4	74136220	74140924	placeholder
1	99189258	99204084	1	243917877	243945265	placeholder
1	97593787	97596548	1	245460918	245464399	placeholder
1	16992333	16995949	1	330911188	330915385	placeholder
19	3142931	3151531	18	6891193	6903843	placeholder
11	20594962	20597881	9	2747727	2750599	placeholder
6	70940998	70945238	6	73181438	73185132	placeholder
3	17147722	17168394	3	194801348	194819445	placeholder
1	126202841	126211126	1	216571102	216577061	placeholder
8	19686141	19689297	8	58399162	58401915	placeholder
7	46532084	46541419	7	45381451	45386471	placeholder
2	191870363	191877412	2	71760051	71776547	placeholder
2	148765021	148773868	2	116171814	116180860	placeholder
17	8308933	8310835	16	5729756	5732087	placeholder
6	12638486	12644703	6	10706450	10712788	placeholder
1	138150304	138167181	1	204685625	204696420	placeholder
6	81966757	81981004	6	82865165	82875261	placeholder
3	186310325	186314428	3	15031991	15045958	placeholder
1	187098340	187106336	1	157705940	157717402	placeholder
1	71289688	71314887	1	273036779	273056759	placeholder
7	92368255	92382374	7	82906707	82913976	placeholder
2	33936823	33938013	2	231439648	231446994	placeholder
13	7655240	7659992	11	13169331	13175015	placeholder
7	79453578	79456679	7	66828189	66831077	placeholder
5	2052233	2058663	5	114652864	114656541	placeholder
4	84590487	84594798	4	70077520	70081350	placeholder
7	48353218	48357186	7	46610037	46615230	placeholder
7	51640696	51648916	7	47972823	47980973	placeholder
17	8263894	8269610	16	5674775	5680253	placeholder
3	119707701	119718686	3	87939240	87954295	placeholder
1	317085010	317092436	1	21043597	21048916	placeholder
15	7042018	7045744	13	12322249	12325177	placeholder
2	16036317	16042855	2	250993616	250997428	placeholder
17	10514639	10516489	16	11500804	11502851	placeholder
10	2902080	2908265	10	5395921	5400839	placeholder
1	336987839	337011828	1	2722401	2753485	placeholder
1	61165030	61165546	1	283896005	283896527	placeholder
17	202833	209340	16	237724	244668	placeholder
3	160864958	160871886	3	43398882	43407253	placeholder
3	14145687	14152665	3	197548619	197555905	placeholder
7	39597002	39611348	7	39565599	39582547	placeholder
3	25403569	25410900	3	185551509	185559994	placeholder
3	141590542	141598240	3	64713225	64721105	placeholder
2	185197476	185213320	2	78859982	78869665	placeholder
1	322451562	322455298	1	15774506	15777850	placeholder
1	242095080	242107856	1	101428127	101435844	placeholder
7	58527235	58528975	7	51830704	51835192	placeholder
10	5891086	5911039	10	8784473	8814007	placeholder
3	110679055	110681532	3	97320094	97322897	placeholder
14	507974	509271	14	608122	610428	placeholder
7	18665682	18681274	7	18819586	18834704	placeholder
1	333057085	333057601	1	4531077	4531593	placeholder
2	209719475	209721161	2	53150622	53151804	placeholder
1	30639189	30647763	1	317162620	317172493	placeholder
16	11254551	11255625	15	14673395	14674584	placeholder
5	64972091	64977976	5	49624259	49630101	placeholder
19	3235425	3241623	18	6780248	6787711	placeholder
16	11440711	11442788	15	14946374	14949513	placeholder
12	4180441	4184585	12	5769406	5774727	placeholder
1	13015273	13018879	1	334455385	334458698	placeholder
2	155039138	155041755	2	110128238	110131234	placeholder
7	2355498	2365420	7	8657934	8669791	placeholder
13	16505055	16507805	11	23069044	23071136	placeholder
7	85566800	85579852	7	74525686	74552963	placeholder
3	41926571	41943810	3	166149014	166173226	placeholder
3	178192776	178196994	3	23582290	23586377	placeholder
2	48694049	48703094	2	214908521	214920158	placeholder
1	138299566	138310972	1	204587152	204595431	placeholder
7	31073007	31082972	7	31260095	31271191	placeholder
11	3482847	3487746	9	20492288	20500360	placeholder
1	315627317	315643957	1	22466219	22480288	placeholder
4	82003746	82009136	4	71868094	71872375	placeholder
14	4696230	4696707	14	6304828	6305308	placeholder
2	178194373	178228232	2	86222292	86258325	placeholder
12	8266548	8270141	12	10885708	10889217	placeholder
1	272062027	272062531	1	70309119	70309620	placeholder
4	57788299	57791186	4	49089631	49092720	placeholder
3	103669014	103674758	3	104386712	104391758	placeholder
16	12474271	12474894	15	16302028	16302664	placeholder
2	9791569	9796019	2	263665476	263672191	placeholder
1	10884822	10887772	1	336255554	336257910	placeholder
10	6374000	6381634	10	9233730	9238946	placeholder
10	6319377	6327094	10	9174356	9179360	placeholder
7	80083328	80091049	7	79274578	79291753	placeholder
6	95373060	95377294	6	95173337	95175492	placeholder
5	36557387	36557882	5	79695744	79696239	placeholder
1	69695670	69696171	1	274606987	274607488	placeholder
5	86466440	86470749	5	36741434	36744522	placeholder
14	666536	669576	14	820166	823522	placeholder
7	31110519	31111782	7	31291843	31293226	placeholder
10	14489620	14498977	10	15353510	15356819	placeholder
1	50306395	50320330	1	295818864	295831755	placeholder
1	299748754	299750375	1	39118022	39119932	placeholder
7	12209731	12214316	7	12645821	12649740	placeholder
1	301782685	301784771	1	36890596	36892301	placeholder
7	22214712	22217902	7	22526105	22528388	placeholder
3	167424399	167429692	3	35874494	35879371	placeholder
19	1156780	1157848	8	15491621	15497093	placeholder
2	230925956	230939172	2	30739653	30747088	placeholder
1	200780994	200781492	1	144037742	144038252	placeholder
1	165769195	165772532	1	177093832	177096896	placeholder
3	168953431	168960511	3	34057160	34066912	placeholder
7	92731491	92733674	7	82419538	82421092	placeholder
1	89207154	89219583	1	254321127	254339689	placeholder
3	155105752	155111151	3	49782985	49788627	placeholder
3	46554650	46563831	3	160728277	160733961	placeholder
10	817518	821440	10	3634603	3639739	placeholder
4	22268525	22275115	4	24360867	24366425	placeholder
1	319224489	319227410	1	18905722	18910234	placeholder
2	146031074	146034113	2	118800604	118804651	placeholder
15	7394520	7396190	13	11912564	11914536	placeholder
11	21569852	21574071	9	1606951	1612928	placeholder
7	36977299	36978925	7	37036472	37037961	placeholder
4	74561731	74593944	4	62912294	62933554	placeholder
13	17480936	17483427	11	24216416	24220229	placeholder
6	58037356	58046370	6	59908965	59920683	placeholder
3	143079293	143083335	3	63101597	63106749	placeholder
6	32994229	32994733	6	32663654	32664158	placeholder
6	38475849	38477030	6	38974917	38976537	placeholder
4	64331948	64342983	4	55798920	55812996	placeholder
1	195744255	195747193	1	148709922	148713003	placeholder
2	202225587	202229657	2	61181063	61185932	placeholder
3	64275503	64280378	3	140835204	140839730	placeholder
7	14427614	14430493	7	14807703	14809889	placeholder
15	15593186	15594374	13	2015145	2016785	placeholder
13	17557106	17559442	11	24310578	24312760	placeholder
12	169662	170504	12	196825	207500	placeholder
17	8192052	8194335	16	5583794	5587316	placeholder
1	187167284	187172418	1	157637761	157644078	placeholder
6	93663914	93677454	6	97380659	97391208	placeholder
7	32950974	32967871	7	33188503	33199860	placeholder
5	5502835	5506854	5	112026445	112033195	placeholder
10	11104666	11107634	10	13678884	13681750	placeholder
2	96579574	96586021	2	167382303	167388318	placeholder
2	154958033	154962078	2	110213589	110221222	placeholder
1	261799247	261806490	1	81128202	81131262	placeholder
2	197229986	197236230	2	66089206	66098949	placeholder
1	97882598	97889880	1	245125985	245134473	placeholder
14	8303822	8315966	14	10664135	10675534	placeholder
1	287652432	287655955	1	52913162	52917065	placeholder
12	8455230	8457771	12	11095484	11098152	placeholder
4	53703613	53706064	4	46653573	46655531	placeholder
1	287506118	287581938	1	53009253	53077705	placeholder
16	12571768	12573395	15	16425609	16427816	placeholder
7	47592816	47597950	7	46158415	46160743	placeholder
1	50179619	50182630	1	295965842	295971102	placeholder
2	97461149	97468662	2	166429934	166435278	placeholder
16	11059030	11062174	15	14589514	14593013	placeholder
4	68152377	68253676	4	58726806	58749951	placeholder
8	7783033	7803716	8	69818381	69825303	placeholder
14	4050310	4062511	14	5316953	5331155	placeholder
14	16017040	16027198	14	20370470	20376407	placeholder
12	8131734	8137250	12	10741765	10746768	placeholder
5	23394563	23401529	5	93822638	93829790	placeholder
3	66627561	66650336	3	138492092	138520233	placeholder
3	32604713	32612146	3	177151203	177160279	placeholder
2	191058677	191063842	2	72506954	72511681	placeholder
2	186416452	186424135	2	77570131	77578097	placeholder
16	12647938	12648751	15	16544052	16545035	placeholder
5	3018411	3024949	5	114399409	114401967	placeholder
3	50494106	50496866	3	156135401	156137381	placeholder
1	260740393	260753304	1	82096479	82118363	placeholder
2	220412610	220414564	2	41877382	41881904	placeholder
13	4996071	4998427	11	9273303	9278747	placeholder
14	1403840	1419992	14	1828651	1857484	placeholder
13	7478642	7487287	11	12806371	12813044	placeholder
8	29957069	29962309	8	40886119	40897317	placeholder
4	87038756	87040852	4	72664713	72666873	placeholder
14	2321286	2323726	14	3120456	3124328	placeholder
13	1920599	1925202	11	4350099	4360012	placeholder
14	5269420	5272956	14	6997750	7001043	placeholder
2	130846420	130854731	2	134012532	134018296	placeholder
12	3269425	3270958	12	4582138	4584572	placeholder
1	224660827	224663976	1	119735672	119742473	placeholder
13	16540489	16542615	11	23107958	23110246	placeholder
1	210825645	210836058	1	134338913	134351275	placeholder
2	24114877	24120448	2	242464733	242469646	placeholder
6	88258559	88265626	6	86170026	86180355	placeholder
16	7553981	7554806	15	10364153	10366236	placeholder
2	155055081	155067278	2	110089590	110119684	placeholder
7	12967529	12971481	7	13420830	13424305	placeholder
1	246146416	246153076	1	97382667	97390495	placeholder
1	336749677	336753679	1	2906433	2909807	placeholder
7	26137628	26148066	7	26453519	26462539	placeholder
14	156874	158286	14	146167	147889	placeholder
7	31031674	31041268	7	31220601	31224825	placeholder
16	2552102	2553686	15	2566310	2568258	placeholder
7	84046690	84054452	7	76284380	76354526	placeholder
2	222397432	222399353	2	39769028	39770502	placeholder
1	300849133	300858735	1	37923863	37935529	placeholder
19	5670720	5672207	18	332353	333421	placeholder
11	20674090	20676727	9	2648875	2654407	placeholder
7	71824126	71827494	7	59408178	59411238	placeholder
1	50883329	50887935	1	295298339	295301226	placeholder
6	44577242	44578996	6	45568582	45570883	placeholder
4	50851606	50858172	4	44151760	44158188	placeholder
3	156404462	156408308	3	48323190	48326569	placeholder
15	3563191	3568025	13	16881258	16887842	placeholder
14	13661587	13671643	14	15385064	15392581	placeholder
2	189803121	189820477	2	73829188	73843578	placeholder
5	66488780	66497100	5	48371156	48378145	placeholder
6	85851838	85852267	6	83484844	83485273	placeholder
2	207409440	207417512	2	55707904	55710393	placeholder
2	100835201	100837573	2	163111559	163113457	placeholder
3	137864584	137872004	3	68796559	68806612	placeholder
1	97779034	97783809	1	245241114	245244390	placeholder
13	1231663	1232113	11	2986326	2986776	placeholder
6	27388070	27391391	6	26094157	26097145	placeholder
7	62120784	62130137	7	54359176	54370189	placeholder
2	47423769	47425809	2	216179656	216181892	placeholder
3	59015670	59020796	3	146793632	146798851	placeholder
3	193622216	193631215	3	7836313	7842341	placeholder
2	24607066	24607504	2	241907057	241907495	placeholder
1	280775957	280782344	1	60740913	60747305	placeholder
19	3122065	3124346	18	6924447	6927906	placeholder
1	317041423	317043989	1	21099189	21101273	placeholder
5	22722967	22725738	5	94600631	94604460	placeholder
1	129245080	129271085	1	213509656	213542352	placeholder
13	14970970	14974587	11	21309419	21313694	placeholder
14	12632318	12640609	14	15237847	15248745	placeholder
2	9374537	9375754	2	263282126	263284052	placeholder
1	323497750	323506795	1	14699923	14712750	placeholder
8	22960639	22965490	8	54894928	54900978	placeholder
2	97104712	97108777	2	167850860	167854342	placeholder
1	165495973	165502391	1	177442443	177449114	placeholder
3	155077355	155081592	3	49821865	49831769	placeholder
4	98508898	98516015	4	83093768	83101996	placeholder
17	11013697	11014108	16	12092829	12093243	placeholder
1	208737150	208749780	1	136390580	136397624	placeholder
8	53385711	53392192	8	3864915	3867224	placeholder
3	110490889	110495191	3	97498750	97505063	placeholder
1	317414750	317416436	1	20696353	20698230	placeholder
2	69111528	69117425	2	192900518	192904876	placeholder
4	84866770	84868689	4	69884464	69886415	placeholder
14	481563	482197	14	574267	575181	placeholder
2	101937373	101943570	2	161944950	161950849	placeholder
7	36938411	36942899	7	37007605	37014561	placeholder
1	89175274	89206887	1	254340621	254372378	placeholder
17	6657043	6663635	16	8406009	8412570	placeholder
10	1647823	1649569	10	734053	735642	placeholder
1	187051244	187059576	1	157768173	157778302	placeholder
1	339538498	339542480	1	976954	979703	placeholder
5	7972810	7974582	5	109495268	109499222	placeholder
7	36535127	36539709	7	36612982	36619221	placeholder
5	100064100	100067486	5	15479234	15483105	placeholder
6	45467807	45471356	6	46608559	46611449	placeholder
13	17586505	17588454	11	24351064	24354213	placeholder
2	177537602	177541309	2	86954000	86959062	placeholder
3	65739564	65743649	3	139191999	139195526	placeholder
1	242764701	242769078	1	100837861	100842280	placeholder
4	38714990	38724301	4	32939290	32943316	placeholder
15	8679307	8682071	13	10280765	10283286	placeholder
3	94999229	95031724	3	110044405	110053871	placeholder
14	3581603	3582990	14	4754133	4756098	placeholder
14	5194885	5196656	14	6889311	6891948	placeholder
1	298683200	298691812	1	40324468	40326916	placeholder
15	7027018	7036768	13	12333563	12347675	placeholder
1	335732773	335739881	1	3602960	3605289	placeholder
2	240768164	240777563	2	21058751	21071324	placeholder
1	82074448	82087388	1	261672006	261683487	placeholder
3	55463244	55467680	3	150537074	150541249	placeholder
17	11106516	11107623	16	12212925	12214787	placeholder
2	61378402	61381460	2	201184979	201191268	placeholder
7	16095294	16155461	7	16488090	16548687	placeholder
1	152141770	152148989	1	191033754	191040667	placeholder
7	33125856	33128379	7	33354874	33357373	placeholder
13	15828967	15835780	11	22290355	22299210	placeholder
3	58978685	58986699	3	146832963	146840586	placeholder
2	24354390	24379722	2	242164231	242198779	placeholder
6	43217633	43220988	6	44105316	44109387	placeholder
1	72620233	72623024	1	271596336	271598811	placeholder
1	104566145	104568656	1	238510708	238512094	placeholder
5	50297369	50337869	5	64286613	64313986	placeholder
1	255738651	255740872	1	87411067	87413462	placeholder
2	177885194	177893091	2	86576091	86581703	placeholder
12	13722843	13728549	12	16688171	16695344	placeholder
7	26519875	26534917	7	26822013	26832039	placeholder
4	81370530	81374435	4	72215773	72219770	placeholder
1	82198386	82204454	1	261543715	261548909	placeholder
13	1910005	1916937	11	4341227	4346257	placeholder
10	6504131	6504545	10	9336638	9337052	placeholder
5	69915893	69924416	5	45606585	45611691	placeholder
2	94358585	94364804	2	170263837	170269363	placeholder
1	55403936	55405794	1	290239056	290241054	placeholder
19	7465773	7468057	18	1737614	1738931	placeholder
17	10426748	10427165	16	2427547	2427964	placeholder
1	306769724	306770141	1	31567166	31567571	placeholder
1	312476716	312482925	1	25877708	25885361	placeholder
4	38899792	38900919	4	33085400	33086542	placeholder
2	153910371	153916607	2	111278630	111284198	placeholder
1	106289336	106298830	1	236608236	236616180	placeholder
13	12473168	12475098	11	18487299	18490232	placeholder
5	20787448	20787764	5	96761015	96761318	placeholder
14	7530516	7533087	14	9695325	9698082	placeholder
1	96403439	96405553	1	246797422	246799448	placeholder
5	32396830	32398888	5	84227976	84230865	placeholder
5	24228612	24233073	5	92976929	92988736	placeholder
6	26959597	26963541	6	25592993	25596252	placeholder
1	319270179	319272241	1	18858313	18860745	placeholder
5	120881821	120886469	5	10860287	10864402	placeholder
4	60589986	60595013	4	52967933	52969422	placeholder
1	323739356	323742265	1	14469418	14470479	placeholder
1	104425676	104426087	1	238676614	238677025	placeholder
16	7817504	7822545	15	10047239	10055030	placeholder
5	52204550	52204916	5	62252446	62252812	placeholder
4	82155016	82157934	4	71761863	71764816	placeholder
2	220349036	220356184	2	41931706	41938791	placeholder
8	30367199	30368287	8	41285869	41287043	placeholder
4	49827794	49831811	4	43219646	43223572	placeholder
3	106256617	106266078	3	101761547	101769581	placeholder
2	212001426	212014250	2	50647833	50663300	placeholder
5	53239696	53245446	5	61069585	61074611	placeholder
1	156238669	156242371	1	186788955	186792602	placeholder
3	85464619	85469375	3	118284599	118287975	placeholder
7	88500198	88500600	7	70597655	70598057	placeholder
4	64131285	64135768	4	55649089	55654331	placeholder
3	82806809	82808732	3	121161280	121163372	placeholder
7	10718007	10729988	7	11178244	11189567	placeholder
19	4787838	4796612	18	2493810	2501667	placeholder
5	57825831	57828510	5	56558909	56565809	placeholder
3	195396208	195409212	3	6333354	6338801	placeholder
2	134606778	134607177	2	127848290	127848689	placeholder
1	210673727	210679501	1	134520397	134526547	placeholder
3	166737091	166739283	3	36586180	36588275	placeholder
8	38763798	38766675	8	50101171	50106213	placeholder
8	48506126	48512304	8	27039583	27045698	placeholder
1	39032024	39032782	1	308339732	308340759	placeholder
3	172504775	172511632	3	30046989	30053691	placeholder
1	249709398	249712782	1	93594539	93597939	placeholder
17	8369986	8371852	16	5810723	5813570	placeholder
1	248287385	248298405	1	95061940	95087607	placeholder
6	97327912	97331841	6	92578153	92580537	placeholder
6	93482686	93494269	6	97529513	97538980	placeholder
1	118977533	118989282	1	223992999	223998737	placeholder
1	88409109	88410491	1	255212882	255214297	placeholder
12	8389944	8391395	12	11021663	11023227	placeholder
7	22248880	22296196	7	22563180	22617246	placeholder
1	12288298	12293595	1	335041441	335045859	placeholder
14	5934523	5942396	14	7750563	7756106	placeholder
1	266726425	266736592	1	75866802	75872523	placeholder
1	29073505	29077594	1	318825371	318828755	placeholder
4	54685075	54690642	4	52061565	52072300	placeholder
13	279318	281178	11	315830	318159	placeholder
2	86841162	86841525	2	177311140	177311518	placeholder
7	36991717	37000474	7	37049127	37057172	placeholder
3	157148970	157151024	3	47485569	47487586	placeholder
17	10543639	10545107	16	11535676	11538094	placeholder
3	185062139	185064563	3	16431044	16435913	placeholder
3	186225710	186227818	3	15154605	15164845	placeholder
11	15054643	15063606	9	8493886	8501475	placeholder
2	209537925	209540563	2	53353205	53359142	placeholder
3	100523685	100526085	3	107316737	107318885	placeholder
2	164068720	164069173	2	100629897	100630350	placeholder
8	11611309	11614893	8	66447229	66449235	placeholder
2	168036498	168039915	2	96692479	96696398	placeholder
7	93104067	93108901	7	81864052	81868305	placeholder
1	322547857	322548298	1	15668163	15668597	placeholder
2	156365900	156372211	2	108784894	108791288	placeholder
6	8083988	8092906	6	6517177	6521356	placeholder
12	1611754	1614106	12	2143537	2145972	placeholder
3	113893647	113911728	3	94023358	94042610	placeholder
7	28324795	28329215	7	28525077	28528146	placeholder
7	10628098	10637655	7	11099824	11109271	placeholder
16	1383223	1384512	15	1348945	1350826	placeholder
3	3401289	3455513	3	207248163	207258828	placeholder
1	126413735	126425730	1	216336271	216351703	placeholder
2	103359027	103362062	2	160441541	160447223	placeholder
10	6530053	6537478	10	9368030	9373834	placeholder
6	24674724	24680114	6	22995023	23000756	placeholder
7	28859822	28864392	7	29043104	29048353	placeholder
2	160145737	160148994	2	104771207	104774653	placeholder
11	22751172	22751717	9	321579	322144	placeholder
1	53630615	53634490	1	292219325	292222876	placeholder
1	337472712	337478786	1	2370576	2372924	placeholder
1	48974186	48978557	1	297366483	297374543	placeholder
1	50141366	50151571	1	296013463	296024621	placeholder
5	52246562	52246937	5	62191798	62192173	placeholder
19	1180154	1183782	18	7648395	7656614	placeholder
1	44204	44946	1	343541126	343541662	placeholder
1	227824479	227828950	1	116316994	116321074	placeholder
16	13058278	13059054	15	17166521	17167770	placeholder
4	49848604	49853876	4	43242536	43245553	placeholder
1	194781477	194788425	1	149621740	149627758	placeholder
2	72755808	72756183	2	189210409	189210784	placeholder
3	3582266	3587826	3	207172475	207178595	placeholder
1	318073214	318075355	1	19983460	19984890	placeholder
1	118663588	118665422	1	224307013	224309632	placeholder
14	984520	985927	14	1263695	1265778	placeholder
11	20703857	20706566	9	2610333	2613813	placeholder
1	272453761	272456263	1	69818908	69821625	placeholder
15	12929485	12932128	13	5786029	5788400	placeholder
12	10970210	10973482	12	13800981	13804325	placeholder
5	5606945	5615235	5	111944716	111954612	placeholder
14	1921134	1921806	14	2555929	2556485	placeholder
2	55123649	55130861	2	207851532	207857097	placeholder
6	63839952	63841137	6	66217442	66220893	placeholder
14	5358772	5360700	14	7081474	7083206	placeholder
4	125709916	125711856	4	111120442	111122747	placeholder
3	89358509	89413474	3	114151100	114182728	placeholder
1	285016211	285017666	1	55911510	55912933	placeholder
1	62395777	62397971	1	282491626	282495053	placeholder
14	16413201	16413782	14	17523020	17523954	placeholder
14	9179118	9185857	14	11622029	11626110	placeholder
1	227621079	227625402	1	116554230	116562648	placeholder
8	4151793	4158258	8	73877260	73880523	placeholder
1	71179144	71180970	1	273151890	273153612	placeholder
4	53327749	53330519	4	46290150	46298384	placeholder
2	157675845	157677107	2	107437208	107438662	placeholder
7	33812889	33814996	7	33992651	33998987	placeholder
11	1213007	1216294	9	23748038	23753964	placeholder
1	233949873	233951686	1	110132370	110133103	placeholder
3	16028281	16032793	3	195723610	195728272	placeholder
17	8392822	8393176	16	5843188	5843542	placeholder
17	11002935	11003433	16	12080655	12081268	placeholder
15	869193	871619	13	22306400	22311379	placeholder
1	319413064	319415505	1	18710163	18712773	placeholder
1	273414840	273418676	1	68643631	68651918	placeholder
2	89880601	89880952	2	174703017	174703368	placeholder
8	22954200	22956319	8	54905632	54907649	placeholder
1	55580961	55585355	1	290048610	290061358	placeholder
1	292903506	292906421	1	47001187	47004052	placeholder
1	16705168	16716826	1	331170562	331179189	placeholder
4	82562879	82567375	4	71497273	71501330	placeholder
1	92008352	92012875	1	251349024	251350199	placeholder
1	295170731	295177119	1	44365027	44371521	placeholder
15	12454052	12454400	13	6284728	6285076	placeholder
5	54478616	54493392	5	59983912	59999755	placeholder
1	5384184	5397338	1	340635228	340640936	placeholder
4	29983897	29998908	4	25088574	25102722	placeholder
1	50867681	50869361	1	295312976	295314680	placeholder
12	9493580	9496263	12	12187900	12191070	placeholder
3	32635268	32637846	3	177123003	177125603	placeholder
6	12092910	12096665	6	10137897	10141347	placeholder
3	29770768	29776004	3	180326842	180334611	placeholder
3	166609059	166612732	3	36743962	36747730	placeholder
1	107647842	107650903	1	235005797	235008620	placeholder
1	8158536	8166056	1	338435479	338441197	placeholder
4	88986060	88986393	4	74225278	74225611	placeholder
3	29804535	29807669	3	180293327	180298996	placeholder
5	30422948	30427726	5	86459530	86462781	placeholder
6	85232501	85248056	6	79953197	79962338	placeholder
3	155389564	155391528	3	49450700	49452692	placeholder
14	4774282	4776919	14	6388642	6390888	placeholder
1	177123120	177124503	1	166244934	166246404	placeholder
2	35163893	35165417	2	230176605	230179008	placeholder
15	15792536	15795457	13	1748129	1751314	placeholder
3	141639083	141642962	3	64665462	64671365	placeholder
6	80676355	80766535	6	79241644	79257988	placeholder
7	20380575	20391431	7	20595287	20602023	placeholder
3	24506215	24508985	3	186614113	186616979	placeholder
5	49292822	49298746	5	65420841	65427554	placeholder
3	63571776	63577628	3	141648570	141655591	placeholder
1	166473103	166476487	1	176375179	176380976	placeholder
1	20880183	20883202	1	327452349	327456838	placeholder
1	100866365	100868635	1	242227779	242230045	placeholder
5	26276636	26276954	5	90707562	90707883	placeholder
1	18589540	18594027	1	329485126	329488087	placeholder
1	246467437	246472655	1	97041263	97043997	placeholder
7	33321806	33326967	7	33530802	33536654	placeholder
19	5308331	5311325	18	2055211	2057079	placeholder
5	90516738	90521946	5	33730864	33734525	placeholder
2	84730442	84741187	2	179033152	179041758	placeholder
11	3127183	3127495	9	20996048	20996354	placeholder
1	285066748	285078367	1	55850460	55865083	placeholder
2	85868957	85877213	2	178134908	178141609	placeholder
2	961532	967080	2	255427099	255430882	placeholder
3	16419270	16451687	3	195426901	195461546	placeholder
5	21004572	21004878	5	96536172	96536478	placeholder
3	178140422	178142038	3	23634799	23636070	placeholder
10	6963319	6968536	10	9732849	9736626	placeholder
4	31829479	31830987	4	26722250	26723869	placeholder
1	17590709	17595295	1	330370999	330374622	placeholder
13	3757695	3762840	11	7514644	7516141	placeholder
1	214686345	214692140	1	130172487	130176766	placeholder
3	163070613	163070952	3	40808432	40808762	placeholder
12	3602946	3603927	12	5029729	5032703	placeholder
8	74980402	74994729	8	12681750	12704092	placeholder
4	2741324	2745950	4	1789303	1792803	placeholder
1	221497393	221499812	1	123163923	123165940	placeholder
6	1185890	1189649	6	1360395	1364959	placeholder
2	120112681	120114286	2	143722151	143724430	placeholder
1	292797929	292805194	1	47136081	47140304	placeholder
1	165883410	165885884	1	176988151	176989769	placeholder
1	227695965	227697486	1	116469008	116470135	placeholder
7	83874689	83881540	7	76449015	76456397	placeholder
2	97293310	97293601	2	166621569	166621860	placeholder
3	29664628	29666082	3	180445278	180446930	placeholder
1	279404367	279416879	1	62162893	62190073	placeholder
2	141081791	141083561	2	123923471	123925859	placeholder
1	50080112	50082055	1	296094638	296096132	placeholder
3	20399559	20405886	3	191207381	191212510	placeholder
17	4329867	4339359	16	10574315	10581925	placeholder
1	40389522	40412727	1	306832540	306852720	placeholder
10	4694062	4694341	10	7552403	7552682	placeholder
16	10992921	10994434	15	4099656	4101471	placeholder
11	6381860	6384765	9	17694319	17697240	placeholder
3	145595470	145598255	3	60318977	60322432	placeholder
3	6472656	6473520	3	204452406	204455694	placeholder
2	103234791	103238602	2	160591804	160593889	placeholder
13	629866	632952	11	1367829	1371441	placeholder
18	9056294	9056570	17	926791	927067	placeholder
1	328890537	328896414	1	9719628	9723730	placeholder
1	26778437	26782074	1	321310578	321315575	placeholder
3	153948284	153951976	3	51054543	51057297	placeholder
1	63365548	63372153	1	281418987	281429106	placeholder
1	228934996	228937770	1	115187179	115189899	placeholder
3	178042139	178042400	3	23728989	23729250	placeholder
7	8613359	8613815	7	2658583	2659040	placeholder
5	65920569	65940545	5	48865621	48878518	placeholder
3	81805727	81841619	3	122095880	122126842	placeholder
3	26306156	26334502	3	184453991	184504968	placeholder
2	212917607	212920737	2	49680808	49683422	placeholder
1	1875011	1875263	1	341838465	341838717	placeholder
3	177914771	177920765	3	23864204	23868448	placeholder
14	472981	473233	14	557487	557739	placeholder
3	37952335	37957392	3	170833392	170838858	placeholder
1	252511787	252513542	1	90674394	90676454	placeholder
15	9361085	9361328	13	9517567	9517810	placeholder
6	22232607	22232835	6	20364185	20364413	placeholder
8	28559284	28562626	8	39353513	39359676	placeholder
3	83471032	83474465	3	120498207	120501303	placeholder
6	30713790	30715322	6	29947424	29948983	placeholder
3	169678392	169679077	3	33229727	33230418	placeholder
1	329104370	329115809	1	9512314	9517675	placeholder
12	18761288	18763391	12	20314325	20316581	placeholder
3	30574796	30576603	3	179467041	179471201	placeholder
13	15709697	15711455	11	22155728	22158551	placeholder
2	182396062	182397673	2	81710217	81711844	placeholder
3	23274407	23276212	3	188005384	188006940	placeholder
2	27107810	27108035	2	239141313	239141538	placeholder
6	38992139	38994329	6	39628377	39633394	placeholder
3	15563865	15564998	3	196189081	196193187	placeholder
2	192136763	192139586	2	71479019	71480632	placeholder
1	51390208	51395001	1	294767040	294771833	placeholder
2	182008946	182009132	2	82105459	82105645	placeholder
1	287014445	287020253	1	53663135	53667431	placeholder
3	146240468	146241259	3	59605467	59605635	placeholder
3	23649436	23651663	3	187595366	187597361	placeholder
1	41273832	41275831	1	305856236	305858165	placeholder
1	243073411	243073567	1	100483684	100483840	placeholder
