Species_1	Start_1	End_1	Species_2	Start_2	End_2	fill
1	65746531	65838890	1	301899870	301924262	placeholder
1	148936096	149069608	1	210078471	210203335	placeholder
8	42966448	43092062	4	48338027	48446556	placeholder
5	21571446	21593801	6	40934413	40959389	placeholder
1	198202236	198243518	1	157070261	157118665	placeholder
2	191945511	192002093	2	93862428	93923968	placeholder
14	14408711	14503783	15	2233706	2348682	placeholder
4	22456142	22582721	5	23531510	23629327	placeholder
1	270038753	270125470	1	77851890	77940331	placeholder
1	126070166	126166134	1	235231681	235306751	placeholder
14	5859568	5915779	15	12329264	12380845	placeholder
1	310054045	310226185	1	33811601	33969452	placeholder
7	41879020	42009147	8	10007406	10112825	placeholder
5	24709095	24743371	6	37481968	37521956	placeholder
1	239740195	239799764	1	111604089	111657797	placeholder
3	64068408	64111453	3	150565145	150594510	placeholder
3	65933528	65979642	3	148451382	148506108	placeholder
2	47369246	47409108	2	255194287	255246275	placeholder
3	197899120	197959211	3	6481516	6530490	placeholder
2	198317496	198392263	2	86570079	86601716	placeholder
5	77784247	77837529	7	12632337	12647695	placeholder
12	11705357	11955692	13	7870677	8214789	placeholder
1	40467695	40605557	1	329756797	329904626	placeholder
3	153841800	153945808	3	56282674	56404286	placeholder
13	13692774	13730122	12	20784344	20826500	placeholder
8	55648999	55715066	4	77977491	78001151	placeholder
17	7820850	7849822	18	7113373	7151038	placeholder
1	227650323	227674007	1	124665467	124688528	placeholder
1	55495909	55568752	1	313201361	313264053	placeholder
17	1875274	1969990	18	10035234	10126414	placeholder
2	152269843	152317762	2	138395627	138458676	placeholder
1	173115847	173225833	1	181427924	181520120	placeholder
7	88785669	88883444	10	5508027	5588214	placeholder
1	226244444	226301853	1	126218369	126270100	placeholder
7	30649792	30742536	8	21720038	21815219	placeholder
16	13020831	13048086	16	292037	322706	placeholder
1	254251440	254273160	1	95563275	95592088	placeholder
1	340441203	340457170	1	615936	638849	placeholder
7	15905138	16030611	8	37078894	37202161	placeholder
1	63230614	63248112	1	304754784	304782194	placeholder
1	139247389	139332755	1	220631382	220671500	placeholder
15	14731807	14746046	14	2487303	2500908	placeholder
5	52903400	52945682	6	7717889	7763547	placeholder
4	19829077	19898892	5	20641269	20731365	placeholder
1	143309865	143409578	1	216314835	216415502	placeholder
2	90211784	90306194	2	208512389	208599891	placeholder
16	8925450	9028643	16	5808089	5981370	placeholder
2	103475212	103503025	2	193659927	193671548	placeholder
4	57144996	57220345	5	66646126	66689195	placeholder
6	85593186	85678509	4	100114366	100203682	placeholder
2	243389519	243490749	2	36210090	36319037	placeholder
16	11856908	11882451	16	1575859	1611734	placeholder
1	333403470	333571816	1	7741913	7890928	placeholder
7	29771975	29948810	8	22458229	22646328	placeholder
14	1843998	1869919	15	17985113	18022845	placeholder
1	270326380	270370401	1	77594972	77643881	placeholder
5	38723730	38762385	6	22323602	22367721	placeholder
1	17345116	17409434	1	355152786	355216932	placeholder
1	276478812	276524718	1	70751154	70797731	placeholder
1	217716540	217754577	1	135444642	135483248	placeholder
1	273477741	273804175	1	73718959	74030750	placeholder
6	30925131	30997296	4	154861376	154937291	placeholder
2	67273630	67354026	2	233069788	233151737	placeholder
8	41225517	41275540	4	46584054	46631758	placeholder
15	4578186	4642046	14	14435546	14516141	placeholder
2	156393146	156424112	2	133671417	133701615	placeholder
1	71974059	72090517	1	295403172	295464270	placeholder
6	89352107	89457309	4	83211099	83447605	placeholder
3	87273107	87430496	3	124811089	124943571	placeholder
8	21681298	21700178	4	26219541	26240947	placeholder
5	119878978	119912385	7	50906670	50936523	placeholder
7	31477671	31525503	8	20883494	20910876	placeholder
1	41301800	41347926	1	328951480	328989480	placeholder
4	93612604	93700625	5	103048296	103137813	placeholder
6	97386734	97463640	4	91100565	91237308	placeholder
1	130705502	130730074	1	230141421	230171015	placeholder
14	10099259	10150034	15	7508445	7568991	placeholder
1	39647603	39686272	1	330646585	330688113	placeholder
6	70123998	70172573	4	113289194	113337551	placeholder
2	158407906	158505750	2	131406232	131500990	placeholder
2	100057344	100092342	2	197384076	197411935	placeholder
15	6795598	6816406	14	11182015	11206017	placeholder
1	116661377	116673484	1	245677610	245690507	placeholder
2	217968864	218317612	2	64973373	65348159	placeholder
14	14554076	14601311	15	2139704	2187191	placeholder
1	65642528	65680170	1	302052035	302090210	placeholder
1	277621622	277638293	1	69572267	69596919	placeholder
10	16434487	16447306	11	18195248	18215060	placeholder
2	84884676	84975111	2	214071179	214131327	placeholder
15	1758966	1793963	14	19741239	19817263	placeholder
7	21239400	21296110	8	31350399	31414266	placeholder
2	155944757	155999368	2	134132378	134235887	placeholder
1	265601318	265694508	1	82844306	82926267	placeholder
7	89923509	89977359	10	6743887	6788023	placeholder
3	57057604	57110484	3	158353191	158407017	placeholder
7	46611936	46651584	8	6138867	6180157	placeholder
5	85860881	85961163	7	16986318	17075086	placeholder
14	16075595	16123807	15	639082	685508	placeholder
19	5983239	6019948	19	2222153	2253979	placeholder
8	75119664	75143890	4	61726147	61755589	placeholder
3	25696020	25727393	3	193532082	193561224	placeholder
1	18148351	18207975	1	354238148	354299099	placeholder
1	286115006	286261800	1	59507427	59656378	placeholder
8	74273556	74304933	4	62628931	62667792	placeholder
1	116303632	116347770	1	246034331	246110234	placeholder
14	6397046	6421387	15	13007658	13044674	placeholder
13	474334	546105	12	967514	992707	placeholder
1	339620078	339678289	1	1307863	1360740	placeholder
2	199267891	199304830	2	85617529	85653570	placeholder
1	340401255	340412468	1	697173	705689	placeholder
14	8248162	8293241	15	9870643	9919020	placeholder
1	13668449	13726046	1	359173730	359230401	placeholder
3	152339458	152404353	3	57971315	58039549	placeholder
5	8042920	8068159	6	55383270	55405809	placeholder
2	133124550	133156532	2	153079994	153110567	placeholder
12	4882637	4944016	13	18883193	18929688	placeholder
14	9854934	9888403	15	7835296	7872665	placeholder
7	16305383	16355037	8	36706680	36755114	placeholder
3	114830030	114916385	3	99602248	99640415	placeholder
5	109376910	109521772	7	40087529	40276461	placeholder
1	255446735	255500403	1	94210080	94261342	placeholder
1	268763022	268834137	1	79216317	79281575	placeholder
2	206213535	206273600	2	78048250	78094549	placeholder
8	60638174	60798671	4	80286950	80432427	placeholder
5	36410076	36467420	6	25119659	25178769	placeholder
1	71525710	71607930	1	295890575	295974026	placeholder
1	62339399	62392219	1	305723639	305770014	placeholder
7	52747782	52867614	8	1753096	1821652	placeholder
1	272654955	272721331	1	74921427	74988689	placeholder
1	166157898	166199410	1	190217183	190280370	placeholder
6	31417461	31463732	4	154201005	154244817	placeholder
17	9549693	9575015	18	6586753	6627287	placeholder
3	152262743	152301892	3	58080469	58121926	placeholder
1	64641729	64776176	1	303092522	303218478	placeholder
1	332636091	332794298	1	8457680	8665829	placeholder
19	241781	256145	19	9780583	9798256	placeholder
2	11596379	11609758	2	308874217	308889797	placeholder
3	49301918	49375407	3	167059244	167133350	placeholder
3	142593126	142633794	3	68332695	68370201	placeholder
3	66422137	66495018	3	148016113	148085681	placeholder
5	70801597	70858812	7	7901406	7929626	placeholder
1	238870745	238912380	1	112523576	112589575	placeholder
15	1857484	1871877	14	19597814	19625934	placeholder
5	50690613	50767089	6	9980452	10089394	placeholder
3	180826430	180940954	3	26157093	26270906	placeholder
1	176836776	176918133	1	178893519	178942496	placeholder
3	123249956	123295873	3	89890825	89943463	placeholder
5	67763398	67802533	7	5882967	5908166	placeholder
3	39113724	39157371	3	178223075	178265499	placeholder
1	53694873	53742432	1	315272638	315322160	placeholder
5	51303523	51358748	6	9430359	9482440	placeholder
1	262199614	262249198	1	86757414	86804798	placeholder
5	91215382	91237293	7	21305949	21324183	placeholder
14	220670	238661	15	19763640	19781487	placeholder
16	1772462	1839689	16	15035936	15110921	placeholder
2	95579626	95619839	2	202288197	202326934	placeholder
3	130717001	130760659	3	81382455	81441428	placeholder
4	90938011	90962116	5	100049210	100075972	placeholder
6	69893270	69897716	4	113530363	113534773	placeholder
1	288140427	288174228	1	57495917	57535524	placeholder
8	66446636	66703663	4	71112068	71469133	placeholder
15	11631271	11661660	14	5654694	5687868	placeholder
8	25544782	25586932	4	30566862	30609360	placeholder
1	257459716	257510039	1	92000141	92051351	placeholder
6	43290076	43341584	4	141647658	141693402	placeholder
16	6745275	6768804	16	9136098	9174553	placeholder
2	31532027	31598392	2	273650593	273715616	placeholder
7	65935264	66036415	10	26763504	26836262	placeholder
10	5047427	5106248	11	6973035	7007770	placeholder
11	22591404	22598268	9	31586885	31593560	placeholder
1	55155058	55168832	1	313610613	313625904	placeholder
8	76739548	76786316	4	59897708	59955575	placeholder
1	221445330	221488744	1	131515335	131555995	placeholder
1	277656680	277685325	1	69537569	69560345	placeholder
5	122421188	122467925	7	53459381	53488775	placeholder
3	169968203	170016443	3	38261691	38319121	placeholder
2	203692098	203727305	2	80972990	81010914	placeholder
1	159387198	159481033	1	198319741	198417577	placeholder
2	243252377	243294448	2	36422836	36463328	placeholder
7	88174371	88409672	10	4915973	5168684	placeholder
2	194020657	194049214	2	91368040	91396725	placeholder
12	8498031	8517940	13	13764909	13792580	placeholder
11	17532655	17569365	9	25840389	25942561	placeholder
7	56448764	56508055	8	3873214	3939076	placeholder
4	87252174	87311993	5	95970363	96034032	placeholder
17	3356830	3388473	18	1251619	1272123	placeholder
5	26598873	26708861	6	35426445	35536134	placeholder
1	296534198	296569541	1	48202356	48245384	placeholder
7	37143476	37191008	8	14752289	14794514	placeholder
3	33815248	33870085	3	184345007	184394099	placeholder
14	4705538	4723856	15	14329995	14351247	placeholder
4	5290407	5335474	5	4301318	4342677	placeholder
1	260910412	260955704	1	88135810	88177865	placeholder
1	212036948	212125948	1	142006692	142104475	placeholder
3	63498087	63531695	3	151283003	151316156	placeholder
1	222821071	222886448	1	130030221	130099814	placeholder
2	235291097	235552557	2	45326348	45590500	placeholder
13	18053883	18076417	12	25237679	25277528	placeholder
6	37761343	37834443	4	147450730	147495913	placeholder
15	14152287	14166274	14	3139227	3149863	placeholder
1	137800680	137829527	1	222281068	222313904	placeholder
1	64357789	64413404	1	303508204	303565921	placeholder
13	18324394	18342253	12	25512087	25528229	placeholder
2	9338111	9358535	2	306549322	306570532	placeholder
1	170590766	170751966	1	184105268	184262095	placeholder
1	114341305	114376522	1	248205179	248238075	placeholder
2	69157800	69205702	2	230895318	230948499	placeholder
1	59090684	59137284	1	309285968	309323053	placeholder
2	203790679	203816443	2	80886423	80910873	placeholder
1	323234194	323353163	1	19516439	19635260	placeholder
8	36952098	36993073	4	42299384	42333545	placeholder
5	58731851	58784444	6	1708936	1784401	placeholder
7	14501130	14527304	8	38678313	38703104	placeholder
3	7944295	8038861	3	214369729	214443542	placeholder
1	226703011	226743012	1	125768273	125802161	placeholder
1	92879617	92922599	1	272217508	272259830	placeholder
2	199901084	199946125	2	84951236	84988978	placeholder
1	62899545	62916979	1	305137420	305157158	placeholder
7	65511714	65600287	10	27094331	27189768	placeholder
2	97487021	97514881	2	200083487	200110769	placeholder
2	141510596	141569048	2	149913110	150012545	placeholder
1	296633681	296728182	1	48034263	48135404	placeholder
3	120154147	120199347	3	93560979	93618632	placeholder
1	299037803	299126962	1	45395654	45480904	placeholder
16	5011379	5053912	16	11137478	11189662	placeholder
1	179138712	179176680	1	177073700	177125426	placeholder
14	7308527	7343068	15	11032186	11067766	placeholder
4	51608750	51641624	5	57763096	57815971	placeholder
15	1899943	2021609	14	19286717	19518828	placeholder
2	190077598	190154079	2	95888281	95968009	placeholder
2	155294036	155338081	2	134841749	134890560	placeholder
1	211828633	211922561	1	142227017	142328923	placeholder
1	256613682	256721885	1	92915232	93023103	placeholder
15	7337377	7389348	14	10454313	10513095	placeholder
1	249005722	249048972	1	101035219	101087109	placeholder
2	148811305	149196028	2	141289349	141697514	placeholder
1	225929935	225969758	1	126573944	126618210	placeholder
2	67452584	67521925	2	232904507	232924123	placeholder
8	74792764	74835711	4	62056817	62097098	placeholder
1	164234628	164261118	1	192699054	192717948	placeholder
11	15300587	15321220	9	22871583	22899859	placeholder
14	7214832	7264790	15	11127294	11176164	placeholder
3	71242012	71354018	3	142217376	142352610	placeholder
8	67712144	67766246	4	68070922	68134052	placeholder
1	146563261	146611757	1	212763756	212803645	placeholder
19	5532872	5559813	19	8314695	8331447	placeholder
1	65842572	65871978	1	301867257	301896227	placeholder
5	100158559	100311027	7	30082004	30278605	placeholder
3	44699290	44918746	3	171979551	172209241	placeholder
1	116607547	116631639	1	245717089	245743745	placeholder
5	23250637	23350957	6	39000269	39114630	placeholder
1	302623759	302655942	1	41602433	41628750	placeholder
1	17650518	17720537	1	354858457	354925042	placeholder
14	719665	740263	15	19275582	19294139	placeholder
4	23612693	23640751	5	24693383	24723417	placeholder
1	26592420	26654162	1	344905986	344972292	placeholder
2	190353589	190376469	2	95644071	95675272	placeholder
3	147386754	147437623	3	63065548	63120233	placeholder
7	31115328	31158679	8	21256059	21292558	placeholder
11	11963727	12054570	9	18541014	18667979	placeholder
2	182712477	182757954	2	104197587	104246715	placeholder
15	3377859	3431258	14	16646954	16727405	placeholder
3	58309119	58314897	3	156957924	156963785	placeholder
1	269844171	269908809	1	78077625	78132464	placeholder
6	36540287	36567047	4	148791875	148814145	placeholder
1	259388280	259411447	1	89874034	89896261	placeholder
2	199769794	199872773	2	85014064	85121111	placeholder
13	13059948	13078794	12	20140353	20160811	placeholder
15	6517800	6546048	14	11491744	11524855	placeholder
6	43150111	43198579	4	141785187	141834825	placeholder
4	84273448	84317475	5	92795387	92846159	placeholder
4	20123778	20131399	5	20959447	20966849	placeholder
6	45583401	45606589	4	139308483	139335817	placeholder
1	284215054	284224877	1	61831017	61839693	placeholder
15	16761366	16777795	14	374589	391000	placeholder
15	11707112	11727607	14	5596521	5616615	placeholder
6	22656842	22694996	4	164409079	164453286	placeholder
18	9160510	9165550	17	14723429	14728978	placeholder
3	161020942	161073502	3	48368229	48436171	placeholder
3	45471755	45503488	3	171334548	171368848	placeholder
8	48589652	48660041	4	53577995	53626070	placeholder
6	52093880	52121137	4	132431744	132453513	placeholder
3	56826965	56898702	3	158560404	158627861	placeholder
1	285975811	286023115	1	59741288	59791328	placeholder
3	177449269	177543844	3	29830873	29931080	placeholder
6	42554280	42646994	4	142398682	142488720	placeholder
4	90968442	90998753	5	100082544	100119488	placeholder
1	270442240	270521068	1	77386239	77495673	placeholder
6	37963864	37993682	4	147309582	147347616	placeholder
13	3419802	3466320	12	7171714	7253781	placeholder
5	99248350	99300338	7	29224569	29280290	placeholder
1	114613967	114655901	1	247916860	247959074	placeholder
1	326092131	326181486	1	16073115	16165802	placeholder
5	86572881	86627955	7	17515020	17559024	placeholder
2	176341799	176368796	2	111361418	111392999	placeholder
1	250866748	250943357	1	99058012	99132245	placeholder
6	254736	281183	4	189317917	189342283	placeholder
3	136578647	136663095	3	75043743	75144722	placeholder
5	57009854	57040207	6	3529373	3558545	placeholder
1	65894818	65952585	1	301754703	301843786	placeholder
3	165989207	166012035	3	42566111	42590716	placeholder
3	62739178	62843728	3	151975427	152125863	placeholder
4	78522802	78869637	5	88396461	88549631	placeholder
5	122762927	122769705	7	53813978	53822051	placeholder
8	38897809	38919812	4	44196770	44219008	placeholder
3	9518619	9636007	3	212472001	212594190	placeholder
4	22196146	22239206	5	23301848	23332426	placeholder
13	12106485	12265297	12	19192545	19358684	placeholder
8	24695495	24718111	4	29577451	29597334	placeholder
1	157045668	157107335	1	201179934	201298389	placeholder
4	131285596	131325384	5	150086912	150124407	placeholder
18	1007273	1053613	17	4023403	4087529	placeholder
12	15740445	15919202	13	3441564	3543282	placeholder
7	21399659	21476818	8	31173531	31254815	placeholder
3	42347327	42398999	3	174821520	174864661	placeholder
2	228443966	228530724	2	53470766	53554459	placeholder
3	52982617	52986250	3	163053883	163057515	placeholder
13	390293	420483	12	776789	822631	placeholder
1	135477797	135520808	1	224784459	224828711	placeholder
5	86517313	86569499	7	17490644	17512748	placeholder
3	34738913	34747905	3	183375691	183393496	placeholder
15	1336079	1354237	14	22937057	23038825	placeholder
6	42747753	42832878	4	142172587	142289510	placeholder
6	48970621	49005507	4	135875975	135912377	placeholder
4	84333065	84462595	5	92639671	92773713	placeholder
14	4661495	4685591	15	14368702	14396497	placeholder
1	331136396	331210844	1	10276031	10354028	placeholder
6	10988868	11055278	4	178159065	178223509	placeholder
3	70184883	70231912	3	143442838	143491214	placeholder
8	44586934	44675788	4	49920115	50070757	placeholder
6	93129308	93183623	4	87393559	87428630	placeholder
7	75934480	75979747	10	19134169	19173401	placeholder
1	142742239	142855468	1	216739724	216834491	placeholder
1	277887252	277932505	1	69313319	69347851	placeholder
2	160533564	160681251	2	128796715	128983717	placeholder
1	183698300	183978040	1	172638432	172923620	placeholder
1	291813352	291889328	1	53531475	53617802	placeholder
1	154693946	154798106	1	203770586	203806049	placeholder
2	189233669	189514460	2	96627624	96933933	placeholder
8	23358941	23390731	4	28093984	28121568	placeholder
1	42905937	42946244	1	327138641	327182772	placeholder
2	98330260	98352873	2	199183463	199204860	placeholder
1	27644084	27661116	1	343801723	343821879	placeholder
1	200561649	200596682	1	154814724	154842752	placeholder
1	330850821	330895787	1	10610395	10652803	placeholder
1	266503929	266547698	1	81857414	81907215	placeholder
5	55628572	55661714	6	4972530	5008508	placeholder
7	62911398	62963516	10	28924898	28948168	placeholder
6	89930570	89980070	4	83799408	83842217	placeholder
5	40154817	40229061	6	20960367	21041518	placeholder
7	75905235	75908736	10	19197213	19200712	placeholder
14	6269487	6298685	15	12838458	12882025	placeholder
3	105745030	105797379	3	109031654	109098907	placeholder
3	152980872	153007086	3	57342828	57366751	placeholder
5	31395215	31420786	6	30708886	30748556	placeholder
2	157084301	157111087	2	133011869	133045889	placeholder
15	16934840	17038921	14	219902	258213	placeholder
8	6900984	7043115	4	9381267	9506650	placeholder
1	216257284	216305951	1	137188839	137213580	placeholder
1	294083175	294103082	1	50994553	51018136	placeholder
11	21320332	21342767	9	30466424	30493526	placeholder
11	15261459	15294596	9	22821453	22864198	placeholder
5	45901162	45904639	6	14897400	14900883	placeholder
2	182360134	182389908	2	104598708	104637035	placeholder
2	66899867	66927113	2	233567076	233603960	placeholder
1	100421757	100464644	1	264073617	264116851	placeholder
4	19487277	19532078	5	20267289	20296373	placeholder
3	13820501	13854005	3	207120030	207158279	placeholder
1	113180726	113251416	1	249466963	249530983	placeholder
3	136134953	136176735	3	75547609	75587075	placeholder
1	13757420	13812830	1	359081457	359137994	placeholder
1	323748761	323798676	1	18966209	19011868	placeholder
3	155404606	155520328	3	54409895	54540946	placeholder
4	61577987	61622891	5	75991497	76067960	placeholder
1	109788909	109814707	1	253783482	253809252	placeholder
5	39233154	39241767	6	21849447	21862048	placeholder
7	168010	169810	8	53454579	53456327	placeholder
14	2568319	2597280	15	17051065	17087848	placeholder
7	51694396	51773957	8	1412221	1467028	placeholder
1	114668450	114696496	1	247866433	247903604	placeholder
6	56361559	56409865	4	127963299	128001978	placeholder
3	124278032	124301650	3	88861918	88885118	placeholder
12	20339340	20432523	13	31419	74842	placeholder
6	16945176	17070086	4	170938523	171081068	placeholder
12	2127838	2147551	13	22638839	22676936	placeholder
3	105944458	105994158	3	108842716	108884862	placeholder
4	12758044	12860455	5	12663918	12707476	placeholder
6	98994434	99039920	4	88339533	88399898	placeholder
3	101673636	101814059	3	113801296	113954153	placeholder
7	21934189	21984017	8	30631270	30692893	placeholder
1	257081025	257095445	1	92539089	92553952	placeholder
14	9817803	9859925	15	7880828	7905990	placeholder
6	62235133	62271068	4	121673533	121700887	placeholder
3	165722871	165823291	3	42787628	42915445	placeholder
8	44416689	44449583	4	49743393	49775475	placeholder
14	5001756	5071889	15	13878358	13982368	placeholder
1	98860299	98894814	1	265897688	265935124	placeholder
7	23607724	23671416	8	28789113	28852846	placeholder
3	11628522	11738446	3	209875601	210023711	placeholder
5	20901514	20947084	6	41693334	41730308	placeholder
2	200499394	200582071	2	84301330	84369559	placeholder
19	346734	353632	19	9711954	9721784	placeholder
8	25803465	25835695	4	30854718	30892265	placeholder
15	9309410	9354641	14	8112443	8175640	placeholder
1	11941280	11972529	1	361109839	361142785	placeholder
1	90344169	90441576	1	275054431	275147428	placeholder
1	25181596	25214292	1	346492930	346521274	placeholder
8	31454788	31462344	4	36735409	36743426	placeholder
2	79989101	80052621	2	218620981	218676929	placeholder
1	95107043	95180475	1	269859073	269940323	placeholder
2	155344224	155435561	2	134739602	134835642	placeholder
8	66913314	66941797	4	70841167	70871053	placeholder
2	52516907	52528520	2	249606166	249618985	placeholder
14	13558291	13599575	15	3240548	3287699	placeholder
1	300028831	300051069	1	44424399	44448649	placeholder
2	140628795	140681990	2	150856938	150904850	placeholder
5	87427724	87474421	7	18161058	18191922	placeholder
3	89622	98181	3	223714804	223728805	placeholder
1	40663527	40702694	1	329661429	329705170	placeholder
2	20104226	20162689	2	286878842	286932381	placeholder
2	172950529	173058112	2	115057012	115159254	placeholder
10	16367918	16376729	11	18120951	18132311	placeholder
2	242936708	242966346	2	36778372	36804721	placeholder
10	6036331	6087106	11	8061525	8110287	placeholder
16	1458758	1512663	16	15396971	15439552	placeholder
15	3512100	3519644	14	16442016	16460011	placeholder
3	183104886	183112716	3	23792695	23799828	placeholder
12	5881391	5931910	13	17427303	17479508	placeholder
5	50931435	50966316	6	9792001	9834486	placeholder
11	20986969	21142747	9	30114495	30271713	placeholder
13	3390946	3415351	12	7118657	7165948	placeholder
1	164602503	164652134	1	192246850	192292609	placeholder
6	95976941	96021746	4	93206631	93249286	placeholder
3	59490873	59533755	3	155716975	155754314	placeholder
5	30512808	30544920	6	31584854	31620945	placeholder
8	76924163	76973335	4	59729272	59760667	placeholder
8	38784572	38819842	4	44103064	44125869	placeholder
1	174334334	174508676	1	180538023	180630991	placeholder
12	3685720	3707009	13	20594559	20616643	placeholder
7	49393193	49559980	8	445689	514956	placeholder
7	20547078	20581194	8	32080283	32112302	placeholder
6	90419595	90554253	4	84375806	84551664	placeholder
1	115839301	115861107	1	246563908	246584761	placeholder
4	89764301	89805546	5	98644238	98700420	placeholder
16	7562846	7588990	16	8029408	8062471	placeholder
2	148262245	148349717	2	142160339	142244520	placeholder
5	24202809	24214412	6	38055800	38068862	placeholder
2	193955195	193997336	2	91418274	91455301	placeholder
1	130509289	130565585	1	230305076	230356335	placeholder
6	42088511	42109820	4	142916375	142938686	placeholder
14	8739736	8782728	15	9255180	9302434	placeholder
7	89495486	89513516	10	6231760	6251335	placeholder
1	21034332	21059657	1	351226004	351234271	placeholder
1	200826653	200868823	1	154588838	154644822	placeholder
1	130610177	130673335	1	230204028	230259596	placeholder
1	333579236	333628440	1	7693423	7732537	placeholder
8	28915151	28948715	4	33963168	33991367	placeholder
1	300734952	300763457	1	43660025	43701494	placeholder
6	27562791	27589588	4	158843392	158869747	placeholder
15	10891677	10907414	14	6478034	6496228	placeholder
14	8534423	8555709	15	9545016	9581944	placeholder
4	22319448	22368926	5	23414845	23451568	placeholder
1	123425656	123603183	1	237904974	238117223	placeholder
13	11353677	11472934	12	18323336	18432829	placeholder
4	73178136	73372373	5	86648678	86747634	placeholder
2	190458598	190502516	2	95452783	95506638	placeholder
19	1735681	1814915	19	10413040	10433909	placeholder
1	294318319	294331890	1	50785531	50798712	placeholder
3	201472379	201503814	3	2490512	2511937	placeholder
1	140049299	140126528	1	219890830	219975559	placeholder
6	89861023	89911025	4	83695780	83759266	placeholder
13	435757	451231	12	843125	863104	placeholder
2	232767532	232786603	2	48598973	48618408	placeholder
16	3961097	3993406	16	12347387	12384578	placeholder
3	14648598	14678471	3	206158128	206195055	placeholder
15	678565	715507	14	21630971	21780637	placeholder
12	7948396	8059519	13	14445014	14618615	placeholder
1	299302832	299335169	1	45210991	45239952	placeholder
15	5191455	5400849	14	13242920	13512150	placeholder
3	56181601	56184787	3	159329562	159332744	placeholder
2	11302081	11313147	2	308629554	308639374	placeholder
3	183724567	183730970	3	23067977	23077599	placeholder
11	22717112	22731704	9	31706100	31719383	placeholder
4	10720246	10751018	5	10259604	10291648	placeholder
3	184776439	184786795	3	21816950	21825563	placeholder
16	4137511	4280573	16	12070504	12225958	placeholder
1	292575819	292667255	1	52595809	52688660	placeholder
3	59602784	59626835	3	155609712	155635392	placeholder
5	55718750	55721930	6	4895156	4898330	placeholder
3	59049955	59059932	3	156217349	156226556	placeholder
13	2218249	2238089	12	4798854	4852609	placeholder
1	267928775	267953202	1	80198351	80229640	placeholder
2	229844903	230056863	2	51803444	51868377	placeholder
2	101041721	101072046	2	196262631	196302522	placeholder
13	8726782	8758868	12	15261888	15298566	placeholder
4	81860935	81884704	5	94740603	94761011	placeholder
14	8178794	8200375	15	9978279	10002258	placeholder
2	220716134	220813398	2	62168355	62282602	placeholder
5	32351975	32382292	6	29647921	29685901	placeholder
2	155798704	155864653	2	134322117	134413563	placeholder
6	10677155	10854898	4	178356365	178571717	placeholder
1	335909821	335912974	1	403692	406839	placeholder
7	9117484	9211114	8	44528859	44600083	placeholder
8	29579720	29600157	4	34656569	34670176	placeholder
1	40986552	41040908	1	329259731	329325839	placeholder
8	9406373	9455867	4	12215223	12252793	placeholder
4	42642534	42727973	5	46147970	46260325	placeholder
6	45536726	45556253	4	139361972	139381909	placeholder
1	22987767	23018835	1	348940258	348969253	placeholder
5	32435312	32450522	6	29574581	29591119	placeholder
1	223755001	223848508	1	128988853	129078077	placeholder
1	79303073	79306214	1	287343524	287346662	placeholder
5	120687296	120757748	7	51775582	51829691	placeholder
16	5628984	5701990	16	10309859	10385792	placeholder
4	27691706	27825097	5	28996846	29155723	placeholder
2	234696683	234772079	2	46247032	46320841	placeholder
19	4515649	4538096	19	7297124	7328520	placeholder
2	156133189	156173887	2	133916847	134000673	placeholder
1	166537207	166605735	1	189665894	189773287	placeholder
1	274602106	274619816	1	72847710	72865456	placeholder
1	300181577	300298183	1	44177841	44321700	placeholder
8	30578286	30690404	4	35676985	35805181	placeholder
7	84389438	84550855	10	1849035	1953391	placeholder
2	155621514	155667898	2	134551473	134595623	placeholder
7	22029157	22058718	8	30533846	30566593	placeholder
1	10971505	11035747	1	362123411	362170650	placeholder
8	39044291	39111508	4	44304978	44363498	placeholder
3	169179173	169208448	3	39075575	39104581	placeholder
5	97053634	97078659	7	26928206	26950424	placeholder
3	159004280	159030514	3	50461481	50491985	placeholder
17	9279253	9292979	18	9131932	9146123	placeholder
6	42975125	43002411	4	141987650	142021382	placeholder
2	207561962	207615795	2	76655215	76706037	placeholder
1	155509294	155557402	1	203007808	203053841	placeholder
3	137659573	137686690	3	73870969	73909017	placeholder
13	1397056	1423940	12	2849679	2902730	placeholder
3	103681867	103718112	3	111717646	111753893	placeholder
15	15609965	15621999	14	1490527	1502669	placeholder
5	112851631	112854727	7	43760383	43763479	placeholder
1	109087253	109116937	1	254487595	254518876	placeholder
1	215471967	215499371	1	138148646	138179823	placeholder
14	578422	613969	15	19399386	19435793	placeholder
7	30407939	30452883	8	21981153	22017585	placeholder
7	24099156	24171613	8	28289513	28364930	placeholder
1	176642749	176698074	1	179041851	179084576	placeholder
2	180025322	180077273	2	107204313	107245010	placeholder
6	30143208	30175388	4	155670716	155703388	placeholder
5	88489342	88543009	7	18823493	18876523	placeholder
3	67697820	67720705	3	146662170	146685298	placeholder
1	81813416	81891784	1	284537610	284616021	placeholder
5	82296412	82347616	7	14620026	14645142	placeholder
12	506307	517182	13	24621528	24633413	placeholder
5	31892847	31913769	6	30171591	30174354	placeholder
14	1094935	1104790	15	18886035	18896170	placeholder
15	16583080	16595450	14	548692	560780	placeholder
7	30838053	30882711	8	21514350	21554685	placeholder
6	93452572	93477784	4	87766558	87800219	placeholder
6	96593056	96699135	4	92313439	92439141	placeholder
5	69858617	69910122	7	7541593	7574636	placeholder
14	5701141	5713229	15	13073475	13087993	placeholder
1	17779433	17801489	1	354772502	354794751	placeholder
3	28809924	28828171	3	189827673	189845984	placeholder
8	26420749	26465803	4	31507244	31549921	placeholder
6	27604072	27625672	4	158814915	158840880	placeholder
1	317744804	317757442	1	25865187	25878814	placeholder
5	5777442	5796329	6	57618312	57633256	placeholder
6	58253800	58279502	4	126173742	126198895	placeholder
2	146008178	146030296	2	144772881	144789353	placeholder
4	2188271	2269676	2	161140130	161171840	placeholder
1	61112973	61125248	1	307124011	307135143	placeholder
5	20287270	20319090	6	42324368	42372149	placeholder
1	106369866	106442519	1	257705155	257761102	placeholder
7	10889647	10978043	8	42612640	42707856	placeholder
3	169849808	169880295	3	38414014	38441051	placeholder
5	57047557	57062227	6	3493360	3515780	placeholder
5	24958998	24972751	6	37277097	37292194	placeholder
13	1517327	1541711	12	3099348	3184798	placeholder
6	44397276	44400195	4	140534251	140537175	placeholder
6	406632	463754	4	189170173	189225643	placeholder
1	93761448	93774546	1	271230982	271244923	placeholder
3	136793771	136824710	3	74804050	74840430	placeholder
3	25506899	25527260	3	193752690	193775925	placeholder
2	154450557	154504014	2	135788688	135863715	placeholder
19	4543385	4566809	19	7334000	7363894	placeholder
12	14456243	14580018	13	4551648	4716467	placeholder
7	31189914	31212813	8	21190048	21217124	placeholder
16	2000033	2023678	16	14839743	14865065	placeholder
17	11170933	11193442	18	4433882	4479369	placeholder
15	8049500	8058039	14	9620593	9630034	placeholder
19	7171047	7190243	19	939476	959810	placeholder
4	36452675	36543388	5	39254309	39317049	placeholder
15	15962590	15976106	14	1125946	1140523	placeholder
8	44244373	44260056	4	49568712	49591904	placeholder
7	51553508	51596133	8	1352643	1381955	placeholder
2	198487399	198505395	2	86460042	86473817	placeholder
7	52942930	53031024	8	1847098	1908090	placeholder
3	21783745	21789463	3	197927835	197934769	placeholder
2	149974190	149996811	2	140780760	140802812	placeholder
1	313297447	313322657	1	30786801	30815103	placeholder
4	91962449	92020931	5	101212361	101283026	placeholder
3	196740665	196774898	3	7749097	7805756	placeholder
1	184325975	184377654	1	172304565	172338260	placeholder
1	116744674	116777585	1	245559311	245598856	placeholder
3	88254233	88314594	3	123937672	124006077	placeholder
4	93231538	93301803	5	102598985	102689914	placeholder
17	9279253	9292982	18	9131932	9146126	placeholder
2	140539324	140588275	2	150917398	151022034	placeholder
1	63550054	63561275	1	304446328	304459404	placeholder
4	33458375	33592197	5	35707608	35853957	placeholder
10	5750384	5771304	11	7719175	7745310	placeholder
5	5616879	5659217	6	57695921	57812319	placeholder
13	8414261	8432425	12	14893977	14918798	placeholder
6	48695776	48769907	4	136116804	136186799	placeholder
3	181137435	181166449	3	25918245	25943659	placeholder
8	20541074	20597090	4	24952406	25011156	placeholder
2	40846012	40873029	2	262875030	262900222	placeholder
2	20003899	20070920	2	286959158	287053735	placeholder
2	190382745	190426184	2	95550507	95637511	placeholder
5	9260008	9308628	6	54153121	54205184	placeholder
5	36574361	36581601	6	24990763	24997482	placeholder
11	20286440	20297885	9	29275501	29283514	placeholder
19	4340681	4356124	19	7029078	7042868	placeholder
1	118669676	118704362	1	243356025	243383892	placeholder
2	99349228	99385045	2	198086886	198177959	placeholder
10	175048	196014	11	626314	647453	placeholder
5	34168019	34232791	6	27795859	27879960	placeholder
1	293043878	293093933	1	52150015	52192769	placeholder
17	92434	198258	18	11468947	11531651	placeholder
1	39451300	39497196	1	330847842	330901900	placeholder
15	13702501	13723804	14	3534392	3551706	placeholder
1	103085952	103136446	1	261247942	261312372	placeholder
1	130481558	130508149	1	230357472	230380129	placeholder
5	39563972	39665180	6	21348693	21441138	placeholder
1	332483509	332525805	1	8790601	8838106	placeholder
1	174200408	174225182	1	180698203	180714548	placeholder
1	85161841	85200393	1	281085360	281122804	placeholder
3	147494076	147533871	3	62973317	63010161	placeholder
4	93215841	93301782	5	102616658	102689929	placeholder
1	242063390	242075412	1	108987121	109025581	placeholder
1	246419710	246461214	1	103973367	104031995	placeholder
1	168776711	168795981	1	186389032	186410020	placeholder
1	96256258	96283671	1	268602488	268620014	placeholder
8	23785905	23829716	4	28559533	28616575	placeholder
1	200800861	200815396	1	154652642	154669237	placeholder
7	6202920	6243137	8	47482141	47529237	placeholder
4	85853986	85880373	5	91430767	91458699	placeholder
4	50929907	50957802	5	56691170	56751636	placeholder
3	168352301	168472129	3	39827928	39991641	placeholder
3	86919166	87003259	3	125228927	125297727	placeholder
4	24547680	24592992	5	25742195	25790309	placeholder
13	8814194	8824995	12	15355348	15366673	placeholder
5	30775772	30795526	6	31332512	31350818	placeholder
5	85569428	85595640	7	16764906	16777197	placeholder
1	310260484	310295084	1	33761371	33788831	placeholder
4	23255896	23313588	5	24327510	24423143	placeholder
8	53201370	53238182	4	56972785	57009453	placeholder
16	12173893	12185611	16	1207030	1218511	placeholder
1	87111173	87200807	1	278711405	278780059	placeholder
1	279703147	280021428	1	66572592	66926738	placeholder
17	3804622	3823345	18	1592172	1610594	placeholder
15	13684455	13697405	14	3554371	3570019	placeholder
1	236609894	236661444	1	114975121	115016350	placeholder
15	16519291	16531218	14	612787	623991	placeholder
15	11080990	11104701	14	6275805	6296650	placeholder
1	340342936	340382075	1	708477	720260	placeholder
2	101832610	101866767	2	195412427	195442693	placeholder
16	9429134	9470799	16	5196166	5257324	placeholder
5	85999461	86093524	7	17104846	17164128	placeholder
1	284284000	284362226	1	61700360	61773201	placeholder
12	13645021	13647820	13	5705873	5708677	placeholder
19	450817	459942	19	9589307	9600738	placeholder
17	11070721	11097220	18	4554797	4645640	placeholder
4	86435006	86493488	5	90826471	90892244	placeholder
1	18656041	18672354	1	353753912	353770326	placeholder
14	1089917	1093711	15	18897327	18901128	placeholder
4	88512763	88552041	5	97060801	97087866	placeholder
8	19573014	19604134	4	23773612	23807824	placeholder
3	70267426	70321482	3	143351739	143410311	placeholder
5	91929495	91932462	7	21974042	21976988	placeholder
13	8551471	8569704	12	15074062	15092680	placeholder
11	22975826	23001583	9	31927115	31951839	placeholder
12	8682132	8702781	13	13482433	13512059	placeholder
1	302657167	302693295	1	41577371	41601205	placeholder
1	168452123	168615001	1	186611375	186798493	placeholder
1	238947527	239029884	1	112434926	112517215	placeholder
6	49230271	49296983	4	135569455	135643280	placeholder
1	159876070	159929636	1	197779511	197811600	placeholder
4	73065416	73177551	5	86599579	86648250	placeholder
1	87574714	87622491	1	278232293	278291926	placeholder
7	17676099	17744007	8	35066215	35169664	placeholder
5	100032497	100061378	7	29949941	29972828	placeholder
1	6139098	6179656	1	367268196	367294715	placeholder
2	25191602	25207160	2	280954229	280971356	placeholder
1	242435645	242458332	1	108578360	108618220	placeholder
3	115060351	115094897	3	99403957	99433678	placeholder
3	166440949	166479246	3	42056007	42089013	placeholder
3	183490588	183557734	3	23261037	23350924	placeholder
12	8311466	8329312	13	14036450	14063948	placeholder
14	5975954	6031457	15	12445858	12503098	placeholder
11	15490185	15524820	9	23135787	23181722	placeholder
4	15322490	15358130	5	15756216	15798503	placeholder
2	189779697	189792787	2	96311953	96320436	placeholder
12	18671557	18702074	13	1019969	1045970	placeholder
3	68286554	68378304	3	145927594	146014527	placeholder
4	51728686	51773822	5	57885536	57971470	placeholder
1	51609739	51624147	1	317507919	317522342	placeholder
6	36175674	36191677	4	149208213	149223805	placeholder
7	16906940	16947714	8	35964969	36001345	placeholder
6	89309700	89342504	4	95913691	95964517	placeholder
5	92597051	92626912	7	22607197	22631348	placeholder
2	100956456	100988530	2	196348830	196385363	placeholder
4	18575322	18714891	5	19317431	19480285	placeholder
7	43973094	43993795	8	8398515	8432150	placeholder
16	1237957	1259737	16	15652840	15676036	placeholder
1	251230943	251248913	1	98685202	98701767	placeholder
14	5658712	5695327	15	13093164	13140654	placeholder
15	6972432	6980370	14	10985839	10998450	placeholder
7	38707458	38744386	8	13099760	13126868	placeholder
12	710533	727072	13	24421443	24435635	placeholder
6	91513858	91598858	4	85445648	85527085	placeholder
1	177068372	177071099	1	178801656	178804380	placeholder
7	34217506	34242458	8	18163448	18200284	placeholder
1	90103684	90157997	1	275375828	275423865	placeholder
3	32950139	33090892	3	185210972	185377597	placeholder
6	8197532	8238818	4	181739750	181791010	placeholder
4	76129734	76495785	5	87674135	87728363	placeholder
4	60826505	60950732	5	74635241	74806134	placeholder
1	18405884	18455044	1	353959661	354009391	placeholder
6	25624808	25649471	4	161093804	161124206	placeholder
4	54990336	55031673	5	64075103	64259232	placeholder
3	25950087	25979658	3	193238675	193269145	placeholder
6	12224871	12250608	4	176589050	176614400	placeholder
3	113155440	113169168	3	101546111	101560693	placeholder
1	46322975	46399520	1	323070326	323134329	placeholder
2	51463784	51509182	2	250814801	250864347	placeholder
6	54221868	54247433	4	130221897	130242089	placeholder
1	25296888	25319260	1	346379935	346408104	placeholder
2	199041677	199054891	2	85892056	85904552	placeholder
17	9940432	9950621	18	6005749	6029506	placeholder
16	6777891	6794191	16	9088502	9103323	placeholder
3	127595735	127676603	3	85054478	85109153	placeholder
7	28288882	28311193	8	24053528	24080635	placeholder
1	226506770	226593069	1	125919790	126010068	placeholder
3	58531249	58636486	3	156661874	156744799	placeholder
1	194735671	194762389	1	160825037	160837395	placeholder
3	131228209	131251739	3	80921339	80944639	placeholder
1	237815531	237923775	1	113553551	113671399	placeholder
1	166007450	166027246	1	190428189	190452674	placeholder
2	98283771	98294110	2	199233029	199242274	placeholder
8	43286374	43297331	4	48699907	48706993	placeholder
2	214557334	214588909	2	69117260	69152313	placeholder
8	408689	495249	4	8812105	8871474	placeholder
3	43592045	43708570	3	173337151	173479732	placeholder
8	67458923	67512188	4	70098890	70159366	placeholder
5	103995949	103998847	7	34354846	34357735	placeholder
1	104279177	104304700	1	259890471	259913208	placeholder
1	274536958	274583633	1	72880225	72922047	placeholder
2	83765002	83807799	2	215150451	215191278	placeholder
3	17958954	17999656	3	202329529	202364094	placeholder
2	199534420	199563893	2	85345399	85383753	placeholder
2	217449250	217467615	2	65916223	65939803	placeholder
2	117300540	117318630	2	177181680	177203253	placeholder
1	317541292	317572653	1	26089448	26134360	placeholder
14	1035132	1056553	15	18937290	18959712	placeholder
15	1833693	1847385	14	19651173	19684934	placeholder
2	32041279	32060929	2	273116095	273134883	placeholder
1	222573211	222707517	1	130205135	130324108	placeholder
12	1067825	1076293	13	24024904	24042586	placeholder
3	169626122	169628756	3	38626522	38629162	placeholder
6	46390232	46429145	4	138522535	138555322	placeholder
13	1375866	1390049	12	2810702	2839289	placeholder
15	3378355	3481230	14	16544767	16706865	placeholder
8	74060981	74082452	4	62910831	62933430	placeholder
2	103406035	103469712	2	193677083	193748026	placeholder
4	36290662	36330321	5	39067650	39115932	placeholder
4	31803620	31818120	5	33678752	33692863	placeholder
8	37430172	37561672	4	42744294	42863296	placeholder
3	106546350	106574481	3	108117529	108144339	placeholder
14	7822437	7854781	15	10396575	10431894	placeholder
5	15693573	15839014	6	47285886	47439005	placeholder
3	58720321	58765201	3	156495672	156531047	placeholder
15	4771410	4831150	14	14057644	14158881	placeholder
10	11268552	11337196	11	14303195	14362471	placeholder
1	245316639	245376171	1	105236977	105358051	placeholder
2	177007178	177120913	2	110538108	110633100	placeholder
17	8039869	8052308	18	7400863	7420968	placeholder
3	132229355	132287895	3	79969150	80029787	placeholder
3	127035920	127089573	3	85707261	85734478	placeholder
1	50684637	50698583	1	318486465	318501096	placeholder
14	462805	471211	15	19539569	19548013	placeholder
1	40012616	40132599	1	330264428	330362214	placeholder
7	85177219	85200373	10	2485721	2504628	placeholder
8	51860702	51916594	4	56266433	56302756	placeholder
1	18367493	18382647	1	354035173	354047342	placeholder
16	4993712	5008274	16	11193972	11206464	placeholder
3	14630218	14632819	3	206215337	206217932	placeholder
6	93948619	93993545	4	95520894	95554045	placeholder
2	182271080	182293047	2	104730098	104761391	placeholder
1	40141480	40202995	1	330187468	330240956	placeholder
1	287659987	287721306	1	57992691	58069711	placeholder
2	195214093	195250278	2	89788439	89852284	placeholder
2	85950719	85978840	2	213194496	213221611	placeholder
11	6211361	6220420	9	8695918	8704880	placeholder
1	298349188	298403629	1	46179779	46232539	placeholder
1	164020763	164063725	1	192891178	192926801	placeholder
16	7703167	7718811	16	7896425	7917556	placeholder
8	76568065	76592895	4	60102015	60124045	placeholder
6	54475603	54612384	4	129808523	129929326	placeholder
2	129837934	129847360	2	161921012	161929815	placeholder
14	15147651	15187395	15	1556586	1597699	placeholder
1	288101205	288103788	1	57572090	57574667	placeholder
1	68997353	69023508	1	298581957	298613874	placeholder
4	87547774	87580416	5	96231714	96265437	placeholder
3	124890468	124893042	3	88142440	88145012	placeholder
4	24020760	24196219	5	25208868	25355966	placeholder
1	105496186	105513439	1	258649348	258668565	placeholder
5	19895648	19919032	6	42716956	42745257	placeholder
12	2730103	2732677	13	21864716	21867290	placeholder
8	30768598	30816935	4	35881827	35926782	placeholder
3	22303381	22335008	3	197313692	197350547	placeholder
2	198167013	198181937	2	86733748	86748414	placeholder
2	206464446	206555948	2	77763414	77779955	placeholder
1	151741036	151806580	1	207037077	207065011	placeholder
1	107673959	107695012	1	255905623	255931951	placeholder
2	56394819	56418743	2	245102143	245127838	placeholder
1	16163405	16184845	1	356466320	356486921	placeholder
11	20235116	20257129	9	29211759	29236580	placeholder
1	163510085	163526771	1	193519662	193536267	placeholder
5	24341221	24362885	6	37881156	37900663	placeholder
4	37534786	37544869	5	40367545	40378853	placeholder
14	4818117	4827115	15	14178370	14224876	placeholder
15	4843469	4908124	14	13943044	13961139	placeholder
8	35886256	35906676	4	41258366	41278846	placeholder
1	195374552	195384759	1	160165967	160175958	placeholder
3	46033115	46056697	3	170777288	170794186	placeholder
5	13646855	13677363	6	49822365	49856020	placeholder
6	47508441	47560686	4	137366528	137419153	placeholder
1	302318657	302389417	1	41892297	41960515	placeholder
2	153958436	154014237	2	136371646	136395120	placeholder
3	10731146	10909995	3	210970907	211157116	placeholder
13	11714072	11723284	12	18726550	18740083	placeholder
16	11094973	11105498	16	2544769	2559346	placeholder
6	4613566	4711673	4	184303456	184446230	placeholder
4	90493366	90545489	5	99603177	99631613	placeholder
6	27039371	27082326	4	159489544	159517810	placeholder
7	13766859	13801584	8	39352064	39464431	placeholder
2	12093136	12107872	2	309115659	309123880	placeholder
2	212328001	212439163	2	71495605	71581619	placeholder
2	30425345	30465865	2	274859226	274910595	placeholder
6	67181465	67243493	4	116502545	116563436	placeholder
1	279364270	279399877	1	67337101	67375570	placeholder
7	6332775	6481577	8	47220313	47280578	placeholder
7	21186477	21217275	8	31439568	31478032	placeholder
2	215173939	215264053	2	68414949	68495156	placeholder
6	88106031	88141747	4	97420492	97450841	placeholder
13	1842561	1855971	12	3858064	3896912	placeholder
3	82025879	82071402	3	130674912	130705481	placeholder
2	21106444	21129370	2	285738257	285769566	placeholder
5	105016344	105018867	7	35440141	35442664	placeholder
1	115753136	115799004	1	246624838	246661933	placeholder
5	32463054	32479811	6	29545551	29558027	placeholder
17	379482	468879	18	11162998	11308874	placeholder
3	41973738	42017682	3	175245822	175292766	placeholder
5	69112721	69122002	7	6985423	6993036	placeholder
1	63078687	63114592	1	304904747	304934483	placeholder
13	18730071	18745642	12	25872693	25892922	placeholder
4	53637819	53652169	5	61620581	61639451	placeholder
4	95176195	95226825	5	104943910	104994259	placeholder
17	5699679	5705478	18	3440862	3446051	placeholder
2	199004552	199024977	2	85911309	85945863	placeholder
1	23957571	23994732	1	347833236	347874555	placeholder
8	35832137	35864093	4	41212553	41237560	placeholder
2	156087984	156121126	2	134013651	134041086	placeholder
7	40977993	41107856	8	10817000	10923389	placeholder
16	12848617	12853599	16	511295	516121	placeholder
19	5347758	5362868	19	8155226	8172690	placeholder
1	65501385	65525222	1	302193304	302221282	placeholder
1	64493247	64546650	1	303317506	303369933	placeholder
13	15858817	15876415	12	23078675	23096578	placeholder
12	14782046	14794669	13	4357100	4370411	placeholder
14	2517303	2524944	15	17146833	17159117	placeholder
14	3919063	3946017	15	15346264	15373257	placeholder
2	142578060	142623645	2	148884259	148934207	placeholder
6	24188386	24292386	4	162660282	162791548	placeholder
3	14716784	14719184	3	206114967	206117367	placeholder
4	54832468	54884122	5	63891788	64040127	placeholder
13	8499997	8513921	12	15013470	15031944	placeholder
1	242493410	242529914	1	108458845	108499378	placeholder
1	278845073	278878385	1	68093335	68129372	placeholder
1	318862190	318907731	1	24594357	24642226	placeholder
1	149186625	149212937	1	209880060	209904914	placeholder
1	48995712	49030159	1	320236718	320272638	placeholder
1	99672147	99714640	1	264975125	265008719	placeholder
4	15247752	15320366	5	15675004	15753079	placeholder
6	52941382	52969338	4	131567354	131595789	placeholder
2	140903549	140943209	2	150582053	150613180	placeholder
1	250796316	250831360	1	99177129	99214075	placeholder
11	15344429	15362792	9	22933391	22960606	placeholder
7	13303961	13372968	8	39957908	40041573	placeholder
1	237650734	237663057	1	113847084	113856175	placeholder
2	105233991	105311649	2	191560886	191649026	placeholder
2	18579085	18601940	2	288658351	288693048	placeholder
3	69414086	69438341	3	144649566	144682807	placeholder
1	141722764	141786135	1	217840617	217914005	placeholder
1	116782679	116810003	1	245520980	245553628	placeholder
1	229124061	229164749	1	123022961	123062854	placeholder
1	183318460	183349493	1	173253991	173260776	placeholder
3	186289204	186304781	3	19912830	19932063	placeholder
6	46068338	46070786	4	138837162	138839604	placeholder
1	36624156	36639839	1	334046579	334061635	placeholder
1	233857288	233876608	1	117948704	117961006	placeholder
3	202793831	202847079	3	672669	731271	placeholder
1	28423353	28445523	1	342879923	342902029	placeholder
11	22531101	22539181	9	31534016	31541496	placeholder
5	67377364	67424757	7	5595111	5634243	placeholder
1	233889702	233935422	1	117875278	117925561	placeholder
2	183991532	184202764	2	102529794	102885809	placeholder
1	335766239	335839158	1	5448110	5555885	placeholder
2	179321993	179365287	2	107975136	108017700	placeholder
1	37176000	37178034	1	333499997	333502016	placeholder
8	76446153	76455808	4	60231401	60244476	placeholder
5	49665274	49708802	6	11209876	11256460	placeholder
13	2723755	2794594	12	5808218	5920853	placeholder
12	601462	617229	13	24525263	24539320	placeholder
2	46937396	46972623	2	255740150	255768931	placeholder
3	119672205	119690427	3	94106703	94138962	placeholder
1	66610876	66638694	1	301134460	301165041	placeholder
3	61902946	61925328	3	153136713	153164379	placeholder
14	6466388	6485693	15	12116681	12146072	placeholder
3	88189274	88232883	3	124033283	124096275	placeholder
3	63047379	63058983	3	151756593	151768057	placeholder
13	766846	781207	12	1392109	1414576	placeholder
1	217604610	217612034	1	135606729	135616860	placeholder
1	36410002	36470024	1	334273549	334350890	placeholder
3	64404405	64436845	3	150215203	150253592	placeholder
3	69533262	69560529	3	144274804	144317629	placeholder
2	163636166	163660163	2	125600058	125623066	placeholder
3	23582895	23604935	3	195889321	195903595	placeholder
3	157716787	157734761	3	51876225	51895376	placeholder
8	20598915	20647587	4	25013939	25065002	placeholder
16	9662466	9678411	16	4932659	4959897	placeholder
8	4071589	4073980	4	4175699	4184391	placeholder
17	10070731	10077097	18	5582802	5590588	placeholder
5	65136728	65164518	7	3619673	3640072	placeholder
1	56142156	56195708	1	312544225	312596439	placeholder
7	27457170	27459582	8	24915148	24917566	placeholder
2	154830577	154864480	2	135371150	135411376	placeholder
5	91355020	91367211	7	21421964	21432238	placeholder
14	5726242	5743861	15	12165309	12184325	placeholder
1	272418100	272438404	1	75255349	75275479	placeholder
12	10072732	10086824	13	10650822	10665307	placeholder
11	22470078	22479205	9	31481620	31498942	placeholder
1	9541340	9588013	1	363657423	363702545	placeholder
3	160109997	160146606	3	49405682	49445778	placeholder
7	14698004	14720050	8	38480762	38501635	placeholder
7	28488254	28510823	8	23855672	23876541	placeholder
1	159744629	159771310	1	197909006	197937021	placeholder
12	19552262	19624079	13	424463	479506	placeholder
5	122207969	122225285	7	53256902	53272080	placeholder
1	180597383	180633813	1	175917099	175942317	placeholder
1	248194628	248235475	1	101812948	101914114	placeholder
3	125015084	125023599	3	88017972	88026320	placeholder
1	264596762	264669333	1	84018255	84096255	placeholder
3	135173765	135192612	3	76619397	76631416	placeholder
3	125065037	125069237	3	87976058	87980442	placeholder
4	55486412	55515170	5	65237169	65274787	placeholder
3	50522524	50547211	3	165868274	165890401	placeholder
7	33640740	33718164	8	18684465	18734681	placeholder
6	2878147	2913707	4	186427174	186458280	placeholder
15	1163141	1176722	14	22595545	22614558	placeholder
6	44584137	44604395	4	140326845	140341885	placeholder
1	40221714	40237732	1	330145568	330159185	placeholder
18	8943646	8953328	17	14506763	14517451	placeholder
2	55453734	55466315	2	246225941	246239256	placeholder
14	2053351	2055739	15	17776049	17778422	placeholder
5	53482944	53508988	6	7137926	7162498	placeholder
3	114823759	114826180	3	99690148	99692578	placeholder
6	89550321	89599259	4	82910654	83027433	placeholder
2	140628846	140681282	15	284369	312048	placeholder
13	7755391	7765029	12	13971631	13989869	placeholder
1	340331640	340342392	1	722327	729613	placeholder
2	79862189	79889400	2	218758315	218787721	placeholder
1	156046673	156071967	1	202426722	202451605	placeholder
11	4908415	4918745	9	7250430	7265250	placeholder
3	85562443	85594745	3	126855994	126891650	placeholder
3	5973063	6000024	3	216525348	216553428	placeholder
5	64812075	64824746	7	3314187	3332327	placeholder
1	205729197	205759994	1	149167461	149191726	placeholder
6	71304593	71322530	4	112119671	112138398	placeholder
8	14354701	14356984	4	17873619	17875944	placeholder
13	6687882	6723156	12	12352798	12412556	placeholder
1	125778152	125803398	1	235561332	235579727	placeholder
1	237305639	237330706	1	114238170	114266617	placeholder
1	46260460	46292962	1	323155567	323180525	placeholder
1	309546482	309691210	1	34463324	34465331	placeholder
1	115727812	115742916	1	246678352	246690787	placeholder
7	91369237	91386502	10	8484331	8510243	placeholder
15	16989266	17001326	14	191962	203494	placeholder
5	55566062	55596983	6	5042686	5076938	placeholder
1	19247830	19254699	1	353134694	353141123	placeholder
7	60399844	60447909	10	29454079	29493637	placeholder
7	27048886	27075486	8	25362462	25391664	placeholder
5	81962024	82011983	7	14431639	14450448	placeholder
3	91492460	91574413	3	120790202	120863096	placeholder
13	11063368	11078990	12	17986284	18002478	placeholder
1	160098186	160119118	1	197540770	197554011	placeholder
1	252005157	252016813	1	97871525	97883196	placeholder
6	32525718	32545665	4	153062733	153078960	placeholder
5	23187801	23240871	6	39128974	39199707	placeholder
1	192743763	192751708	1	163123639	163129750	placeholder
2	150029839	150086444	2	140690931	140742952	placeholder
3	52012381	52104300	3	164132025	164247658	placeholder
15	16634093	16661140	14	492436	511756	placeholder
3	146244948	146263220	3	64382720	64397536	placeholder
3	70091631	70111239	3	143573527	143593186	placeholder
4	52608599	52638301	5	59462194	59530950	placeholder
6	30288051	30305896	4	155546190	155570481	placeholder
1	228882924	228931547	1	123237985	123305768	placeholder
7	30983320	31016144	8	21394254	21421396	placeholder
14	412935	420696	15	19586954	19594105	placeholder
1	181602825	181636603	1	174808178	174835326	placeholder
3	40532203	40541125	3	176577271	176586750	placeholder
2	211124016	211138917	2	72730073	72743913	placeholder
17	10998407	11002777	18	4676332	4680427	placeholder
14	9327947	9340104	15	8497506	8510614	placeholder
19	3912406	3945764	19	6579561	6616540	placeholder
3	102039885	102098657	3	113523549	113598636	placeholder
3	141787358	141923005	3	69157197	69317055	placeholder
3	130559669	130654553	3	81507907	81623629	placeholder
3	137583554	137592606	3	73975146	73985086	placeholder
7	89683716	89726628	10	6499102	6537953	placeholder
10	8381028	8401202	11	10629616	10643387	placeholder
3	177659440	177674838	3	29677781	29692887	placeholder
1	335035357	335044655	1	6225658	6233350	placeholder
1	10724589	10758801	1	362369973	362402902	placeholder
2	206317391	206336911	2	77972666	77995420	placeholder
7	30374911	30403439	8	22021588	22039052	placeholder
3	170614275	170634623	3	37608052	37627994	placeholder
16	6896387	6907997	16	8933754	8947970	placeholder
2	241663560	241683350	2	38085364	38103419	placeholder
1	16331011	16341193	1	356313064	356323915	placeholder
18	8802060	8865215	17	14395179	14396791	placeholder
2	188118139	188156270	2	98040098	98078184	placeholder
1	20951264	20973804	1	351290186	351313075	placeholder
2	176040392	176070108	2	111689493	111724421	placeholder
5	13118308	13120594	6	50316637	50318914	placeholder
1	336895643	336919122	1	4345546	4370846	placeholder
1	190959887	190974713	1	165134710	165148366	placeholder
1	328017774	328123511	1	13797565	13927727	placeholder
8	77286157	77326597	4	59328283	59356714	placeholder
7	22819550	22839162	8	29663482	29687153	placeholder
6	18055910	18085045	4	169710282	169752179	placeholder
6	12257018	12275286	4	176565625	176585481	placeholder
3	113349643	113497158	3	101231641	101360090	placeholder
8	40922070	40948703	4	46265569	46292108	placeholder
14	15267830	15290875	15	1417793	1447121	placeholder
1	46450273	46504842	1	322972048	323012039	placeholder
4	119763564	119844637	5	133250139	133256279	placeholder
4	67666547	67771090	5	83159976	83245163	placeholder
11	5039398	5088875	9	7463718	7543242	placeholder
7	83814472	83843885	10	1444751	1464232	placeholder
3	163567015	163575289	3	45267556	45276122	placeholder
1	232245665	232280519	1	119556076	119583864	placeholder
1	106580604	106632789	1	257514356	257560949	placeholder
1	257847511	257898060	1	91553620	91619949	placeholder
1	266742900	266767040	1	81513549	81534418	placeholder
5	39095584	39129103	6	21983613	22013029	placeholder
2	100909659	100922789	2	196416477	196426741	placeholder
1	172716022	172767232	1	181873204	181900023	placeholder
1	282268967	282346846	1	63979518	64079147	placeholder
3	119964900	119973407	3	93800665	93809670	placeholder
5	53110445	53144445	6	7494218	7532186	placeholder
10	6346572	6365282	11	8378970	8395769	placeholder
11	2248786	2268135	9	3045362	3070440	placeholder
8	13856940	13877267	4	17356259	17376418	placeholder
17	5377996	5420692	18	3093544	3136655	placeholder
2	104103350	104135518	2	193155120	193181093	placeholder
2	221716428	221732724	2	61181900	61198708	placeholder
8	76512381	76542712	4	60149625	60175455	placeholder
15	4433486	4441153	14	14746859	14761651	placeholder
1	202104566	202130697	1	152962981	152982739	placeholder
2	100754989	100767370	2	196603172	196616315	placeholder
3	146265041	146288831	3	64362202	64380937	placeholder
7	16617209	16669643	8	36323847	36390155	placeholder
1	306743574	306761478	1	37369215	37382385	placeholder
5	57704259	57753792	6	2713759	2761186	placeholder
3	202896188	202902216	3	610068	616173	placeholder
3	34760720	34776705	3	183350682	183363963	placeholder
2	183616685	183758237	2	103149764	103292630	placeholder
3	44260511	44321927	3	172643470	172703604	placeholder
6	71680208	71718998	4	111758228	111791286	placeholder
1	276391933	276418337	1	70850166	70884047	placeholder
1	54091939	54322255	1	314623444	314847744	placeholder
3	106091652	106188593	3	108613335	108723592	placeholder
7	47012740	47102735	8	5789013	5858343	placeholder
7	89230210	89265177	10	5956214	5986766	placeholder
15	15537972	15558696	14	1557285	1581701	placeholder
1	149223736	149239837	1	209849869	209869231	placeholder
1	255417593	255420854	1	94284343	94288413	placeholder
15	8733937	8742505	14	8808210	8818382	placeholder
3	98170120	98218103	3	116741060	116766144	placeholder
1	169579394	169651189	1	185352008	185425060	placeholder
1	55758980	55782926	1	312996695	313018100	placeholder
8	11346139	11366633	4	14325550	14350893	placeholder
1	160479228	160514389	1	197081713	197114103	placeholder
3	107876217	107934681	3	107137165	107184460	placeholder
1	180637665	180655805	1	175899226	175913020	placeholder
3	13986511	14139700	3	206828549	206983499	placeholder
14	13852178	13867461	15	2901719	2946595	placeholder
4	43439703	43522968	5	47188774	47271024	placeholder
3	168497283	168506902	3	39801396	39804720	placeholder
6	43008988	43028207	4	141963624	141981488	placeholder
2	215700458	215827157	2	67780385	67904235	placeholder
3	196918123	196954792	3	7563253	7598134	placeholder
5	92219301	92275501	7	22236179	22282520	placeholder
1	160431378	160468142	1	197132792	197163893	placeholder
6	32602963	32632607	4	152985820	153012553	placeholder
1	323582222	323600191	1	19215719	19233778	placeholder
2	41189648	41225575	2	262513326	262555244	placeholder
3	200442583	200467322	3	3699042	3711238	placeholder
14	97554	106047	15	19851959	19907842	placeholder
3	123022639	123040509	3	90167777	90182474	placeholder
1	252446964	252487698	1	97350739	97394712	placeholder
1	145869421	145871659	1	213607275	213609511	placeholder
5	85620567	85638336	7	16794090	16820429	placeholder
3	199957800	200005234	3	4188789	4225545	placeholder
6	72750233	72782840	4	110684859	110721866	placeholder
1	143613209	143645881	1	216087016	216119005	placeholder
1	130427210	130458126	1	230404593	230428421	placeholder
5	31719102	31735567	6	30355017	30373664	placeholder
1	118898521	118952578	1	243074771	243135406	placeholder
7	83677813	83721974	10	1386963	1403124	placeholder
6	23631385	23673138	4	163383810	163423399	placeholder
11	936520	942414	9	1117130	1128173	placeholder
3	131079722	131097042	3	81069683	81086977	placeholder
7	48249681	48289994	8	5033342	5061658	placeholder
10	1631518	1642727	11	184613	206601	placeholder
5	98259540	98304742	7	28177801	28225346	placeholder
2	153652587	153695920	2	136713443	136752741	placeholder
4	21957183	21959391	5	22972869	22975077	placeholder
1	265979758	265989463	1	82487381	82496187	placeholder
7	9512545	9942610	8	43750587	44227657	placeholder
2	137768360	137799558	2	158828432	158869439	placeholder
3	66714719	66820708	3	147693272	147807338	placeholder
1	267042108	267056522	1	81171664	81186286	placeholder
11	21293448	21302107	9	30433019	30443756	placeholder
18	978867	1007023	17	3973587	4020724	placeholder
1	125689672	125755134	1	235605704	235728100	placeholder
19	192456	197653	19	9868170	9873105	placeholder
7	30759242	30790237	8	21610392	21702357	placeholder
1	137938181	137968690	1	222147037	222172884	placeholder
1	40925044	40943268	1	329372890	329397224	placeholder
8	39153821	39186877	4	44400850	44432995	placeholder
14	149102	153570	15	19845763	19850560	placeholder
6	24575	45742	4	189604196	189622983	placeholder
13	17942288	17954276	12	25132395	25144977	placeholder
1	294050625	294062592	1	51038385	51051045	placeholder
3	167271448	167313591	3	41170198	41222523	placeholder
5	30073736	30092213	6	32036567	32049133	placeholder
8	29055582	29124585	4	34081852	34156374	placeholder
2	204504323	204564734	2	80061970	80156133	placeholder
7	51003783	51105799	8	1164848	1185995	placeholder
10	8116633	8172327	11	10363198	10412761	placeholder
1	315806017	315830083	1	28019565	28041677	placeholder
8	68480375	68552992	4	68997739	69110392	placeholder
4	21783919	21801259	5	22783902	22801360	placeholder
17	7398842	7420285	18	845698	857862	placeholder
2	33290204	33302497	2	271510977	271526372	placeholder
1	25417066	25420564	1	346272323	346275805	placeholder
3	155853209	155860822	3	54056431	54064998	placeholder
1	42852354	42887848	1	327213878	327237087	placeholder
2	214663548	214800498	2	68884469	69045182	placeholder
1	293016018	293039238	1	52193459	52224853	placeholder
2	169717403	169737288	2	118791594	118814720	placeholder
1	239233260	239258897	1	112143912	112171508	placeholder
7	5203543	5271619	8	48440749	48503281	placeholder
4	30284394	30313562	5	31789945	31816897	placeholder
2	48219522	48262306	2	254325155	254366568	placeholder
1	168847594	168873900	1	186316899	186352120	placeholder
7	40143617	40169164	8	11726419	11749612	placeholder
3	193296561	193326436	3	11786235	11810190	placeholder
3	151008978	151031151	3	59424881	59448066	placeholder
1	306974594	307004182	1	37125650	37159033	placeholder
1	323455755	323488282	1	19314123	19349977	placeholder
1	288286767	288300578	1	57359288	57373441	placeholder
5	12926141	12980483	6	50467804	50524846	placeholder
13	8219798	8231022	12	14562838	14574359	placeholder
17	8347709	8365554	18	7875372	7920552	placeholder
1	286732618	286760073	1	59068717	59095127	placeholder
1	12575220	12601740	1	360367953	360390823	placeholder
14	5095423	5111418	15	13807846	13833444	placeholder
17	9419637	9432600	18	6792199	6809114	placeholder
2	140778051	140830650	2	150691377	150763887	placeholder
1	227784396	227820607	1	124531388	124563499	placeholder
5	56602697	56611665	6	3967966	3978162	placeholder
6	20709303	20712195	4	166662274	166665169	placeholder
3	114023954	114044983	3	100626696	100647432	placeholder
13	421344	434979	12	823459	840219	placeholder
5	66595718	66631045	7	4934574	4970453	placeholder
1	80041066	80120586	1	286373331	286462720	placeholder
1	111308671	111310855	1	251751977	251754125	placeholder
15	10625778	10633834	14	6738410	6747039	placeholder
1	191124621	191189069	1	164900270	164969593	placeholder
14	3125655	3136285	15	16356034	16371161	placeholder
11	18491829	18504101	9	27101440	27116450	placeholder
1	292080507	292137011	1	53234920	53292072	placeholder
4	11760994	11775773	5	11469661	11483023	placeholder
14	7419723	7440789	15	10912925	10939432	placeholder
8	50041348	50119433	4	54784194	54822988	placeholder
1	75049816	75110933	1	291876384	291942384	placeholder
2	89999830	90063266	2	208748145	208799804	placeholder
5	55676704	55701335	6	4916825	4949304	placeholder
2	182468487	182470344	2	104525221	104527839	placeholder
6	24913648	24940704	4	161923702	161948286	placeholder
2	103259514	103315350	2	193876122	193914375	placeholder
13	7716567	7732475	12	13922462	13945269	placeholder
1	274165805	274188228	1	73286612	73313807	placeholder
3	24443573	24461576	3	194942828	194960394	placeholder
11	22480558	22485831	9	31492163	31497021	placeholder
2	226309896	226312044	2	55984179	55986327	placeholder
1	267488790	267510119	1	80675303	80698130	placeholder
2	160574976	160578661	2	128932878	128936559	placeholder
17	5988864	5990796	18	3749279	3751223	placeholder
4	56957150	57001300	5	66301765	66382672	placeholder
14	5247934	5261747	15	13624101	13644308	placeholder
5	52073852	52075985	6	8679947	8682079	placeholder
14	3338985	3355378	15	16093947	16108385	placeholder
7	79429587	79441703	10	15380520	15393319	placeholder
8	37656214	37658377	4	42941954	42944114	placeholder
6	33022946	33053583	4	152560707	152589749	placeholder
4	21165269	21186348	5	22150841	22174097	placeholder
3	181186276	181212748	3	25878806	25901085	placeholder
7	36349630	36358372	8	15585717	15597575	placeholder
2	32251051	32269975	2	272844250	272863364	placeholder
1	107119915	107131353	1	256743656	256755312	placeholder
2	208838297	208888736	2	75314361	75381162	placeholder
12	13743077	13764157	13	5588306	5609700	placeholder
10	9252137	9273147	11	11610019	11646068	placeholder
16	6817002	6832310	16	8984132	9062907	placeholder
3	86019211	86042321	3	126290903	126319104	placeholder
3	22730272	22748181	3	196807779	196823792	placeholder
5	97291013	97323002	7	27153826	27188301	placeholder
4	64164224	64166258	5	79471287	79477014	placeholder
11	21154272	21173694	9	30286681	30310024	placeholder
6	2463214	2474449	4	190769491	190782323	placeholder
7	60957800	60959930	10	29564344	29566474	placeholder
2	214901462	214934696	2	68743348	68780829	placeholder
6	61604426	61645481	4	122356103	122404895	placeholder
7	85815569	85840053	10	2960600	2977864	placeholder
1	267426003	267465367	1	80738470	80779064	placeholder
1	29805675	29807799	1	341419943	341422070	placeholder
1	299957968	299978675	1	44497352	44520343	placeholder
1	26903201	26906925	1	344644455	344648858	placeholder
15	7157139	7227663	14	10650137	10725990	placeholder
6	51787914	51809061	4	132800033	132825842	placeholder
6	38612353	38640982	4	146605281	146640149	placeholder
3	46418073	46431624	3	170388381	170408879	placeholder
12	4312006	4315339	13	19723809	19726902	placeholder
6	45153207	45164675	4	139760663	139773794	placeholder
10	1413933	1424699	11	2615864	2632468	placeholder
1	25876478	25896785	1	345791059	345811099	placeholder
3	202570433	202578919	3	990370	998543	placeholder
14	5069027	5087072	15	13843422	13903839	placeholder
2	18899355	18922142	2	288295033	288320083	placeholder
3	119809001	119836363	3	93954066	93991123	placeholder
3	107619582	107636339	3	107429523	107447437	placeholder
3	135699719	135721423	3	76016262	76036058	placeholder
10	5334389	5354566	11	7246537	7266537	placeholder
2	201952037	202036528	2	82775656	82865419	placeholder
1	151438976	151447941	1	207381511	207389758	placeholder
7	62223587	62244025	10	30047079	30071520	placeholder
7	6039489	6068063	8	47680681	47717651	placeholder
11	12919108	12930530	9	19846963	19858434	placeholder
3	99343622	99353077	3	116064695	116075846	placeholder
13	3489110	3539839	12	7291712	7386866	placeholder
3	104317282	104372808	3	110909837	110958452	placeholder
7	37753906	37772295	8	14097000	14125846	placeholder
10	9338784	9358860	11	11725886	11748875	placeholder
4	27828410	27949756	5	29159022	29276115	placeholder
1	276174601	276212676	1	71030264	71066829	placeholder
1	125941679	125972003	1	235404596	235439264	placeholder
1	75132112	75151198	1	291749907	291846062	placeholder
7	30813374	30825818	8	21571438	21584779	placeholder
1	154378000	154414117	1	204147510	204188515	placeholder
3	68090248	68106212	3	146227365	146245827	placeholder
5	61863009	61872181	7	1056054	1070709	placeholder
6	19292408	19349616	4	168217979	168277255	placeholder
6	3799348	3822245	4	185414576	185433879	placeholder
15	10535260	10553339	14	6821003	6834131	placeholder
16	6638905	6663554	16	9251115	9281670	placeholder
3	158380427	158382521	3	51178616	51180710	placeholder
1	26298500	26344136	1	345252075	345286957	placeholder
5	78539546	78541637	7	13008380	13010509	placeholder
1	256973326	256992255	1	92657628	92672371	placeholder
1	303239497	303312151	1	40988606	41073367	placeholder
6	90780463	90802658	4	84747684	84765838	placeholder
1	178086714	178108728	1	177970784	177992433	placeholder
1	51576826	51584596	1	317551143	317559292	placeholder
14	15294804	15307434	15	1401588	1413429	placeholder
7	28886776	28904523	8	23471591	23489735	placeholder
15	3674274	3694956	14	16148470	16180732	placeholder
1	104470487	104508888	1	259684153	259735432	placeholder
1	277555437	277584143	1	69625607	69659967	placeholder
5	106181144	106183202	7	36679873	36681931	placeholder
5	56751200	56770397	6	3776821	3795471	placeholder
12	16081471	16109931	13	1190834	1208618	placeholder
3	175819175	175847480	3	31642586	31670665	placeholder
5	21723301	21772953	6	40709116	40787801	placeholder
5	108587871	108608774	7	39295829	39318910	placeholder
10	6009711	6021040	11	8037633	8047763	placeholder
1	38997309	39026644	1	331373395	331412637	placeholder
6	39025962	39042138	4	146038275	146086411	placeholder
3	87663629	87681163	3	124594055	124611178	placeholder
14	2346156	2355076	15	17374646	17384409	placeholder
6	22177860	22182565	4	164980828	165006828	placeholder
1	205908500	205924970	1	149119130	149135552	placeholder
8	59050664	59062013	4	75798815	75807156	placeholder
5	22851896	22868430	6	39551905	39568903	placeholder
2	204610022	204625246	2	79979648	79998055	placeholder
12	8162204	8178711	13	14263342	14289582	placeholder
12	1026031	1045074	13	24061623	24081636	placeholder
7	23253420	23269120	8	29207516	29225627	placeholder
2	99098184	99120335	2	198385139	198408995	placeholder
3	25986930	25989228	3	193229933	193232246	placeholder
7	26577078	26591845	8	25839185	25851160	placeholder
1	51173462	51175484	1	317953321	317955328	placeholder
1	252500153	252586063	1	97258876	97312457	placeholder
14	5421400	5426391	15	13445575	13450068	placeholder
7	73703274	73712064	10	21657591	21664287	placeholder
5	108179688	108204221	7	38864247	38896925	placeholder
4	42129131	42152342	5	45499282	45520219	placeholder
6	38460978	38468666	4	146786997	146792353	placeholder
5	31924295	31948433	6	30148997	30167709	placeholder
1	224840678	224860871	1	127917547	127933560	placeholder
1	63741051	63752681	1	304216929	304230813	placeholder
15	3762358	3810332	14	15925619	16026121	placeholder
3	183906201	183920031	3	22867722	22886206	placeholder
1	165196606	165294594	1	191272006	191390417	placeholder
13	1449839	1459379	12	2940816	2953807	placeholder
1	208840728	208908407	1	145710165	145770511	placeholder
5	66662905	66784378	7	5009219	5129656	placeholder
7	74596691	74627661	10	20726659	20757391	placeholder
12	4410499	4412533	13	19587679	19589707	placeholder
1	158148691	158163760	1	199924807	199939284	placeholder
3	48369482	48440599	3	168102793	168183863	placeholder
1	127265797	127311346	1	233954888	233993990	placeholder
3	156829284	156836721	3	52838138	52847264	placeholder
1	300807653	300845326	1	43577327	43610071	placeholder
1	192939460	192986400	1	162925434	162965676	placeholder
14	13711897	13745447	15	3094447	3132686	placeholder
16	11519761	11540819	16	2039398	2068580	placeholder
2	68303553	68335008	2	231968239	232000129	placeholder
1	69985824	70027742	1	297526052	297568210	placeholder
8	76966852	76988365	4	59674625	59695844	placeholder
6	26944218	26948019	4	159603425	159607862	placeholder
5	79299714	79305837	7	13301741	13307691	placeholder
2	98207390	98228996	2	199301842	199322104	placeholder
2	191734979	191765888	2	94099940	94133946	placeholder
13	3807246	3809657	12	7746584	7754564	placeholder
2	100871946	100890291	2	196465196	196485824	placeholder
6	42133525	42183111	4	142854583	142903684	placeholder
6	81732579	81754460	4	100417117	100433087	placeholder
17	3219629	3253592	18	1163301	1189260	placeholder
13	1794461	1806478	12	3754450	3832942	placeholder
5	22490364	22494039	6	39965377	39969121	placeholder
2	141174238	141202811	2	150323187	150349982	placeholder
2	156642611	156682926	2	133495418	133535432	placeholder
3	147716809	147764538	3	62758166	62807527	placeholder
1	242690408	242719292	1	108217049	108240641	placeholder
14	8977538	8992230	15	8973410	8988109	placeholder
1	2393884	2421574	1	374812579	374833180	placeholder
3	141669456	141688815	3	69420778	69438765	placeholder
15	13442619	13464273	14	3671274	3692948	placeholder
3	46377981	46401201	3	170429622	170455559	placeholder
4	84536506	84584852	5	92551021	92586074	placeholder
3	23660683	23665880	3	195834657	195838739	placeholder
1	251290581	251314335	1	98617996	98648739	placeholder
1	192817189	192837384	1	163038154	163060757	placeholder
13	14847741	14870565	12	21965928	21991276	placeholder
19	3029259	3051627	19	5517895	5548709	placeholder
14	14086228	14124886	15	2631867	2676633	placeholder
6	24584050	24613693	4	162306686	162337533	placeholder
1	62637726	62663444	1	305406336	305437299	placeholder
2	133202140	133228758	2	153151407	153174677	placeholder
7	55088506	55139210	8	3246234	3274252	placeholder
3	192503100	192536146	3	12684402	12727897	placeholder
2	99391377	99416032	2	198064336	198082333	placeholder
8	35702137	35722667	4	41097295	41104373	placeholder
1	332409042	332443729	1	8865034	8916470	placeholder
7	71769248	71815482	10	23688032	23718562	placeholder
7	46464416	46515335	8	6253535	6283375	placeholder
4	84989915	85020894	5	92217543	92238664	placeholder
3	20336981	20374339	3	199526487	199570370	placeholder
17	10153359	10160715	18	5692417	5705868	placeholder
17	6668703	6698380	18	55917	83508	placeholder
8	7887896	7925263	4	10411102	10447796	placeholder
13	2969322	2994221	12	6363679	6416386	placeholder
4	86594670	86637716	5	90685382	90728950	placeholder
4	6782576	6815028	4	179978643	179980630	placeholder
5	91973527	91993430	7	22010062	22028578	placeholder
6	93832371	93863244	4	95651924	95679219	placeholder
10	7486274	7529399	11	9650828	9741871	placeholder
7	27955049	27984528	8	24417491	24436843	placeholder
1	88345235	88347221	1	277359513	277361502	placeholder
8	4043067	4050313	4	4209085	4216284	placeholder
13	18720326	18722306	12	25873201	25875172	placeholder
2	76130319	76197140	2	222751706	222810492	placeholder
2	173064567	173087225	2	115020389	115050862	placeholder
13	2605139	2625199	12	5591247	5625199	placeholder
11	8329387	8351147	9	11796497	11817521	placeholder
4	21437446	21464421	5	22410317	22441680	placeholder
7	92765029	92785142	10	11460529	11490499	placeholder
1	50352555	50367427	1	318765049	318778525	placeholder
1	44304223	44306212	1	325488373	325490359	placeholder
1	238854191	238864806	1	112597663	112605442	placeholder
5	51042224	51070414	6	9685288	9725429	placeholder
13	8587675	8610232	12	15100051	15144370	placeholder
12	17023730	17081666	13	1997683	2044575	placeholder
3	70137077	70155399	3	143522827	143548824	placeholder
4	92341892	92353509	5	101641604	101660222	placeholder
6	10913750	10940124	4	178273677	178303333	placeholder
13	14750270	14772578	12	21880615	21902615	placeholder
1	187386399	187414397	1	169061574	169084610	placeholder
1	82853155	82880989	1	283448556	283476783	placeholder
1	280656639	280765480	1	65657611	65795274	placeholder
7	10650204	10670668	8	42962914	42977340	placeholder
15	8484689	8498860	14	9081924	9101214	placeholder
2	157533851	157547077	2	132468380	132487318	placeholder
15	16791579	16885398	14	303626	362564	placeholder
1	267199755	267223821	1	80986559	81019716	placeholder
1	6742690	6744661	2	254181563	254192842	placeholder
19	4485279	4498901	19	7260861	7278094	placeholder
8	40993642	41010012	4	46339881	46359619	placeholder
3	146453069	146478667	3	64139376	64171278	placeholder
3	86007855	86016312	3	126322103	126333728	placeholder
1	322413830	322431842	1	20572400	20586750	placeholder
16	2818971	2827957	16	13904624	13918266	placeholder
1	114858261	114867187	1	247660127	247669051	placeholder
1	99041624	99057412	1	265709048	265724632	placeholder
7	89769446	89793019	10	6574062	6618795	placeholder
1	147068889	147148267	1	212224370	212310186	placeholder
14	15332763	15341106	15	1360025	1367155	placeholder
15	4681819	4736864	14	14215117	14323564	placeholder
13	12620550	12636546	12	19670499	19690732	placeholder
6	25575903	25609549	4	161141543	161179357	placeholder
17	4305069	4319996	18	2034070	2050491	placeholder
1	189031107	189033051	1	167296505	167298449	placeholder
12	139269	143657	13	24987760	24992027	placeholder
1	205604055	205641011	1	149287508	149327620	placeholder
12	9934418	9994213	13	10780222	10857062	placeholder
1	215016454	215044251	1	138590592	138625248	placeholder
6	5498541	5523888	4	183655461	183685412	placeholder
16	2085637	2140164	16	14720793	14775121	placeholder
16	12123123	12128197	16	1269106	1275453	placeholder
15	3586863	3602538	14	16308089	16325110	placeholder
3	35895379	35907861	3	182026893	182040120	placeholder
1	339876493	339901042	1	1110296	1141290	placeholder
3	173972661	173986473	3	33815251	33827870	placeholder
2	156761734	156804323	2	133340793	133385090	placeholder
1	316979802	317003236	1	26743009	26762652	placeholder
12	8371088	8384512	13	13947861	13967741	placeholder
14	3584079	3589731	15	15777081	15784416	placeholder
1	83968339	84026997	1	282291894	282362429	placeholder
1	187427525	187508310	1	168945456	169048013	placeholder
17	1769547	1825787	18	10187176	10211207	placeholder
7	36135064	36154646	8	15795574	15820951	placeholder
6	41046556	41070802	4	143961277	143994753	placeholder
1	153564488	153566495	1	205099733	205101737	placeholder
15	615328	634618	14	21544946	21575448	placeholder
7	89189125	89217896	10	5904526	5947513	placeholder
1	73092780	73125118	1	294270029	294304003	placeholder
6	25657645	25696495	4	161036232	161085540	placeholder
7	25899762	25915322	8	26472284	26484378	placeholder
3	107122323	107132137	3	107918720	107928975	placeholder
3	119368106	119385867	3	94481359	94497800	placeholder
1	239834566	239859774	1	111554527	111571901	placeholder
14	4962005	4976400	15	14010528	14031726	placeholder
1	66066018	66096837	1	301623515	301649318	placeholder
3	47313647	47326889	3	169566928	169585148	placeholder
1	204912027	204949717	1	150084989	150144915	placeholder
6	56069654	56126986	4	128291169	128354450	placeholder
1	277813024	277830382	1	69402312	69419551	placeholder
13	7545770	7557490	12	13649490	13662481	placeholder
15	15599732	15605616	14	1506663	1514615	placeholder
3	50629654	50645262	3	165756459	165774508	placeholder
16	1144925	1162051	16	15733168	15764478	placeholder
2	190653840	190678006	2	95268769	95293561	placeholder
15	8265911	8276334	14	9365686	9382013	placeholder
14	389153	401353	15	19604800	19615389	placeholder
2	177571989	177580763	2	109983034	109991383	placeholder
2	11280998	11299131	2	308612836	308626960	placeholder
3	23426112	23438338	3	196044203	196055471	placeholder
1	50515460	50520954	1	318613306	318618140	placeholder
6	38731727	38785467	4	146495483	146527574	placeholder
13	3651811	3664641	12	7527881	7548825	placeholder
14	6541196	6563813	15	12032958	12061378	placeholder
6	93625338	93627003	4	95845889	95847617	placeholder
5	18082782	18085040	6	44707031	44709281	placeholder
2	205376374	205394974	2	79089258	79098458	placeholder
6	31816202	31818119	4	153864376	153867943	placeholder
2	133676320	133800936	2	153600833	153741280	placeholder
1	77310533	77312441	1	289327386	289329294	placeholder
11	22499388	22508049	9	31509242	31515687	placeholder
1	215075059	215087155	1	138544389	138553315	placeholder
1	40294343	40313049	1	330060240	330090495	placeholder
1	159783942	159787447	1	197896233	197899895	placeholder
12	740925	747660	13	24401050	24407399	placeholder
1	27942839	27958970	1	343483909	343501535	placeholder
2	195352896	195388075	2	89675637	89704834	placeholder
8	55041225	55058536	4	77531054	77573577	placeholder
16	2187264	2211752	16	14647957	14679619	placeholder
1	111410788	111438357	1	251619759	251631355	placeholder
5	26156373	26169504	6	35944370	35961582	placeholder
1	66651694	66666731	1	301110626	301124024	placeholder
4	50490751	50522083	5	55844237	55911980	placeholder
6	45310155	45329743	4	139567469	139604208	placeholder
1	55710135	55757126	1	313019896	313061242	placeholder
2	28663235	28689030	2	276979824	277007847	placeholder
1	319234287	319260116	1	24227053	24252633	placeholder
6	86009206	86027263	4	99751003	99764279	placeholder
8	43238262	43259373	4	48639694	48663485	placeholder
1	227713155	227727986	1	124612203	124630098	placeholder
2	152511667	152550859	2	138152417	138196812	placeholder
3	164297061	164320082	3	44454350	44475924	placeholder
6	32863814	32865629	4	152764645	152766459	placeholder
8	21804074	21833125	4	26358121	26400429	placeholder
1	254653653	254681658	1	95129659	95161228	placeholder
8	69758963	69798107	4	69998114	70040346	placeholder
2	217368933	217412554	2	65993024	66020841	placeholder
1	259637474	259655383	1	89673973	89693466	placeholder
15	9032792	9065306	14	8436114	8469932	placeholder
7	33058257	33081253	8	19296023	19320291	placeholder
1	181514667	181528618	1	174900297	174911216	placeholder
8	19207512	19253844	4	23373674	23425650	placeholder
3	131049597	131073748	3	81092933	81114910	placeholder
11	7692819	7694370	9	10829105	10830656	placeholder
4	9153652	9171600	5	8400826	8419897	placeholder
2	21138398	21189555	2	285653810	285712492	placeholder
1	236791516	236832009	1	114808617	114852284	placeholder
5	119346617	119401107	7	50388461	50430024	placeholder
1	104159522	104231367	1	260024053	260039876	placeholder
3	17301378	17316037	3	203070719	203083956	placeholder
3	114923396	114930964	3	99588063	99596660	placeholder
2	212895695	212912720	2	70976359	70993768	placeholder
3	194934037	195003133	3	9891896	9972382	placeholder
2	191642585	191683670	2	94209017	94271325	placeholder
19	2885873	2898232	19	5727838	5744635	placeholder
1	179015947	179051668	1	177196686	177227906	placeholder
3	123198904	123223578	3	89964887	89988912	placeholder
3	64614252	64643193	3	149991066	150015175	placeholder
6	51598703	51624092	4	132983369	133008033	placeholder
3	168967006	168991231	3	39293364	39318490	placeholder
1	8854688	8898018	1	364414779	364470253	placeholder
5	56080699	56114605	6	4563603	4596641	placeholder
1	41746528	41777448	1	328478718	328500491	placeholder
3	159153667	159216358	3	50257860	50325873	placeholder
11	20578512	20581864	9	29627356	29630544	placeholder
14	4834247	4851514	15	14184946	14202089	placeholder
3	63662055	63739870	3	151012764	151105733	placeholder
5	30255138	30298051	6	31825678	31868785	placeholder
2	220680735	220705365	2	62291934	62315709	placeholder
1	119023463	119043568	1	242983808	243005124	placeholder
2	217116870	217164118	2	66222312	66312555	placeholder
17	8626861	8630354	18	8318991	8324541	placeholder
7	90675268	90700028	10	93	47385	placeholder
6	219349	236098	4	189362736	189377811	placeholder
5	20753608	20780597	6	41848631	41870296	placeholder
1	35823694	35902139	1	334815603	334925851	placeholder
3	92220291	92452865	3	119971452	120181991	placeholder
1	68963381	68977297	1	298633240	298648136	placeholder
1	229377961	229408027	1	122741683	122773196	placeholder
4	5243910	5257733	5	4262665	4272087	placeholder
11	15402863	15414290	9	23008975	23020550	placeholder
14	6511294	6523354	15	12083831	12099987	placeholder
1	126052168	126067625	1	235311303	235326879	placeholder
2	156468600	156484408	2	133612352	133628085	placeholder
16	11012189	11019694	16	2784442	2812283	placeholder
3	27369474	27376557	3	191500536	191506418	placeholder
3	157822405	157838351	3	51758824	51779076	placeholder
1	184067595	184150763	1	172474734	172554152	placeholder
6	18412489	18423650	4	169305326	169314674	placeholder
8	76328783	76346073	4	60347838	60370330	placeholder
6	56036037	56063656	4	128361039	128375705	placeholder
11	8485569	8511649	9	11965627	11986619	placeholder
4	58149573	58193921	5	69370513	69448993	placeholder
1	165595561	165612962	1	190883584	190902828	placeholder
3	160649964	160682193	3	48824636	48847120	placeholder
6	58221307	58246547	4	126204638	126225202	placeholder
1	73260286	73290399	1	294079433	294110352	placeholder
1	233605389	233628171	1	118204214	118228242	placeholder
15	14336425	14338267	14	2951584	2953427	placeholder
11	10562621	10567401	9	16713937	16717952	placeholder
5	34099014	34147642	6	27905356	28012815	placeholder
1	340309939	340331299	1	729885	742360	placeholder
8	25493162	25516035	4	30501652	30531972	placeholder
2	214825719	214836982	2	68854980	68865711	placeholder
3	175624518	175653282	3	31870862	31889922	placeholder
3	155741986	155766935	3	54148892	54187277	placeholder
16	11838015	11843820	16	1623868	1631949	placeholder
6	44444388	44463329	4	140471645	140487562	placeholder
4	24403869	24426836	5	25596337	25614077	placeholder
4	73907481	73935381	5	86885598	86901364	placeholder
2	179470086	179498426	2	107849720	107872425	placeholder
6	38421591	38427460	4	146826180	146832872	placeholder
11	20216916	20229271	9	29190221	29205867	placeholder
15	13299243	13312449	14	3820833	3834172	placeholder
2	21669356	21685370	2	285082053	285129819	placeholder
1	287210371	287231053	1	58553316	58574244	placeholder
2	147672991	147723432	2	142906318	142946919	placeholder
19	7319111	7344918	19	740171	769303	placeholder
14	7067819	7069625	15	11325681	11327490	placeholder
1	72170070	72192852	1	295295468	295317701	placeholder
3	25652516	25685149	3	193572017	193609146	placeholder
3	95039472	95109661	3	118368013	118396407	placeholder
14	9437963	9462171	15	8340071	8373116	placeholder
10	627084	637812	11	1195641	1206109	placeholder
1	314335973	314346419	1	29734247	29745525	placeholder
1	13323015	13350861	1	359573501	359603354	placeholder
3	123636865	123666471	3	89528448	89562361	placeholder
8	35463358	35492728	4	40912125	40924138	placeholder
15	11793579	11806467	14	5509660	5526421	placeholder
5	16437473	16447415	6	46546557	46554603	placeholder
5	79507345	79539153	7	13401345	13426225	placeholder
2	212855477	212864660	2	71028549	71040768	placeholder
1	149168312	149180477	1	209910534	209920868	placeholder
2	80519096	80520914	2	218289887	218291704	placeholder
1	250242810	250251958	1	99827716	99835659	placeholder
1	317241862	317255699	1	26434445	26456536	placeholder
3	184909490	184954954	3	21588301	21640250	placeholder
3	141125752	141228375	3	69950054	69996373	placeholder
1	194063525	194082722	1	161699337	161716540	placeholder
3	179579713	179621224	3	27534297	27578667	placeholder
1	265781759	265815390	1	82687033	82723469	placeholder
1	195064456	195097211	1	160492022	160528487	placeholder
5	64873578	64887517	7	3390630	3398901	placeholder
13	3231649	3240306	12	6871242	6879100	placeholder
1	335179739	335207323	1	6081370	6108121	placeholder
6	53388279	53601497	4	130926157	131150892	placeholder
2	61550665	61573377	2	239632808	239667527	placeholder
12	3471024	3487830	13	20846900	20870554	placeholder
1	42227314	42252118	1	327949416	328007198	placeholder
12	13108326	13132001	13	6318688	6347138	placeholder
3	144660198	144687093	3	66227112	66263641	placeholder
2	1810342	1824508	2	298428528	298437674	placeholder
1	11485536	11497538	1	361655598	361669757	placeholder
2	189731869	189751404	2	96345732	96362435	placeholder
1	122925250	122944613	1	238693099	238709337	placeholder
8	38335773	38340948	4	43596448	43602749	placeholder
16	9644456	9655587	16	4967702	4984435	placeholder
3	100078431	100116554	3	115396633	115416809	placeholder
17	261493	276175	18	11391845	11413533	placeholder
2	234423899	234435922	2	46720366	46738604	placeholder
16	11784848	11792140	16	1695493	1706018	placeholder
6	67288079	67311123	4	116435889	116459868	placeholder
3	131113922	131145715	3	81013729	81052068	placeholder
2	147348718	147364328	2	143140440	143160285	placeholder
1	113199	118670	1	374676381	374682777	placeholder
6	38828008	38850928	4	146324457	146345210	placeholder
3	32622240	32628257	3	185719398	185723983	placeholder
6	20407055	20437691	4	166928719	166969645	placeholder
19	3008338	3018296	19	5564318	5580676	placeholder
1	271836579	271838373	1	75928636	75930430	placeholder
3	107039223	107054104	3	107986474	107999916	placeholder
4	20613571	20655223	5	21549869	21593244	placeholder
1	1949424	1972083	1	371755685	371786997	placeholder
7	33913366	33937095	8	18465929	18489944	placeholder
8	28954937	28974395	4	33996970	34016210	placeholder
4	44439047	44451214	5	48293586	48302868	placeholder
17	11015219	11025585	18	4649666	4663973	placeholder
1	301552530	301565588	1	42737769	42751875	placeholder
2	67036979	67070254	2	233384042	233433004	placeholder
3	140120971	140156402	3	71127187	71171168	placeholder
14	8419143	8449534	15	9716125	9743150	placeholder
17	10696587	10701778	18	4997070	5003385	placeholder
3	45504036	45525355	3	171317648	171333994	placeholder
5	74541862	74668493	7	9660711	9748452	placeholder
3	169040500	169063314	3	39214278	39230693	placeholder
2	133234377	133264465	2	153181027	153207804	placeholder
1	251660397	251675799	1	98236414	98254128	placeholder
2	30004920	30043650	2	275334228	275356560	placeholder
2	152161450	152178871	2	138546389	138562876	placeholder
6	55934118	55962245	4	128507422	128536269	placeholder
10	11464076	11511550	11	14545828	14592171	placeholder
3	62066597	62098907	3	152965091	152993789	placeholder
3	186248096	186254310	3	19966628	19973939	placeholder
6	85459466	85469273	4	100321680	100331560	placeholder
12	16542351	16547035	13	1546131	1550259	placeholder
1	129332858	129716183	1	231061628	231582018	placeholder
14	10156425	10167203	15	7485547	7501888	placeholder
2	101021629	101033175	2	196310497	196321952	placeholder
13	7897418	7899366	12	14183324	14187340	placeholder
1	273423470	273432459	1	74095387	74104919	placeholder
2	133043230	133084339	2	152998079	153037659	placeholder
2	214943016	214952176	2	68734574	68739188	placeholder
8	30861702	30897105	4	35964121	35993137	placeholder
1	260861429	260884234	1	88198747	88233756	placeholder
2	198855826	198877724	2	86085945	86111484	placeholder
1	94572924	94592623	1	270403823	270425432	placeholder
13	12483339	12500266	12	19497297	19517617	placeholder
7	71840461	71853070	10	23649579	23665646	placeholder
8	70317262	70337824	4	67545159	67573245	placeholder
17	10882680	10885901	18	4804619	4807823	placeholder
3	197297025	197349323	3	7126462	7167433	placeholder
1	17531440	17542199	1	355007724	355020619	placeholder
12	982787	994294	13	24126136	24140381	placeholder
1	116556674	116569222	1	245803855	245814780	placeholder
1	267883849	267890766	1	80270727	80277857	placeholder
15	5126166	5127933	14	13661957	13663723	placeholder
13	18047069	18053331	12	25230494	25237128	placeholder
11	19495646	19524242	9	28323239	28356419	placeholder
2	32321588	32323355	2	272768063	272769812	placeholder
17	10131528	10138826	18	5659518	5671538	placeholder
1	195499238	195503521	1	160061315	160065411	placeholder
13	16975555	16985609	12	24243060	24252256	placeholder
5	35241311	35257611	6	26744126	26763985	placeholder
6	62415695	62522939	4	121388098	121505835	placeholder
1	173068176	173109692	1	181523877	181563330	placeholder
14	992487	1001882	15	18995539	19003709	placeholder
6	26996007	27013964	4	159546265	159562385	placeholder
3	20409143	20441020	3	199465814	199492811	placeholder
6	80858695	80885112	4	105263989	105280683	placeholder
1	142507090	142642933	1	216967959	217077891	placeholder
8	7702023	7753255	4	10201467	10249973	placeholder
1	334753133	334818459	1	6448442	6497215	placeholder
3	201629447	201739908	3	2289175	2374396	placeholder
2	25954031	25961169	2	280041853	280048623	placeholder
1	284098536	284122410	1	61979034	61998951	placeholder
3	137969465	138060651	3	73436617	73548218	placeholder
1	64006165	64025695	1	303931669	303951252	placeholder
5	65998036	65999788	7	4347393	4349145	placeholder
13	17690890	17725094	12	24903274	24977297	placeholder
15	14796425	14821547	14	2408296	2437175	placeholder
3	188734513	188754497	3	17114191	17133099	placeholder
1	75641562	75657505	1	291211019	291223621	placeholder
5	22067757	22090552	6	40411511	40432108	placeholder
8	29462365	29486035	4	34529180	34552086	placeholder
1	23678791	23706015	1	348121518	348154880	placeholder
3	147164245	147177339	3	63359853	63373421	placeholder
6	52344711	52364582	4	132178277	132201648	placeholder
2	168092553	168108271	2	120666585	120678370	placeholder
3	50573972	50600844	3	165808441	165838802	placeholder
7	13003250	13052407	8	40327442	40381375	placeholder
7	47664049	47684437	8	5374031	5383492	placeholder
1	108428	110252	1	374685783	374687598	placeholder
1	312096940	312125730	1	32108216	32131872	placeholder
16	10814396	10822355	16	3151763	3162989	placeholder
8	48091017	48117555	4	53135906	53159569	placeholder
4	73619236	73705552	5	86766103	86820881	placeholder
6	86301607	86402555	4	99332478	99463745	placeholder
6	18341279	18378763	4	169356720	169370508	placeholder
6	42351421	42365591	4	142660084	142672853	placeholder
1	244878381	244896471	1	105813581	105835225	placeholder
14	1491669	1497561	15	18438046	18444417	placeholder
3	14457778	14470832	3	206433545	206445340	placeholder
3	142364452	142376090	3	68611953	68625915	placeholder
2	212498068	212523024	2	71392226	71416079	placeholder
2	177137148	177149805	2	110504044	110521802	placeholder
16	11768037	11774111	16	1718882	1729744	placeholder
4	20240117	20257089	5	21099582	21112718	placeholder
3	134725636	134739849	3	77118622	77132134	placeholder
4	98973992	99045246	5	109138698	109211829	placeholder
5	81606318	81689224	7	14267680	14305998	placeholder
14	15884627	15895783	15	806078	815775	placeholder
5	94021260	94048685	7	23880270	23908123	placeholder
8	24737535	24752363	4	29614954	29630793	placeholder
2	61253659	61255342	2	240026184	240033689	placeholder
2	168862454	169019274	2	119516532	119688011	placeholder
17	10390491	10396167	18	5435089	5441086	placeholder
1	86777462	86796300	1	279087122	279115320	placeholder
5	91102570	91128332	7	21189411	21211292	placeholder
7	80176112	80196066	10	14693877	14713472	placeholder
2	152842661	152859025	2	137728269	137746300	placeholder
1	70919357	70979978	1	296635681	296689376	placeholder
3	115307260	115335352	3	99096863	99133534	placeholder
13	13475904	13553844	12	20576808	20656395	placeholder
5	9547918	9596543	6	54018517	54073343	placeholder
2	216844410	217005297	2	66424521	66608151	placeholder
13	1928773	1947336	12	4086645	4109196	placeholder
3	115230212	115243642	3	99185644	99205435	placeholder
7	23119574	23149674	8	29334370	29359756	placeholder
16	7868196	7869906	16	7722692	7724413	placeholder
5	68174538	68271797	7	6218268	6296303	placeholder
3	171522617	171540388	3	36719375	36737469	placeholder
2	212535270	212568319	2	71349754	71380004	placeholder
3	165866680	165875687	3	42725514	42739870	placeholder
2	190883362	190891257	2	95017777	95029083	placeholder
2	206281362	206296011	2	78018459	78038439	placeholder
13	3838939	3859343	12	7830949	7877076	placeholder
6	10258474	10292530	4	179308718	179346137	placeholder
11	6901554	6944970	9	9606004	9660803	placeholder
1	190801953	190812705	1	165319910	165330334	placeholder
8	37738626	37750539	4	43023515	43034657	placeholder
16	7518755	7535132	16	8096109	8108956	placeholder
8	25249079	25263785	4	30169281	30206145	placeholder
6	48555080	48676754	4	136206406	136335376	placeholder
3	177870010	177894900	3	29412159	29433936	placeholder
1	319426974	319443584	1	24034011	24053116	placeholder
3	175702374	175768378	3	31741399	31806272	placeholder
12	8211060	8225087	13	14188726	14206560	placeholder
1	20896966	20904052	1	351351282	351360785	placeholder
8	75837281	75866453	4	60924059	60946840	placeholder
3	89052558	89113961	3	122988998	123206974	placeholder
4	7745120	7755079	5	6832542	6843204	placeholder
6	33123045	33156662	4	152464691	152494018	placeholder
3	170278818	170306682	3	37944403	37979202	placeholder
19	5970695	5977401	19	2258726	2266847	placeholder
15	13757791	13763621	14	3495276	3500601	placeholder
11	13127830	13135807	9	19995503	20004130	placeholder
1	51212066	51238331	1	317881993	317909515	placeholder
2	51195843	51235086	2	251093073	251159439	placeholder
5	32497015	32509560	6	29526514	29537678	placeholder
11	20561910	20576841	9	29611288	29625387	placeholder
3	159756320	159761710	3	49661658	49666894	placeholder
14	3096014	3115083	15	16384732	16409114	placeholder
1	28093433	28098926	1	343324363	343331544	placeholder
3	13857990	13886416	3	207086908	207116338	placeholder
7	33574648	33606763	8	18800714	18818024	placeholder
1	259707479	259732881	1	89592370	89620931	placeholder
8	8015552	8033904	4	10545006	10562129	placeholder
1	34175503	34207769	1	336548385	336581338	placeholder
1	116879232	116905917	1	245414347	245442809	placeholder
16	12318399	12328534	16	1057293	1067762	placeholder
1	340024789	340030876	1	999626	1005722	placeholder
7	85859042	85874646	10	2994863	3018843	placeholder
1	45900	70338	1	374727474	374739016	placeholder
16	1331938	1363363	16	15538392	15560773	placeholder
2	28625774	28641421	2	277031343	277044012	placeholder
16	11443845	11449189	16	2133671	2141808	placeholder
7	23492757	23522678	8	28939057	28968357	placeholder
13	740114	741857	12	1347745	1349488	placeholder
15	14766585	14776516	14	2456909	2467592	placeholder
15	11175533	11205848	14	6178783	6200052	placeholder
3	124083269	124102498	3	89062337	89082895	placeholder
8	77201254	77224642	4	59420020	59439113	placeholder
1	195986243	196071918	1	159525811	159615126	placeholder
1	259218322	259261335	1	90029913	90076989	placeholder
1	8277153	8317455	1	365023082	365062040	placeholder
16	6881592	6891441	16	8954270	8966177	placeholder
12	777109	785002	13	24362935	24370968	placeholder
15	13201806	13239611	14	3944035	3977339	placeholder
3	89784691	89801397	3	122497694	122523642	placeholder
4	31615429	31627733	5	33480122	33501230	placeholder
1	150153694	150175936	1	208802028	208828089	placeholder
4	89314525	89327299	5	98166204	98189012	placeholder
2	206172754	206202470	2	78106344	78141280	placeholder
1	277591492	277606952	1	69610396	69620216	placeholder
2	133967763	133991502	2	153915678	153934511	placeholder
1	16762580	16788990	1	355821214	355846465	placeholder
2	135044506	135089976	2	155189495	155219553	placeholder
6	60845603	60863166	4	123308622	123325896	placeholder
7	31876739	31907054	8	20503056	20530299	placeholder
2	165129374	165148329	2	123921962	123936872	placeholder
11	6187196	6237257	9	8714433	8720600	placeholder
1	73193739	73210337	1	294173803	294190449	placeholder
5	61898419	61937877	7	1100358	1157030	placeholder
4	86341768	86362690	5	90983732	91008534	placeholder
2	61430968	61480765	2	239764379	239815135	placeholder
15	1288276	1293872	14	22884309	22894981	placeholder
1	292677507	292684846	1	52579380	52587263	placeholder
7	2508999	2527777	8	50914424	50935457	placeholder
8	20888170	20897417	4	25308714	25316652	placeholder
15	6178649	6187689	14	11952511	11965764	placeholder
1	94502716	94536856	1	270454118	270476837	placeholder
10	11045210	11056578	11	14045997	14057232	placeholder
6	31537668	31569830	4	154109077	154138901	placeholder
1	293364573	293384390	1	51821954	51836410	placeholder
6	91655350	91657958	4	85590928	85593863	placeholder
5	51669894	51691318	6	9087654	9101484	placeholder
5	84167307	84328048	7	15815523	15881659	placeholder
8	60406268	60414289	4	80020511	80029020	placeholder
1	37568	42424	1	374742858	374745694	placeholder
7	19961185	19983299	8	32764332	32778384	placeholder
6	38178162	38190372	4	147104980	147117682	placeholder
19	443921	509425	19	9576487	9609365	placeholder
2	41528097	41540924	2	262184645	262197460	placeholder
2	199061766	199071091	2	85878173	85887779	placeholder
1	265703753	265740803	1	82798838	82834287	placeholder
2	203684905	203686573	2	81016090	81017758	placeholder
18	418464	425968	17	3152749	3162350	placeholder
3	110839883	110850552	3	104015150	104027091	placeholder
3	178648784	178662058	3	28668187	28679692	placeholder
11	2204763	2217296	9	2975936	2990318	placeholder
1	215154216	215247936	1	138408841	138499051	placeholder
3	37272072	37347501	3	180338504	180444107	placeholder
2	73875944	73903463	2	225289385	225314383	placeholder
3	194413321	194422436	3	10516423	10525282	placeholder
7	47826812	47842732	8	5247674	5260826	placeholder
1	149268449	149276773	1	209815317	209820595	placeholder
6	49197784	49199431	4	135673468	135675112	placeholder
2	154816321	154821743	2	135415430	135420869	placeholder
2	152049744	152138674	2	138615978	138663058	placeholder
2	217347122	217348760	2	66036906	66038568	placeholder
7	48577911	48579504	8	93879	95466	placeholder
1	285510326	285672795	1	60109109	60288131	placeholder
2	40877522	40895184	2	262844965	262870101	placeholder
1	72262731	72286442	1	295205137	295227507	placeholder
16	2736803	2772751	16	13962474	14009474	placeholder
2	16065664	16087186	2	291758984	291788461	placeholder
1	81679581	81707178	1	284714277	284741280	placeholder
4	71430569	71496111	5	86045685	86096466	placeholder
16	11911553	11924553	16	1520340	1528132	placeholder
7	26602347	26612505	8	25821477	25831941	placeholder
3	160695819	160706308	3	48805353	48813141	placeholder
6	84258148	84297751	4	103158554	103202903	placeholder
6	81129328	81164238	4	104882767	104921258	placeholder
1	262068372	262091396	1	86945628	87112243	placeholder
3	48174822	48176499	3	168406632	168408309	placeholder
2	18236430	18259940	2	289087533	289121121	placeholder
17	7071690	7078733	18	465718	474251	placeholder
3	68247674	68267179	3	146036175	146055165	placeholder
1	98903455	98929935	1	265873737	265890655	placeholder
7	55816197	55840577	8	3499708	3525547	placeholder
2	232700706	232710029	2	48677091	48687917	placeholder
3	179652495	179658131	3	27494924	27502493	placeholder
2	96982759	96994689	2	200685493	200697243	placeholder
7	25928515	25947720	8	26437892	26466439	placeholder
3	99034228	99171484	3	116217410	116287070	placeholder
3	139954718	140055148	3	71230742	71333378	placeholder
14	9769511	9801962	15	7918223	7944772	placeholder
6	46703015	46719441	4	138239965	138261850	placeholder
7	15321228	15359438	8	37846491	37899125	placeholder
6	71057720	71074858	4	112386252	112403526	placeholder
1	48653011	48665925	1	320614951	320629171	placeholder
1	79341420	79351108	1	287291076	287308664	placeholder
3	91219638	91235950	3	120885478	120911700	placeholder
10	16577847	16587472	11	18360134	18374295	placeholder
6	30678227	30706391	4	155162269	155190612	placeholder
2	167987471	167989085	2	120788549	120790163	placeholder
7	47274316	47302423	8	5606028	5630291	placeholder
1	239375047	239391788	1	112008112	112031053	placeholder
5	10859323	10933178	6	52633528	52707844	placeholder
1	226302809	226316478	1	126197318	126217435	placeholder
5	13251398	13267060	6	50153602	50168218	placeholder
5	36490524	36516237	6	25061568	25067829	placeholder
1	127319799	127333454	1	233862154	233943076	placeholder
7	28444222	28449256	8	23917160	23923135	placeholder
1	159689026	159695829	1	197986960	197994616	placeholder
16	12457578	12466576	16	908846	919382	placeholder
8	57632596	57785238	4	76767869	76979709	placeholder
7	27086594	27108372	8	25323631	25349995	placeholder
4	21532010	21574661	5	22524300	22568263	placeholder
1	302229078	302248388	1	42043454	42069314	placeholder
8	60316742	60344586	4	79942221	79966875	placeholder
1	72606591	72608040	1	294874315	294875764	placeholder
3	202721066	202725806	3	816483	820832	placeholder
5	30438361	30448413	6	31680733	31691083	placeholder
1	227748285	227771504	1	124570902	124590633	placeholder
8	64570186	64589052	4	74015134	74030927	placeholder
11	20339119	20346335	9	29342281	29353735	placeholder
2	243048515	243144239	2	36609812	36697566	placeholder
6	95917166	95937150	4	93281480	93307903	placeholder
4	80687972	80697360	5	90109755	90124368	placeholder
5	68331092	68340767	7	6325073	6337677	placeholder
1	32921016	32988014	1	337910735	337988382	placeholder
4	86638654	86679636	5	90653130	90684483	placeholder
1	107608999	107633048	1	255977112	255998034	placeholder
14	5761021	5773640	15	12201829	12215726	placeholder
11	20651509	20657958	9	29734320	29740902	placeholder
1	339430157	339434718	1	1551584	1555386	placeholder
3	123162573	123195126	3	89992701	90031724	placeholder
2	93280545	93314738	2	205105307	205134337	placeholder
1	176709540	176748026	1	179011336	179033732	placeholder
17	9868357	9883571	18	6115455	6136702	placeholder
19	6994265	7003631	19	1127035	1137807	placeholder
2	54762332	54763892	2	247170520	247172080	placeholder
2	103303772	103329908	2	193817834	193849013	placeholder
7	41677704	41709687	8	10248130	10278298	placeholder
13	7579502	7581110	12	13709993	13711640	placeholder
7	72004564	72037875	10	23480568	23523003	placeholder
5	51596381	51626215	6	9153032	9161319	placeholder
17	8296076	8302327	18	7796324	7808145	placeholder
3	83288874	83314405	3	129416229	129436198	placeholder
1	267659791	267693894	1	80490667	80514549	placeholder
1	18622917	18639867	1	353785455	353798363	placeholder
1	226640267	226677700	1	125827446	125861704	placeholder
8	17218546	17235424	4	21007474	21036139	placeholder
14	1082173	1087103	15	18904485	18909419	placeholder
2	33942814	33964610	2	270880132	270895888	placeholder
8	4553653	4575723	7	53326864	53331604	placeholder
3	25932833	25934441	3	193288591	193290199	placeholder
2	232797021	232820599	2	48559186	48585430	placeholder
2	33627711	33655058	2	271129838	271157965	placeholder
13	721452	729247	12	1319897	1332148	placeholder
1	124021603	124180242	1	237255885	237503252	placeholder
3	150895092	150914611	3	59562845	59579656	placeholder
3	54076244	54077843	3	161728121	161729720	placeholder
1	316970512	316976229	1	26765696	26771438	placeholder
1	194607517	194609062	1	161004270	161005815	placeholder
4	8990078	9120186	5	8207357	8364410	placeholder
2	189683490	189700644	2	96388750	96404559	placeholder
3	197448638	197459666	3	6983720	7006377	placeholder
2	159714299	159745125	2	129859801	129901519	placeholder
4	49086020	49114837	5	53663763	53702986	placeholder
7	71865780	71874592	10	23625998	23635887	placeholder
1	241868124	241917533	1	109189018	109246925	placeholder
1	319333087	319345305	1	24138217	24151510	placeholder
3	179882707	179951014	3	27237850	27310935	placeholder
3	55025967	55108733	3	160540494	160629283	placeholder
14	15931527	15967050	15	748224	776624	placeholder
3	197822092	197846713	3	6586074	6612386	placeholder
7	8073025	8269598	8	45538193	45705435	placeholder
1	165819870	165852109	1	190615058	190642367	placeholder
5	90604962	90628104	7	20709393	20735565	placeholder
12	15249096	15277577	13	4101416	4129465	placeholder
2	216332758	216342296	2	67159223	67167878	placeholder
1	298617699	298619280	1	45949884	45951465	placeholder
1	273133711	273135277	1	74474586	74476152	placeholder
15	10937490	10953979	14	6429515	6448313	placeholder
3	139113223	139138606	3	72174448	72197664	placeholder
4	86550225	86571058	5	90754694	90768647	placeholder
2	90679868	90693781	2	208117407	208130212	placeholder
3	2461247	2502534	3	220779770	220817685	placeholder
1	68737845	68838220	1	298694449	298925801	placeholder
14	3214759	3223924	15	16243388	16255425	placeholder
1	239107038	239107911	1	112306727	112307600	placeholder
2	201236857	201259151	2	83510496	83539237	placeholder
1	205486740	205491838	1	149428546	149433677	placeholder
3	142387077	142412612	3	68575302	68598425	placeholder
1	61817478	61819065	1	306390049	306391636	placeholder
3	193729741	193740045	3	11312775	11324987	placeholder
8	43191114	43217808	4	48601547	48624132	placeholder
3	87784301	87834256	3	124442959	124492149	placeholder
1	309958272	309979149	1	34047153	34067347	placeholder
14	12711570	12740939	15	4176852	4199175	placeholder
16	8767562	8820073	16	6075388	6138131	placeholder
8	78942785	78948350	4	78741986	78747967	placeholder
1	16273906	16293668	1	356359636	356382870	placeholder
1	172151289	172267097	1	182354532	182481804	placeholder
5	31971071	31984719	6	30114333	30128156	placeholder
7	2774262	2788439	8	50635315	50649460	placeholder
10	6266624	6279988	11	8297084	8315153	placeholder
7	151677	157074	8	53467636	53473260	placeholder
5	30887377	30893854	6	31204977	31211503	placeholder
8	77139481	77156963	4	59488984	59507145	placeholder
13	871522	882775	12	1547269	1561906	placeholder
6	47754782	47803930	4	137105249	137166470	placeholder
1	166482056	166506619	1	189816583	189838730	placeholder
2	142977593	142985896	2	148394107	148402338	placeholder
1	71766528	71784061	1	295716379	295731719	placeholder
3	160081247	160107046	3	49449166	49474526	placeholder
1	79291421	79292969	1	287359007	287360561	placeholder
19	3215735	3228802	19	5271281	5288670	placeholder
7	24311074	24321048	8	28127750	28142293	placeholder
3	150771840	150773379	3	59722402	59723941	placeholder
3	182008892	182012441	3	24910352	24913560	placeholder
17	10088221	10089790	18	5605786	5607352	placeholder
16	974962	983365	16	15927114	15939192	placeholder
1	169109336	169119330	1	185998056	186006659	placeholder
18	6898519	6910390	17	11771986	11790538	placeholder
19	4292680	4305208	19	7019492	7033399	placeholder
2	104902949	104935811	2	192023713	192054016	placeholder
3	49724760	49741234	3	166715314	166728768	placeholder
5	100567962	100584886	7	30582437	30630868	placeholder
7	38205520	38257640	8	13602713	13635758	placeholder
8	5424007	5425573	4	2767409	2768981	placeholder
3	45241696	45259648	3	171588363	171607828	placeholder
3	147779777	147788886	3	62734071	62742864	placeholder
8	135426	146942	4	9161287	9164158	placeholder
18	885485	897938	17	3851819	3873299	placeholder
5	71306689	71363948	7	8270354	8290994	placeholder
6	87672400	87693766	4	97848371	97869964	placeholder
1	277952427	277959657	1	69283111	69290627	placeholder
7	55511510	55513049	8	3397025	3398564	placeholder
2	207100920	207129103	2	77144561	77165710	placeholder
5	31383763	31390117	6	30757262	30763612	placeholder
19	860473	870747	19	9033183	9051825	placeholder
7	47696276	47705036	8	5348911	5359011	placeholder
1	64466064	64467486	1	303417458	303418880	placeholder
12	4926267	4935241	13	18849247	18864302	placeholder
17	8675425	8747875	18	8416720	8484636	placeholder
1	237549383	237561329	1	113993263	114009808	placeholder
5	2111909	2117300	6	60593543	60598018	placeholder
10	16060814	16095969	11	17925088	17940120	placeholder
2	150264374	150286483	2	140508837	140531375	placeholder
16	13051056	13057693	16	228600	288910	placeholder
2	31887847	31910484	2	273266095	273295382	placeholder
17	8459011	8473763	18	8058798	8091154	placeholder
1	119166064	119278583	1	242778639	242893284	placeholder
2	18536069	18562416	2	288710528	288759806	placeholder
2	202167779	202186931	2	82651759	82665490	placeholder
11	8707370	8714578	9	12213107	12228099	placeholder
1	305952616	305990776	1	38147496	38180523	placeholder
6	45612934	45639681	4	139279734	139294816	placeholder
17	2325204	2340190	18	9636134	9652863	placeholder
1	71171336	71178188	1	296354413	296359210	placeholder
15	1811253	1816895	14	19718823	19731932	placeholder
7	23588362	23598818	8	28861170	28869989	placeholder
12	3242941	3249450	13	21153229	21160438	placeholder
3	115101629	115112113	3	99327033	99397705	placeholder
5	120753678	120767420	7	51838038	51851537	placeholder
2	34015956	34017465	2	270825919	270827422	placeholder
7	89411240	89424430	10	6111906	6155408	placeholder
4	91651824	91692101	5	100819270	100868317	placeholder
5	59708578	59732606	6	820337	867295	placeholder
1	51486100	51496765	1	317640133	317647352	placeholder
4	38587794	38616757	5	41575578	41605174	placeholder
7	30150215	30182450	8	22224798	22246050	placeholder
15	3632915	3648523	14	16227351	16260353	placeholder
3	160034295	160062267	3	49494407	49531582	placeholder
6	30876763	30884462	4	154976297	154987140	placeholder
4	42158200	42160965	5	45547059	45549312	placeholder
1	195806490	195833648	1	159757915	159781592	placeholder
15	11514822	11533016	14	5808726	5837002	placeholder
1	222721174	222747529	1	130172982	130193569	placeholder
1	79363320	79398696	1	287218729	287276202	placeholder
7	14641519	14663790	8	38547871	38573124	placeholder
7	20858796	20874674	8	31792166	31820650	placeholder
13	11214105	11226522	12	18168991	18186237	placeholder
8	59937722	59970903	4	79613976	79646649	placeholder
7	29303649	29318276	8	23090896	23100800	placeholder
15	6860841	6872909	14	11117732	11132312	placeholder
4	82162629	82174093	5	94501784	94506111	placeholder
3	37449686	37457430	3	180226969	180234347	placeholder
1	257780166	257785391	1	91675621	91681088	placeholder
1	164325463	164349710	1	192603032	192630743	placeholder
5	24399445	24445855	6	37803912	37851673	placeholder
1	697036	701625	1	374085537	374087662	placeholder
2	151348363	151370671	2	139326076	139346068	placeholder
11	4166653	4182874	9	6001012	6024642	placeholder
2	28649538	28658977	2	277013349	277024313	placeholder
3	27388794	27400847	3	191478207	191492799	placeholder
10	724444	732554	11	1360760	1372684	placeholder
16	10531484	10553685	16	3663294	3694416	placeholder
2	151803150	151815999	2	138890014	138901295	placeholder
1	287609974	287647241	1	58084131	58117370	placeholder
2	98048985	98056031	2	199480032	199484961	placeholder
1	48783232	48792262	1	320489755	320496127	placeholder
17	7222291	7228291	18	628703	636099	placeholder
2	32874584	32889468	2	272044894	272055641	placeholder
3	105997369	106020543	3	108820736	108839200	placeholder
13	2263450	2273981	12	4889508	4935250	placeholder
5	50248537	50256710	6	10501564	10508648	placeholder
7	89171701	89179230	10	5888634	5895501	placeholder
3	156705184	156713631	3	52962085	52972570	placeholder
13	13885816	13944399	12	20999913	21148051	placeholder
16	12116020	12120316	16	1278273	1283533	placeholder
11	22784574	22788090	9	31771448	31774653	placeholder
1	142244742	142270940	1	217307931	217339298	placeholder
6	57011482	57038377	4	127426410	127452838	placeholder
6	67627045	67628536	4	116059499	116060986	placeholder
6	47712568	47731326	4	137192710	137205209	placeholder
3	183220754	183230288	3	23681980	23689780	placeholder
4	21266610	21377503	5	22257112	22346026	placeholder
5	8071273	8097140	6	55361377	55379491	placeholder
6	91260218	91269523	4	85189611	85199052	placeholder
3	89812469	89823801	3	122482402	122492221	placeholder
17	4678011	4718031	18	2404084	2450719	placeholder
11	22654203	22657848	9	31647545	31650993	placeholder
1	328926418	329054569	1	12764463	12880694	placeholder
3	151178778	151189621	3	59265726	59278352	placeholder
6	30522871	30571649	4	155312086	155348437	placeholder
8	105887	108536	4	9191733	9204553	placeholder
7	71889504	71914799	10	23596361	23610811	placeholder
16	12132631	12140072	16	1256845	1263372	placeholder
17	3990963	3996010	18	1739997	1745701	placeholder
1	269950920	269975039	1	78006725	78031957	placeholder
1	332468806	332470315	1	8847605	8849111	placeholder
7	89083749	89099921	10	5809205	5828103	placeholder
6	48170407	48178833	4	136709761	136719398	placeholder
1	340458136	340520752	1	553318	560417	placeholder
16	12512962	12522549	16	851760	861731	placeholder
3	20279917	20287937	3	199638209	199647031	placeholder
2	205160461	205174902	2	79290416	79303256	placeholder
2	232150544	232200585	2	49157795	49217675	placeholder
3	159049902	159070752	3	50426870	50445595	placeholder
15	1371003	1377120	14	23069681	23076701	placeholder
1	63454650	63486521	1	304505610	304535778	placeholder
3	135266218	135292734	3	76502922	76526716	placeholder
7	24247941	24257883	8	28189489	28203221	placeholder
3	150400716	150405633	3	60127978	60133788	placeholder
7	83915170	83929972	10	1510506	1527016	placeholder
6	42072009	42073506	4	142959734	142961231	placeholder
16	1400303	1415455	16	15485043	15506287	placeholder
7	89573946	89594616	10	6346657	6363532	placeholder
2	164759402	164782340	2	124334115	124358572	placeholder
14	1252701	1273360	15	18699298	18714847	placeholder
6	98746494	98775786	4	88819861	88884724	placeholder
12	3760238	3769202	13	20518366	20526744	placeholder
15	16414047	16423780	14	702210	709676	placeholder
4	5218551	5237267	5	4244636	4259104	placeholder
15	13133094	13145093	14	4029664	4038746	placeholder
4	77812405	77870271	5	88042270	88060884	placeholder
14	9305370	9312390	15	8529185	8538853	placeholder
2	37405185	37428516	2	266847650	266873966	placeholder
7	78874520	78905948	10	15943472	15970811	placeholder
6	22256648	22276496	4	164882020	164903132	placeholder
3	138743001	138838524	3	72536523	72679558	placeholder
1	68582396	68666762	1	299001752	299033594	placeholder
2	222953486	223041392	2	59764590	59870885	placeholder
19	1365254	1369128	19	525508	532795	placeholder
5	40639766	40650784	6	20537994	20548543	placeholder
1	293396311	293426262	1	51785627	51810330	placeholder
3	100136495	100145272	3	115373676	115377887	placeholder
8	31123612	31183394	4	36254622	36314708	placeholder
1	192805519	192812611	1	163065377	163074991	placeholder
1	126639066	126660995	1	234658010	234686601	placeholder
3	86281857	86292337	3	125993383	126004728	placeholder
14	2532856	2538054	15	17125318	17134126	placeholder
2	26869853	26896729	2	279042323	279065142	placeholder
3	137082394	137102691	3	74510743	74533491	placeholder
2	221952529	221968214	2	60923547	60942794	placeholder
3	202548014	202557723	3	1010126	1027017	placeholder
1	323919442	323944750	1	18812495	18833594	placeholder
1	293253416	293259122	1	51950699	51956669	placeholder
5	22591640	22607680	6	39857732	39869451	placeholder
1	239720261	239726305	1	111664432	111669945	placeholder
1	184298693	184324289	1	172339955	172356110	placeholder
13	18785390	18834098	12	25932739	25945900	placeholder
4	50101450	50119220	5	55252028	55275116	placeholder
1	261808084	261838754	1	87291443	87315753	placeholder
3	35338549	35453699	3	182595304	182685443	placeholder
1	160200686	160250943	1	197362927	197421693	placeholder
7	20672581	20696256	8	31963461	31993667	placeholder
3	165372891	165386262	3	43367267	43377900	placeholder
3	37981339	37983327	3	179626802	179628781	placeholder
5	86655407	86718129	7	17584865	17616353	placeholder
16	8141946	8173148	16	7300140	7316675	placeholder
13	7930077	7955605	12	14224460	14251638	placeholder
2	198524957	198542509	2	86426586	86445635	placeholder
7	29412199	29413702	8	22977361	22978864	placeholder
2	152215152	152233525	2	138497171	138513168	placeholder
3	169378216	169380777	3	38897248	38899819	placeholder
3	33969893	33989036	3	184231280	184246882	placeholder
14	2463496	2483302	15	17210259	17238430	placeholder
1	101790939	101869848	1	262578218	262662319	placeholder
15	12147592	12154359	14	5103625	5110774	placeholder
2	104625702	104655579	2	192373910	192420691	placeholder
2	154332734	154401100	2	135931484	135992709	placeholder
5	56026694	56040771	6	4637589	4657120	placeholder
1	116634708	116641299	1	245704229	245711558	placeholder
17	9770233	9790928	18	6261734	6291218	placeholder
1	319580289	319617211	1	23865898	23891108	placeholder
17	10714757	10724867	18	4960121	4979778	placeholder
8	26375659	26409279	4	31465835	31497790	placeholder
4	58738276	58834185	5	70647171	70947828	placeholder
19	204192	207331	19	9838683	9842911	placeholder
19	3197703	3204087	19	5300002	5308951	placeholder
15	11428066	11443359	14	5907711	5925942	placeholder
5	50258174	50269291	6	10488499	10500141	placeholder
15	16664767	16670180	14	483504	488657	placeholder
2	143096696	143125858	2	148269842	148301268	placeholder
17	1102644	1121279	18	10368676	10426206	placeholder
1	90060946	90069435	1	275456832	275464989	placeholder
2	132837282	132851091	2	152792834	152803626	placeholder
8	64549386	64562309	4	74042381	74053212	placeholder
16	13060170	13066601	16	273849	280111	placeholder
8	53344889	53366608	4	57079659	57111332	placeholder
1	200747053	200748538	1	154723650	154725137	placeholder
4	13868545	13899774	5	14043430	14084691	placeholder
8	58633111	58639351	4	76045997	76051942	placeholder
2	101870383	101887631	2	195390977	195408405	placeholder
6	70702522	70714580	4	112798852	112809616	placeholder
3	79390398	79401857	3	133347240	133362592	placeholder
6	96369695	96390159	4	92682828	92710485	placeholder
5	13974214	13993676	6	49482802	49504424	placeholder
1	269976209	269998441	1	77980487	78005555	placeholder
5	119015218	119049120	7	50065574	50099546	placeholder
4	89644671	89667076	5	98505153	98531398	placeholder
8	74953910	74968567	4	61946144	61958940	placeholder
13	2113558	2119442	12	4460582	4474166	placeholder
7	91420665	91422144	10	8549974	8551453	placeholder
14	3764003	3800173	15	15524910	15563865	placeholder
1	34398002	34526957	1	336260653	336372155	placeholder
4	49998157	50002961	5	55005301	55053960	placeholder
1	100792276	100817853	1	263717529	263746820	placeholder
13	8662509	8680142	12	15194929	15210458	placeholder
3	79778114	79883812	3	132911277	133019381	placeholder
3	195446949	195507308	3	9293206	9347932	placeholder
7	18011785	18047139	8	34754956	34793409	placeholder
2	153813558	153860003	2	136500186	136555997	placeholder
1	48821548	48843822	1	320441544	320462383	placeholder
3	46350278	46374336	3	170460694	170478239	placeholder
2	92150619	92167421	2	206447475	206474740	placeholder
12	9055709	9068512	13	12895338	12918377	placeholder
15	13771713	13777324	14	3482583	3486950	placeholder
1	248560000	248561482	1	101535772	101537247	placeholder
16	7991379	7996006	16	7556887	7562670	placeholder
5	17103502	17178725	6	45805026	45869114	placeholder
2	53437341	53460752	2	248474598	248495661	placeholder
1	62318377	62334374	1	305775491	305805862	placeholder
1	246483574	246505820	1	103932007	103953387	placeholder
6	38391499	38418904	4	146834993	146887259	placeholder
6	70902649	70919282	4	112568128	112584060	placeholder
14	430052	433425	15	19575355	19578256	placeholder
2	155013575	155029526	2	135185388	135199298	placeholder
13	12522593	12539146	12	19535858	19556882	placeholder
2	241505881	241534330	2	38232235	38259952	placeholder
2	209758424	209768887	2	74280663	74291535	placeholder
15	7778235	7783188	14	9982489	9986311	placeholder
5	121153354	121236202	7	52202552	52284686	placeholder
5	24058736	24088573	6	38177863	38204900	placeholder
3	170644533	170650537	3	37587963	37593556	placeholder
7	16278205	16294815	8	36762204	36774685	placeholder
1	71228506	71239249	1	296308585	296320278	placeholder
1	204805478	204806939	1	150262316	150263777	placeholder
1	126438286	126446742	1	234902234	234912884	placeholder
1	316938971	316945958	1	26793641	26800536	placeholder
2	141418412	141431114	2	150069460	150082976	placeholder
3	28840255	28846237	3	189787956	189794547	placeholder
15	82106	93232	14	20737114	20750499	placeholder
8	39114042	39131753	4	44365666	44379849	placeholder
4	49144334	49224645	5	53738096	53917514	placeholder
8	70047896	70069531	4	67855724	67867874	placeholder
7	39547895	39560614	8	12309651	12321964	placeholder
7	75870213	75901269	10	19205902	19223580	placeholder
2	207490900	207521822	2	76741091	76771249	placeholder
1	250661891	250670886	1	99352720	99366478	placeholder
7	51171047	51218942	8	1213129	1231768	placeholder
4	23327525	23331595	5	24385758	24392987	placeholder
4	91890939	91898909	5	101141149	101149539	placeholder
4	86095253	86125494	5	91170436	91209581	placeholder
3	95528443	95553065	3	117981505	118008271	placeholder
8	75194258	75203441	4	61666189	61680756	placeholder
10	884452	892627	11	1609545	1622284	placeholder
1	123229624	123264358	1	238258593	238300347	placeholder
7	56209690	56279515	8	3713060	3775012	placeholder
2	152242801	152263541	2	138468419	138488522	placeholder
3	147052100	147058576	3	63477669	63486902	placeholder
7	19872263	19897661	8	32860810	32888878	placeholder
7	91461931	91463326	10	8627126	8628575	placeholder
19	2262229	2268611	19	4099721	4144229	placeholder
2	219864289	219898652	2	63179438	63264223	placeholder
1	339949426	340019966	1	1010806	1014871	placeholder
13	931879	940999	12	1663076	1686936	placeholder
3	47290376	47311370	3	169587561	169616371	placeholder
7	30343317	30362941	8	22048105	22066473	placeholder
8	68554402	68587821	4	69111579	69148046	placeholder
14	4628631	4650364	15	14411343	14443987	placeholder
6	35016646	35043471	4	150548856	150568447	placeholder
14	16444792	16456610	15	395427	405953	placeholder
2	140872681	140878862	2	150634256	150645864	placeholder
1	317072497	317080805	1	26649345	26658048	placeholder
5	51837826	51870465	6	8898912	8927766	placeholder
1	4465066	4500055	1	368601604	368636794	placeholder
1	288519760	288548290	1	57051530	57088668	placeholder
8	35769226	35780746	4	41159267	41179093	placeholder
1	199086110	199108625	1	156403917	156430731	placeholder
1	158016596	158020998	1	200051084	200056620	placeholder
13	17561407	17583482	12	24817047	24843952	placeholder
11	22607990	22617887	9	31602096	31612773	placeholder
1	288323475	288341639	1	57320880	57330654	placeholder
1	166878980	166907957	1	189257855	189315256	placeholder
3	83326608	83365746	3	129368070	129401091	placeholder
1	99000343	99015298	1	265752723	265765795	placeholder
1	165944189	165958040	1	190526514	190537921	placeholder
1	130681895	130701394	1	230172680	230194134	placeholder
6	12804291	12809908	4	175834487	175839950	placeholder
4	86379812	86410957	5	90916522	90954305	placeholder
1	146488572	146542087	1	212821531	212875949	placeholder
1	222787557	222807764	1	130108499	130132631	placeholder
2	80285002	80298885	2	218447896	218462714	placeholder
1	279215099	279216542	1	67523680	67525123	placeholder
1	128857256	128880227	1	231961971	231985557	placeholder
3	158268143	158297990	3	51263101	51283859	placeholder
1	34056739	34139945	1	336633098	336742026	placeholder
4	11668635	11722401	5	11379508	11421551	placeholder
1	92027338	92049214	1	273193672	273207132	placeholder
1	314054969	314077011	1	30003118	30031519	placeholder
4	101153350	101198429	5	111588246	111608899	placeholder
7	54664118	54722321	8	2741544	2781660	placeholder
11	14784045	14790670	9	22115703	22121934	placeholder
1	281160548	281190599	1	65234199	65261650	placeholder
5	53829786	53846782	6	6715449	6731178	placeholder
1	25727981	25749243	1	345929014	345955416	placeholder
3	92818128	92835876	3	119764068	119784938	placeholder
7	92429376	92434751	10	10943190	10948581	placeholder
3	162948368	162974272	3	45940193	45971353	placeholder
1	143273951	143297035	1	216424249	216446622	placeholder
2	225498217	225511122	2	56902894	56919014	placeholder
3	148922370	148926489	3	61515520	61520207	placeholder
5	122087517	122101529	7	53145061	53156652	placeholder
3	24297763	24299194	3	195110947	195112378	placeholder
1	277976349	277989462	1	69257415	69271192	placeholder
14	15259398	15263439	15	1452961	1457264	placeholder
4	34791836	34884657	4	143653856	143683039	placeholder
14	10182074	10201228	15	7436452	7461570	placeholder
8	57045461	57167268	4	77178093	77236921	placeholder
1	31309005	31310433	1	339789330	339790758	placeholder
7	16860795	16904845	8	36005178	36063312	placeholder
1	116591184	116603895	1	245748033	245758625	placeholder
2	89916718	89928763	2	208872940	208884216	placeholder
5	56062128	56074332	6	4601674	4622656	placeholder
3	38883837	38908035	3	178540972	178558287	placeholder
3	22379475	22389074	3	197250141	197261411	placeholder
1	73985391	74003859	1	293187046	293205883	placeholder
1	158385804	158428126	1	199601780	199634075	placeholder
16	12404908	12414828	16	966602	977260	placeholder
1	276761272	276789272	1	70497151	70527523	placeholder
1	329752108	329782063	1	11883663	11918099	placeholder
1	274442970	274477540	1	72994305	73024362	placeholder
1	104579710	104614076	1	259575589	259603140	placeholder
7	22727519	22746830	8	29761172	29779560	placeholder
1	336724500	336738845	1	4490679	4500417	placeholder
1	240057305	240070942	1	111329839	111342168	placeholder
12	863418	872220	13	24267348	24276720	placeholder
2	91855614	91863311	2	206778246	206795120	placeholder
15	4003058	4004905	14	15536699	15538428	placeholder
16	2315239	2326995	16	14522469	14537303	placeholder
16	9681340	9684266	16	4924351	4929181	placeholder
12	109736	126012	13	25014108	25028294	placeholder
2	182246818	182256696	2	104777448	104786654	placeholder
3	45533719	45544575	3	171296164	171306608	placeholder
10	16040089	16046236	11	17899167	17906266	placeholder
1	296577548	296606000	1	48172842	48193853	placeholder
1	43165127	43183991	1	326863918	326879644	placeholder
7	47967513	47992692	8	5174318	5197068	placeholder
3	192022617	192071736	3	13124126	13166037	placeholder
1	134436990	134535526	1	225880377	225996999	placeholder
3	193859570	193893189	3	11164796	11182658	placeholder
14	5219785	5230822	15	13663884	13672589	placeholder
1	315776560	315794427	1	28052203	28069703	placeholder
7	5976760	5994566	8	47763979	47782429	placeholder
1	228142749	228144168	1	124149709	124151128	placeholder
1	36012510	36022786	1	334680008	334696955	placeholder
16	12142675	12149408	16	1245981	1254041	placeholder
2	221230325	221245481	2	61689596	61702297	placeholder
15	4228535	4273866	14	15049845	15104686	placeholder
14	4780342	4793197	15	14257725	14271990	placeholder
1	307225049	307397669	1	36772278	36907804	placeholder
5	51872243	51884955	6	8886844	8896740	placeholder
17	8387489	8391113	18	7950833	7966455	placeholder
16	11847794	11855489	16	1615593	1622218	placeholder
2	18523751	18534374	2	288763293	288781155	placeholder
14	260286	273505	15	19728927	19741816	placeholder
1	177075470	177086152	1	178788808	178797038	placeholder
2	208827417	208828863	2	75395032	75396468	placeholder
17	8273988	8280760	18	7766403	7778136	placeholder
1	151905143	151924083	1	206921846	206938317	placeholder
1	339399770	339414610	1	1569495	1578681	placeholder
1	296873807	296911740	1	47832539	47865124	placeholder
3	117403172	117421978	3	96563190	96580607	placeholder
3	64597510	64603063	3	150032174	150038132	placeholder
5	13734949	13746614	6	49749355	49761425	placeholder
4	23989702	23994712	5	25175259	25180352	placeholder
16	12675188	12681579	16	686801	693340	placeholder
15	10426810	10454999	14	6913509	6945484	placeholder
12	9217744	9230450	13	12640203	12652588	placeholder
1	316938381	316942276	1	26797405	26801478	placeholder
1	227299803	227327717	1	125084808	125110814	placeholder
19	4775132	4786570	19	7591249	7603009	placeholder
7	10674606	10692704	8	42940849	42960925	placeholder
2	20978175	20993700	2	285874986	285892461	placeholder
7	81839808	81856598	10	13028146	13045719	placeholder
3	118464898	118529638	3	95297699	95368919	placeholder
14	15217405	15225300	15	1498613	1507414	placeholder
1	40887882	40903821	1	329429656	329453927	placeholder
4	26399239	26420242	5	27534176	27557576	placeholder
1	98837603	98853931	1	265942980	265961821	placeholder
7	39555303	39560602	8	12309663	12316333	placeholder
1	249669156	249696465	1	100369603	100426100	placeholder
7	8515810	8523367	8	45287532	45296223	placeholder
1	340480389	340492486	1	581447	593954	placeholder
1	329415245	329431728	1	12328103	12340955	placeholder
11	6995812	7020122	9	9727919	9756839	placeholder
2	154890802	154913522	2	135321120	135347015	placeholder
1	247695402	247713723	1	102519951	102521100	placeholder
1	130769559	130815481	1	230053767	230112039	placeholder
5	26300172	26316273	6	35814325	35827481	placeholder
1	104795261	104801774	1	259375797	259388530	placeholder
1	11982275	11996916	1	361086274	361097732	placeholder
6	72640400	72660749	4	110787139	110803054	placeholder
1	215370584	215416932	1	138235153	138266422	placeholder
11	280494	294247	9	897533	906941	placeholder
4	20289371	20307143	5	21143059	21162088	placeholder
2	191530232	191552573	2	94394500	94414791	placeholder
14	5048972	5053127	15	13921066	13926329	placeholder
3	141081237	141082635	3	70047572	70048977	placeholder
7	14437459	14459346	8	38748724	38767920	placeholder
7	19387077	19388481	8	33445775	33447179	placeholder
10	9042415	9051662	11	11322891	11334049	placeholder
1	22932854	22946179	1	349015154	349030319	placeholder
8	54368250	54457203	4	78957479	79040557	placeholder
1	9800662	9893116	1	363302919	363396902	placeholder
1	63972848	63984814	1	303974751	303984354	placeholder
7	93118961	93131152	10	12020662	12036945	placeholder
7	29432837	29435517	8	22954690	22957149	placeholder
6	59730069	59763982	4	124604262	124632496	placeholder
2	201998995	202012636	2	82811830	82814256	placeholder
3	156493667	156506003	3	53260219	53272612	placeholder
2	182417111	182418898	2	104494070	104573101	placeholder
2	234353709	234379702	2	46798935	46834658	placeholder
1	238331589	238384838	1	113104477	113164988	placeholder
1	177094100	177120898	1	178762854	178783056	placeholder
6	58136088	58141055	4	126315433	126341913	placeholder
2	192165835	192185321	2	93648274	93668129	placeholder
3	168581571	168627188	3	39694112	39735630	placeholder
2	152434464	152439475	2	138264707	138270598	placeholder
4	49662164	49676423	5	54450542	54474058	placeholder
3	163149100	163160118	3	45744378	45758287	placeholder
2	43743435	43758643	2	259579532	259592917	placeholder
5	121350800	121385071	7	52399676	52426268	placeholder
1	155562391	155592550	1	202967495	203002600	placeholder
3	137505455	137516626	3	74057144	74066043	placeholder
16	12361776	12363831	16	1021362	1023618	placeholder
1	129055588	129244680	1	231693047	231876627	placeholder
18	5106865	5115656	17	8895137	8948819	placeholder
5	45680854	45685540	6	15148207	15152383	placeholder
1	71689142	71712878	1	295782209	295819171	placeholder
2	232746978	232765992	2	48622996	48640327	placeholder
3	148612712	148653313	3	61836417	61878044	placeholder
6	83378691	83426934	4	102062014	102107976	placeholder
12	1416682	1457451	13	23527106	23583491	placeholder
3	147770883	147773951	3	62748289	62751840	placeholder
1	279132924	279137009	1	67687187	67691634	placeholder
13	637120	643363	12	1171195	1178402	placeholder
2	100839834	100849117	2	196522120	196530780	placeholder
17	7533284	7540956	18	956905	963430	placeholder
1	254691570	254702318	1	95109356	95117544	placeholder
4	42072117	42117486	5	45439547	45491496	placeholder
4	29466019	29496618	5	30850504	30881688	placeholder
2	198572373	198618203	2	86353255	86398259	placeholder
12	554121	559384	13	24581104	24586103	placeholder
8	21788047	21800365	4	26341597	26353273	placeholder
5	38765438	38773988	6	22312856	22320779	placeholder
5	23407434	23417099	6	38924447	38934203	placeholder
16	2280445	2307751	16	14544956	14577041	placeholder
2	209524640	209537027	2	74584272	74601745	placeholder
6	36950455	37147177	4	148126463	148362960	placeholder
15	3558357	3559743	14	16363922	16365290	placeholder
2	75926705	75937330	2	222991892	223004148	placeholder
5	45717110	45775592	6	15089809	15112806	placeholder
6	82508490	82512910	4	101194910	101199415	placeholder
7	56107083	56116951	8	3681388	3691045	placeholder
4	46682196	46685336	5	50724192	50727172	placeholder
7	28336550	28360487	8	24008197	24029546	placeholder
1	205008691	205014445	1	149959744	149965070	placeholder
8	43714267	43727322	4	49106563	49119602	placeholder
3	33887357	33894796	3	184319775	184325786	placeholder
1	274485762	274503268	1	72965751	72986550	placeholder
3	119357644	119367922	3	94498026	94506032	placeholder
7	79460689	79467306	10	15356195	15360173	placeholder
1	149916901	149937838	1	209080817	209115097	placeholder
1	252548783	252554279	1	97291584	97299317	placeholder
7	36686302	36689043	8	15257599	15260314	placeholder
11	12565062	12568140	9	19298062	19301123	placeholder
1	115386481	115396186	1	247003435	247014633	placeholder
1	265410784	265430625	1	83181858	83200961	placeholder
14	5056433	5065454	15	13906837	13917728	placeholder
1	160126051	160141155	1	197524564	197534042	placeholder
19	137502	142064	19	9931888	9937632	placeholder
13	8101585	8105910	12	14390149	14396493	placeholder
1	51403826	51419686	1	317718973	317730068	placeholder
3	97916337	97986300	3	116884857	116914251	placeholder
2	100505034	100513127	2	196856967	196871366	placeholder
3	10667846	10705254	3	211186983	211232274	placeholder
5	69078318	69101082	7	6960061	6976160	placeholder
2	217323437	217346454	2	66039243	66064545	placeholder
4	28173431	28204663	5	29453227	29482546	placeholder
2	217011707	217031415	2	66396103	66417013	placeholder
17	10053815	10060053	18	5555937	5564578	placeholder
13	922818	928380	12	1645149	1657711	placeholder
1	333238263	333254108	1	8041080	8069803	placeholder
1	286779910	286797195	1	59039474	59052205	placeholder
2	199791159	199792512	2	85100758	85102111	placeholder
1	257014175	257030637	1	92609891	92626868	placeholder
2	92107211	92135357	2	206486973	206530303	placeholder
17	10685720	10699961	18	5004396	5017684	placeholder
13	18762078	18767276	12	25908006	25914469	placeholder
2	32174526	32175900	2	272981850	272983200	placeholder
1	63208526	63211678	1	304803531	304806578	placeholder
3	119331469	119344139	3	94519168	94533457	placeholder
5	49303793	49324911	6	11582542	11594021	placeholder
1	153365541	153372226	1	205297398	205303381	placeholder
1	267479379	267484178	1	80701014	80706886	placeholder
6	41829826	41848225	4	143218561	143246837	placeholder
2	18851159	18866637	2	288368640	288388498	placeholder
2	189945508	189954748	2	96111660	96120086	placeholder
1	313087002	313127139	1	30989515	31031987	placeholder
2	31181684	31204423	2	274015998	274042310	placeholder
2	85934076	85939415	2	213233991	213239613	placeholder
17	7546469	7552839	18	969982	975612	placeholder
1	340299884	340301168	1	750811	752125	placeholder
1	66671459	66681791	1	301093246	301102846	placeholder
8	66727384	66734356	4	71090065	71095165	placeholder
2	155583189	155592900	2	134615333	134624810	placeholder
6	73064743	73078299	4	110127367	110148125	placeholder
3	178263835	178286449	3	28957248	28987927	placeholder
8	11380664	11397936	4	14369237	14383829	placeholder
1	179406121	179410032	1	176833868	176838294	placeholder
12	13986464	14011979	13	5292271	5322192	placeholder
15	16903214	16908629	14	280176	286324	placeholder
2	179204059	179205418	2	108141273	108142629	placeholder
3	191919393	191952940	3	13240699	13267604	placeholder
5	119478761	119490816	7	50525623	50538051	placeholder
1	339838642	339848053	1	1166747	1174964	placeholder
16	1103030	1125994	16	15787287	15820425	placeholder
7	62277820	62327924	10	30092439	30098759	placeholder
1	182591147	182631811	1	173929174	173975879	placeholder
1	306056789	306058307	1	38083150	38084536	placeholder
1	279237679	279245003	1	67490161	67497895	placeholder
2	195286493	195303048	2	89756908	89775328	placeholder
11	22557070	22561374	9	31556593	31561429	placeholder
3	13892063	13893596	3	207079697	207081230	placeholder
3	179562322	179564227	3	27595148	27597102	placeholder
10	16040101	16046146	11	17899182	17906182	placeholder
3	147256104	147349674	3	63156455	63249835	placeholder
3	22823132	22839040	3	196715834	196728408	placeholder
1	324697143	324719411	1	17959082	17977115	placeholder
7	33194899	33207002	8	19150899	19158638	placeholder
1	33264247	33265597	1	337634993	337636346	placeholder
15	8662272	8670464	14	8884365	8892222	placeholder
1	307032265	307069546	1	37051618	37088688	placeholder
8	69671732	69701655	4	69914732	69936074	placeholder
14	355113	360749	15	19643615	19649074	placeholder
11	14633471	14722868	9	21929314	22040666	placeholder
5	91451630	91472431	7	21513883	21540470	placeholder
1	214882090	214898479	1	138745827	138762301	placeholder
1	49734787	49767443	1	319353777	319396701	placeholder
1	301938466	301946931	1	42348146	42357869	placeholder
1	288042912	288065295	1	57611241	57648143	placeholder
12	2078750	2086640	13	22731472	22752058	placeholder
13	18711571	18713714	12	25865770	25868245	placeholder
3	47949566	47950907	3	168698894	168700235	placeholder
2	154774479	154783814	2	135456416	135468479	placeholder
14	13425821	13445546	15	3394654	3409930	placeholder
1	204860981	204875402	1	150183587	150194098	placeholder
17	4899551	4930306	18	2653990	2664520	placeholder
1	242392145	242404248	1	108655559	108667395	placeholder
5	92366842	92386334	7	22376743	22393058	placeholder
1	234239549	234260779	1	117514296	117535986	placeholder
7	51650676	51657543	8	1397210	1402231	placeholder
2	18225679	18227023	2	289130099	289131455	placeholder
2	157687514	157707292	2	132286184	132306769	placeholder
11	21192930	21198499	9	30329560	30335250	placeholder
12	8485544	8490159	13	13778948	13812181	placeholder
3	107640936	107663506	3	107403501	107425746	placeholder
7	34782150	34812213	8	17557048	17583027	placeholder
14	2325717	2333349	15	17398237	17406259	placeholder
2	30403033	30418059	2	274913306	274926356	placeholder
5	59916222	59921298	6	495684	502455	placeholder
3	25022713	25050816	3	194281734	194305902	placeholder
3	22676168	22693750	3	196866411	196882902	placeholder
3	20814150	20834324	3	199145871	199167101	placeholder
3	62981577	62990205	3	151819012	151827702	placeholder
7	81548859	81599609	10	13304761	13343668	placeholder
8	7771699	7773022	4	10267158	10268445	placeholder
1	279084830	279102631	1	67727282	67745212	placeholder
3	79475689	79482130	3	133268206	133276393	placeholder
4	94399984	94441500	5	104120953	104146788	placeholder
2	84796832	84807664	2	214209703	214227563	placeholder
1	321132898	321152962	1	22030831	22052564	placeholder
3	155807244	155819386	3	54097916	54109027	placeholder
3	169651136	169670556	3	38599732	38613151	placeholder
15	15293825	15300584	14	1859938	1861729	placeholder
7	61853651	61952432	10	29864207	29921454	placeholder
1	96044933	96087137	1	268877006	268913582	placeholder
1	331274424	331327920	1	10111790	10169929	placeholder
15	13749545	13753806	14	3504416	3508588	placeholder
1	302106912	302123749	1	42176787	42199523	placeholder
1	250284367	250291010	1	99791919	99798225	placeholder
3	24598524	24608375	3	194795399	194806947	placeholder
7	90888674	90898260	10	7901944	7913041	placeholder
4	68002454	68013256	5	83401450	83408370	placeholder
1	334708563	334731889	1	6527691	6585471	placeholder
18	9651194	9657416	17	15231993	15238568	placeholder
6	5829286	5854411	4	183319149	183340265	placeholder
16	593047	633361	16	16111978	16152433	placeholder
4	89700636	89715150	5	98577219	98607951	placeholder
18	2895946	2909228	17	544468	561901	placeholder
3	50688940	50699907	3	165705943	165717527	placeholder
2	199239972	199253986	2	85666885	85681416	placeholder
7	52601027	52706084	8	1678907	1728611	placeholder
7	79917786	79950209	10	14856345	14880905	placeholder
11	926241	934509	9	1103811	1114689	placeholder
8	76365399	76377728	4	60273906	60325777	placeholder
5	52873799	52884170	6	7778127	7788190	placeholder
7	22386944	22425577	8	30085627	30130102	placeholder
1	340231323	340253011	1	798869	817655	placeholder
1	104886450	104900072	1	259262382	259273661	placeholder
11	20120297	20129186	9	29075127	29087341	placeholder
6	61173520	61188801	4	122831940	122851608	placeholder
1	329592180	329593497	1	12138080	12139403	placeholder
3	159698446	159705021	3	49730754	49736833	placeholder
7	44768409	44775191	8	7691061	7696116	placeholder
4	84482886	84503738	5	92603445	92626982	placeholder
5	5718216	5737810	6	57671008	57687017	placeholder
3	34621155	34633004	3	183478951	183490958	placeholder
6	96318502	96339086	4	92748234	92768878	placeholder
5	119459066	119469851	7	50482723	50493988	placeholder
10	14571234	14590861	11	16447089	16469242	placeholder
7	52007836	52025496	8	1561544	1571023	placeholder
1	81079231	81088175	1	285319382	285329946	placeholder
4	25559300	25574093	5	26681197	26699315	placeholder
1	115932809	115950647	1	246487696	246500865	placeholder
2	16986560	17004801	2	290612310	290642121	placeholder
1	189312257	189334663	1	166949206	166993306	placeholder
3	153673231	153679158	3	56581285	56587741	placeholder
5	7907643	7925457	6	55514219	55527542	placeholder
1	72223582	72253414	1	295237151	295262994	placeholder
8	60415418	60423115	4	80030152	80040385	placeholder
2	53342598	53403569	2	248515197	248582231	placeholder
19	1668943	1678460	19	191572	267430	placeholder
1	194034524	194057501	1	161723594	161746740	placeholder
6	99056773	99069765	4	88268201	88280922	placeholder
3	51147321	51156160	3	165309948	165317956	placeholder
1	25225921	25227223	1	346476219	346477530	placeholder
12	9474063	9487593	13	12262529	12321622	placeholder
10	1613620	1620538	11	227126	237759	placeholder
16	8843129	8860957	16	6021699	6048478	placeholder
6	3883645	3890997	4	185334345	185341856	placeholder
1	29783630	29786388	1	341440854	341443841	placeholder
2	21757251	21761319	2	284992821	284997804	placeholder
4	30525475	30538311	5	32144547	32156693	placeholder
3	172676473	172694550	3	35286551	35307890	placeholder
5	10024765	10026067	6	53574532	53575834	placeholder
5	30869545	30879903	6	31220781	31231884	placeholder
7	31425718	31431328	8	20958270	20964303	placeholder
6	3136029	3147946	4	186115691	186132933	placeholder
4	60710220	60775760	5	74457114	74565548	placeholder
5	30922694	30954058	6	31131624	31178959	placeholder
2	199598946	199607209	2	85301557	85310807	placeholder
5	64991784	65007484	7	3505042	3529482	placeholder
13	12807006	12825640	12	19873565	19885992	placeholder
2	234014009	234208683	2	46996340	47174179	placeholder
1	286810628	286819209	1	59014251	59022088	placeholder
7	81445999	81491370	10	13415199	13457292	placeholder
10	139758	149429	11	597168	605061	placeholder
19	3074461	3088427	19	5462771	5480384	placeholder
5	32405916	32407101	6	29624120	29625293	placeholder
5	64677228	64699089	7	3128022	3166986	placeholder
3	159663227	159686645	3	49748803	49776191	placeholder
2	103871544	103901182	2	193276239	193305688	placeholder
5	120621595	120629324	7	51714962	51723445	placeholder
1	116089222	116128026	1	246318976	246354858	placeholder
15	8921977	8965697	14	8537422	8584869	placeholder
7	2424844	2440025	8	51001083	51014370	placeholder
15	16237900	16239169	14	872753	874032	placeholder
8	64511389	64518468	4	74085232	74111589	placeholder
2	241551515	241560027	2	38212638	38220221	placeholder
4	75324109	75354273	5	87477373	87496700	placeholder
1	33629882	33635234	1	337302004	337306581	placeholder
1	283303008	283321709	1	62836277	62847926	placeholder
14	3195325	3205256	15	16270858	16279472	placeholder
17	1567989	1575446	18	10217308	10228455	placeholder
16	8119868	8129326	16	7361207	7372026	placeholder
1	61019845	61028222	1	307223805	307229005	placeholder
5	14055038	14064582	6	49372052	49425689	placeholder
1	99821454	99893729	1	264764041	264866064	placeholder
4	40636274	40639900	5	43946712	43950386	placeholder
1	340043920	340049550	1	981769	987014	placeholder
8	60353387	60372745	4	79974115	79985983	placeholder
5	30800905	30810066	6	31315150	31327230	placeholder
14	12652368	12664806	15	4251874	4262473	placeholder
7	92926791	92940356	10	11707594	11737824	placeholder
2	222496841	222513723	2	60294012	60306559	placeholder
14	6529227	6536075	15	12067595	12077754	placeholder
16	12469165	12472783	16	903034	906357	placeholder
7	65802764	65853735	10	26893742	26933735	placeholder
4	24896917	24925388	5	26064048	26089367	placeholder
2	93505418	93521026	2	204904842	204923334	placeholder
5	13370059	13400044	6	50085384	50117769	placeholder
3	79758955	79766291	3	133028046	133037864	placeholder
3	170510964	170525970	3	37715518	37729384	placeholder
6	38339249	38343614	4	146914675	146940619	placeholder
1	74029708	74054316	1	293129650	293164595	placeholder
6	95169298	95243722	4	94093132	94176444	placeholder
4	31912210	31958622	5	33811809	33851211	placeholder
5	21083681	21157733	6	41500874	41564734	placeholder
19	2559848	2564479	19	4782043	4787427	placeholder
10	844367	850185	11	1549141	1558244	placeholder
13	16468162	16478169	12	23707899	23721702	placeholder
1	51437650	51453643	1	317681540	317699788	placeholder
13	18356319	18358701	12	25543702	25546059	placeholder
12	9007553	9018802	13	12981378	13002656	placeholder
3	140994058	140999287	3	70141684	70147467	placeholder
8	44192194	44218561	4	49519484	49544779	placeholder
5	57419697	57446781	6	3025878	3051521	placeholder
7	27166553	27167807	8	25231220	25232465	placeholder
1	36087514	36102059	1	334596470	334613585	placeholder
4	4110673	4118271	5	3239047	3245775	placeholder
3	134623379	134647147	3	77214582	77234984	placeholder
11	22804769	22813342	9	31782918	31790672	placeholder
2	64231923	64233198	2	236531340	236532615	placeholder
1	181310451	181343278	1	175015999	175040917	placeholder
15	838530	840777	14	21990475	21992750	placeholder
17	8537390	8538614	18	8177299	8178529	placeholder
1	280988810	281066195	1	65356846	65416925	placeholder
4	51238706	51254593	5	57220180	57246672	placeholder
4	63637609	63638848	5	78873063	78874302	placeholder
1	195278638	195291210	1	160264982	160276747	placeholder
16	10801898	10803672	16	3199114	3201073	placeholder
15	654434	662283	14	21596916	21608586	placeholder
1	166685588	166708183	1	189523128	189559865	placeholder
6	38119812	38133864	4	147167599	147185764	placeholder
12	1158867	1166855	13	23906493	23915773	placeholder
10	5017380	5024915	11	6928276	6934887	placeholder
11	18913833	18925817	9	27635224	27649419	placeholder
2	47455806	47473002	2	255130455	255145310	placeholder
12	9200484	9215104	13	12655028	12671910	placeholder
2	159770554	159842150	2	129753823	129834294	placeholder
1	51455735	51467344	1	317668639	317679466	placeholder
7	28694916	28696194	8	23666548	23667826	placeholder
15	9387493	9393947	14	8072807	8079583	placeholder
2	215613580	215620026	2	68008139	68015073	placeholder
1	106517467	106549278	1	257585039	257620495	placeholder
17	10298452	10301733	18	5881386	5888969	placeholder
4	62510600	62522352	5	77374178	77388788	placeholder
19	3105684	3116569	19	5429000	5442082	placeholder
7	14677630	14687138	8	38520998	38532217	placeholder
13	11159674	11170615	12	18101165	18114107	placeholder
6	47282144	47293590	4	137653177	137669926	placeholder
10	10332413	10344985	11	13005384	13017265	placeholder
13	3362049	3368876	12	7048334	7066961	placeholder
6	42405476	42417171	4	142595451	142606820	placeholder
5	44519636	44540146	6	16405549	16429162	placeholder
8	70105921	70131894	4	67793087	67819774	placeholder
6	42882611	42896667	4	142114450	142124168	placeholder
6	24338207	24355795	4	162609138	162623647	placeholder
4	22873092	23004751	5	23997190	24118700	placeholder
3	160251067	160256505	3	49263048	49269102	placeholder
6	41821492	41822731	4	143253646	143254882	placeholder
3	110940929	110942192	3	103923356	103924622	placeholder
3	194617436	194657443	3	10256631	10288972	placeholder
10	3231306	3259372	11	4663380	4701484	placeholder
5	91952454	91971115	7	21993447	22005896	placeholder
2	209546491	209560287	2	74560363	74575152	placeholder
13	645993	651656	12	1181451	1193132	placeholder
7	80021645	80036740	10	14773462	14794286	placeholder
2	191512196	191520908	2	94421159	94429258	placeholder
8	27950969	27982180	4	33045340	33073553	placeholder
7	8872015	8874436	8	44910523	44913189	placeholder
11	12552542	12555670	9	19280771	19283939	placeholder
1	185173902	185194586	1	171455503	171476334	placeholder
3	16184797	16193661	3	204249152	204260136	placeholder
12	664848	668627	13	24479352	24482939	placeholder
13	1828917	1859387	12	3837628	3850365	placeholder
1	63404924	63415450	1	304600197	304611732	placeholder
11	21362443	21367736	9	30515757	30524084	placeholder
11	20274638	20281337	9	29256396	29264994	placeholder
3	172848198	172849889	3	35099676	35101386	placeholder
1	232359832	232361086	1	119470475	119471729	placeholder
19	7306176	7316693	19	776868	791001	placeholder
8	78840183	78846594	4	78856526	78866634	placeholder
2	243612639	243629516	2	36027784	36049495	placeholder
5	122752270	122755460	7	53802103	53805640	placeholder
1	116646586	116655867	1	245695578	245702583	placeholder
4	4128805	4141761	5	3256513	3271898	placeholder
2	159526696	159561244	2	130060667	130152800	placeholder
1	251162305	251199329	1	98737102	98776172	placeholder
3	34788980	34798456	3	183328039	183336122	placeholder
1	117132222	117145892	1	245176405	245193820	placeholder
3	125114560	125132482	3	87907893	87923479	placeholder
7	27236416	27253535	8	25143361	25169301	placeholder
5	27016061	27030575	6	35105800	35120118	placeholder
13	17050601	17098710	12	24315438	24355633	placeholder
15	7110245	7123064	14	10774109	10799305	placeholder
3	65793206	65817379	3	148621431	148649826	placeholder
12	9253953	9291131	13	12574034	12587800	placeholder
1	104196069	104219802	1	259973128	259998989	placeholder
3	145768783	145781091	3	64930415	64941384	placeholder
2	55263839	55292514	2	246433612	246464877	placeholder
14	2377473	2378727	15	17343391	17344639	placeholder
2	225644397	225648425	2	56756844	56760810	placeholder
4	4659586	4660846	5	3793321	3794578	placeholder
7	85526691	85536785	10	2755938	2762222	placeholder
17	8228748	8233813	18	7679735	7687667	placeholder
3	141627877	141636550	3	69474353	69483884	placeholder
1	152579539	152627768	1	206102817	206154120	placeholder
19	5275867	5278780	19	8095147	8098456	placeholder
1	254556653	254566410	1	95249870	95258961	placeholder
2	197259444	197271027	2	87693486	87706815	placeholder
6	98696126	98708310	4	88952569	88975949	placeholder
6	18392184	18405832	4	169320592	169335899	placeholder
7	20642117	20653076	8	32014252	32026544	placeholder
1	38767805	38790192	1	331625058	331647120	placeholder
4	93141032	93175523	5	102503207	102539020	placeholder
1	335050408	335066890	1	6205067	6221899	placeholder
15	12081624	12097815	14	5160149	5174632	placeholder
5	88278427	88299753	7	18674128	18689866	placeholder
1	150352278	150384868	1	208593357	208615281	placeholder
1	119094903	119136102	1	242911328	242943681	placeholder
5	10438610	10469460	6	53118564	53136261	placeholder
5	32715205	32751510	6	29241948	29288762	placeholder
2	204370296	204391429	2	80243930	80265162	placeholder
3	25062277	25069164	3	194266595	194273393	placeholder
1	50482327	50504036	1	318630590	318645724	placeholder
1	2606632	2635830	1	87788166	87861819	placeholder
15	16980886	16988119	14	204663	210977	placeholder
3	147859923	147872119	3	62646382	62657831	placeholder
4	44943075	45092049	5	48803849	49127807	placeholder
1	1909854	1940693	1	371815404	371855754	placeholder
2	149900275	149904739	2	140866983	140872926	placeholder
10	5301126	5316982	11	7217621	7230126	placeholder
11	3055001	3077368	9	4199225	4226996	placeholder
2	154574260	154595519	2	135688735	135706648	placeholder
2	40569154	40584452	2	263149564	263167261	placeholder
5	110420843	110434971	7	41265855	41284771	placeholder
4	7824002	7841224	5	6917854	6940088	placeholder
1	302251649	302274691	1	42020119	42037179	placeholder
1	289257526	289274939	1	56312377	56322710	placeholder
2	133171209	133190918	2	153125408	153144438	placeholder
6	10636752	10645618	4	178607240	178613097	placeholder
13	2305286	2306531	12	4994869	4996153	placeholder
6	36724562	36744851	4	148615102	148634481	placeholder
18	9592318	9594662	17	15163581	15165636	placeholder
2	157655419	157669865	2	132336253	132348040	placeholder
15	6760763	6776292	14	11233750	11249912	placeholder
5	88672206	88684822	7	18970785	18978631	placeholder
4	87588588	87592201	5	96277934	96279155	placeholder
4	41991657	42005476	5	45348178	45368572	placeholder
6	60120205	60130619	4	124143915	124153114	placeholder
5	55301516	55323112	6	5316331	5330716	placeholder
5	91395276	91405649	7	21459423	21468408	placeholder
17	8234614	8249651	18	7688739	7694464	placeholder
3	153958094	153979193	3	56252351	56270754	placeholder
2	143169237	143194226	2	148195435	148229170	placeholder
7	2539795	2556962	8	50886385	50908874	placeholder
3	55568939	55586899	3	160000726	160020411	placeholder
1	99729872	99752471	1	264942009	264960815	placeholder
11	14481119	14507320	9	21752351	21784043	placeholder
1	283287055	283296985	1	62855437	62866435	placeholder
8	27908440	27916250	4	32966894	33008654	placeholder
11	1149395	1152428	9	1428064	1431413	placeholder
11	8283986	8286080	9	11739573	11741649	placeholder
6	74749577	74766045	4	108868964	108883907	placeholder
1	269824774	269836833	1	78139559	78150871	placeholder
1	226486080	226487319	1	126035569	126036811	placeholder
14	5240166	5244118	15	13647650	13652846	placeholder
3	29977109	30007468	3	188553545	188587983	placeholder
13	7785189	7797590	12	14017608	14046377	placeholder
5	30246305	30250433	6	31874322	31879394	placeholder
3	10347067	10372912	3	211556100	211581352	placeholder
6	44940788	44946270	4	139999245	140005398	placeholder
1	289720032	289804798	1	55766985	55851892	placeholder
2	230185698	230210865	2	51621965	51647471	placeholder
5	93956284	93991435	7	23802742	23831500	placeholder
7	28216147	28218982	8	24143089	24146565	placeholder
5	30206004	30216562	6	31911661	31925226	placeholder
8	38038564	38054209	4	43306874	43319431	placeholder
11	1853057	1863028	9	2472718	2475681	placeholder
12	8393503	8402068	13	13923223	13933567	placeholder
2	103625697	103670889	2	193507536	193569381	placeholder
1	29211370	29212522	1	342081845	342082994	placeholder
3	59078219	59138377	3	156113858	156196884	placeholder
8	830064	834994	4	8323359	8329343	placeholder
1	106652072	106688546	1	257458334	257488021	placeholder
17	2225653	2231714	18	9714590	9718608	placeholder
1	328494019	328528184	1	13350167	13378078	placeholder
1	268304749	268308602	1	79831043	79836891	placeholder
3	157850582	157873982	3	51722761	51747852	placeholder
4	91315492	91335893	5	100489403	100512884	placeholder
3	67646737	67664262	3	146720125	146734090	placeholder
4	81391032	81401533	5	94966868	94975462	placeholder
3	3783724	3784951	3	218988013	218989240	placeholder
2	132881813	132955703	2	152832279	152910575	placeholder
2	144170999	144172262	2	146912079	146913348	placeholder
2	138015879	138024571	2	159121535	159129291	placeholder
3	21456200	21462824	3	198315375	198323521	placeholder
14	7512030	7520866	15	10823546	10830845	placeholder
3	131412743	131505074	3	80657479	80757177	placeholder
1	267612655	267645963	1	80529190	80570240	placeholder
3	59682219	59703050	3	155542544	155554678	placeholder
2	10966939	10982575	2	308264444	308279878	placeholder
4	59421577	59437157	5	72249086	72292060	placeholder
1	22959732	22971485	1	348991982	349008774	placeholder
3	157879892	157889329	3	51693396	51701013	placeholder
2	86876523	86885410	2	212272139	212273316	placeholder
13	10198576	10208345	12	16937741	16951344	placeholder
1	258626692	258631281	1	90756362	90760164	placeholder
7	10563162	10598296	8	43031949	43059240	placeholder
2	12362763	12363987	2	296535482	296536706	placeholder
15	14100081	14120664	14	3181770	3204683	placeholder
3	192083165	192098891	3	13083524	13109070	placeholder
2	132856276	132872347	2	152808505	152820667	placeholder
4	30319595	30343163	5	31821910	31843401	placeholder
6	56264290	56276862	4	128078729	128089105	placeholder
11	11518647	11574664	9	18033832	18088597	placeholder
6	71090532	71108085	4	112346792	112362668	placeholder
7	36050627	36070542	8	15886015	15908317	placeholder
3	50661089	50680215	3	165725986	165738690	placeholder
1	237996840	238041316	1	113445525	113492958	placeholder
2	204257682	204258900	2	80376935	80378153	placeholder
5	64720762	64753816	7	3195796	3245064	placeholder
1	103156396	103253365	1	261129186	261230504	placeholder
1	170421444	170439833	1	184426595	184449396	placeholder
1	125436893	125441485	1	235958209	235962883	placeholder
10	6881559	6904308	11	8973861	8996056	placeholder
1	22975793	22986434	1	348970719	348984142	placeholder
6	38203204	38223406	4	147077486	147092365	placeholder
15	10286432	10298323	14	7103445	7116885	placeholder
3	123363747	123368958	3	89822527	89829198	placeholder
3	172527237	172551776	3	35453508	35486009	placeholder
5	3899937	3905349	6	59137692	59141579	placeholder
5	38787822	38807597	6	22290240	22301943	placeholder
10	7435711	7457041	11	9622117	9647875	placeholder
14	5812431	5823534	15	12274544	12286532	placeholder
17	10704232	10708069	18	4988858	4993970	placeholder
2	66727476	66741783	2	233748609	233763881	placeholder
2	226648401	226656239	2	55594719	55601279	placeholder
1	63319538	63352542	1	304660511	304684690	placeholder
4	83092716	83151716	5	93572574	93601292	placeholder
1	221779863	221786211	1	131166309	131173535	placeholder
5	9662719	9682365	6	53952423	53970955	placeholder
6	26517838	26543915	4	160055780	160069311	placeholder
8	23620235	23633652	4	28389981	28412150	placeholder
2	220102069	220116009	2	62956197	62968275	placeholder
7	5906446	5925026	8	47851618	47868459	placeholder
8	69802819	69814737	4	70044290	70054194	placeholder
17	7856370	7862510	18	7162658	7191537	placeholder
1	125841861	125864379	1	235507918	235527128	placeholder
1	24716510	24720377	1	347021717	347025588	placeholder
1	317311379	317328295	1	26333689	26349769	placeholder
1	75299111	75366983	1	291525233	291598553	placeholder
3	191822989	191848784	3	13318623	13351606	placeholder
3	131865605	132052863	3	80248034	80437037	placeholder
12	13291994	13307363	13	6072927	6089142	placeholder
5	40233227	40240127	6	20945064	20952858	placeholder
8	41017459	41035100	4	46367420	46387458	placeholder
7	27924663	27931778	8	24468631	24475805	placeholder
1	51815404	51823093	1	317259303	317260469	placeholder
13	2310292	2323971	12	5002702	5039577	placeholder
3	186968090	186988603	3	19097341	19121936	placeholder
2	133863967	133880865	2	153816041	153833592	placeholder
7	62013897	62071171	10	29930834	29949656	placeholder
2	53463921	53477784	2	248458479	248467725	placeholder
12	1719166	1724436	13	23222651	23229679	placeholder
7	34250667	34258550	8	18137108	18147152	placeholder
2	205434691	205454672	2	79014173	79037299	placeholder
2	220364814	220376685	2	62687727	62696309	placeholder
1	98105879	98107076	1	266732446	266733574	placeholder
19	2764352	2777310	19	5088243	5102642	placeholder
3	192657984	192696657	3	12505067	12542077	placeholder
4	98105702	98110883	5	108201467	108206681	placeholder
18	6964344	6971761	17	11870480	11881333	placeholder
7	15887952	15898967	8	37208681	37223870	placeholder
5	40605165	40606401	6	20578528	20579764	placeholder
6	24373758	24428937	4	162531080	162546534	placeholder
15	8437390	8445816	14	9137723	9147073	placeholder
3	25494836	25505825	3	193776936	193786096	placeholder
7	22788841	22799924	8	29708693	29719312	placeholder
1	23138575	23148333	1	348800816	348822793	placeholder
3	141601879	141609345	3	69500591	69505614	placeholder
1	28558267	28570635	1	342762025	342799040	placeholder
15	72934	76711	14	20713195	20732019	placeholder
11	6391468	6403950	9	8940750	8952367	placeholder
5	21684206	21700253	6	40829061	40848638	placeholder
4	89674840	89681798	5	98538491	98545652	placeholder
4	9182305	9205235	5	8431732	8457322	placeholder
1	149153918	149164749	1	209925589	209938867	placeholder
3	50430330	50440201	3	165981006	165991530	placeholder
1	36594640	36616942	1	334100509	334116779	placeholder
3	196644077	196651289	3	7910109	7917156	placeholder
1	180163269	180298778	1	176151819	176274419	placeholder
1	64803830	64808885	1	303057887	303060270	placeholder
5	30895653	30905607	6	31198104	31203704	placeholder
12	3718154	3752530	13	20536874	20581268	placeholder
2	95526034	95531982	2	202376700	202383195	placeholder
6	99133884	99137080	4	88071444	88088941	placeholder
3	91154270	91186375	3	120915721	120950034	placeholder
1	71252897	71263347	1	296285995	296296591	placeholder
10	6209821	6235907	11	8236494	8263288	placeholder
7	23867628	23868813	8	28612013	28613191	placeholder
1	91661668	91670901	1	273596249	273603965	placeholder
1	183538644	183539835	1	173075315	173076506	placeholder
7	74766391	74794005	10	20534194	20564397	placeholder
1	53783106	53798166	1	315225675	315239636	placeholder
12	1709853	1713533	13	23237592	23242673	placeholder
3	120468352	120474931	3	93252041	93261778	placeholder
6	32752955	32762355	4	152855966	152866968	placeholder
3	160223923	160236143	3	49281112	49293410	placeholder
1	239678521	239700943	1	111692571	111715753	placeholder
2	232666880	232677071	2	48712049	48723380	placeholder
1	187292300	187297588	1	169189954	169195893	placeholder
1	261571279	261587414	1	87384727	87400207	placeholder
2	242211705	242212905	2	37475446	37476640	placeholder
1	195677912	195688281	1	159915645	159925612	placeholder
2	15864376	15879642	2	292005312	292029327	placeholder
7	90732658	90745520	10	7711588	7718265	placeholder
1	98707768	98787775	1	266006874	266091030	placeholder
16	2712067	2717779	16	14025739	14031252	placeholder
1	15465783	15476743	1	357198948	357211084	placeholder
15	16909575	16912469	14	275827	279240	placeholder
2	33838007	33853347	2	271004884	271016964	placeholder
1	89907928	89920163	1	275629962	275642099	placeholder
8	41280316	41298346	4	46639241	46656191	placeholder
3	123513730	123531410	3	89672926	89691383	placeholder
3	44345405	44372364	3	172575361	172601723	placeholder
1	80235279	80274545	1	286214254	286258974	placeholder
1	11718483	11721735	1	361377548	361380989	placeholder
11	22367739	22371912	9	31394171	31398469	placeholder
2	160156607	160207305	2	129369608	129423679	placeholder
2	176008935	176014335	2	111759350	111765061	placeholder
1	73577823	73579080	1	293735408	293736665	placeholder
6	91204917	91230952	4	85145180	85165884	placeholder
1	60969078	60994265	1	307252381	307277868	placeholder
4	93096521	93105268	5	102438893	102445160	placeholder
3	166029432	166036132	3	42538250	42545036	placeholder
6	23568731	23581035	4	163479578	163494504	placeholder
7	44339136	44358504	8	8090664	8119887	placeholder
3	168681485	168723227	3	39590731	39637617	placeholder
13	11186733	11195663	12	18133172	18144799	placeholder
5	73591831	73626800	7	9307521	9328465	placeholder
1	71276755	71286040	1	296266468	296272705	placeholder
5	100522658	100532458	7	30536161	30546155	placeholder
1	18210023	18213356	1	354232884	354236271	placeholder
6	42318128	42328987	4	142691823	142702434	placeholder
1	25470473	25484355	1	346209120	346222681	placeholder
7	6286342	6310070	8	47396731	47418021	placeholder
13	14896628	14900924	12	22017761	22019949	placeholder
15	16385513	16398937	14	722724	733383	placeholder
2	157477900	157486181	2	132521702	132535539	placeholder
7	70586025	70599230	10	24893140	24904801	placeholder
4	85023886	85037971	5	92197890	92212373	placeholder
5	40305840	40329675	6	20846709	20867842	placeholder
3	59630106	59638361	3	155598879	155606060	placeholder
2	101916169	101917330	2	195367307	195368468	placeholder
6	57370131	57371175	4	127108094	127109196	placeholder
5	18956322	18979727	6	43700279	43721013	placeholder
5	92366833	92384571	7	22376734	22390799	placeholder
12	1782532	1787233	13	23135735	23141469	placeholder
3	115245821	115256669	3	99175477	99183845	placeholder
3	103333442	103347764	3	112164142	112171838	placeholder
12	18621840	18642996	13	1066624	1083627	placeholder
7	36182614	36193136	8	15751622	15761648	placeholder
8	20459426	20473259	4	24859720	24877295	placeholder
6	24207905	24214295	4	162760855	162767090	placeholder
17	7006855	7019271	18	392425	398402	placeholder
3	134675615	134692210	3	77170112	77189118	placeholder
1	49920614	49936197	1	319180118	319193706	placeholder
1	315587663	315591288	1	28258913	28263578	placeholder
1	333311025	333336275	1	7980237	8004430	placeholder
19	4848851	4892058	19	7669546	7719150	placeholder
1	253849257	253864682	1	95877102	95892736	placeholder
10	116220	129839	11	568848	586655	placeholder
1	324671831	324687172	1	17995030	18014238	placeholder
1	115436056	115457470	1	246936752	246954793	placeholder
1	123324771	123395681	1	238145871	238208827	placeholder
1	319366495	319385742	1	24100788	24120007	placeholder
17	523940	538347	18	11091232	11108101	placeholder
10	14090920	14103538	11	16088663	16113586	placeholder
2	190317660	190318818	2	95719649	95720807	placeholder
2	12078587	12092616	2	309106428	309115401	placeholder
14	5614038	5620062	15	13179374	13186279	placeholder
8	74702985	74709251	4	62236354	62245723	placeholder
3	82202712	82223190	3	130526901	130538567	placeholder
6	3390661	3404982	4	185848186	185862552	placeholder
19	323204	329557	19	9741033	9745701	placeholder
7	20018233	20048313	8	32680926	32723803	placeholder
2	230226644	230238753	2	51597454	51608342	placeholder
6	16804307	16827846	4	171193436	171218828	placeholder
1	18469065	18471129	1	353946239	353948353	placeholder
2	105667225	105718678	2	190268000	190312630	placeholder
1	195390791	195415556	1	160136286	160159501	placeholder
15	11110900	11116938	14	6259911	6269653	placeholder
6	70503282	70506235	4	113025955	113029104	placeholder
8	8613730	8640792	4	11339531	11368334	placeholder
8	19380518	19401038	4	23564403	23588759	placeholder
2	68999205	69011161	2	231183221	231194060	placeholder
1	36861002	36876734	1	333823566	333837551	placeholder
2	205210992	205222181	2	79244848	79255910	placeholder
1	176931298	176966692	1	178865784	178882192	placeholder
13	8083811	8087249	12	14371773	14375235	placeholder
2	130427991	130429050	2	162637613	162638672	placeholder
1	270232202	270252432	1	77714709	77733314	placeholder
8	77115662	77128524	4	59517666	59531761	placeholder
1	324078825	324129057	1	18599314	18653475	placeholder
5	32454307	32460114	6	29561745	29568828	placeholder
3	103465226	103493784	3	112043591	112067167	placeholder
8	62352775	62354072	4	81966661	81967921	placeholder
6	12509455	12526827	4	176187689	176212563	placeholder
7	14071104	14092451	8	39111413	39125609	placeholder
3	84508048	84510505	3	128053807	128056237	placeholder
12	11161621	11162773	13	9007689	9008841	placeholder
4	53711662	53731136	5	61721955	61757701	placeholder
6	52396823	52398014	4	132143196	132144387	placeholder
19	294008	312731	19	9752393	9758338	placeholder
3	179023461	179028636	3	28171147	28184818	placeholder
1	2645349	2680666	1	371092150	371108440	placeholder
1	321346111	321360368	1	21833177	21844603	placeholder
1	299140585	299159013	1	45371318	45382298	placeholder
8	2583448	2603375	4	580202	594882	placeholder
14	1170822	1179155	15	18801897	18810001	placeholder
2	159383780	159384905	2	130328400	130329525	placeholder
1	244526275	244527421	1	106243629	106244775	placeholder
8	51753503	51758774	4	56209176	56214664	placeholder
1	27724383	27735863	1	343735782	343747134	placeholder
2	230885118	230886270	2	50795343	50796489	placeholder
8	7675390	7685364	4	10174845	10186257	placeholder
7	89297763	89299059	10	6010348	6011644	placeholder
7	44588718	44597154	8	7881008	7886974	placeholder
1	299829672	299872524	1	44619982	44674686	placeholder
1	312418298	312423239	1	31714550	31721161	placeholder
1	39106749	39107862	1	331278460	331279555	placeholder
4	84630618	84648174	5	92478571	92490187	placeholder
6	26707334	26708339	4	159888044	159889049	placeholder
12	8571059	8582193	13	13671635	13695366	placeholder
3	38972730	38986824	3	178448433	178461731	placeholder
2	202193331	202204937	2	82635213	82646607	placeholder
3	157196363	157207303	3	52459130	52471259	placeholder
3	169897077	169914897	3	38375802	38391436	placeholder
3	183039293	183054830	3	23857705	23873027	placeholder
5	90411010	90450200	7	20496616	20542024	placeholder
3	122726061	122759200	3	90500714	90530479	placeholder
13	7739746	7747712	12	13955835	13964145	placeholder
3	202891868	202893530	3	625699	627257	placeholder
15	13254957	13263718	14	3867787	3878062	placeholder
2	96457650	96478669	2	201177703	201205573	placeholder
2	100681884	100685190	2	196682010	196685581	placeholder
1	277726108	277730925	1	69494749	69500454	placeholder
8	22634610	22642988	4	27281634	27290126	placeholder
3	118938001	118939138	3	94974591	94975728	placeholder
8	19703112	19730197	4	23932508	23948403	placeholder
1	40821004	40878772	1	329462947	329510945	placeholder
7	74686494	74701154	10	20645349	20657541	placeholder
2	156272378	156287159	2	133804155	133816376	placeholder
4	82140761	82149422	5	94522810	94530560	placeholder
11	8363782	8368472	9	11834591	11839994	placeholder
8	48379630	48396352	4	53417251	53434979	placeholder
3	92566390	92748571	3	119811618	119913647	placeholder
6	10778697	10779828	4	178446252	178447386	placeholder
1	300062570	300082209	1	44394393	44413592	placeholder
7	91043327	91063435	10	8063151	8088041	placeholder
13	2282873	2285768	12	4949481	4951993	placeholder
4	38284140	38289388	5	41244783	41250300	placeholder
7	13125744	13174610	8	40187804	40234304	placeholder
7	88891501	88917188	10	5599420	5624195	placeholder
3	186991590	187001230	3	19083384	19092693	placeholder
2	101207105	101213454	2	196138531	196143447	placeholder
4	83176947	83187807	5	93553191	93562433	placeholder
1	286883799	286889263	1	58923921	58936019	placeholder
2	165114188	165122268	2	123943820	123953843	placeholder
1	237683575	237770807	1	113713635	113819121	placeholder
16	5711651	5718918	16	10290714	10297494	placeholder
2	56548012	56549140	2	244978701	244979831	placeholder
1	225099251	225111691	1	127637416	127650907	placeholder
5	3618808	3621498	6	59390244	59391238	placeholder
7	9229352	9260935	8	44481551	44509494	placeholder
4	87490493	87491672	5	96178989	96180168	placeholder
12	14278970	14335915	13	4864921	4951548	placeholder
1	159966107	159977232	1	197712929	197722201	placeholder
1	285246481	285289373	1	60576334	60623503	placeholder
5	53795571	53796690	6	6762765	6763890	placeholder
3	33682601	33690688	3	184535985	184544361	placeholder
8	69292882	69306539	4	69573371	69588893	placeholder
3	191794921	191807483	3	13366980	13376897	placeholder
1	330587511	330605480	1	10955277	10975942	placeholder
11	8525113	8526909	9	12001374	12003053	placeholder
1	15622474	15628986	1	357026029	357029458	placeholder
1	28456355	28463009	1	342864727	342870516	placeholder
3	149070272	149260652	3	61222512	61415368	placeholder
1	160021449	160068682	1	197607003	197650949	placeholder
7	2449357	2461054	8	50977342	50989998	placeholder
2	152493129	152501588	2	138207991	138215603	placeholder
7	64984531	65006465	10	27609133	27636995	placeholder
8	25858811	25884374	4	30915735	30940387	placeholder
16	1940688	1956314	16	14918236	14963380	placeholder
8	67423922	67430779	4	70328693	70333532	placeholder
1	194829453	194840695	1	160752421	160764498	placeholder
3	81885676	81935218	3	130763473	130777565	placeholder
1	254542856	254553655	1	95262038	95273202	placeholder
1	312063751	312070997	1	32158178	32165456	placeholder
5	9920685	9921801	6	53676342	53677458	placeholder
2	23972473	23975909	2	282403554	282407389	placeholder
5	86454681	86455797	7	17441522	17442638	placeholder
6	45558737	45565146	4	139353664	139359549	placeholder
5	120773034	120789889	7	51868561	51878471	placeholder
2	206297940	206306020	2	78007137	78016399	placeholder
6	45404819	45420330	4	139490652	139503521	placeholder
13	16247709	16254254	12	23475455	23483686	placeholder
1	152743364	152746193	1	205986873	205989796	placeholder
2	145979206	145980322	2	144839027	144840143	placeholder
8	13972108	13986645	4	17483895	17497960	placeholder
2	207600450	207615795	2	76655215	76667921	placeholder
3	191860243	191869494	3	13299550	13306452	placeholder
1	62945850	62965980	1	305072284	305101472	placeholder
7	62549995	62551105	10	30160177	30161287	placeholder
8	11616102	11628646	4	14640657	14652700	placeholder
5	97257590	97268163	7	27115980	27127226	placeholder
2	100121453	100122572	2	197354326	197355451	placeholder
5	40545880	40546981	6	20635436	20636537	placeholder
5	51739722	51740835	6	9044017	9045131	placeholder
5	46731037	46745619	6	14107146	14113816	placeholder
1	191934916	191988004	1	164016367	164062755	placeholder
4	95236237	95269002	5	105002304	105033846	placeholder
2	85286506	85323767	2	213785975	213815065	placeholder
1	242890718	242992647	1	107865211	108017924	placeholder
3	37533380	37534490	3	180143258	180144368	placeholder
3	61881098	61895686	3	153168718	153184610	placeholder
14	13334858	13335950	15	3504336	3505427	placeholder
2	63668762	63685941	2	237138229	237157882	placeholder
5	100540780	100556378	7	30555405	30571662	placeholder
1	309984921	309992893	1	34025853	34035416	placeholder
4	99404498	99417465	5	109619498	109647740	placeholder
3	168056225	168061949	3	40308240	40315667	placeholder
3	157335905	157342583	3	52304955	52312326	placeholder
2	134827672	134889599	2	154939300	155005907	placeholder
1	153875253	153882502	1	204769049	204777012	placeholder
3	65590375	65607059	3	148867624	148882781	placeholder
6	74295814	74364807	4	109130411	109173960	placeholder
6	57811051	57818632	4	126649386	126657672	placeholder
2	176538799	176539906	2	111223913	111225002	placeholder
7	28183370	28196561	8	24166957	24180209	placeholder
15	14780820	14790086	14	2443810	2452042	placeholder
11	2451134	2452238	9	3311135	3312227	placeholder
15	14914426	14918020	14	2291555	2295616	placeholder
10	1677187	1683711	11	2645219	2654051	placeholder
3	161493829	161510864	3	47779767	47794260	placeholder
8	30902217	30904757	4	36000377	36003168	placeholder
1	242730034	242739413	1	108199908	108208724	placeholder
15	4145087	4175276	14	15197910	15250463	placeholder
6	2774712	2792550	4	186562845	186578725	placeholder
1	46413028	46428597	1	323030479	323050342	placeholder
6	69966400	69971437	4	113471602	113478184	placeholder
7	23011792	23104885	8	29381891	29480411	placeholder
4	50443862	50452450	5	55750407	55758910	placeholder
17	7219230	7220337	18	625895	627002	placeholder
1	240047278	240055900	1	111343735	111347260	placeholder
6	42601816	42603757	4	142452535	142454456	placeholder
6	10648551	10665497	4	178582589	178600791	placeholder
12	1488379	1493807	13	23487601	23493108	placeholder
6	45172766	45179457	4	139745071	139751538	placeholder
5	2812789	2827870	6	60032099	60048763	placeholder
13	3815620	3823886	12	7757457	7765776	placeholder
5	110280203	110312088	7	41135229	41164806	placeholder
3	82964901	82973316	3	129709470	129717011	placeholder
18	3103488	3108974	17	6628756	6635466	placeholder
5	97554525	97555599	7	27423678	27424749	placeholder
16	12156854	12164487	16	1230076	1237583	placeholder
8	70178495	70220260	4	67679562	67732570	placeholder
10	8266030	8268589	11	10518185	10520637	placeholder
1	154293222	154355248	1	204214572	204326899	placeholder
2	121899787	121916221	2	172223710	172234296	placeholder
6	53078855	53091907	4	131420935	131431241	placeholder
17	10376880	10381976	18	5450471	5460669	placeholder
1	256837192	256898454	1	92740916	92806421	placeholder
6	90685521	90699448	4	84652603	84667701	placeholder
13	18704680	18710384	12	25860588	25864853	placeholder
5	30415167	30416245	6	31717983	31719006	placeholder
15	2041717	2054251	14	19209847	19245241	placeholder
3	119307887	119323480	3	94539699	94552300	placeholder
19	3006219	3007299	19	5581656	5582673	placeholder
1	65985418	65990096	1	301724489	301729712	placeholder
1	227615404	227616496	1	124720576	124721668	placeholder
15	13332415	13336053	14	3785543	3791345	placeholder
7	20000496	20009868	8	32733344	32744582	placeholder
1	210967143	210968226	1	143379032	143380115	placeholder
3	152921202	152951406	3	57387081	57413485	placeholder
1	175698088	175699180	1	179885530	179886622	placeholder
7	8992462	9003253	8	44777475	44787136	placeholder
1	71144410	71145508	1	296386824	296387918	placeholder
5	37412182	37430820	6	23980679	23998117	placeholder
3	168250532	168262281	3	40083888	40097830	placeholder
5	40929882	40944111	6	20164983	20180743	placeholder
6	48947338	48963579	4	135917321	135943309	placeholder
7	84594525	84628425	10	2029831	2054185	placeholder
3	130849038	130858480	3	81295271	81303223	placeholder
1	320908235	320911136	1	22286161	22289038	placeholder
10	26734537	26736575	11	29280305	29281836	placeholder
2	199143447	199150556	2	85772836	85779998	placeholder
4	79253433	79308557	5	88863941	88923729	placeholder
3	146019090	146026765	3	64628395	64639159	placeholder
14	1227461	1232576	15	18743332	18749248	placeholder
5	96920838	96934325	7	26754614	26821297	placeholder
3	79372640	79377950	3	133374599	133382898	placeholder
6	74396666	74410369	4	109090203	109103192	placeholder
2	31570211	31571285	2	273674243	273675353	placeholder
1	126295354	126306505	1	235040191	235056886	placeholder
1	63156755	63157826	1	304847921	304848978	placeholder
2	153831814	153842036	2	136523382	136531704	placeholder
8	13578035	13593154	4	16993977	17052615	placeholder
16	12339288	12340380	16	1046688	1047780	placeholder
15	8213506	8248246	14	9407331	9449975	placeholder
7	29446131	29447343	8	22942506	22943710	placeholder
2	11313486	11321927	2	308639753	308646704	placeholder
5	82483695	82500125	7	14732338	14738488	placeholder
1	286487022	286499578	1	59279905	59292558	placeholder
6	26040451	26041534	4	160625456	160626539	placeholder
8	10512709	10524537	4	13540349	13554705	placeholder
8	6816876	6831109	4	9303778	9318007	placeholder
6	18314309	18330498	4	169412838	169427846	placeholder
2	223463537	223491923	2	59237166	59278124	placeholder
5	56258537	56268621	6	4363518	4377172	placeholder
5	79420407	79421481	7	13369198	13370269	placeholder
5	40690980	40692087	6	20486807	20487914	placeholder
3	57351371	57367422	3	158060135	158072804	placeholder
3	179291050	179301708	3	27918759	27930768	placeholder
3	103388042	103401220	3	112109160	112119081	placeholder
16	12653790	12656037	16	708720	715024	placeholder
2	188287571	188294187	2	97882934	97888816	placeholder
4	21380182	21387286	5	22348681	22357384	placeholder
2	175210004	175234493	2	112628946	112653635	placeholder
6	27831079	27832165	4	158589098	158590183	placeholder
1	130902505	130903552	1	229917565	229918612	placeholder
15	14885801	14889280	14	2324623	2330357	placeholder
3	34452795	34477699	3	183640557	183663932	placeholder
11	461330	471917	9	738254	747678	placeholder
3	168186835	168195714	3	40178021	40189562	placeholder
8	62300651	62309001	4	81916602	81926818	placeholder
10	216830	226192	11	671563	677872	placeholder
7	34750224	34754037	8	17623766	17628313	placeholder
14	1641499	1642567	15	18260678	18261745	placeholder
2	12276284	12333906	2	309284424	309292722	placeholder
16	12575131	12580087	16	792856	800309	placeholder
15	16534294	16541023	14	604825	609659	placeholder
1	232125605	232126679	1	119694508	119695582	placeholder
1	150707857	150724984	1	208241129	208267376	placeholder
1	69933612	69947560	1	297612701	297626247	placeholder
1	114825369	114832665	1	247694990	247711816	placeholder
1	178832845	178847041	1	177368135	177387387	placeholder
2	96484880	96500692	2	201155948	201172220	placeholder
5	87185037	87192813	7	17947998	17957490	placeholder
15	6373584	6379027	14	11679923	11684695	placeholder
1	274587568	274598593	1	72869974	72876829	placeholder
1	101581055	101612782	1	262882721	262900145	placeholder
7	37704930	37731574	8	14151720	14178091	placeholder
3	69864816	69884731	3	143852364	143876072	placeholder
17	8186912	8189617	18	7621834	7624797	placeholder
1	237533323	237546527	1	114012451	114028404	placeholder
2	104348720	104369986	2	192919674	192938094	placeholder
1	101445679	101469732	1	263023645	263050427	placeholder
10	25601506	25612832	11	28068494	28084563	placeholder
14	7044276	7050003	15	11348506	11355322	placeholder
2	51777595	51867192	2	250433683	250523295	placeholder
4	86687040	86689642	5	90631714	90633956	placeholder
15	3845666	3851902	14	15838452	15855966	placeholder
5	25176159	25196169	6	37042609	37072162	placeholder
1	306897527	306917314	1	37206877	37225512	placeholder
3	38423298	38442766	3	179077646	179117161	placeholder
2	92085531	92092639	2	206546180	206554411	placeholder
3	119084713	119116858	3	94762290	94799908	placeholder
1	40710120	40719936	1	329643275	329654060	placeholder
3	127185274	127198117	3	85592305	85609612	placeholder
12	8344775	8354483	13	14003531	14016088	placeholder
2	101232333	101248355	2	196107478	196124968	placeholder
13	2290247	2294200	12	4963939	4977607	placeholder
3	199700458	199732038	3	4457787	4512092	placeholder
4	55095381	55096449	17	3625270	3626316	placeholder
13	16874131	16878438	12	24139596	24149425	placeholder
1	315732401	315755449	1	28092479	28103964	placeholder
3	36722694	36755363	3	180985661	181037117	placeholder
13	5011155	5039502	12	9606908	9648298	placeholder
12	4174115	4177343	13	19921223	19928239	placeholder
6	81713985	81721119	4	100394213	100403938	placeholder
6	85110559	85216589	4	104051566	104173307	placeholder
17	10574896	10579730	18	5159887	5169419	placeholder
1	170512787	170537560	1	184318593	184359057	placeholder
5	31481378	31503100	6	30624438	30647532	placeholder
7	30526882	30549073	8	21898555	21913499	placeholder
15	1238662	1249751	14	22766252	22786627	placeholder
2	109259836	109264771	2	186831350	186834845	placeholder
1	181559202	181560261	1	174890482	174891540	placeholder
15	7403952	7405008	14	10437735	10438791	placeholder
17	10742478	10743501	18	4938177	4939197	placeholder
10	4655782	4656829	11	6535847	6536894	placeholder
6	26745818	26746826	4	159846938	159847949	placeholder
15	10470413	10485837	14	6881439	6897398	placeholder
3	144179471	144197948	3	66712787	66731202	placeholder
5	40518394	40527191	6	20654201	20662311	placeholder
5	4482352	4483405	6	58632739	58633792	placeholder
8	44137456	44153320	4	49476010	49490491	placeholder
17	10850980	10856412	18	4816024	4817958	placeholder
6	27658233	27673582	4	158767003	158783583	placeholder
12	651407	656584	13	24491157	24493857	placeholder
1	246966841	246967885	1	103362579	103363623	placeholder
4	55112136	55113192	5	64398085	64399150	placeholder
16	12195638	12198321	16	1190387	1193086	placeholder
2	203171883	203232113	2	81488207	81530615	placeholder
4	22191292	22193214	5	23293221	23299632	placeholder
2	148554949	148577373	2	141934134	141953675	placeholder
1	292918321	292933376	1	52303071	52316008	placeholder
1	23339863	23352822	1	348548719	348560214	placeholder
7	22802270	22811673	8	29696007	29706324	placeholder
18	7929755	7933699	17	13183794	13190968	placeholder
1	165776481	165782646	1	190697663	190704730	placeholder
15	1818425	1827654	14	19695456	19716178	placeholder
5	26390841	26407335	6	35729348	35743628	placeholder
1	286904018	286909364	1	58898790	58903709	placeholder
6	40891531	40902924	4	144138012	144149827	placeholder
5	90116861	90148061	7	20187574	20214115	placeholder
7	13182195	13194826	8	40166539	40179215	placeholder
2	151907185	151930343	2	138786649	138803507	placeholder
1	168914063	168915107	1	186254100	186255150	placeholder
3	159354965	159364977	3	50114191	50123705	placeholder
10	8219226	8238068	11	10466003	10483940	placeholder
1	247102038	247116464	1	103183600	103199983	placeholder
17	3168216	3169311	18	1125067	1126120	placeholder
19	7583064	7586003	19	17660	22779	placeholder
3	171580715	171676640	3	36559931	36655890	placeholder
16	11355438	11358751	16	2260499	2264407	placeholder
1	249208199	249210919	1	100884077	100887012	placeholder
12	3251726	3260188	13	21138825	21149878	placeholder
15	11545058	11552206	14	5783225	5794351	placeholder
6	88229504	88239466	4	97314722	97336820	placeholder
14	2436510	2453800	2	138515946	138522837	placeholder
19	5397167	5401590	19	8198324	8203659	placeholder
4	25172690	25189378	5	26328790	26347866	placeholder
1	115994796	116043148	1	246399786	246446812	placeholder
10	16118497	16119487	11	17952281	17953253	placeholder
14	16668093	16706982	15	201709	216995	placeholder
1	4752312	4767364	1	368362223	368382852	placeholder
3	146230987	146237163	3	64404878	64410952	placeholder
1	98960514	98993027	1	265773123	265844104	placeholder
1	181485529	181508256	1	174920415	174935506	placeholder
3	37997277	37998318	3	179613062	179614103	placeholder
5	22800263	22809336	6	39614404	39623043	placeholder
5	97767546	97851713	7	27703472	27778601	placeholder
4	64092570	64112905	5	79405352	79417729	placeholder
1	100468055	100469090	1	264068672	264069713	placeholder
6	7906992	7921273	4	182157202	182167696	placeholder
1	72292973	72294268	1	295196430	295197719	placeholder
16	12450941	12454586	16	922711	926538	placeholder
1	259656140	259686908	1	89644406	89673211	placeholder
6	85369993	85389622	4	104409486	104427642	placeholder
5	10091701	10243402	6	53340169	53514866	placeholder
3	63554607	63566648	3	151251887	151262436	placeholder
1	299712479	299713295	1	44810514	44822921	placeholder
2	142247982	142262794	2	149276729	149291179	placeholder
6	38438824	38441419	4	146813028	146816972	placeholder
8	8720737	8730157	4	11437837	11446000	placeholder
6	94005393	94017885	4	95503061	95511058	placeholder
13	14918967	14928791	12	22036726	22055508	placeholder
1	115219047	115226720	1	247244512	247253335	placeholder
3	29635480	29645612	3	188955204	188967158	placeholder
5	13953037	13967716	6	49512106	49525135	placeholder
3	153708633	153722086	3	56532309	56547233	placeholder
10	7979158	7980214	11	10200613	10201669	placeholder
2	31440124	31455602	2	273830317	273844135	placeholder
2	193499973	193502451	2	92004363	92006486	placeholder
3	91367155	91381700	9	1241921	1242926	placeholder
6	26756781	26757792	4	159834944	159835973	placeholder
2	65514418	65525927	2	235049033	235062675	placeholder
17	10936614	10939518	18	4742236	4745741	placeholder
1	41739249	41740284	1	328506271	328507300	placeholder
1	43130180	43131234	1	326924981	326925974	placeholder
6	45210897	45225296	4	139697558	139709924	placeholder
5	18069851	18071657	6	44719388	44722778	placeholder
12	17351071	17360706	13	2262475	2267392	placeholder
8	44019960	44041888	4	49379302	49401167	placeholder
1	241074763	241087590	1	110236107	110244645	placeholder
10	11607353	11673005	11	14651150	14671485	placeholder
1	52919816	52929393	1	316007665	316019744	placeholder
6	80636656	80654417	4	105363006	105373341	placeholder
1	107575401	107584405	1	256017670	256028042	placeholder
6	43123975	43124989	4	141860834	141861848	placeholder
4	23149425	23165175	5	24262008	24272898	placeholder
6	10340658	10348683	4	178870619	178882783	placeholder
5	31430278	31438997	6	30688670	30696493	placeholder
7	30950073	30951090	8	21449081	21450098	placeholder
6	94274749	94297383	4	95152321	95180849	placeholder
7	92448677	92454371	10	10968899	10974217	placeholder
14	1067489	1072517	15	18919327	18924514	placeholder
3	34606462	34616096	3	183495964	183506405	placeholder
6	113899	125887	4	189485231	189492017	placeholder
2	29978167	30001392	2	275375639	275398302	placeholder
6	48142383	48152762	4	136747209	136758854	placeholder
1	311773962	311778046	1	32485958	32490754	placeholder
1	334980758	335028448	1	6240415	6286417	placeholder
14	13838678	13850408	15	2948049	2955546	placeholder
3	10201406	10226645	3	211764766	211793836	placeholder
3	123377319	123386776	3	89803988	89810828	placeholder
1	142142418	142150841	1	217431513	217440468	placeholder
12	11429861	11430905	13	8659590	8660634	placeholder
15	6499082	6506384	14	11539468	11548057	placeholder
8	40908888	40913919	4	46251973	46258257	placeholder
1	24947510	24957265	1	346783199	346792372	placeholder
6	2797527	2812506	4	186529901	186558660	placeholder
5	21777201	21780650	6	40701347	40705214	placeholder
16	12837685	12839617	16	525307	527232	placeholder
1	48806835	48817831	1	320470285	320475999	placeholder
1	177219791	177220814	1	178691362	178692388	placeholder
1	215695383	215733238	1	137806998	137848709	placeholder
1	239348027	239362240	1	112047685	112058981	placeholder
19	269788	271723	19	9761652	9768256	placeholder
13	18379496	18381111	12	25565446	25567068	placeholder
1	301798784	301812911	1	42469832	42479908	placeholder
17	4468326	4476514	18	2192191	2197824	placeholder
6	68199933	68210861	4	115418881	115429233	placeholder
10	9019741	9034292	11	11294772	11305946	placeholder
6	85796610	85801274	4	99985017	99989828	placeholder
7	85093412	85121781	10	2424341	2442465	placeholder
6	40460725	40463178	4	144635338	144637756	placeholder
2	236743327	236756600	2	43932839	43945872	placeholder
10	6421558	6428193	11	8438487	8444540	placeholder
3	45424599	45447385	3	171401644	171431743	placeholder
6	80963915	80976890	4	105080571	105094737	placeholder
6	18265398	18266391	4	169517635	169518622	placeholder
2	59953119	59961933	2	241512412	241519570	placeholder
1	311739196	311750665	1	32513340	32523301	placeholder
2	177691433	177707665	2	109821847	109837058	placeholder
7	82004330	82011548	10	12853002	12860878	placeholder
1	36180669	36225900	1	334525249	334558617	placeholder
3	185021943	185031865	3	21491431	21504533	placeholder
2	150247392	150248997	2	140546346	140547685	placeholder
1	302021737	302045398	1	42262610	42283202	placeholder
3	179199049	179202984	3	28022073	28029662	placeholder
3	131022712	131030811	3	81125025	81132208	placeholder
10	9001174	9006792	11	11277144	11283568	placeholder
3	126299235	126322880	3	86530941	86550384	placeholder
8	9471639	9477303	4	12264105	12269913	placeholder
4	53143261	53144284	5	60459838	60460873	placeholder
6	48529315	48532129	4	136361607	136364850	placeholder
5	40625389	40632745	6	20553861	20560760	placeholder
16	6799455	6805076	16	9078371	9083551	placeholder
1	166655328	166663398	1	189583850	189607107	placeholder
13	16996488	17010329	12	24264027	24276162	placeholder
5	97516027	97604230	7	27388451	27488761	placeholder
1	177055086	177056097	1	178813839	178814847	placeholder
2	215469359	215485677	2	68164659	68196191	placeholder
2	156003969	156013292	2	134119493	134128333	placeholder
1	198330841	198427605	1	156849651	156938541	placeholder
6	60592461	60616584	4	123595045	123639928	placeholder
8	23434267	23444860	4	28176269	28184418	placeholder
4	57600660	57601671	5	67915779	67916790	placeholder
1	335940169	335947598	1	355970	362490	placeholder
15	15305426	15310955	14	1847547	1853900	placeholder
2	190026298	190046905	2	96012952	96031735	placeholder
7	46562417	46577740	8	6205287	6214345	placeholder
12	417825	421254	13	24707490	24710732	placeholder
6	26714190	26715198	4	159880614	159881622	placeholder
3	119432198	119441271	3	94421662	94439972	placeholder
3	82000186	82011624	3	130716756	130727506	placeholder
2	97227252	97228263	2	200400538	200401549	placeholder
19	4389416	4395881	19	7114296	7121865	placeholder
1	96023668	96030340	1	268940776	268948501	placeholder
10	8634194	8645957	11	10897066	10908309	placeholder
3	99964448	99990170	3	115488780	115514431	placeholder
10	3107957	3143016	11	4520107	4548635	placeholder
3	10376394	10383208	3	211544789	211552586	placeholder
3	196142225	196143230	3	178383901	178384894	placeholder
3	134478656	134495571	3	77364443	77383882	placeholder
15	3521919	3527178	14	16431325	16438221	placeholder
6	48062593	48083886	4	136815212	136833401	placeholder
7	25968736	25977768	8	26408736	26416591	placeholder
1	66104448	66113669	1	301606111	301615608	placeholder
3	127432890	127441699	3	85274962	85286022	placeholder
1	257105049	257111603	1	92527912	92534214	placeholder
4	70513076	70646611	5	85731641	85781827	placeholder
6	45446264	45450552	4	139461280	139466753	placeholder
5	22630984	22631989	6	39832647	39833652	placeholder
3	35023569	35032019	3	183113366	183122661	placeholder
7	80788133	80806299	10	14102339	14119791	placeholder
12	13265518	13275612	13	6116743	6134651	placeholder
11	22739175	22747703	9	31726357	31730483	placeholder
6	45476737	45484572	4	139424685	139432770	placeholder
2	33105203	33110394	2	271753354	271757250	placeholder
6	71953692	71963230	4	111515995	111553146	placeholder
15	10978212	10987968	14	6387099	6394582	placeholder
14	1622077	1623076	15	18287114	18288113	placeholder
13	15758635	15766412	12	22961307	22970559	placeholder
2	94404702	94412044	2	203759958	203770773	placeholder
16	7665985	7670494	16	7958832	7963689	placeholder
2	215072870	215081627	2	68597907	68610095	placeholder
1	71786686	71929521	1	295572090	295713780	placeholder
1	215580216	215588672	1	138019908	138039458	placeholder
8	38251932	38286341	4	43483261	43538721	placeholder
1	17881551	17887590	1	354655353	354662252	placeholder
7	74360800	74381073	10	21005117	21025216	placeholder
2	154625358	154642439	2	135646352	135664240	placeholder
2	152806093	152807089	2	137787719	137788715	placeholder
2	99466194	99482470	2	197989518	198000904	placeholder
3	15817555	15823516	3	204673671	204681233	placeholder
1	311754508	311762199	1	32501436	32509793	placeholder
2	59228271	59244585	2	242335754	242349741	placeholder
7	39920602	39950738	8	11926649	11960074	placeholder
3	71159361	71160357	3	142450801	142451797	placeholder
5	94963732	94990436	7	24798003	24825320	placeholder
1	332545097	332545961	1	8776432	8777296	placeholder
4	96535076	96544445	5	106399005	106410904	placeholder
2	222434095	222439839	2	60377407	60382411	placeholder
2	64714528	64727374	2	236008808	236021443	placeholder
1	246362746	246375312	1	104080353	104091162	placeholder
3	147481140	147491566	3	63012676	63023955	placeholder
3	179095038	179126174	3	28090585	28105299	placeholder
8	19264187	19271602	4	23437565	23444615	placeholder
8	59623501	59720428	4	79398021	79462572	placeholder
11	12387946	12392991	9	19079143	19084341	placeholder
1	69953916	69963537	1	297589756	297597155	placeholder
4	64250360	64260216	5	79538125	79555650	placeholder
13	2924971	2930390	12	6287838	6295526	placeholder
1	293908991	293913669	1	51213387	51217962	placeholder
1	148428908	148429898	1	210771155	210772145	placeholder
6	91359143	91373926	4	85295406	85305925	placeholder
2	84744929	84770055	2	214239685	214265075	placeholder
3	132711035	132717901	3	79479742	79489246	placeholder
2	120330037	120331024	2	173812518	173813505	placeholder
8	51820274	51838115	4	56246334	56260001	placeholder
2	34867920	34871732	2	269870130	269874269	placeholder
5	92499893	92532502	7	22503100	22531732	placeholder
3	160946859	160987000	3	48462051	48523412	placeholder
6	52985988	52998077	4	131539657	131549012	placeholder
3	126790650	126792297	3	86012281	86013889	placeholder
3	172445741	172456238	3	35587154	35596583	placeholder
8	48525711	48569928	4	53528411	53556556	placeholder
1	274144535	274156679	1	73328603	73338993	placeholder
16	7227402	7242107	16	8468588	8485974	placeholder
3	119347024	119356910	3	94507134	94516165	placeholder
3	169446630	169452803	3	38817048	38822931	placeholder
1	22903176	22905372	1	349052128	349055211	placeholder
2	33377753	33392644	2	271396951	271412391	placeholder
1	55347149	55400678	1	313359867	313412062	placeholder
6	88269513	88289152	4	97267911	97278627	placeholder
1	104450761	104456803	1	259753731	259759345	placeholder
4	23363527	23366401	5	24431715	24434980	placeholder
16	2514259	2523986	16	14291333	14302029	placeholder
1	12049101	12061974	1	361022408	361031422	placeholder
4	99374311	99390487	5	109594068	109611077	placeholder
17	4671641	4675810	18	2397104	2401816	placeholder
1	48687679	48700814	1	320597631	320604147	placeholder
12	11380850	11381783	13	8732493	8733426	placeholder
5	3498002	3498959	6	59491184	59492141	placeholder
17	8077435	8081002	18	7454152	7460417	placeholder
7	22154035	22171499	8	30424106	30441841	placeholder
4	17270867	17299256	5	17980985	18012782	placeholder
5	18900991	18918557	6	43785623	43804605	placeholder
1	11727876	11744240	1	361355205	361368864	placeholder
3	98099868	98100693	3	116797513	116798341	placeholder
1	199249441	199253659	1	156247618	156253830	placeholder
6	60252237	60261588	4	123999530	124007060	placeholder
7	58593933	58618025	8	4868465	4888149	placeholder
2	76096608	76111979	2	222832283	222849403	placeholder
6	26767234	26797119	4	159813433	159814374	placeholder
1	149672	155534	1	374644171	374650881	placeholder
3	51177085	51178060	3	165290370	165291339	placeholder
1	314390842	314398302	1	29704864	29711519	placeholder
2	174997999	175006219	2	112934114	112943296	placeholder
1	150441371	150483117	1	208505428	208547688	placeholder
3	148888426	148894060	3	61555812	61561939	placeholder
6	33159067	33175965	4	152436371	152461105	placeholder
2	222363462	222366450	2	60440026	60443172	placeholder
13	2243892	2246984	12	4837786	4868711	placeholder
6	46547831	46617732	4	138348883	138414275	placeholder
13	12874237	12877062	12	19939287	19943399	placeholder
3	89851761	89854122	3	122450259	122459914	placeholder
15	3624575	3630448	14	16263622	16272419	placeholder
8	30025396	30036760	4	35079248	35093187	placeholder
2	91871230	91882399	2	206757260	206770312	placeholder
15	15798952	15806293	14	1295653	1302315	placeholder
2	199763133	199767804	2	85123017	85128242	placeholder
7	20911338	20935409	8	31726728	31757432	placeholder
1	225156754	225193736	1	127504973	127556620	placeholder
5	94056574	94076334	7	23914190	23936039	placeholder
7	30501244	30516615	8	21925818	21939664	placeholder
19	829217	832626	19	9080312	9088538	placeholder
3	141419523	141468921	3	69630261	69674164	placeholder
3	153507475	153528272	3	56733989	56753889	placeholder
16	2034870	2040464	16	14828844	14835251	placeholder
7	31709098	31721617	8	20686873	20699781	placeholder
2	104966617	104996491	2	191973913	191993538	placeholder
5	97525550	97526501	7	27399868	27400819	placeholder
11	22519435	22523265	9	31525246	31528722	placeholder
6	48537921	48539978	4	136348340	136350649	placeholder
3	91703783	91751360	3	120723212	120763656	placeholder
2	217206043	217299946	2	66088748	66183827	placeholder
2	2823163	2849783	2	299579428	299615728	placeholder
4	26385379	26393306	5	27523197	27528240	placeholder
1	28124513	28151774	1	343274195	343301161	placeholder
1	121908789	121913597	1	239827176	239832019	placeholder
16	11072844	11076446	16	2516005	2520001	placeholder
19	4474789	4478947	19	7244133	7250788	placeholder
3	17334551	17407264	3	203007179	203062147	placeholder
4	4675358	4680752	5	3802251	3805306	placeholder
19	2837316	2856557	19	5783210	5808742	placeholder
2	101819937	101830245	2	195444994	195451841	placeholder
2	152024709	152031327	2	138692249	138699509	placeholder
1	272334026	272337620	1	75370935	75375378	placeholder
7	3763048	3779418	8	50092258	50107023	placeholder
3	141942355	141959035	3	69127340	69134598	placeholder
1	184800152	184801109	1	171883208	171884165	placeholder
1	257043414	257056255	1	92579790	92596297	placeholder
3	79962025	79969244	3	132809555	132816325	placeholder
15	11609747	11618912	14	5700829	5714496	placeholder
1	144511717	144549675	1	215100498	215130248	placeholder
1	317795713	317812693	1	25815917	25826469	placeholder
8	49388035	49404591	4	54264938	54273551	placeholder
1	69852085	69863721	1	297685995	297699293	placeholder
4	37394578	37398648	5	40227447	40231665	placeholder
3	69648377	69668230	3	144083094	144103749	placeholder
5	108115640	108133694	7	38798879	38834431	placeholder
2	155167769	155174808	2	135039859	135047061	placeholder
14	3870911	3884291	15	15413015	15427853	placeholder
1	287745968	287758239	1	57922286	57947849	placeholder
3	65819961	65906645	3	148527217	148618921	placeholder
6	48513056	48514975	4	136381766	136383899	placeholder
15	14877942	14884938	14	2332080	2337369	placeholder
1	340059424	340068864	1	958587	968854	placeholder
10	10108212	10125620	11	12758544	12777775	placeholder
3	119133293	119142106	3	94739907	94745576	placeholder
10	14476890	14486215	11	16372594	16381334	placeholder
15	7946286	7955549	14	9729592	9751297	placeholder
1	41279587	41294517	1	328996706	329017320	placeholder
12	8111226	8125959	13	14369309	14387055	placeholder
3	182323002	182344915	3	24587170	24606353	placeholder
16	4663984	4695482	16	11620655	11651452	placeholder
2	21470521	21476403	2	285300802	285308339	placeholder
1	121492982	121513649	1	240225611	240247470	placeholder
3	147836535	147850924	3	62666754	62680610	placeholder
1	227733392	227744622	1	124593217	124604017	placeholder
8	28814723	28819444	4	33870969	33877317	placeholder
1	164369013	164387476	1	192537982	192577253	placeholder
10	1405811	1410656	11	2607015	2612101	placeholder
15	13837458	13847179	14	3415576	3423427	placeholder
3	63020543	63034800	3	151781455	151792948	placeholder
5	122563566	122580856	7	53577571	53608103	placeholder
16	11156062	11158103	16	2631681	2634102	placeholder
3	125142861	125167978	3	87879117	87898352	placeholder
1	221882984	221902693	1	131049621	131063425	placeholder
5	13198921	13209069	6	50219113	50228235	placeholder
5	2974603	2985468	6	59913255	59924135	placeholder
6	71592159	71593104	4	111870470	111871415	placeholder
5	82056582	82064033	7	14478584	14484371	placeholder
10	298389	301813	11	752321	755811	placeholder
2	11752417	11764056	2	308966533	308973299	placeholder
6	35104468	35130549	4	150450459	150471759	placeholder
1	292731010	292744256	1	52516170	52529630	placeholder
1	14125200	14137674	1	358720008	358731311	placeholder
5	56788980	56826916	6	3719517	3767957	placeholder
1	233800614	233818295	1	117994669	118010879	placeholder
4	84622798	84629302	5	92491399	92497889	placeholder
1	323533029	323534405	1	19259468	19262848	placeholder
6	26490304	26491246	4	160104842	160105787	placeholder
8	13828119	13834483	4	17323552	17331826	placeholder
6	85705415	85727789	4	100076973	100091899	placeholder
1	101633646	101641005	1	262846410	262854655	placeholder
1	71679862	71684213	1	295823286	295827336	placeholder
5	107887894	107888836	7	38539904	38540847	placeholder
16	10043039	10046825	16	4390532	4397477	placeholder
1	15592279	15604451	1	357053577	357069313	placeholder
2	104042525	104059359	2	193217216	193233332	placeholder
15	8695926	8710301	14	8841400	8854847	placeholder
15	4451449	4469383	14	14710573	14732871	placeholder
2	86800470	86833265	2	212313814	212367898	placeholder
14	2546099	2552067	15	17107886	17114783	placeholder
3	49925440	49934898	3	166507899	166518141	placeholder
5	82528919	82535125	7	14770742	14779233	placeholder
12	1652769	1656295	13	23314056	23317587	placeholder
2	186547442	186579677	2	99878412	99915024	placeholder
2	18283311	18295325	2	289030677	289057088	placeholder
12	4418644	4429502	13	19563975	19581085	placeholder
3	139030504	139031446	3	72285677	72286619	placeholder
2	104067627	104078661	2	193197878	193210022	placeholder
1	214774649	214785046	1	138882543	138902429	placeholder
18	659655	663393	17	3443115	3448429	placeholder
2	205187647	205204276	2	79262000	79276789	placeholder
8	41180666	41206715	4	46518586	46547888	placeholder
12	15293995	15296354	13	4075749	4077982	placeholder
16	1599566	1610956	16	15300027	15312734	placeholder
2	32893468	32901883	2	272030727	272040815	placeholder
4	8620652	8640261	5	7732510	7760203	placeholder
4	82413763	82426076	5	94297949	94307102	placeholder
1	13630224	13639966	1	359260118	359269537	placeholder
13	1732697	1741356	12	3576718	3598570	placeholder
1	94721140	94731038	1	270275763	270285615	placeholder
2	30103829	30130485	2	275237673	275261732	placeholder
1	61861450	61874189	1	306337194	306346038	placeholder
3	94801863	94802799	3	118568554	118569490	placeholder
2	37061664	37073579	2	267251460	267263264	placeholder
3	142635885	142642822	3	68323937	68330714	placeholder
3	45126652	45141829	3	171714716	171725552	placeholder
16	7539106	7548036	16	8080835	8091449	placeholder
6	65615466	65632840	4	118177020	118193113	placeholder
3	141483280	141488786	3	69615161	69620171	placeholder
16	11215413	11218082	16	2454607	2457541	placeholder
2	155865948	155902677	2	134277372	134320789	placeholder
2	153879467	153891812	2	136468760	136479837	placeholder
2	182792656	182800050	2	104141281	104149237	placeholder
3	135474273	135485518	3	76281489	76298217	placeholder
14	6719342	6740259	15	11802049	11828647	placeholder
1	156246797	156253137	1	202238162	202244767	placeholder
1	324298228	324311674	1	18413476	18424699	placeholder
4	55056982	55070409	7	50503485	50516914	placeholder
1	27365871	27372522	1	344099144	344136281	placeholder
1	302294552	302302252	1	41994288	41999982	placeholder
5	92281210	92319137	7	22288776	22325406	placeholder
3	177031604	177032585	3	30342300	30343272	placeholder
3	51088470	51098062	3	165368687	165378284	placeholder
15	8829368	8833665	14	8627854	8701747	placeholder
6	43228006	43249193	4	141732878	141752105	placeholder
3	105487727	105504020	3	109358029	109376386	placeholder
13	1658227	1664196	12	3434019	3444414	placeholder
3	24389512	24422317	3	194984318	195019656	placeholder
3	20679431	20680349	3	199302996	199303931	placeholder
8	22037766	22051484	4	26645117	26658869	placeholder
1	33354425	33472724	1	337486379	337539428	placeholder
1	121545686	121546607	1	240185622	240186543	placeholder
1	195297942	195308820	1	160248111	160259235	placeholder
14	3731889	3737295	15	15589495	15595968	placeholder
3	160639541	160645780	3	48854816	48862287	placeholder
1	27966154	28090505	1	343333389	343475320	placeholder
3	201427806	201471143	5	88306050	88363145	placeholder
8	54922949	54991038	10	28997597	29043709	placeholder
16	7806978	7812998	16	7791569	7799872	placeholder
10	8994439	8998852	11	11271431	11274861	placeholder
3	62041679	62052045	3	153009304	153020054	placeholder
1	68676045	68692101	1	298979073	298995273	placeholder
1	289180686	289190944	1	56375872	56386624	placeholder
1	63373764	63403644	1	304613033	304640063	placeholder
3	159976874	159985553	3	49576197	49584402	placeholder
1	124214390	124224961	1	237198475	237209799	placeholder
3	189513228	189514140	3	16216114	16217035	placeholder
14	336453	338778	15	19664174	19666528	placeholder
10	805704	807885	11	1475304	1480640	placeholder
2	126771460	126773979	2	166935772	166938219	placeholder
11	22770616	22772916	9	31753921	31759455	placeholder
1	276224083	276235439	1	71003065	71019222	placeholder
3	31300980	31301889	3	187197159	187198065	placeholder
1	36056342	36066725	1	334625026	334638807	placeholder
7	8457513	8472566	8	45341996	45352609	placeholder
14	5390029	5392411	15	13474862	13479635	placeholder
2	182132373	182133261	2	104914773	104915661	placeholder
2	100256038	100266185	2	197182983	197192828	placeholder
12	14838725	14843475	13	4305679	4310115	placeholder
5	30969792	30995175	6	31108526	31130240	placeholder
4	74321715	74322618	5	87158391	87159294	placeholder
1	259113679	259117601	1	90176415	90180649	placeholder
6	38534346	38539448	4	146701816	146709289	placeholder
14	12784717	12793065	15	4127794	4139520	placeholder
1	51271444	51293521	1	317833412	317849744	placeholder
7	30904032	30912490	8	21482614	21489303	placeholder
1	258637818	258644559	1	90744350	90748754	placeholder
3	168881849	168889416	3	39395140	39402215	placeholder
17	8622770	8625967	18	8311869	8317230	placeholder
10	9590942	9591821	11	12062197	12063076	placeholder
8	48898159	48917381	4	53832052	53851794	placeholder
6	1489671	1523508	4	190287674	190332018	placeholder
3	154025595	154040479	3	56177163	56190708	placeholder
10	16559312	16572061	11	18337155	18354271	placeholder
5	36229103	36241061	6	25375994	25390717	placeholder
1	239597428	239613525	1	111778795	111794871	placeholder
2	28693817	28705324	2	276963377	276975018	placeholder
15	7243547	7258702	14	10615903	10626808	placeholder
6	90809904	90821646	2	151355133	151365795	placeholder
3	141656682	141664134	3	69444740	69452382	placeholder
3	161145744	161147918	3	48297424	48299549	placeholder
1	299206745	299248879	1	45283419	45326205	placeholder
3	37935328	37948512	3	179671014	179683019	placeholder
12	9318350	9319265	13	12496202	12497114	placeholder
1	53464921	53467932	1	315515674	315518778	placeholder
3	98656478	98668829	3	116547459	116552697	placeholder
8	48050796	48065468	4	53099323	53114531	placeholder
14	16730789	16739389	15	184304	194683	placeholder
19	7205815	7215199	4	162818613	162824494	placeholder
1	63987933	63994024	1	303953339	303967706	placeholder
1	253998669	254022257	1	95831654	95862121	placeholder
2	219842510	219848119	2	63285761	63290702	placeholder
16	2171687	2183856	16	14681804	14691948	placeholder
3	156999424	157008551	3	52661017	52672902	placeholder
1	233842059	233858179	1	117921359	117976296	placeholder
19	1248471	1253320	19	375402	434876	placeholder
1	115872850	115886494	1	246536131	246554232	placeholder
1	195725915	195736238	1	159862741	159873232	placeholder
2	73961960	73976454	2	225186705	225200765	placeholder
5	69797733	69853268	7	7512324	7537753	placeholder
1	116729582	116740120	1	245602856	245613826	placeholder
3	44029873	44035617	3	172986364	172991182	placeholder
2	192072143	192084492	2	93758833	93771379	placeholder
4	82214165	82226647	5	94471563	94478003	placeholder
1	64064259	64065051	1	303885853	303886645	placeholder
1	116548997	116553394	1	245818683	245827945	placeholder
14	13453037	13483032	15	3361102	3386040	placeholder
14	6490429	6495376	15	12104330	12111642	placeholder
3	186825677	186847069	3	19252319	19271194	placeholder
2	152011920	152012820	2	138708240	138709139	placeholder
5	109130339	109133803	7	39817961	39821460	placeholder
2	98247086	98253857	2	199272395	199279367	placeholder
3	147191074	147235651	3	63280337	63337940	placeholder
3	1802393	1814558	3	221523589	221534420	placeholder
12	17471151	17511633	13	2363483	2402163	placeholder
2	141642582	141656661	2	149809998	149825329	placeholder
17	3069160	3075355	18	1051376	1056247	placeholder
3	197530097	197538082	3	6898351	6901397	placeholder
17	9529587	9532221	18	6648029	6652119	placeholder
1	269941830	269943612	1	78039806	78041563	placeholder
1	138347527	138362693	1	221750502	221759948	placeholder
7	6312509	6320160	8	47385457	47394091	placeholder
1	153890669	153908381	1	204743588	204761176	placeholder
8	24570268	24594920	4	29448552	29468304	placeholder
11	8316991	8324157	9	11786538	11792595	placeholder
1	56722420	56723320	1	311949179	311950079	placeholder
1	274508300	274514686	1	72945244	72952049	placeholder
1	169200022	169266649	1	185808978	185910385	placeholder
1	202598687	202599560	1	152450197	152451065	placeholder
2	25533048	25542415	2	280557128	280565098	placeholder
2	18265919	18272655	2	289070757	289080954	placeholder
7	2582891	2595838	8	50821446	50830034	placeholder
1	257144325	257160403	1	92477358	92493389	placeholder
1	102545557	102563787	1	261839579	261857778	placeholder
3	48554490	48555384	3	167984905	167985799	placeholder
11	12557737	12561263	9	19288757	19293006	placeholder
8	22606094	22614125	4	27257572	27264824	placeholder
1	98491722	98497212	1	266293540	266298883	placeholder
2	167951333	167972473	2	120805381	120822562	placeholder
1	285003644	285004535	1	60920574	60921465	placeholder
16	11899647	11911538	16	1535735	1555475	placeholder
3	37424175	37432021	3	180253947	180262765	placeholder
19	5338339	5345652	19	8146375	8152584	placeholder
19	5461109	5463039	19	8254959	8257007	placeholder
2	8700272	8798173	2	305975847	305991076	placeholder
12	8361177	8363588	13	13993797	13996444	placeholder
1	187074360	187083196	1	169421290	169430956	placeholder
4	55036367	55039935	5	64261865	64265833	placeholder
6	1125099	1153463	4	190366816	190394674	placeholder
14	15080029	15094819	15	1633173	1648633	placeholder
4	38904472	38925812	5	41957490	41981878	placeholder
1	238839123	238849542	1	112610070	112619737	placeholder
1	194990387	195006042	1	160572175	160587268	placeholder
1	34707649	34708534	1	336086733	336087618	placeholder
2	169697580	169702537	2	118826966	118831916	placeholder
2	18948703	18960143	2	288172243	288203839	placeholder
17	6459442	6471181	18	4228847	4238158	placeholder
1	214918479	214935673	1	138701210	138717744	placeholder
3	94212603	94213455	3	118792741	118793593	placeholder
7	29130364	29142922	8	23244109	23257464	placeholder
1	50404155	50409130	1	318720401	318725943	placeholder
1	281347005	281359181	1	65010506	65025080	placeholder
17	8196851	8201116	18	7633139	7637767	placeholder
1	192757757	192769849	1	163105130	163119345	placeholder
1	193436955	193447570	1	162418705	162433138	placeholder
5	69036122	69054615	7	6875890	6922878	placeholder
1	64785259	64796625	1	303074685	303083502	placeholder
4	51164164	51169535	5	57038730	57047918	placeholder
1	224964945	224989821	1	127752929	127775471	placeholder
2	208938691	209015672	2	75168451	75253713	placeholder
15	13928487	13940701	14	3343264	3355213	placeholder
3	153399497	153416303	3	56855531	56871498	placeholder
5	46764623	46772155	6	14074398	14081031	placeholder
3	25732166	25736330	3	193523599	193527676	placeholder
2	207650944	207663239	2	76595034	76613589	placeholder
3	63642884	63653336	3	151112694	151123713	placeholder
3	100068641	100072049	3	115422648	115429285	placeholder
2	22475030	22484261	2	284272108	284277220	placeholder
19	224084	224975	19	9813899	9814793	placeholder
13	13758293	13766618	12	20856171	20867266	placeholder
1	71419570	71430767	1	296085848	296106078	placeholder
2	215428801	215442696	2	68220310	68243136	placeholder
1	207170940	207187765	1	147647181	147667169	placeholder
1	283509210	283551242	1	62571836	62612826	placeholder
2	8911911	8936038	2	309400691	309418042	placeholder
19	80743	83638	19	10015422	10017977	placeholder
7	27999693	28012565	8	24385075	24399303	placeholder
5	68350783	68360219	7	6349410	6359060	placeholder
3	61708029	61735276	3	153232864	153265060	placeholder
5	50227586	50230754	6	10523741	10525888	placeholder
3	202903178	202906836	3	603066	608620	placeholder
6	81185630	81224383	4	104834462	104855079	placeholder
5	37380061	37380940	6	24033723	24034602	placeholder
1	226319786	226322115	1	126188462	126192487	placeholder
6	24977235	24983952	4	161877946	161884331	placeholder
1	53801186	53808430	1	315210698	315222432	placeholder
12	9031999	9037567	13	12943221	12971491	placeholder
1	257309801	257322769	1	92252634	92303676	placeholder
12	4397666	4402933	13	19601731	19610059	placeholder
17	4122556	4127757	18	1860717	1865649	placeholder
14	10207303	10219373	15	7419542	7431405	placeholder
18	9348056	9348860	17	14914870	14915656	placeholder
5	39259869	39270425	6	21814331	21835464	placeholder
6	16886085	16907394	4	171117012	171139076	placeholder
1	131988055	132010362	1	228790768	228813330	placeholder
6	89181616	89188838	4	96141094	96155509	placeholder
1	268348600	268362906	1	79781391	79793586	placeholder
6	12889795	12899786	4	175736520	175751138	placeholder
2	97289388	97323679	2	200295887	200329794	placeholder
1	265268174	265285136	1	83356359	83371848	placeholder
12	10114266	10124525	13	10605886	10614749	placeholder
1	25288528	25293982	1	346411256	346416196	placeholder
1	49401635	49416134	1	319786032	319791600	placeholder
1	150193679	150203047	1	208777824	208781451	placeholder
19	2110888	2113774	19	4388738	4392078	placeholder
1	319558202	319564842	1	23906632	23913212	placeholder
1	26170786	26178960	1	345462299	345470108	placeholder
15	11815975	11822204	2	201403446	201497056	placeholder
7	14137997	14149147	8	39050916	39058247	placeholder
8	55327899	55353461	4	77798122	77826733	placeholder
19	4614832	4619523	19	7419058	7423418	placeholder
16	12251298	12253216	16	1144950	1147175	placeholder
6	85821213	85832662	4	99954478	99973367	placeholder
1	194892286	194897795	1	160695235	160702941	placeholder
18	8524843	8546272	17	14027128	14051329	placeholder
1	254741484	254742348	1	95064869	95065733	placeholder
4	89849200	89866806	5	98929519	98946330	placeholder
1	73176751	73186162	1	294196846	294207056	placeholder
11	18850891	18854159	9	27571798	27576004	placeholder
1	165481809	165493405	1	191029158	191038904	placeholder
1	287728898	287731961	1	57977856	57979670	placeholder
3	156906888	156911165	3	52786836	52792612	placeholder
15	16678785	16687782	14	469947	477450	placeholder
5	99744196	99758457	7	29706971	29712396	placeholder
2	207667909	207676090	2	76582294	76590653	placeholder
1	211793548	211799708	1	142357308	142362267	placeholder
2	97826616	97827474	2	199765215	199766073	placeholder
1	92855404	92877105	1	272262815	272284890	placeholder
6	84882667	84893085	4	103825391	103837195	placeholder
1	319354887	319362939	1	24122861	24131283	placeholder
2	89832874	89865248	2	208948552	208982127	placeholder
16	8077546	8082426	16	7416374	7446684	placeholder
1	261844406	261845264	1	87282670	87283513	placeholder
14	8207536	8217960	15	9951327	9961258	placeholder
1	61673109	61687240	1	306529200	306545420	placeholder
1	88472720	88476126	1	277181540	277184512	placeholder
10	7938831	7949914	11	10159663	10167552	placeholder
2	199317794	199326674	2	85585792	85599191	placeholder
3	68068687	68083691	3	146253201	146296213	placeholder
4	58287057	58315955	5	69681735	69705946	placeholder
1	223400365	223405759	1	129433995	129439306	placeholder
1	69660684	69678740	1	297882823	297895505	placeholder
13	1668403	1675124	12	3449536	3466481	placeholder
2	185787637	185789688	2	100837191	100839741	placeholder
1	295461490	295499022	1	49432275	49462735	placeholder
1	87683757	87697409	1	278154648	278175259	placeholder
1	53171958	53190608	1	315726390	315742929	placeholder
6	59442253	59450323	4	124907511	124914271	placeholder
3	148005459	148007004	3	62552522	62554031	placeholder
1	276994812	276998550	1	70262475	70269656	placeholder
3	119046249	119078625	3	94836716	94869569	placeholder
7	9014680	9028964	8	44754902	44765130	placeholder
7	80722813	80741705	10	14175013	14198102	placeholder
2	100379433	100393837	2	197008408	197020241	placeholder
2	126799428	126801676	2	166908998	166911149	placeholder
2	15390910	15398178	2	292629427	292648772	placeholder
4	42487466	42503701	5	45951150	45972804	placeholder
10	5322758	5327764	11	7233769	7241068	placeholder
16	11435811	11438545	16	2147508	2151424	placeholder
2	76957364	76973634	2	221839652	221862251	placeholder
19	5611251	5613803	19	8455531	8459976	placeholder
14	5035577	5039948	15	13934880	13939352	placeholder
3	103231650	103239597	3	112269742	112279707	placeholder
1	31053813	31054665	1	340020797	340021649	placeholder
3	40899701	40932452	3	176291084	176305926	placeholder
17	2250934	2255267	18	9699708	9703556	placeholder
6	76203661	76233911	4	107786005	107808492	placeholder
19	333186	336380	19	9733366	9736773	placeholder
5	31957318	31967013	6	30132288	30141070	placeholder
3	50472232	50481034	3	165943441	165953230	placeholder
8	44083195	44092397	4	49425887	49431754	placeholder
2	100320966	100328681	2	197103263	197111780	placeholder
11	8475153	8481049	9	11954731	11959831	placeholder
7	70475989	70515393	10	24968474	25013056	placeholder
1	340579600	340589603	1	469028	480255	placeholder
3	150231919	150240488	3	60293973	60303016	placeholder
1	49090090	49103329	1	320147659	320170460	placeholder
8	44452280	44455259	4	49778228	49780385	placeholder
3	14154856	14165120	3	206794392	206809879	placeholder
5	94010238	94015502	7	23864434	23869453	placeholder
2	158393782	158394406	2	131515435	131516059	placeholder
4	53231249	53248016	5	60670795	60694017	placeholder
3	64534972	64544898	3	150092670	150101907	placeholder
2	12300639	12312436	2	309259820	309267585	placeholder
2	226021126	226089532	2	56266981	56329339	placeholder
2	160856716	160880936	2	128578903	128608801	placeholder
14	16514005	16520638	15	343448	347840	placeholder
3	57118807	57147850	3	158309834	158343119	placeholder
2	31871776	31875803	2	273308672	273313229	placeholder
14	1445313	1447456	15	18499012	18501502	placeholder
4	93191241	93198507	5	102565879	102593166	placeholder
8	75330020	75339231	4	61506082	61515676	placeholder
3	35040490	35054858	3	183091116	183104546	placeholder
16	12050693	12051503	16	1374977	1375790	placeholder
15	1460130	1465592	14	20644337	20657151	placeholder
3	66233328	66239918	3	148298310	148303737	placeholder
4	24446558	24447386	5	25631884	25632700	placeholder
12	584630	585467	13	24555166	24556003	placeholder
2	159633883	159645863	2	129976007	129985685	placeholder
5	59054258	59068081	6	1264522	1293096	placeholder
6	36192078	36196198	4	149203742	149207783	placeholder
14	1242175	1244960	15	18729748	18732693	placeholder
2	32241488	32245485	2	272867501	272871653	placeholder
7	47659691	47660504	8	5386572	5387387	placeholder
10	16001659	16012408	11	17863797	17873987	placeholder
6	62301339	62307337	4	121636141	121642254	placeholder
10	10428399	10430480	11	13188112	13191185	placeholder
17	10734880	10738314	18	4944095	4948021	placeholder
8	49368224	49373582	4	54244172	54252475	placeholder
3	13144627	13145497	3	208078515	208079376	placeholder
7	72249386	72250202	10	23264896	23265745	placeholder
7	38550743	38583893	8	13230018	13252420	placeholder
15	15693886	15712644	14	1393994	1416435	placeholder
4	32331641	32332445	5	34285645	34286449	placeholder
3	202734335	202740733	3	782318	795286	placeholder
3	10482896	10497758	3	211416180	211437677	placeholder
19	361721	365011	19	9702114	9705228	placeholder
8	38029180	38036778	4	43300008	43305113	placeholder
14	9733441	9756565	15	7950765	7977797	placeholder
2	18508678	18515240	2	288789561	288796849	placeholder
14	9620754	9621606	15	8136027	8136882	placeholder
3	16072733	16094258	3	204347086	204373820	placeholder
3	199171788	199190098	3	4993229	5005113	placeholder
6	70311337	70318933	4	113156322	113165271	placeholder
1	115679516	115686260	1	246726812	246733549	placeholder
8	76349326	76357359	4	60334322	60342986	placeholder
3	51125888	51133530	3	165328962	165337058	placeholder
1	237365545	237396932	1	114167859	114201886	placeholder
1	317159486	317191045	1	26521095	26552334	placeholder
2	216252706	216260225	2	67240249	67245883	placeholder
6	95282177	95307831	4	94002230	94025614	placeholder
4	33981601	33986652	5	36301633	36307148	placeholder
2	129567894	129585846	2	161558551	161598596	placeholder
13	711571	713925	12	1299710	1302271	placeholder
3	49527192	49538011	3	166913375	166928631	placeholder
6	72847179	72848007	4	110345179	110345996	placeholder
6	44858433	44861567	4	140085216	140087618	placeholder
17	2125357	2140485	18	9803852	9826242	placeholder
2	163305303	163390545	2	125883690	126024946	placeholder
14	4831418	4833734	15	14203276	14206099	placeholder
2	150997574	150999717	2	139706149	139708922	placeholder
17	10369657	10373524	18	5465439	5469460	placeholder
8	78955207	78961560	4	78730476	78735836	placeholder
3	167342435	167371330	3	41104911	41139005	placeholder
1	142118263	142124614	1	217464520	217473288	placeholder
1	178268392	178271854	1	177824496	177829730	placeholder
2	240869385	240875968	2	38948551	38954349	placeholder
3	187292758	187301915	3	165368693	165378281	placeholder
11	219179	231491	9	946236	954820	placeholder
2	106016739	106030166	2	190788066	190808121	placeholder
1	22908179	22909007	1	349047947	349048775	placeholder
3	122826208	122862881	3	90378473	90410560	placeholder
1	178424222	178427669	1	177697211	177701487	placeholder
1	34766406	34770451	1	336018566	336075450	placeholder
6	23681373	23700502	4	163348130	163370306	placeholder
8	62417900	62472583	4	82023946	82073986	placeholder
4	21969591	21973580	5	22985886	22990374	placeholder
3	40179286	40181999	3	176995055	176997802	placeholder
4	6363320	6372653	5	6095395	6105467	placeholder
12	301006	304935	13	24828479	24832227	placeholder
2	241466255	241487402	2	38289222	38312668	placeholder
6	31572528	31576764	4	154103217	154106981	placeholder
1	104368096	104398614	1	259820772	259847832	placeholder
6	22510653	22555382	4	164585584	164638107	placeholder
6	3222482	3242582	4	186031220	186052685	placeholder
10	11136651	11144432	11	14165896	14176424	placeholder
8	67442160	67451290	4	70314961	70319822	placeholder
3	120330781	120334766	3	93405124	93409532	placeholder
1	52533412	52596679	1	316422823	316496393	placeholder
8	8114356	8121267	4	10733872	10734622	placeholder
1	36032237	36037826	1	334662267	334669987	placeholder
7	17486564	17492128	8	35396590	35403410	placeholder
6	61226730	61364743	4	122670765	122798339	placeholder
3	62847104	62877785	3	151943556	151972093	placeholder
3	61952450	61953263	3	153110130	153110942	placeholder
1	208667373	208682150	1	145925300	145935581	placeholder
2	236974860	236997731	2	43636246	43661702	placeholder
1	104618577	104628266	1	259559109	259570886	placeholder
2	200143860	200150933	2	84750000	84762882	placeholder
5	32052606	32066785	6	30043678	30054909	placeholder
1	226188701	226221860	1	126292756	126321202	placeholder
4	76943826	77008791	5	87806785	87832193	placeholder
1	251522801	251568642	1	98357604	98403168	placeholder
7	17494320	17512618	8	35383570	35394019	placeholder
1	313470792	313482485	1	30633796	30642289	placeholder
8	22657135	22679235	4	27302590	27319120	placeholder
3	67298402	67306292	3	147105380	147113464	placeholder
5	40947318	40952515	6	20159257	20162044	placeholder
17	9475873	9481164	18	11780080	11786222	placeholder
15	6148725	6154184	14	11995426	12001471	placeholder
3	15994668	16001382	3	204459090	204469114	placeholder
2	195304687	195315620	2	89745360	89755207	placeholder
2	97037993	97059033	2	200577821	200602154	placeholder
3	47595947	47598342	3	169171419	169173806	placeholder
6	62277019	62295533	4	121649060	121673038	placeholder
1	277972325	277974700	1	69272779	69275621	placeholder
2	191498295	191507330	2	94432097	94440776	placeholder
3	28762959	28770011	3	189876988	189884229	placeholder
13	10271083	10271890	12	17021559	17022366	placeholder
13	7419475	7426028	12	13468859	13510171	placeholder
8	22254053	22313554	4	26892159	26944650	placeholder
5	31367810	31375888	6	30772240	30779603	placeholder
1	11781105	11799406	1	361294100	361312014	placeholder
8	76701902	76710293	4	59996746	60002335	placeholder
6	71016541	71034314	4	112427200	112460100	placeholder
1	249458028	249487122	1	100603485	100630229	placeholder
1	81063247	81067862	1	285342477	285347435	placeholder
4	98708621	98710938	5	108831217	108833525	placeholder
6	68040762	68163630	4	115467370	115608699	placeholder
17	2149170	2166597	18	9782508	9794262	placeholder
2	184933753	184935532	2	101781348	101783198	placeholder
2	190589678	190624297	2	95336290	95377298	placeholder
2	160127119	160132411	2	129442930	129455343	placeholder
3	37908290	37915933	3	179704169	179710929	placeholder
8	11144088	11160918	4	14082880	14101108	placeholder
17	10015948	10017796	18	5496792	5502069	placeholder
1	27115016	27122130	1	344345048	344361460	placeholder
7	50864174	50903716	8	1102883	1120768	placeholder
3	168519057	168536899	3	39771889	39791340	placeholder
16	1377895	1380509	16	15519837	15523655	placeholder
1	80525011	80542438	1	285935722	285953120	placeholder
15	3493631	3499096	14	16515086	16524176	placeholder
8	49302252	49328278	4	54135643	54155296	placeholder
7	26101433	26103857	8	26276871	26278725	placeholder
12	17319478	17339336	13	2229921	2255614	placeholder
4	69913924	69954851	5	85239037	85254136	placeholder
17	11032907	11033699	18	4641800	4642592	placeholder
16	9386969	9391256	16	5310017	5317560	placeholder
14	7060443	7065364	15	11330055	11337228	placeholder
2	226101434	226102199	2	56250784	56251555	placeholder
4	9780398	9782105	5	9184347	9186040	placeholder
2	84049990	84050728	2	214958528	214959269	placeholder
2	129532754	129538076	2	161518583	161535236	placeholder
5	5487818	5492862	6	62568776	62577331	placeholder
3	32830483	32848615	3	185488110	185506677	placeholder
1	255366356	255393761	1	94319018	94347479	placeholder
5	99301871	99307606	7	29281822	29293786	placeholder
3	28420127	28431937	3	190264055	190282380	placeholder
1	74651681	74686215	1	292379603	292415670	placeholder
1	25794889	25809798	1	345876851	345892222	placeholder
16	11042279	11043038	16	215303	216038	placeholder
2	33727580	33737460	2	271049974	271057505	placeholder
10	6283376	6296776	11	8317850	8331224	placeholder
1	51596797	51605799	1	317527116	317541130	placeholder
8	44525644	44526313	4	49847672	49848341	placeholder
3	159044633	159045422	3	50450131	50450896	placeholder
6	4179096	4198833	4	184962070	184982114	placeholder
2	51317079	51328272	2	251012452	251022875	placeholder
2	128176973	128183577	2	165210637	165216620	placeholder
8	11096794	11104635	4	14030968	14036825	placeholder
13	2705636	2710424	12	5768392	5778052	placeholder
5	20647869	20648658	6	41994563	41995352	placeholder
13	1479235	1490881	12	2998644	3058029	placeholder
3	200799305	200819571	3	3323107	3348367	placeholder
8	38837171	38864901	4	44143831	44166339	placeholder
10	7618070	7660576	11	9830878	9883747	placeholder
4	78031489	78037150	5	88140204	88145569	placeholder
1	239572300	239583146	1	111810917	111821422	placeholder
13	7564835	7570230	12	13677526	13691830	placeholder
1	152880150	152901618	1	205821003	205865488	placeholder
5	419600	425789	6	61943681	61948350	placeholder
1	292770892	292785058	1	52472311	52487093	placeholder
6	71967399	71983249	4	111494385	111512169	placeholder
3	120613146	120624580	3	93117546	93130468	placeholder
16	7151948	7156727	16	8580940	8587834	placeholder
1	126232140	126237010	1	235119714	235131168	placeholder
3	63537420	63545510	3	151268843	151277120	placeholder
17	8207204	8210759	18	7644325	7649964	placeholder
2	127968619	127974571	2	165450450	165458347	placeholder
3	27289407	27310453	3	191648428	191669461	placeholder
10	9013538	9016333	11	11289137	11291857	placeholder
5	86165063	86167974	7	17229597	17232979	placeholder
5	36370568	36376605	6	25214715	25219992	placeholder
6	98662098	98666984	4	89026215	89037597	placeholder
7	64066882	64121463	10	28155845	28188303	placeholder
19	154746	155935	19	9913628	9915329	placeholder
3	173517467	173524569	3	34354722	34359867	placeholder
2	199947706	199959287	2	84932861	84947338	placeholder
8	19664213	19682718	4	23893715	23912570	placeholder
15	13736575	13744051	14	3514428	3520326	placeholder
14	15795426	15799596	15	856591	860431	placeholder
17	9955066	9958290	18	5995372	5999483	placeholder
3	50648363	50656778	3	165743657	165752449	placeholder
2	247707900	247720483	2	31410992	31421413	placeholder
18	9668407	9674040	17	15250467	15256169	placeholder
1	191921613	191929563	1	164071911	164080506	placeholder
19	2994619	3004044	19	5584815	5602137	placeholder
5	56422293	56427023	6	4188541	4193704	placeholder
2	21461974	21467661	2	285312026	285317212	placeholder
1	195844793	195856504	1	159733572	159745277	placeholder
5	26719362	26736431	6	35399370	35415376	placeholder
4	91750572	91751352	5	100947572	100948352	placeholder
1	199863926	199867354	1	155630636	155635209	placeholder
1	68487294	68496616	1	299125667	299144435	placeholder
3	28658183	28675400	3	190008115	190027794	placeholder
17	10505894	10510309	18	5249437	5257478	placeholder
2	2377968	2392987	2	299049324	299064665	placeholder
19	855269	856461	19	9056547	9058200	placeholder
19	7196561	7200345	19	925067	932322	placeholder
5	120603322	120607312	7	51695349	51700768	placeholder
16	11350294	11353897	16	2266266	2272156	placeholder
2	203325022	203331644	2	81387610	81394240	placeholder
3	32382143	32399501	3	185988165	186008075	placeholder
1	323520687	323523204	1	19277940	19280267	placeholder
7	14011553	14021577	8	39191583	39204482	placeholder
4	47009866	47010640	5	51186397	51187171	placeholder
8	38599633	38603721	4	43909942	43913021	placeholder
8	78419544	78426717	4	57968651	57976381	placeholder
1	27662686	27666939	1	343794587	343800121	placeholder
14	13373083	13375836	15	3461744	3463303	placeholder
10	4637058	4637811	11	6512133	6512895	placeholder
13	10296015	10301671	12	17057517	17064910	placeholder
2	34372735	34379845	2	270445661	270451640	placeholder
5	120842534	120843314	7	51920642	51923770	placeholder
4	98808814	98819920	5	108926282	108938367	placeholder
12	1737246	1743880	13	23193967	23203471	placeholder
7	33508222	33508735	8	18878416	18878926	placeholder
8	62976284	62987406	4	82595518	82605640	placeholder
3	35936966	35943526	3	181979279	181991301	placeholder
1	96290330	96296583	1	268588076	268596568	placeholder
4	131327812	131337848	5	150131015	150143344	placeholder
3	147656426	147661498	3	62858460	62864414	placeholder
5	96993879	96999990	7	26876005	26887931	placeholder
2	747341	757961	2	297273379	297285750	placeholder
3	88131677	88144999	3	124144227	124159204	placeholder
2	92024807	92031833	2	206619669	206626624	placeholder
1	276527981	276543718	1	70738653	70748914	placeholder
6	38481516	38485403	4	146769106	146774877	placeholder
19	2864200	2868137	19	5768990	5774698	placeholder
15	4758677	4765434	14	14167161	14173766	placeholder
1	291903114	291917870	1	53505251	53519240	placeholder
4	83226179	83233981	5	93533358	93539752	placeholder
1	276900305	276901073	1	70387538	70388306	placeholder
3	163289993	163296818	3	45600480	45607066	placeholder
8	23446127	23452768	4	28185670	28192811	placeholder
2	181240681	181249336	2	105887054	105892045	placeholder
1	18691347	18700150	1	353722494	353731814	placeholder
13	11081951	11089776	12	18005520	18016294	placeholder
1	246918795	246942915	1	103386270	103412097	placeholder
5	30400036	30407851	6	31727622	31736761	placeholder
7	70741667	70744028	10	24765915	24768242	placeholder
3	172890251	172896884	3	35051930	35056517	placeholder
5	74781124	74822154	7	9973433	9984589	placeholder
3	150548369	150552248	3	59964206	59971157	placeholder
7	19486662	19520378	8	33310059	33324210	placeholder
1	324259902	324269439	1	18454758	18465474	placeholder
4	29177610	29185843	5	30533398	30546723	placeholder
2	8799761	8812996	2	305995415	306003924	placeholder
3	42043216	42059794	3	175210297	175218035	placeholder
3	147023874	147039666	3	63510812	63518123	placeholder
7	24466378	24472728	8	27970608	27977412	placeholder
14	5233574	5238663	15	13654123	13659394	placeholder
2	73754069	73755520	2	225468690	225470148	placeholder
1	104104595	104124960	1	260084268	260110923	placeholder
5	41018979	41024704	6	20063579	20073655	placeholder
1	18305097	18310616	1	354118990	354125438	placeholder
1	179472307	179557235	1	176746680	176806612	placeholder
16	11642444	11644982	16	1890079	1892989	placeholder
1	269236436	269238997	1	78787964	78790208	placeholder
1	292690304	292712093	1	52546979	52571421	placeholder
1	33172154	33186649	1	337717243	337731984	placeholder
11	5248668	5267255	9	7806174	7829827	placeholder
3	178919263	178948745	3	28299869	28331294	placeholder
3	147063390	147064919	3	63470051	63471582	placeholder
2	90311999	90326213	2	208490547	208493725	placeholder
6	40515661	40524632	4	144577932	144585587	placeholder
3	191812422	191821978	3	13352788	13361780	placeholder
1	336576769	336588187	1	4625426	4640848	placeholder
10	6918159	6935391	11	9009659	9023270	placeholder
2	191808132	191821247	2	93984392	94061732	placeholder
11	320756	323927	9	826085	877978	placeholder
2	76065372	76069847	2	222863696	222868991	placeholder
3	25364648	25365395	3	193913719	193914466	placeholder
2	177513342	177532222	2	110033017	110056361	placeholder
5	16493132	16551046	6	46463504	46469274	placeholder
1	89992833	90005669	1	275526315	275539908	placeholder
3	30225208	30228152	3	188325007	188328302	placeholder
1	102033226	102045079	1	262406661	262417620	placeholder
16	1384889	1392249	16	15510538	15515374	placeholder
7	21861268	21866449	8	30762649	30769023	placeholder
1	67819677	67827706	1	299809685	299817407	placeholder
12	1730096	1740888	13	23154550	23214824	placeholder
3	92470809	92492839	3	119946987	119959987	placeholder
3	61934861	61946767	3	153118989	153131009	placeholder
17	4423788	4428916	18	2145320	2148241	placeholder
2	100664161	100669765	2	196693162	196700730	placeholder
2	180411887	180417725	2	106815286	106822235	placeholder
5	122487215	122506047	7	53506596	53525007	placeholder
3	32854132	32863269	3	185476449	185482552	placeholder
14	5441897	5444492	15	13415376	13418585	placeholder
3	197178831	197205346	3	7245870	7282664	placeholder
1	331334723	331346378	1	10099300	10104495	placeholder
10	6509375	6514097	11	8524344	8529520	placeholder
1	31008833	31009577	1	340054868	340055612	placeholder
5	18092663	18108022	6	44683049	44698865	placeholder
8	68755661	68760650	4	69334130	69338803	placeholder
1	87289048	87289786	1	278618142	278618880	placeholder
2	131330801	131338909	2	163320460	163330955	placeholder
3	62156572	62157310	3	152894070	152894808	placeholder
11	2942685	2952434	9	4017626	4032678	placeholder
3	29681367	29684479	3	188912418	188917891	placeholder
6	57457845	57489327	4	126999311	127033850	placeholder
1	322475354	322480233	1	20523543	20529551	placeholder
5	87232760	87249097	7	17988571	17996829	placeholder
1	178307659	178319494	1	177788895	177800471	placeholder
7	33225792	33226469	8	19137372	19138068	placeholder
1	80456980	80480485	1	286013069	286032793	placeholder
11	8840002	8845704	9	12407310	12411956	placeholder
14	327515	331421	15	19670512	19675397	placeholder
18	7919843	7925107	17	13169771	13176644	placeholder
4	23141536	23142271	5	24253154	24253889	placeholder
1	207245286	207253447	1	147570655	147580563	placeholder
2	18501506	18505536	2	288801087	288805168	placeholder
3	100512890	100519898	3	115035051	115049496	placeholder
1	279153707	279160029	1	67662337	67670495	placeholder
2	216284890	216292693	2	67197752	67203348	placeholder
4	36102970	36111085	5	38812734	38820784	placeholder
2	149346299	149351211	2	141078815	141083632	placeholder
8	77252959	77253589	4	59400542	59401172	placeholder
5	20794147	20798629	6	41827699	41834708	placeholder
5	13434865	13437159	6	50042503	50045981	placeholder
17	10147267	10149575	18	5682613	5687198	placeholder
7	55042979	55085689	8	3228764	3244095	placeholder
12	157890	159264	13	24973636	24974917	placeholder
1	139229602	139242245	1	220678577	220691091	placeholder
3	166916586	166917306	3	41532894	41533623	placeholder
1	300006988	300012757	1	44466627	44471564	placeholder
5	51274813	51285179	6	9491541	9497744	placeholder
5	29311547	29342158	6	32778652	32821848	placeholder
14	387112	388605	15	19615916	19617264	placeholder
1	280489106	280524600	1	65938856	65980773	placeholder
2	105008369	105033742	2	191949154	191963169	placeholder
14	2316993	2319943	15	17414049	17418574	placeholder
19	3364951	3369142	19	5876474	5882875	placeholder
6	49159811	49172164	4	135701438	135711700	placeholder
6	57198996	57222766	4	127261978	127284512	placeholder
3	104457457	104466397	3	110820073	110830557	placeholder
1	284082576	284089228	1	62007858	62012981	placeholder
6	42661157	42663899	4	142381772	142384809	placeholder
4	51950937	51984709	5	58275078	58359335	placeholder
7	51229128	51271509	8	1242644	1281214	placeholder
3	183179571	183189550	3	23722218	23731185	placeholder
14	16041545	16065113	15	689963	705010	placeholder
1	149261527	149262250	1	209826566	209827289	placeholder
5	9685378	9689614	6	53944860	53946847	placeholder
4	91346138	91360617	5	100519083	100528745	placeholder
6	24987950	25001538	4	161862617	161870609	placeholder
5	30819616	30826776	6	31298634	31307890	placeholder
1	12266487	12282527	1	360766596	360775253	placeholder
2	195539	196259	18	11575081	11575801	placeholder
1	94914839	94941081	1	270093496	270120477	placeholder
1	69922636	69927827	1	297628534	297633921	placeholder
1	63936136	63942006	1	304012401	304016458	placeholder
14	15051660	15057318	15	1671518	1677444	placeholder
5	13227899	13233721	6	50180816	50198064	placeholder
11	22658948	22660578	9	31652082	31653766	placeholder
14	13701195	13701837	15	3140706	3141360	placeholder
4	63645357	63653831	5	78888385	78900516	placeholder
11	17589335	17594438	9	25963725	25976550	placeholder
2	182204474	182214344	2	104820402	104838033	placeholder
14	3806376	3810458	15	15515122	15518081	placeholder
15	7433967	7438643	14	10395651	10401321	placeholder
4	29877062	29882229	1	199478065	199493957	placeholder
1	117197797	117208471	1	245113125	245123415	placeholder
13	8616442	8619434	12	15149881	15153093	placeholder
6	51923820	51931579	4	132646809	132661728	placeholder
2	84998724	85002095	2	214046284	214049163	placeholder
2	105840084	105856932	2	190426442	190452409	placeholder
1	65717172	65721586	1	302015609	302021631	placeholder
3	188400294	188407827	3	17491516	17498232	placeholder
4	81125543	81126182	5	95114384	95115023	placeholder
8	69338074	69344254	4	69619205	69625186	placeholder
1	99111041	99113958	1	265626758	265629387	placeholder
8	52249197	52273735	4	56479849	56496325	placeholder
1	216326628	216336173	1	137160255	137169510	placeholder
13	8721370	8722081	12	15254842	15255553	placeholder
3	25478344	25483648	3	193797801	193803067	placeholder
3	200126125	200131413	3	379769	389182	placeholder
14	1478287	1480312	15	18457841	18461106	placeholder
16	11925471	11928140	16	1515747	1519396	placeholder
12	18418858	18423955	13	3264921	3270855	placeholder
3	152419510	152423207	3	57956132	57960062	placeholder
3	146512858	146526210	3	64078125	64091827	placeholder
2	103844406	103866151	2	193314373	193333330	placeholder
5	53027669	53028374	6	7625208	7625903	placeholder
12	3569181	3574819	13	20743598	20751091	placeholder
6	12960884	12993324	4	175594092	175637584	placeholder
14	8710333	8715082	15	9340172	9345916	placeholder
4	85811429	85828384	5	91472821	91490529	placeholder
2	134135503	134136160	2	154125722	154126376	placeholder
12	497000	497879	13	24641460	24642339	placeholder
15	14125645	14132312	14	3170544	3177260	placeholder
2	197177592	197190918	2	87773378	87779700	placeholder
3	110415462	110432302	3	104476508	104489231	placeholder
15	902349	905505	14	22099299	22102496	placeholder
10	16031542	16036249	11	17889624	17895181	placeholder
15	1010527	1013672	14	22292702	22296552	placeholder
8	11129158	11138353	4	14066247	14076113	placeholder
13	18267143	18331559	12	25451215	25453500	placeholder
5	69536191	69586943	7	7390363	7415541	placeholder
5	88692701	88708053	7	18988390	19002089	placeholder
4	96607021	96611629	5	106519743	106532439	placeholder
8	37570576	37584179	4	42870616	42884270	placeholder
1	104440976	104446146	1	259763280	259769948	placeholder
2	209734113	209744781	2	74301591	74315994	placeholder
7	5187243	5188310	8	48517134	48545455	placeholder
1	100921256	100928467	1	263597610	263604905	placeholder
8	54811734	54812379	4	79266350	79266995	placeholder
1	205764075	205768391	1	149157549	149163387	placeholder
1	75268083	75285794	1	291616229	291632280	placeholder
10	6393568	6410029	11	8419870	8430837	placeholder
19	7191943	7227968	19	933231	936954	placeholder
1	31741757	31750166	1	339333872	339345708	placeholder
5	32415328	32418633	6	29609490	29612749	placeholder
11	1020650	1027644	9	1233230	1240038	placeholder
5	59968952	59970169	6	468971	477478	placeholder
6	40905813	40911000	4	144129317	144135394	placeholder
3	119978668	119983476	3	93789199	93795450	placeholder
3	147105442	147109622	3	63425717	63429754	placeholder
3	45553782	45577076	3	171266217	171288833	placeholder
12	163559	164234	13	24968667	24969336	placeholder
5	16258378	16283585	6	46726714	46743541	placeholder
3	30547002	30555281	3	188074540	188084709	placeholder
1	93942873	93949163	1	271048037	271053784	placeholder
3	199864182	199919825	3	4252322	4320988	placeholder
5	13685211	13704781	6	49796721	49811301	placeholder
2	195055021	195055711	2	90039642	90040332	placeholder
3	59537065	59553351	3	155694986	155706469	placeholder
14	16369146	16391466	15	451760	460601	placeholder
4	2795099	2802582	5	2039271	2047204	placeholder
3	142422610	142430719	3	68553343	68564849	placeholder
11	3239511	3300787	9	4465304	4562957	placeholder
16	12841718	12843326	16	521704	523317	placeholder
3	49426346	49439463	3	167005291	167015175	placeholder
8	75815269	75827986	4	60954180	60966393	placeholder
7	31165169	31170919	8	21238737	21244432	placeholder
3	126932515	126951797	3	85865334	85884013	placeholder
1	270290847	270302642	1	77662389	77675382	placeholder
5	59571175	59594761	6	941843	956509	placeholder
11	10452585	10454415	9	16500166	16510110	placeholder
4	87824927	87833354	5	96537992	96546881	placeholder
6	40969049	40973392	4	144072535	144077263	placeholder
3	60372043	60381837	3	154769802	154780142	placeholder
1	69969412	69980037	1	297573783	297584028	placeholder
1	199439305	199452790	1	156062003	156072696	placeholder
3	150505749	150506418	3	60011203	60011872	placeholder
11	22448612	22451129	9	31460560	31464079	placeholder
1	148764468	148776398	1	210381239	210391057	placeholder
3	163301658	163314364	3	45581946	45594826	placeholder
11	20370448	20375915	9	29381181	29386861	placeholder
15	8171234	8177467	14	9491716	9501368	placeholder
13	5066412	5070426	12	9681157	9688237	placeholder
3	23483458	23492224	3	195973621	195984951	placeholder
1	1555380	1560605	1	372183994	372185780	placeholder
5	31740701	31752830	6	30334135	30349544	placeholder
2	230507557	230593904	2	51244100	51318614	placeholder
1	227684312	227684963	1	124658741	124659392	placeholder
6	26827192	26839895	4	159726351	159740395	placeholder
6	63687037	63694191	4	120205447	120215218	placeholder
13	2633208	2641374	12	5638812	5652198	placeholder
13	17025722	17032591	12	24291834	24298591	placeholder
3	105389507	105419792	3	109513450	109547332	placeholder
2	195323663	195327891	2	89732956	89737360	placeholder
4	13832853	13836668	5	14009768	14014037	placeholder
7	41317539	41322158	8	10618314	10621574	placeholder
1	243228894	243234314	1	107633242	107638484	placeholder
12	11361865	11365399	13	8750909	8754195	placeholder
14	7377559	7399236	15	10967434	10993419	placeholder
2	176023651	176029320	2	111734495	111742766	placeholder
7	14464643	14475292	8	38732564	38742715	placeholder
11	20456183	20459427	9	29472379	29475554	placeholder
6	23639699	23648508	4	163405744	163414328	placeholder
1	319300526	319309361	1	24172642	24182288	placeholder
6	36609536	36614202	4	148749754	148754026	placeholder
1	116356323	116377862	1	246002371	246032907	placeholder
6	49100059	49103870	4	135775869	135777840	placeholder
15	6877981	6882286	14	11107978	11110618	placeholder
7	74443948	74450668	10	20944613	20952110	placeholder
3	193845767	193849200	3	11204697	11208345	placeholder
17	3752583	3779174	18	1543506	1566711	placeholder
6	186136	188124	4	189415586	189418393	placeholder
4	87586630	87587689	5	96271560	96273117	placeholder
15	16426883	16429018	14	697132	698918	placeholder
6	30118608	30119343	4	155733048	155733783	placeholder
4	77673821	77764181	5	88019529	88037523	placeholder
4	40135286	40158527	5	43389747	43411030	placeholder
16	8445098	8449619	16	6590723	6595590	placeholder
17	10783014	10785145	18	4890732	4892834	placeholder
16	11776449	11778594	16	1713011	1716227	placeholder
4	123759470	123773233	5	139823492	139840117	placeholder
7	91879097	91909625	10	9227264	9263040	placeholder
16	13068473	13069415	16	270512	271516	placeholder
5	67306286	67355624	7	5568335	5576822	placeholder
4	98496765	98503296	5	108632797	108641515	placeholder
8	55892387	56072923	4	78094418	78234674	placeholder
1	340613237	340615678	1	451053	453457	placeholder
6	8820396	8824699	4	181004742	181010403	placeholder
16	10500906	10504677	16	3735213	3741545	placeholder
3	88359509	88366204	3	123885975	123892294	placeholder
1	207270472	207277559	1	147542336	147549172	placeholder
6	89667964	89676713	4	82784997	82795426	placeholder
1	180699246	180716990	1	175883482	175893239	placeholder
1	216317714	216319044	1	137176967	137178281	placeholder
2	34004911	34008932	2	270833723	270837802	placeholder
4	61503512	61504974	5	75865291	75868290	placeholder
7	17310802	17324398	8	35567732	35581232	placeholder
1	64130014	64137006	1	303801254	303808828	placeholder
3	153734284	153742180	3	56512622	56519182	placeholder
13	8712093	8714153	12	15244232	15247341	placeholder
2	163988528	163989209	2	125283854	125284535	placeholder
5	98232132	98232597	7	28146732	28147197	placeholder
1	153883459	153889403	1	204762859	204768184	placeholder
1	65531945	65548530	1	302171833	302186481	placeholder
1	302176729	302182645	1	42120059	42126627	placeholder
1	122949515	122962462	1	238675631	238687828	placeholder
5	64843885	64851100	7	3352563	3368130	placeholder
7	22848039	22854945	8	29647356	29652889	placeholder
1	373899	377571	1	374398291	374401524	placeholder
7	29066180	29080756	8	23304156	23321270	placeholder
4	60681732	60695113	5	74341423	74386644	placeholder
5	56450314	56465277	6	4152204	4175242	placeholder
3	28872364	28897209	3	189734013	189764480	placeholder
1	300929692	300937390	1	43445470	43469938	placeholder
17	3468	28393	18	11556703	11561854	placeholder
3	79437325	79460674	3	133290658	133310739	placeholder
1	208689948	208697562	1	145910054	145917424	placeholder
4	78347909	78414406	5	88281786	88287388	placeholder
2	76704248	76718060	2	222217304	222231904	placeholder
1	298523514	298544047	1	46019261	46041264	placeholder
7	5539862	5556215	8	48177211	48184710	placeholder
1	71157221	71164959	1	296364753	296374335	placeholder
12	9503000	9507645	13	12234086	12240284	placeholder
17	4270974	4279616	18	2003825	2010701	placeholder
2	19652649	19662226	2	287403000	287416448	placeholder
1	183620600	183630740	1	172972575	172976454	placeholder
6	58548555	58625877	4	125761170	125854391	placeholder
1	289446176	289450516	1	56140378	56145137	placeholder
16	5126817	5130460	16	11046443	11050218	placeholder
6	60094046	60098006	4	124170874	124179098	placeholder
1	10772773	10785542	1	362344393	362352209	placeholder
2	155184353	155236173	2	134973421	135029301	placeholder
2	198914125	198917228	2	86029712	86032904	placeholder
4	20587268	20589924	5	21441907	21524327	placeholder
8	22054936	22056332	4	26660771	26662198	placeholder
7	58360986	58388411	8	4723643	4767946	placeholder
6	53094814	53232352	4	131284011	131417253	placeholder
1	211244265	211262636	1	143038466	143062216	placeholder
4	88429057	88442522	5	96975573	96986343	placeholder
1	96183401	96190216	1	268726966	268739028	placeholder
7	80970608	80998761	10	13900940	13935212	placeholder
11	10454717	10459376	9	16510439	16514206	placeholder
8	2607522	2613758	4	602375	610819	placeholder
1	292759061	292767239	1	52491386	52498886	placeholder
7	13691892	13695517	8	39541629	39546856	placeholder
1	48896629	48911911	1	320364944	320380427	placeholder
6	12647375	12654676	4	176013311	176020627	placeholder
11	18159149	18185362	9	26677535	26694829	placeholder
1	190080565	190082706	1	166143600	166145396	placeholder
2	21856531	21863415	2	284874191	284879154	placeholder
10	93483	105631	11	553409	562166	placeholder
5	92451926	92466680	7	22452233	22470162	placeholder
6	70948738	70954713	4	112514836	112523305	placeholder
8	62399927	62411446	4	82009659	82019680	placeholder
1	261554129	261560281	1	87409416	87416851	placeholder
2	159507744	159508374	2	130192905	130193535	placeholder
16	8862864	8867015	16	6015593	6019616	placeholder
16	8747996	8761696	16	6145416	6165712	placeholder
16	12168178	12170042	16	1224795	1226647	placeholder
3	166763976	166815126	3	41716615	41773655	placeholder
1	193529368	193595726	1	162252598	162326903	placeholder
6	38152316	38174546	4	147122817	147150556	placeholder
3	20381191	20392822	3	199507757	199518594	placeholder
3	126976863	126978751	3	85831813	85834149	placeholder
2	155146105	155149897	2	135066788	135071238	placeholder
1	149325196	149332024	1	209781256	209787846	placeholder
1	48869365	48872563	1	320412867	320415900	placeholder
1	311964523	311971635	1	32277162	32289676	placeholder
4	100695135	100698589	5	111097738	111101358	placeholder
15	11002502	11003138	14	6373263	6373896	placeholder
7	20657072	20660694	8	32005678	32009398	placeholder
6	19556540	19574147	4	167983918	167997934	placeholder
4	4598152	4608126	5	3731899	3741651	placeholder
2	24838046	24843015	2	281333080	281336335	placeholder
12	10890271	10910985	13	9374264	9404038	placeholder
3	171749336	171753625	3	36460286	36467950	placeholder
5	13190977	13194495	6	50233006	50241049	placeholder
2	188317565	188322880	2	97861842	97866066	placeholder
14	557385	557991	15	19456627	19457233	placeholder
14	16128136	16134458	15	626977	634032	placeholder
11	13200153	13211874	9	20092435	20108893	placeholder
1	192793004	192797407	1	163083647	163088045	placeholder
10	1580773	1586475	11	267799	272173	placeholder
1	167342601	167349240	1	188601716	188618894	placeholder
19	7595033	7604135	19	37561	55859	placeholder
1	323826794	323841896	1	18927911	18939536	placeholder
12	4499014	4502746	13	19465212	19470959	placeholder
2	64671214	64685424	2	236056385	236070006	placeholder
8	75025323	75032966	4	61859029	61868537	placeholder
1	46892089	46892662	1	322544864	322545437	placeholder
2	16634066	16645688	2	291097087	291115577	placeholder
3	155884611	155888417	3	54023354	54027810	placeholder
6	61511096	61517538	4	122506289	122511546	placeholder
1	322447973	322448585	1	20553053	20553665	placeholder
10	15982980	15983598	11	17845367	17845982	placeholder
7	31683448	31698236	8	20706524	20713825	placeholder
8	38562587	38570043	4	43871397	43878170	placeholder
2	154320436	154326209	2	135998150	136002824	placeholder
16	2340275	2348154	16	14507807	14512775	placeholder
3	69338878	69342612	3	144889679	144894501	placeholder
3	88037252	88041658	3	124241416	124248072	placeholder
4	77567455	77614326	5	87961000	88000954	placeholder
3	148910475	148916573	3	61527207	61533848	placeholder
11	22758390	22761345	9	31745412	31748363	placeholder
4	85226435	85238516	5	91984786	91999813	placeholder
2	47063191	47067528	2	255634524	255645871	placeholder
5	9237075	9243630	6	54224557	54230438	placeholder
4	35905701	35909208	5	38631713	38635261	placeholder
1	164314990	164319213	1	192637133	192643191	placeholder
14	3729322	3729838	15	15597610	15598126	placeholder
13	2348193	2370130	12	5081453	5105528	placeholder
1	322403588	322409111	1	20593644	20600141	placeholder
6	22932687	22946958	4	164145557	164166673	placeholder
2	18871153	18878659	2	288348510	288362427	placeholder
6	18097288	18113782	4	169674696	169696103	placeholder
3	163183721	163195801	3	45710532	45720740	placeholder
1	226696650	226698708	1	125807580	125809260	placeholder
2	154924588	154927276	2	135309690	135313140	placeholder
1	82136437	82147210	1	284286630	284296914	placeholder
13	7625153	7629411	12	13790671	13796455	placeholder
15	12888118	12890977	14	4289827	4291938	placeholder
7	33749014	33759374	8	18651259	18657111	placeholder
8	74370634	74379033	4	62558152	62563691	placeholder
6	98746494	98752454	4	88865451	88884724	placeholder
3	148395538	148465222	3	62029993	62105689	placeholder
8	25625821	25660689	4	30649942	30683767	placeholder
4	81468746	81472958	5	94913015	94917252	placeholder
3	200705348	200724359	3	3438910	3455062	placeholder
5	68906581	68970386	7	6774426	6794254	placeholder
2	38680823	38683861	2	265364883	265367884	placeholder
1	268963445	268967264	1	79067310	79070802	placeholder
7	49668921	49679773	8	526790	540894	placeholder
6	12681175	12687137	4	175971675	175989058	placeholder
2	157171646	157174902	2	132945423	132950239	placeholder
1	336767970	336771341	1	4447384	4450970	placeholder
1	185089536	185094365	1	171555182	171559017	placeholder
16	9961984	9971100	16	4484395	4500912	placeholder
4	25301754	25325846	5	26459547	26474690	placeholder
8	25925588	25934084	4	30972146	30980664	placeholder
15	10366916	10391522	14	6979770	6980331	placeholder
11	19447931	19451204	9	28226415	28231565	placeholder
5	24745722	24758137	6	37464660	37479683	placeholder
1	318755328	318758376	1	24762514	24765097	placeholder
8	8840174	8849433	4	11562114	11577167	placeholder
4	41101387	41148805	5	44425719	44478843	placeholder
14	5920384	5928631	15	12385407	12393601	placeholder
1	321024235	321051239	1	22145237	22166305	placeholder
14	15790508	15794341	15	861518	863546	placeholder
6	31158077	31217270	4	154567809	154615325	placeholder
6	46621653	46635071	4	138333519	138345117	placeholder
2	151844557	151848514	2	138855543	138859077	placeholder
7	28874984	28880756	8	23495799	23502157	placeholder
2	99803811	99812984	2	197641916	197668540	placeholder
19	3100736	3102682	19	5445231	5447977	placeholder
16	10086006	10098203	16	4308359	4329968	placeholder
3	89943451	89984166	3	122310679	122349960	placeholder
8	28984128	29009467	4	34025315	34044659	placeholder
3	92638879	92748571	3	119811618	119842788	placeholder
3	168486132	168490813	3	39811521	39817006	placeholder
7	28765478	28772025	8	23602671	23607842	placeholder
3	68163324	68202004	3	146115577	146158514	placeholder
1	267352175	267356463	1	80852836	80858024	placeholder
1	178233275	178238945	1	177847971	177851332	placeholder
6	41118769	41130002	4	143910919	143921892	placeholder
3	197470157	197491490	3	6949448	6975773	placeholder
1	294068159	294072790	1	51028848	51033038	placeholder
6	38445950	38448441	4	146809050	146810258	placeholder
6	38370194	38381342	4	146898718	146909443	placeholder
3	92865791	92880368	3	119727370	119757027	placeholder
1	71147734	71151892	1	296380165	296384280	placeholder
8	622855	624529	4	8588861	8593119	placeholder
6	44846683	44851891	4	140093730	140097862	placeholder
1	12263218	12264739	1	360792981	360794989	placeholder
2	174393185	174399553	2	113544739	113552967	placeholder
11	20678536	20682749	9	29765251	29769634	placeholder
1	61844510	61852462	1	306357099	306362712	placeholder
15	8853369	8881253	14	8649920	8679865	placeholder
7	33385247	33394321	8	18960872	18968453	placeholder
1	267155047	267161513	1	81053215	81063964	placeholder
7	22097499	22109116	8	30486074	30501683	placeholder
1	205928129	205933669	1	149106477	149115180	placeholder
2	209838299	209838896	2	74218709	74219300	placeholder
3	64043598	64048280	3	150618868	150623402	placeholder
3	160191995	160202484	3	49341971	49351042	placeholder
2	122908565	122919621	2	170966002	170977276	placeholder
5	36383699	36396095	6	25196988	25206333	placeholder
17	7885402	7896967	1	270117854	270118406	placeholder
3	147814529	147821312	3	62696317	62702905	placeholder
5	50189852	50192716	6	10566165	10577787	placeholder
2	185867117	185870823	2	100763550	100766922	placeholder
1	23846941	23860676	1	347973713	347985323	placeholder
3	110567946	110574702	3	104318788	104327390	placeholder
4	100716346	100720665	5	111121563	111125679	placeholder
2	214892170	214894185	2	68788121	68791757	placeholder
5	122190876	122201105	7	53241744	53251357	placeholder
5	31100818	31113028	6	30968115	30989994	placeholder
5	7958738	7965841	6	55482583	55486406	placeholder
16	12477456	12479296	16	896294	898351	placeholder
19	199729	201396	19	9845447	9865805	placeholder
8	35445055	35457194	4	40896437	40905561	placeholder
1	238179295	238193291	1	113300267	113317159	placeholder
10	7409053	7413226	11	9570274	9574016	placeholder
7	29455189	29457452	8	22935297	22938280	placeholder
12	11216472	11221791	13	8929623	8935915	placeholder
1	33080674	33082257	1	337808426	337809991	placeholder
19	1556365	1565033	19	301229	312123	placeholder
1	263487983	263526400	1	85427307	85495855	placeholder
7	48309406	48312633	8	5012978	5016405	placeholder
1	50655444	50664485	1	318516009	318521709	placeholder
16	3999798	4004101	16	12336621	12342512	placeholder
2	59111734	59120363	2	242456199	242462013	placeholder
16	11431729	11434606	16	2153032	2156315	placeholder
4	28599399	28599993	5	29881812	29882406	placeholder
1	331222761	331223355	1	10262429	10263023	placeholder
11	10397447	10401520	9	16387232	16391779	placeholder
2	168112725	168116182	2	120658854	120661974	placeholder
2	175999424	176004892	2	111768720	111773539	placeholder
1	211131841	211142373	1	143190993	143199978	placeholder
3	99938674	99954935	3	115536284	115567681	placeholder
8	44781156	44808001	4	50122523	50149044	placeholder
15	12917227	12917722	14	4266727	4267225	placeholder
12	13089754	13096225	13	6359220	6365911	placeholder
2	151545378	151549078	2	139143997	139147853	placeholder
1	116575158	116582178	1	245775521	245781326	placeholder
1	293333588	293335195	1	51856797	51858351	placeholder
3	153472864	153489230	3	56768293	56784172	placeholder
13	11128549	11132938	12	18064001	18066596	placeholder
2	103535565	103538813	2	193636021	193639070	placeholder
19	2105305	2108879	19	4395057	4402922	placeholder
3	32653728	32666002	3	185677638	185694095	placeholder
14	7292621	7296124	15	11079330	11083270	placeholder
14	14512812	14518860	15	2225592	2228541	placeholder
6	86036079	86049920	4	99731245	99740884	placeholder
6	44221877	44231108	4	140751445	140759550	placeholder
1	195014176	195046733	1	160540922	160565582	placeholder
2	40922808	40924102	2	262822412	262829846	placeholder
3	59778572	59780239	3	155467729	155469234	placeholder
7	26836755	26843506	8	25598234	25604047	placeholder
14	5784980	5788035	15	12236071	12240870	placeholder
5	56125128	56129180	6	4542653	4550120	placeholder
1	315475279	315481141	1	28391297	28397424	placeholder
1	81780158	81782288	1	284628135	284630923	placeholder
1	164281373	164288985	1	192669956	192679083	placeholder
19	3246394	3274868	19	5215976	5248401	placeholder
16	2150657	2162132	16	14699293	14708307	placeholder
16	11700227	11702583	16	1817244	1823594	placeholder
17	4287121	4294277	18	2016728	2023085	placeholder
7	28313833	28318761	8	24043984	24050763	placeholder
1	204536239	204539119	1	150564970	150568276	placeholder
2	105867471	105874549	2	190568855	190624660	placeholder
1	62482691	62507511	1	305567948	305589304	placeholder
4	52972743	52975149	5	60020739	60027684	placeholder
6	22587987	22588557	4	164554080	164554650	placeholder
8	74931641	74938369	4	61977228	61983079	placeholder
1	199053374	199053962	1	156457386	156457974	placeholder
1	33255276	33259888	1	337640836	337643109	placeholder
3	91098395	91111919	3	121007363	121057017	placeholder
6	41586434	41589323	4	143458819	143466129	placeholder
3	120529465	120563748	3	93166579	93200311	placeholder
7	28176456	28177032	8	24197210	24197786	placeholder
3	182021886	182026648	3	24894801	24899377	placeholder
6	149559	154613	4	189448447	189454650	placeholder
8	75170946	75171519	4	61695117	61695690	placeholder
4	89623283	89627054	5	98472268	98476715	placeholder
13	18022612	18024637	12	25208261	25210318	placeholder
16	11735261	11739465	16	1770765	1775498	placeholder
10	603838	607173	11	1164538	1168908	placeholder
11	13162938	13163457	9	20037417	20037933	placeholder
3	167153583	167159846	3	41355237	41359697	placeholder
1	167293200	167297016	1	188680913	188692169	placeholder
3	98813394	98830919	3	116455745	116464417	placeholder
19	1681013	1682925	19	187106	189055	placeholder
1	23840621	23843673	1	347988502	347990362	placeholder
3	49251114	49261783	3	167183866	167193312	placeholder
17	9035673	9045654	18	8824916	8836221	placeholder
2	159587367	159592375	2	130036465	130041793	placeholder
10	16173361	16195767	11	17977824	17985712	placeholder
1	83769912	83773204	1	282576982	282580086	placeholder
15	1145896	1147654	14	22562100	22563684	placeholder
3	22705593	22709741	3	196848209	196852049	placeholder
7	28234864	28248584	8	24119963	24126370	placeholder
1	187088522	187093738	1	169409141	169415631	placeholder
4	40088847	40092503	5	43329835	43333395	placeholder
5	23919832	23929318	6	38402577	38413544	placeholder
6	40613771	40614491	4	144462486	144463206	placeholder
16	8412259	8415477	16	191461	195832	placeholder
2	157326340	157367227	2	132684750	132725808	placeholder
7	24228582	24229149	8	28236362	28236929	placeholder
6	31780069	31783858	4	153908227	153910500	placeholder
3	181239658	181248038	3	25836025	25847445	placeholder
2	206312767	206314127	2	77999007	77999834	placeholder
2	185851117	185851681	2	100777823	100778387	placeholder
1	79452355	79462724	1	287153997	287167871	placeholder
8	23502756	23507601	4	28258788	28265670	placeholder
18	8910413	8911678	17	14472091	14473497	placeholder
17	8379266	8382612	18	7941437	7945793	placeholder
3	193754875	193760309	3	11294337	11298931	placeholder
1	268266310	268272656	1	79862367	79868479	placeholder
5	90202176	90205339	7	20279028	20281934	placeholder
3	126108751	126116539	3	86752957	86760593	placeholder
2	24774570	24780509	2	281404327	281411570	placeholder
4	60566125	60573573	5	74012910	74022512	placeholder
19	1210317	1213611	19	8565837	8570140	placeholder
5	30697166	30704283	6	31444361	31451661	placeholder
4	72691225	72815375	5	86519195	86545951	placeholder
1	101719766	101745499	1	262712114	262737436	placeholder
3	142757363	142761344	3	68224942	68229410	placeholder
8	24598863	24599397	4	29472622	29473159	placeholder
2	212033475	212047872	2	71859657	71870505	placeholder
16	11636569	11637127	16	1897723	1898282	placeholder
6	8804492	8815200	4	181013448	181019949	placeholder
3	17320955	17321901	3	203064798	203066060	placeholder
14	15248799	15257220	15	1460450	1469738	placeholder
2	194055655	194059974	2	91353210	91359907	placeholder
5	38685548	38698669	6	22398367	22415273	placeholder
4	45737004	45738792	5	49687511	49689658	placeholder
3	105339387	105347124	3	109599514	109606310	placeholder
1	266707151	266707709	1	81565178	81565736	placeholder
2	106042885	106076534	2	190865694	190918879	placeholder
3	24886662	24895714	3	194464362	194477166	placeholder
1	246126786	246144862	1	104378185	104392656	placeholder
8	79079921	79089534	4	78570109	78578688	placeholder
1	101555113	101561050	1	262922845	262929483	placeholder
4	7169003	7175437	5	6318587	6325486	placeholder
3	65754757	65765094	3	148674997	148684253	placeholder
7	50587469	50685748	8	982655	1020118	placeholder
6	3412910	3414949	4	185833215	185837762	placeholder
2	50265408	50265969	2	252117469	252118030	placeholder
2	212086917	212092190	2	71815948	71822235	placeholder
1	321179041	321180076	1	22012062	22013134	placeholder
3	30124036	30130691	3	188427280	188433479	placeholder
1	252381705	252397773	1	97456116	97465295	placeholder
1	27354175	27359765	1	344110077	344113586	placeholder
3	178074973	178083873	3	29201262	29209632	placeholder
1	210842605	210847118	1	143519444	143523420	placeholder
2	95571485	95577922	2	202329311	202336302	placeholder
13	17957670	17960411	12	25148853	25150771	placeholder
1	49837866	49841125	1	319266806	319269454	placeholder
1	250230558	250235686	1	99842176	99850371	placeholder
3	145504745	145513820	3	65364732	65374330	placeholder
16	7416060	7416609	16	8258918	8259464	placeholder
1	258541098	258543520	1	90869231	90872095	placeholder
14	3574049	3578102	15	15792098	15795696	placeholder
5	52018373	52022151	6	8745541	8749379	placeholder
1	238278914	238286144	1	113207403	113215403	placeholder
3	63482492	63486970	3	151325230	151329475	placeholder
1	24218518	24224537	1	347591877	347599470	placeholder
4	50920485	50923711	5	56665895	56672628	placeholder
2	9742015	9742516	2	306952328	306952829	placeholder
10	5571064	5573175	11	7512938	7515159	placeholder
1	166863518	166873559	1	189323411	189337540	placeholder
1	179259976	179265416	1	176987800	177031999	placeholder
4	38560611	38562938	5	41541906	41543532	placeholder
7	90750501	90755828	10	7726457	7732284	placeholder
3	32616629	32619941	3	185726266	185729665	placeholder
15	17031019	17032222	14	173442	175088	placeholder
1	340431137	340437972	1	670830	678839	placeholder
6	84698964	84796369	4	103640010	103737066	placeholder
16	8017452	8019893	16	7519103	7522873	placeholder
1	292833834	292837246	1	52409107	52412781	placeholder
1	118632127	118647636	1	243398387	243412064	placeholder
2	264193506	264201395	5	88158064	88165401	placeholder
1	26697362	26703558	1	344851340	344857524	placeholder
4	88913780	88918079	5	97447857	97454108	placeholder
1	99189258	99204084	1	265550550	265561331	placeholder
1	97593787	97596548	1	267089918	267091769	placeholder
1	16992333	16995949	1	355591226	355594443	placeholder
19	3142931	3151531	19	5380335	5394856	placeholder
11	20594962	20597881	9	29648487	29651899	placeholder
6	70940998	70945238	4	112527532	112540361	placeholder
3	17147722	17168394	3	203259212	203281540	placeholder
1	126202841	126211126	1	235150028	235158106	placeholder
8	19686141	19689297	4	23915993	23918760	placeholder
7	46532084	46541419	8	6234249	6240627	placeholder
2	191870363	191877412	2	93978670	93989648	placeholder
2	148765021	148773868	2	141743035	141754978	placeholder
17	8308933	8310835	18	7816186	7820604	placeholder
6	12638486	12644703	4	176023892	176030685	placeholder
1	138150304	138167181	1	221941323	221953889	placeholder
6	81966757	81981004	4	100603046	100611298	placeholder
3	186310325	186314428	3	19885200	19895056	placeholder
1	187098340	187106336	1	169393441	169404607	placeholder
1	71289688	71314887	1	296236441	296262723	placeholder
7	92368255	92382374	10	10829290	10847528	placeholder
2	33936823	33938013	2	270900327	270901557	placeholder
13	7655240	7659992	12	13829450	13840705	placeholder
7	79453578	79456679	10	15364107	15366721	placeholder
5	2052233	2058663	6	60645853	60650548	placeholder
4	84590487	84594798	5	92536826	92545383	placeholder
7	48353218	48357186	8	4964269	4969385	placeholder
7	51640696	51648916	8	1389097	1395342	placeholder
17	8263894	8269610	18	7754561	7761002	placeholder
3	119707701	119718686	3	94084563	94095371	placeholder
1	317085010	317092436	1	26638786	26645020	placeholder
15	7042018	7045744	14	10881616	10887473	placeholder
2	16036317	16042855	2	291815759	291825962	placeholder
17	10514639	10516489	18	5242541	5245086	placeholder
10	2902080	2908265	11	4249302	4253978	placeholder
1	336987839	337011828	1	4199883	4215491	placeholder
1	61165030	61165546	1	307086437	307086959	placeholder
17	202833	209340	18	11457342	11464568	placeholder
3	160864958	160871886	3	48608021	48642666	placeholder
3	14145687	14152665	3	206814505	206822849	placeholder
7	39597002	39611348	8	12260200	12279512	placeholder
3	25403569	25410900	3	193869646	193878784	placeholder
2	185197476	185213320	2	101467407	101481989	placeholder
1	322451562	322455298	1	20545850	20550061	placeholder
1	242095080	242107856	1	108956719	108967985	placeholder
7	58527235	58528975	8	4821808	4829834	placeholder
10	5891086	5911039	11	7896184	7918053	placeholder
3	110679055	110681532	3	104203935	104206733	placeholder
7	18665682	18681274	8	34182155	34200640	placeholder
1	333057085	333057601	1	8281160	8281676	placeholder
2	209719475	209721161	2	74330358	74331474	placeholder
1	30639189	30647763	1	340418797	340428297	placeholder
16	11254551	11255625	16	2408681	2410143	placeholder
5	64972091	64977976	7	3482014	3487315	placeholder
19	3235425	3241623	19	5254461	5263374	placeholder
16	11440711	11442788	16	2142818	2145010	placeholder
12	4180441	4184585	13	19904610	19911397	placeholder
1	13015273	13018879	1	359900990	359903606	placeholder
2	155039138	155041755	2	135173515	135176796	placeholder
7	2355498	2365420	8	51082842	51096677	placeholder
13	16505055	16507805	12	23751628	23754159	placeholder
3	41926571	41943810	3	175328369	175346846	placeholder
3	178192776	178196994	3	29086873	29091326	placeholder
2	48694049	48703094	2	253922540	253934362	placeholder
1	138299566	138310972	1	221789297	221806674	placeholder
7	31073007	31082972	8	21327484	21340921	placeholder
11	3482847	3487746	9	4853622	4866375	placeholder
1	315627317	315643957	1	28212362	28220989	placeholder
4	82003746	82009136	5	94641924	94646161	placeholder
14	4696230	4696707	15	14360222	14360702	placeholder
2	178194373	178228232	2	109253846	109281433	placeholder
12	8266548	8270141	13	14119283	14123816	placeholder
1	272062027	272062531	1	75678346	75678850	placeholder
3	103669014	103674758	3	111760716	111778233	placeholder
16	12474271	12474894	16	900904	901554	placeholder
2	9791569	9796019	2	307003789	307008279	placeholder
1	10884822	10887772	1	362257120	362260205	placeholder
10	6374000	6381634	11	8402466	8409058	placeholder
10	6319377	6327094	11	8353175	8359026	placeholder
7	80083328	80091049	10	14717614	14722449	placeholder
6	95373060	95377294	4	93925728	93930127	placeholder
5	36557387	36557882	6	25015668	25016163	placeholder
1	69695670	69696171	1	297854847	297855348	placeholder
5	86466440	86470749	7	17452020	17455081	placeholder
14	666536	669576	15	19343300	19346526	placeholder
7	31110519	31111782	8	21303061	21304536	placeholder
10	14489620	14498977	11	16389342	16392290	placeholder
1	50306395	50320330	1	318797341	318815728	placeholder
1	299748754	299750375	1	44776083	44777709	placeholder
7	12209731	12214316	8	41300414	41304103	placeholder
1	301782685	301784771	1	42493145	42494581	placeholder
7	22214712	22217902	8	30381184	30383645	placeholder
3	167424399	167429692	3	41039784	41044254	placeholder
19	1156780	1157848	19	8656056	8659259	placeholder
2	230925956	230939172	2	50755211	50761871	placeholder
1	200780994	200781492	1	154687547	154688072	placeholder
1	165769195	165772532	1	190708078	190712715	placeholder
3	168953431	168960511	3	39323515	39332431	placeholder
7	92731491	92733674	10	11419209	11420812	placeholder
1	89207154	89219583	1	276406083	276415902	placeholder
3	155105752	155111151	3	54877392	54882747	placeholder
3	46554650	46563831	3	170249570	170252477	placeholder
10	817518	821440	11	1493989	1501490	placeholder
4	22268525	22275115	5	23363980	23373358	placeholder
1	319224489	319227410	1	24257087	24262232	placeholder
2	146031074	146034113	2	144769204	144772092	placeholder
15	7394520	7396190	14	10447123	10448582	placeholder
11	21569852	21574071	9	30740291	30745063	placeholder
7	36977299	36978925	8	14935980	14937154	placeholder
4	74561731	74593944	5	87225280	87241309	placeholder
13	17480936	17483427	12	24736455	24738905	placeholder
6	58037356	58046370	4	126408551	126415533	placeholder
3	143079293	143083335	3	67897046	67900539	placeholder
6	32994229	32994733	4	152623740	152624244	placeholder
6	38475849	38477030	4	146777387	146778534	placeholder
4	64331948	64342983	5	79600108	79637018	placeholder
1	195744255	195747193	1	159851328	159854434	placeholder
2	202225587	202229657	2	82611115	82615198	placeholder
3	64275503	64280378	3	150405626	150409990	placeholder
7	14427614	14430493	8	38774283	38777836	placeholder
15	15593186	15594374	14	1520120	1521638	placeholder
13	17557106	17559442	12	24813263	24815045	placeholder
12	169662	170504	13	24961626	24962369	placeholder
17	8192052	8194335	18	7628051	7630876	placeholder
1	187167284	187172418	1	169312954	169319633	placeholder
6	93663914	93677454	4	95808947	95819075	placeholder
7	32950974	32967871	8	19425892	19439031	placeholder
5	5502835	5506854	6	62584836	62591510	placeholder
10	11104666	11107634	11	14131703	14134840	placeholder
2	96579574	96586021	2	201059369	201063278	placeholder
2	154958033	154962078	2	135271979	135277521	placeholder
1	261799247	261806490	1	87319590	87322982	placeholder
2	197229986	197236230	2	87729781	87736200	placeholder
1	97882598	97889880	1	266794931	266801559	placeholder
14	8303822	8315966	15	9834561	9859204	placeholder
1	287652432	287655955	1	58073856	58078306	placeholder
12	8455230	8457771	13	13849782	13853246	placeholder
4	53703613	53706064	5	61695250	61702439	placeholder
1	287506118	287581938	1	58157958	58227372	placeholder
16	12571768	12573395	16	801937	803689	placeholder
7	47592816	47597950	8	5428811	5431659	placeholder
1	50179619	50182630	1	318932082	318934775	placeholder
2	97461149	97468662	2	200125775	200133398	placeholder
16	11059030	11062174	16	2497463	2502247	placeholder
4	68152377	68253676	5	83512925	83551731	placeholder
8	7783033	7803716	4	10304579	10311222	placeholder
14	4050310	4062511	15	15210822	15221691	placeholder
14	16017040	16027198	15	714534	720655	placeholder
12	8131734	8137250	13	14354974	14362658	placeholder
5	23394563	23401529	6	38939660	38946981	placeholder
3	66627561	66650336	3	147922488	147957998	placeholder
2	191058677	191063842	2	94813500	94818305	placeholder
2	186416452	186424135	2	100060395	100068747	placeholder
16	12647938	12648751	16	720492	721292	placeholder
5	3018411	3024949	6	59881964	59886256	placeholder
3	50494106	50496866	3	165930969	165932511	placeholder
1	260740393	260753304	1	88379503	88398692	placeholder
2	220412610	220414564	2	62659344	62664346	placeholder
13	4996071	4998427	12	9588071	9590950	placeholder
14	1403840	1419992	15	18532727	18552915	placeholder
13	7478642	7487287	12	13580006	13588644	placeholder
8	29957069	29962309	4	35027219	35032696	placeholder
4	87038756	87040852	5	95633578	95635685	placeholder
14	2321286	2323726	15	17409490	17412173	placeholder
13	1920599	1925202	12	4071827	4079898	placeholder
14	5269420	5272956	15	13610278	13614310	placeholder
2	130846420	130854731	2	163057314	163064989	placeholder
12	3269425	3270958	13	21127272	21128060	placeholder
1	224660827	224663976	1	128112282	128114822	placeholder
13	16540489	16542615	12	23790004	23792447	placeholder
1	210825645	210836058	1	143530071	143540710	placeholder
2	24114877	24120448	2	282219503	282225473	placeholder
6	88258559	88265626	4	97284451	97289086	placeholder
16	7553981	7554806	16	8072467	8073831	placeholder
2	155055081	155067278	2	135149353	135160239	placeholder
7	12967529	12971481	8	40421828	40427100	placeholder
1	246146416	246153076	1	104370636	104376646	placeholder
1	336749677	336753679	1	4469793	4479476	placeholder
7	26137628	26148066	8	26229110	26237737	placeholder
14	156874	158286	15	19841132	19843948	placeholder
7	31031674	31041268	8	21365159	21370516	placeholder
16	2552102	2553686	16	14263032	14264192	placeholder
7	84046690	84054452	10	1605697	1611103	placeholder
2	222397432	222399353	2	60412805	60414737	placeholder
1	300849133	300858735	1	43552931	43571340	placeholder
19	5670720	5672207	19	8523103	8524760	placeholder
11	20674090	20676727	9	29759172	29762490	placeholder
7	71824126	71827494	10	23675756	23678773	placeholder
1	50883329	50887935	1	318281735	318284557	placeholder
6	44577242	44578996	4	140346747	140348533	placeholder
4	50851606	50858172	5	56500447	56508594	placeholder
3	156404462	156408308	3	53393342	53396744	placeholder
15	3563191	3568025	14	16352527	16360047	placeholder
2	189803121	189820477	2	96286733	96302563	placeholder
5	66488780	66497100	7	4828834	4842694	placeholder
6	85851838	85852267	4	99934495	99934924	placeholder
2	207409440	207417512	2	76840012	76842915	placeholder
2	100835201	100837573	2	196532377	196536204	placeholder
3	137864584	137872004	3	73653745	73662961	placeholder
1	97779034	97783809	1	266882925	266886671	placeholder
13	1231663	1232113	12	2490464	2490914	placeholder
6	27388070	27391391	4	159151286	159154323	placeholder
7	62120784	62130137	10	29966056	29978031	placeholder
2	47423769	47425809	2	255174477	255176397	placeholder
3	59015670	59020796	3	156253244	156262504	placeholder
2	24607066	24607504	2	281643089	281643527	placeholder
1	280775957	280782344	1	65644843	65649852	placeholder
19	3122065	3124346	19	5418881	5422972	placeholder
1	317041423	317043989	1	26695818	26698353	placeholder
5	22722967	22725738	6	39711068	39713768	placeholder
1	129245080	129271085	1	231659953	231692652	placeholder
13	14970970	14974587	12	22090067	22093497	placeholder
14	12632318	12640609	15	4272236	4281979	placeholder
2	9374537	9375754	2	306584853	306586076	placeholder
1	323497750	323506795	1	19227484	19303130	placeholder
8	22960639	22965490	4	27639066	27643580	placeholder
2	97104712	97108777	2	200528557	200536456	placeholder
1	165495973	165502391	1	191019708	191027314	placeholder
3	155077355	155081592	3	54911495	54917624	placeholder
17	11013697	11014108	18	4665713	4666124	placeholder
1	208737150	208749780	1	145858069	145870756	placeholder
8	53385711	53392192	4	57122542	57128949	placeholder
3	110490889	110495191	3	104418328	104423251	placeholder
1	317414750	317416436	1	26248062	26249213	placeholder
2	69111528	69117425	2	231066233	231071059	placeholder
4	84866770	84868689	5	92318476	92320549	placeholder
14	481563	482197	15	19527523	19528179	placeholder
2	101937373	101943570	2	195346943	195354084	placeholder
7	36938411	36942899	8	14980095	14984830	placeholder
1	89175274	89206887	1	276416182	276445850	placeholder
17	6657043	6663635	18	43311	50159	placeholder
10	1647823	1649569	11	174918	176350	placeholder
1	187051244	187059576	1	169442666	169451530	placeholder
1	339538498	339542480	1	1426866	1431917	placeholder
5	7972810	7974582	6	55471402	55472535	placeholder
7	36535127	36539709	8	15393795	15397624	placeholder
5	100064100	100067486	7	29976339	29979681	placeholder
6	45467807	45471356	4	139438779	139444205	placeholder
13	17586505	17588454	12	24844594	24846889	placeholder
2	177537602	177541309	2	110024060	110027010	placeholder
3	65739564	65743649	3	148693979	148697133	placeholder
1	242764701	242769078	1	108166468	108170462	placeholder
4	38714990	38724301	5	41761027	41769447	placeholder
15	8679307	8682071	14	8870346	8873263	placeholder
3	94999229	95031724	3	118413588	118425911	placeholder
14	3581603	3582990	15	15785497	15787840	placeholder
14	5194885	5196656	15	13704530	13708293	placeholder
1	298683200	298691812	1	45876774	45884635	placeholder
15	7027018	7036768	14	10900693	10915669	placeholder
1	335732773	335739881	1	5578769	5581492	placeholder
1	82074448	82087388	1	284338296	284351757	placeholder
3	55463244	55467680	3	160133855	160138547	placeholder
17	11106516	11107623	18	4538448	4540713	placeholder
2	61378402	61381460	2	239869827	239872845	placeholder
7	16095294	16155461	8	36913272	36916639	placeholder
1	152141770	152148989	1	206706499	206714317	placeholder
7	33125856	33128379	8	19247077	19248569	placeholder
13	15828967	15835780	12	23045451	23053065	placeholder
3	58978685	58986699	3	156297465	156304834	placeholder
2	24354390	24379722	2	281874084	281902875	placeholder
6	43217633	43220988	4	141761280	141765190	placeholder
1	72620233	72623024	1	294859349	294861710	placeholder
1	104566145	104568656	1	259612769	259615243	placeholder
5	50297369	50337869	6	10436738	10468673	placeholder
1	255738651	255740872	1	93896046	93898101	placeholder
2	177885194	177893091	2	109643422	109648456	placeholder
12	13722843	13728549	13	5622607	5629446	placeholder
7	26519875	26534917	8	25857784	25870339	placeholder
4	81370530	81374435	5	94993935	94997614	placeholder
1	82198386	82204454	1	284195258	284204321	placeholder
13	1910005	1916937	12	4053487	4066807	placeholder
10	6504131	6504545	11	8519540	8519954	placeholder
5	69915893	69924416	7	7578461	7583683	placeholder
2	94358585	94364804	2	203805223	203810800	placeholder
1	55403936	55405794	1	313353845	313356133	placeholder
19	7465773	7468057	19	586725	588554	placeholder
17	10426748	10427165	18	5387700	5388117	placeholder
1	306769724	306770141	1	37360939	37361356	placeholder
1	312476716	312482925	1	31655867	31660812	placeholder
4	38899792	38900919	5	41950503	41951772	placeholder
2	153910371	153916607	2	136446487	136455162	placeholder
1	106289336	106298830	1	257824986	257832766	placeholder
13	12473168	12475098	12	19485973	19488064	placeholder
5	20787448	20787764	6	41841729	41842032	placeholder
14	7530516	7533087	15	10811729	10815426	placeholder
1	96403439	96405553	1	268490588	268492626	placeholder
5	32396830	32398888	6	29628469	29630385	placeholder
5	24228612	24233073	6	38030254	38045367	placeholder
6	26959597	26963541	4	159588514	159591734	placeholder
1	319270179	319272241	1	24216301	24218251	placeholder
5	120881821	120886469	7	51951882	51956441	placeholder
4	60589986	60595013	5	74124812	74126267	placeholder
1	323739356	323742265	1	19018291	19020506	placeholder
1	104425676	104426087	1	259784931	259785342	placeholder
16	7817504	7822545	16	7778502	7785219	placeholder
5	52204550	52204916	6	8504238	8504604	placeholder
4	82155016	82157934	5	94512034	94514432	placeholder
2	220349036	220356184	2	62703214	62710583	placeholder
8	30367199	30368287	4	35411671	35412792	placeholder
4	49827794	49831811	5	54718221	54720289	placeholder
3	106256617	106266078	3	111606349	111620492	placeholder
2	212001426	212014250	2	71888154	71895815	placeholder
5	53239696	53245446	6	7401791	7405805	placeholder
1	156238669	156242371	1	202250095	202253790	placeholder
3	85464619	85469375	3	126978570	126985144	placeholder
7	88500198	88500600	10	5228833	5229236	placeholder
4	64131285	64135768	5	79419677	79426206	placeholder
3	82806809	82808732	3	129902231	129904051	placeholder
7	10718007	10729988	8	42894781	42907696	placeholder
19	4787838	4796612	19	7604769	7612363	placeholder
5	57825831	57828510	6	2626967	2629987	placeholder
3	195396208	195409212	3	9408408	9416426	placeholder
2	134606778	134607177	2	154662805	154663205	placeholder
1	210673727	210679501	1	143722330	143727688	placeholder
3	166737091	166739283	3	41798440	41801026	placeholder
8	38763798	38766675	4	44084687	44088090	placeholder
8	48506126	48512304	4	53510811	53516074	placeholder
1	39032024	39032782	1	331366572	331367339	placeholder
3	172504775	172511632	3	35516133	35525694	placeholder
1	249709398	249712782	1	100355870	100359609	placeholder
17	8369986	8371852	18	7925649	7928882	placeholder
1	248287385	248298405	1	101791434	101802409	placeholder
6	97327912	97331841	4	91299349	91304293	placeholder
6	93482686	93494269	4	87811566	87821442	placeholder
1	118977533	118989282	1	243037353	243044316	placeholder
1	88409109	88410491	1	277299904	277301269	placeholder
12	8389944	8391395	13	13936154	13939367	placeholder
7	22248880	22296196	8	30263517	30312515	placeholder
1	12288298	12293595	1	360760754	360765365	placeholder
14	5934523	5942396	15	12400555	12407805	placeholder
1	266726425	266736592	1	81538746	81544190	placeholder
1	29073505	29077594	1	342196967	342200389	placeholder
6	96286443	96294271	4	92776736	92786192	placeholder
4	54685075	54690642	5	63343513	63348110	placeholder
13	279318	281178	12	422078	427637	placeholder
2	86841162	86841525	2	212305713	212306076	placeholder
7	36991717	37000474	8	14917072	14923091	placeholder
3	157148970	157151024	3	52517863	52519787	placeholder
17	10543639	10545107	18	5209342	5211632	placeholder
3	185062139	185064563	3	21458358	21460915	placeholder
3	186225710	186227818	3	19995706	19998142	placeholder
11	15054643	15063606	9	22467515	22476454	placeholder
2	209537925	209540563	2	74580418	74583363	placeholder
3	100523685	100526085	3	115029930	115031671	placeholder
8	11611309	11614893	4	14637221	14639845	placeholder
2	168036498	168039915	2	120743177	120749338	placeholder
7	93104067	93108901	10	11999185	12008101	placeholder
1	322547857	322548298	1	20447303	20447743	placeholder
2	156365900	156372211	2	133718303	133724037	placeholder
6	8083988	8092906	4	181967133	181980745	placeholder
12	1611754	1614106	13	23371261	23374273	placeholder
3	113893647	113911728	3	100756451	100777686	placeholder
7	28324795	28329215	8	24036120	24039591	placeholder
7	10628098	10637655	8	42988134	42998302	placeholder
16	1383223	1384512	16	15516010	15517359	placeholder
3	3401289	3455513	3	219403512	219422345	placeholder
1	126413735	126425730	1	234925880	234938246	placeholder
2	103359027	103362062	2	193790450	193792600	placeholder
10	6530053	6537478	11	8561515	8566808	placeholder
6	24674724	24680114	4	162243027	162248639	placeholder
7	28859822	28864392	8	23514590	23519930	placeholder
2	160145737	160148994	2	129432596	129435110	placeholder
11	22751172	22751717	9	31738509	31739056	placeholder
1	48974186	48978557	1	320290523	320295623	placeholder
1	50141366	50151571	1	318954476	318963844	placeholder
5	52246562	52246937	6	8452176	8452551	placeholder
1	44204	44946	1	374739910	374740602	placeholder
1	227824479	227828950	1	124523180	124526668	placeholder
16	13058278	13059054	16	281317	282113	placeholder
1	194781477	194788425	1	160793642	160800218	placeholder
3	3582266	3587826	3	219269945	219277822	placeholder
1	318073214	318075355	1	25534844	25537129	placeholder
14	984520	985927	15	19010995	19012428	placeholder
11	20703857	20706566	9	29795565	29798292	placeholder
1	272453761	272456263	1	75239728	75242144	placeholder
15	12929485	12932128	14	4247139	4248777	placeholder
12	10970210	10973482	13	9298258	9303158	placeholder
5	5606945	5615235	6	57815950	57824158	placeholder
14	1921134	1921806	15	17919063	17920035	placeholder
2	55123649	55130861	2	246629864	246635264	placeholder
6	63839952	63841137	4	120019578	120020653	placeholder
14	5358772	5360700	15	13510859	13514260	placeholder
4	125709916	125711856	5	142193459	142196343	placeholder
3	89358509	89413474	3	122814034	122852453	placeholder
1	285016211	285017666	1	60903751	60905114	placeholder
1	62395777	62397971	1	305716775	305719826	placeholder
14	16413201	16413782	15	433427	434371	placeholder
14	9179118	9185857	15	8713702	8719901	placeholder
1	227621079	227625402	1	124709416	124714161	placeholder
8	4151793	4158258	4	4119227	4126505	placeholder
1	71179144	71180970	1	296351852	296353463	placeholder
4	53327749	53330519	5	60868063	60871227	placeholder
2	157675845	157677107	2	132327136	132331090	placeholder
7	33812889	33814996	8	18586784	18590489	placeholder
11	1213007	1216294	9	1527534	1533602	placeholder
1	233949873	233951686	1	117861212	117862128	placeholder
3	16028281	16032793	3	204416939	204427953	placeholder
17	8392822	8393176	18	7963639	7963993	placeholder
17	11002935	11003433	18	4675666	4676183	placeholder
15	869193	871619	14	22049683	22054510	placeholder
1	319413064	319415505	1	24065351	24068370	placeholder
1	273414840	273418676	1	74110072	74114972	placeholder
2	89880601	89880952	2	208932488	208932839	placeholder
8	22954200	22956319	4	27631706	27634465	placeholder
1	55580961	55585355	1	313181406	313187022	placeholder
1	292903506	292906421	1	52328063	52332951	placeholder
1	16705168	16716826	1	355886033	355900195	placeholder
4	82562879	82567375	5	94175196	94178058	placeholder
1	92008352	92012875	1	273223317	273227473	placeholder
15	12454052	12454400	14	4791272	4791620	placeholder
5	54478616	54493392	6	6106087	6125096	placeholder
1	5384184	5397338	1	368135314	368146234	placeholder
4	29983897	29998908	5	31437505	31443334	placeholder
12	9493580	9496263	13	12246383	12255976	placeholder
6	12092910	12096665	4	176771345	176775242	placeholder
3	29770768	29776004	3	188812937	188818481	placeholder
3	166609059	166612732	3	41921342	41931543	placeholder
1	107647842	107650903	1	255965882	255968103	placeholder
4	88986060	88986393	5	97797850	97798183	placeholder
3	29804535	29807669	3	188772846	188778241	placeholder
5	30422948	30427726	6	31706361	31709945	placeholder
6	85232501	85248056	4	104191364	104214174	placeholder
3	155389564	155391528	3	54557787	54559771	placeholder
14	4774282	4776919	15	14276072	14279642	placeholder
1	177123120	177124503	1	178758780	178760442	placeholder
2	35163893	35165417	2	269471101	269475857	placeholder
15	15792536	15795457	14	1306729	1311834	placeholder
3	141639083	141642962	3	69468082	69471904	placeholder
6	80676355	80766535	4	105338910	105351404	placeholder
7	20380575	20391431	8	32255968	32263833	placeholder
3	24506215	24508985	3	194904861	194907722	placeholder
5	49292822	49298746	6	11601902	11607421	placeholder
3	63571776	63577628	3	151241667	151247352	placeholder
1	166473103	166476487	1	189847175	189852958	placeholder
1	20880183	20883202	1	351372100	351374259	placeholder
1	100866365	100868635	1	263663710	263666387	placeholder
5	26276636	26276954	6	35850573	35850894	placeholder
1	18589540	18594027	1	353828501	353831562	placeholder
1	246467437	246472655	1	103963585	103966452	placeholder
7	33321806	33326967	8	19041958	19047674	placeholder
19	5308331	5311325	19	8126958	8129585	placeholder
5	90516738	90521946	7	20617535	20623408	placeholder
2	84730442	84741187	2	214269973	214279427	placeholder
11	3127183	3127495	9	4300980	4301298	placeholder
1	285066748	285078367	1	60831041	60846071	placeholder
2	85868957	85877213	2	213272189	213280686	placeholder
2	961532	967080	2	297511986	297516058	placeholder
3	16419270	16451687	3	204078765	204124634	placeholder
5	21004572	21004878	6	41635202	41635508	placeholder
3	178140422	178142038	3	29140620	29142861	placeholder
10	6963319	6968536	11	9049560	9053396	placeholder
4	31829479	31830987	5	33703127	33704635	placeholder
1	17590709	17595295	1	354968620	354972162	placeholder
13	3757695	3762840	12	7667758	7671140	placeholder
1	214686345	214692140	1	139021949	139026590	placeholder
3	163070613	163070952	3	45835337	45835673	placeholder
12	3602946	3603927	13	20720609	20723115	placeholder
8	74980402	74994729	4	61914184	61931209	placeholder
4	2741324	2745950	5	1996738	2002366	placeholder
1	221497393	221499812	1	131505773	131508440	placeholder
2	120112681	120114286	2	174039388	174041348	placeholder
1	292797929	292805194	1	52449049	52455173	placeholder
1	165883410	165885884	1	190572690	190575957	placeholder
1	227695965	227697486	1	124643850	124645684	placeholder
7	83874689	83881540	10	1485556	1489175	placeholder
2	97293310	97293601	2	200325136	200325427	placeholder
3	29664628	29666082	3	188933939	188935427	placeholder
1	279404367	279416879	1	67308962	67332122	placeholder
2	141081791	141083561	2	150440279	150442259	placeholder
1	50080112	50082055	1	319034264	319035657	placeholder
17	4329867	4339359	18	2060854	2069318	placeholder
1	40389522	40412727	1	329967405	329990810	placeholder
10	4694062	4694341	11	6590119	6590398	placeholder
16	10992921	10994434	16	2833171	2846255	placeholder
11	6381860	6384765	9	8930249	8934269	placeholder
3	145595470	145598255	3	65269499	65277763	placeholder
3	6472656	6473520	3	216147126	216147999	placeholder
2	103234791	103238602	2	193930238	193932202	placeholder
13	629866	632952	12	1119498	1126731	placeholder
18	9056294	9056570	17	14609608	14609884	placeholder
1	328890537	328896414	1	12904116	12912742	placeholder
1	26778437	26782074	1	344770338	344773833	placeholder
3	153948284	153951976	3	56278064	56280423	placeholder
1	63365548	63372153	1	304641643	304649284	placeholder
1	228934996	228937770	1	123232513	123234276	placeholder
3	178042139	178042400	3	29248917	29249178	placeholder
7	8613359	8613815	8	45176881	45178321	placeholder
5	65920569	65940545	7	4271094	4288175	placeholder
3	81805727	81841619	3	130795205	130838054	placeholder
3	26306156	26334502	3	192840277	192874033	placeholder
2	212917607	212920737	2	70968778	70971348	placeholder
1	1875011	1875263	1	371880839	371881091	placeholder
3	177914771	177920765	3	29387765	29392406	placeholder
14	472981	473233	15	19537526	19537778	placeholder
3	37952335	37957392	3	179653352	179658222	placeholder
1	252511787	252513542	1	97328278	97330391	placeholder
15	9361085	9361328	14	8105543	8105786	placeholder
6	22232607	22232835	4	164930294	164930536	placeholder
8	28559284	28562626	4	33623697	33626933	placeholder
3	83471032	83474465	3	129231716	129234113	placeholder
6	30713790	30715322	4	155153329	155154838	placeholder
3	169678392	169679077	3	38590773	38591435	placeholder
1	329104370	329115809	1	12706828	12715061	placeholder
12	18761288	18763391	13	968409	970843	placeholder
3	30574796	30576603	3	188055566	188057361	placeholder
13	15709697	15711455	12	22907146	22909002	placeholder
2	182396062	182397673	2	104590953	104592551	placeholder
3	23274407	23276212	3	196203858	196205459	placeholder
2	27107810	27108035	2	278825299	278825524	placeholder
6	38992139	38994329	4	146120751	146122850	placeholder
3	15563865	15564998	3	205002279	205004656	placeholder
2	192136763	192139586	2	93695023	93701093	placeholder
1	51390208	51395001	1	317736855	317740768	placeholder
2	182008946	182009132	2	105031217	105031403	placeholder
1	287014445	287020253	1	58784649	58791080	placeholder
3	146240468	146241259	3	64401359	64401790	placeholder
3	23649436	23651663	3	195847331	195850402	placeholder
1	41273832	41275831	1	329021787	329025258	placeholder
1	243073411	243073567	1	107797964	107798120	placeholder
