Species_1	Start_1	End_1	Species_2	Start_2	End_2	fill
1	65746531	65838890	1	68577354	68601312	0d0887
1	148936096	149069608	1	155927062	156069592	0d0887
8	42966448	43092062	8	45532848	45651938	ad2793
5	21571446	21593801	5	105620836	105643421	7201a8
1	198202236	198243518	1	212424992	212468312	0d0887
2	191945511	192002093	2	80896896	80959443	2e0595
14	14408711	14503783	15	17287624	17449880	f58b47
4	22456142	22582721	4	23506486	23632988	5c01a6
1	270038753	270125470	1	286035843	286115674	0d0887
1	126070166	126166134	1	131398531	131464974	0d0887
14	5859568	5915779	15	5886228	5938136	f58b47
1	310054045	310226185	1	328423010	328577147	0d0887
7	41879020	42009147	7	51595216	51759914	9c179e
5	24709095	24743371	5	102257173	102290146	7201a8
1	239740195	239799764	1	255117096	255191214	0d0887
4	56879587	56937975	4	61682030	61735251	5c01a6
3	64068408	64111453	3	66012850	66055317	46039f
3	65933528	65979642	3	67927312	67982458	46039f
2	47369246	47409108	2	236917027	236958045	2e0595
3	197899120	197959211	3	203984779	204042142	46039f
2	198317496	198392263	2	74227393	74314874	2e0595
5	77784247	77837529	5	46124619	46161747	7201a8
12	11705357	11955692	13	6475692	6718864	e3685f
1	40467695	40605557	1	41458666	41594219	0d0887
16	10002106	10041753	16	13370188	13409713	fdb42f
3	153841800	153945808	3	158208996	158320459	46039f
13	13692774	13730122	14	5991888	6029747	ed7953
8	55648999	55715066	8	59907989	59997601	ad2793
17	7820850	7849822	19	3435791	3461627	fdca26
1	227650323	227674007	1	242807361	242829321	0d0887
1	55495909	55568752	1	57615305	57690939	0d0887
17	1875274	1969990	19	9460286	9563998	fdca26
1	337045295	337197606	1	355785771	355917724	0d0887
2	152269843	152317762	2	123403535	123457906	2e0595
1	173115847	173225833	1	183547995	183683763	0d0887
7	88785669	88883444	7	4661985	4748679	9c179e
1	226244444	226301853	1	241436550	241491391	0d0887
7	30649792	30742536	7	64424934	64516271	9c179e
16	13020831	13048086	16	16339634	16367252	fdb42f
1	254251440	254273160	1	269984583	270005618	0d0887
1	340441203	340457170	1	359094105	359110072	0d0887
7	15905138	16030611	7	79945550	80086946	9c179e
1	63230614	63248112	1	65891983	65919318	0d0887
1	139247389	139332755	1	145578390	145643973	0d0887
15	14731807	14746046	12	3433220	3448256	fb9f3a
5	52903400	52945682	5	72471646	72523820	7201a8
4	19829077	19898892	4	20566197	20642773	5c01a6
1	143309865	143409578	1	149838346	149953960	0d0887
2	90211784	90306194	2	194433885	194530749	2e0595
16	8925450	9028643	16	12278016	12388184	fdb42f
2	103475212	103503025	2	180078582	180109110	2e0595
4	57144996	57220345	4	61988646	62057676	5c01a6
6	85593186	85678509	6	14086686	14195546	8808a6
2	243389519	243490749	2	26894242	27009448	2e0595
16	11856908	11882451	16	15200592	15224479	fdb42f
1	333403470	333571816	1	352089687	352250733	0d0887
7	29771975	29948810	7	65265120	65488907	9c179e
14	1843998	1869919	15	179206	204224	f58b47
1	270326380	270370401	1	286340397	286383603	0d0887
5	38723730	38762385	5	87274068	87314602	7201a8
1	17345116	17409434	1	17048838	17187123	0d0887
1	276478812	276524718	1	292651801	292697247	0d0887
16	10138522	10204439	16	13508973	13573535	fdb42f
1	217716540	217754577	1	232500250	232534877	0d0887
1	273477741	273804175	1	289550201	289861348	0d0887
6	30925131	30997296	6	73929384	74011005	8808a6
2	67273630	67354026	2	216231169	216309624	2e0595
8	41225517	41275540	8	43602178	43674100	ad2793
15	4578186	4642046	12	22053258	22104854	fb9f3a
2	156393146	156424112	2	118982435	119012483	2e0595
1	71974059	72090517	1	74849720	74915043	0d0887
6	89352107	89457309	6	10034698	10138392	8808a6
3	87273107	87430496	3	89952294	90101759	46039f
8	21681298	21700178	8	21905182	21924131	ad2793
5	119878978	119912385	5	2712518	2740809	7201a8
7	31477671	31525503	7	63560766	63591769	9c179e
1	41301800	41347926	1	42371892	42414787	0d0887
4	93612604	93700625	4	102181489	102321761	5c01a6
6	97386734	97463640	6	1895560	1970395	8808a6
1	130705502	130730074	1	136260334	136287851	0d0887
14	10099259	10150034	15	13208538	13255764	f58b47
1	39647603	39686272	1	40712421	40751939	0d0887
6	70123998	70172573	6	32251782	32320089	8808a6
2	158407906	158505750	2	116719001	116818146	2e0595
2	100057344	100092342	2	184352921	184389240	2e0595
15	6795598	6816406	12	19935989	19956332	fb9f3a
1	116661377	116673484	1	121442162	121455168	0d0887
2	217968864	218317612	2	53425001	53797715	2e0595
14	14554076	14601311	15	17495695	17548112	f58b47
1	65642528	65680170	1	68390422	68427946	0d0887
1	277621622	277638293	1	293761788	293790902	0d0887
10	16434487	16447306	11	11242179	11253969	cc4778
2	84884676	84975111	2	199734155	199798597	2e0595
15	1758966	1793963	12	24793963	24832200	fb9f3a
7	21239400	21296110	7	74575356	74649606	9c179e
2	155944757	155999368	2	119449257	119511458	2e0595
1	265601318	265694508	1	281475862	281577466	0d0887
7	89923509	89977359	7	3627278	3673427	9c179e
3	57057604	57110484	3	58980241	59032063	46039f
7	46611936	46651584	7	45891257	45938825	9c179e
5	85860881	85961163	5	37252154	37379469	7201a8
14	16075595	16123807	15	19057459	19106234	f58b47
19	5983239	6019948	18	6407500	6441163	f0f921
8	75119664	75143890	8	82403379	82426068	ad2793
17	10092750	10111182	19	1095706	1113798	fdca26
3	25696020	25727393	3	26394961	26424219	46039f
1	18148351	18207975	1	17852162	17918257	0d0887
1	286115006	286261800	1	302731929	302890686	0d0887
8	74273556	74304933	8	81587973	81624852	ad2793
1	116303632	116347770	1	120954922	121121504	0d0887
14	6397046	6421387	15	6395816	6418871	f58b47
13	474334	546105	14	21040497	21062139	ed7953
1	339620078	339678289	1	358321421	358380402	0d0887
2	199267891	199304830	2	73290519	73330648	2e0595
1	340401255	340412468	1	359051711	359062443	0d0887
14	8248162	8293241	15	8182270	8223863	f58b47
1	13668449	13726046	1	13303825	13359682	0d0887
3	152339458	152404353	3	156645857	156714401	46039f
5	8042920	8068159	5	119776576	119800334	7201a8
2	133124550	133156532	2	144436570	144473067	2e0595
12	4882637	4944016	13	13261712	13290218	e3685f
14	9854934	9888403	15	13012328	13041115	f58b47
7	16305383	16355037	7	79620778	79669213	9c179e
3	114830030	114916385	3	118208939	118298258	46039f
5	109376910	109521772	5	12930732	13073400	7201a8
1	255446735	255500403	1	271236044	271291144	0d0887
1	268763022	268834137	1	284742137	284810216	0d0887
2	206213535	206273600	2	65939820	65991696	2e0595
8	60638174	60798671	8	67887028	68039821	ad2793
5	36410076	36467420	5	89772804	89837752	7201a8
1	71525710	71607930	1	74352788	74429438	0d0887
1	62339399	62392219	1	65009094	65049189	0d0887
7	52747782	52867614	7	39190177	39291118	9c179e
1	272654955	272721331	1	288734010	288810551	0d0887
1	166157898	166199410	1	174647687	174687979	0d0887
6	31417461	31463732	6	73383104	73429106	8808a6
17	9549693	9575015	19	1762306	1788022	fdca26
3	152262743	152301892	3	156568899	156607675	46039f
1	64641729	64776176	1	67372613	67497128	0d0887
1	332636091	332794298	1	351343997	351488825	0d0887
19	241781	256145	18	12925397	12934414	f0f921
2	11596379	11609758	2	274338639	274352515	2e0595
3	49301918	49375407	3	50962262	51029871	46039f
3	142593126	142633794	3	146695269	146741903	46039f
3	66422137	66495018	3	68309769	68384023	46039f
5	70801597	70858812	5	53207703	53266139	7201a8
17	4936784	5003635	19	6919206	6944461	fdca26
1	238870745	238912380	1	254259526	254305384	0d0887
15	1857484	1871877	12	24717896	24729075	fb9f3a
5	50690613	50767089	5	74750162	74859425	7201a8
3	180826430	180940954	3	186543419	186668028	46039f
1	176836776	176918133	1	190178740	190258311	0d0887
3	123249956	123295873	3	126793122	126845000	46039f
5	67763398	67802533	5	56834940	56876108	7201a8
3	39113724	39157371	3	40446428	40492623	46039f
1	53694873	53742432	1	55651078	55699686	0d0887
5	51303523	51358748	5	74146998	74197233	7201a8
1	262199614	262249198	1	278001386	278043580	0d0887
5	91215382	91237293	5	31618735	31639333	7201a8
14	220670	238661	15	1813557	1831203	f58b47
16	1772462	1839689	16	2507862	2579707	fdb42f
2	95579626	95619839	2	188934964	188967207	2e0595
3	130717001	130760659	3	134653916	134701538	46039f
4	90938011	90962116	4	99673642	99698574	5c01a6
5	5528377	5604304	5	122342164	122409548	7201a8
6	69893270	69897716	6	32537090	32541515	8808a6
1	288140427	288174228	1	304914060	304952548	0d0887
8	66446636	66703663	8	74004876	74292848	ad2793
15	11631271	11661660	12	6473252	6506294	fb9f3a
8	25544782	25586932	8	26306586	26369138	ad2793
1	257459716	257510039	1	273280217	273329372	0d0887
6	43290076	43341584	6	60620135	60672866	8808a6
16	6745275	6768804	16	10181786	10205520	fdb42f
2	31532027	31598392	2	253763133	253826039	2e0595
7	65935264	66036415	7	25398972	25518294	9c179e
10	5047427	5106248	11	22731347	22764011	cc4778
11	22591404	22598268	10	1035936	1042735	d8576b
1	55155058	55168832	1	57247031	57260654	0d0887
8	76739548	76786316	8	83868726	83911532	ad2793
1	221445330	221488744	1	236389184	236429030	0d0887
1	277656680	277685325	1	293795603	293824940	0d0887
5	122421188	122467925	5	429828	462744	7201a8
3	169968203	170016443	3	175103691	175153920	46039f
2	203692098	203727305	2	68645267	68688074	2e0595
1	159387198	159481033	1	167858853	167947551	0d0887
2	243252377	243294448	2	27116217	27156608	2e0595
2	194020657	194049214	2	78700056	78728392	2e0595
12	8498031	8517940	13	9737883	9756208	e3685f
11	17532655	17569365	10	6115193	6158348	d8576b
7	56448764	56508055	7	35653626	35749670	9c179e
4	87252174	87311993	4	94959104	95031137	5c01a6
17	3356830	3388473	19	8375678	8404132	fdca26
5	26598873	26708861	5	100185488	100288527	7201a8
1	296534198	296569541	1	313837605	313874187	0d0887
7	37143476	37191008	7	57353882	57401802	9c179e
3	33815248	33870085	3	34907861	34959699	46039f
14	4705538	4723856	15	4768298	4785171	f58b47
4	5290407	5335474	4	4573964	4616371	5c01a6
1	260910412	260955704	1	276819933	276873094	0d0887
1	212036948	212125948	1	226526310	226610871	0d0887
3	63498087	63531695	3	65435921	65470990	46039f
1	222821071	222886448	1	237736982	237862386	0d0887
2	235291097	235552557	2	35274214	35556252	2e0595
13	18053883	18076417	14	1641602	1666483	ed7953
6	37761343	37834443	6	66598249	66671059	8808a6
15	14152287	14166274	12	4021967	4034775	fb9f3a
1	137800680	137829527	1	144015603	144063663	0d0887
1	64357789	64413404	1	67078580	67130114	0d0887
13	18324394	18342253	14	1358835	1377974	ed7953
2	9338111	9358535	2	276685604	276709969	2e0595
1	170590766	170751966	1	179568767	179696749	0d0887
1	114341305	114376522	1	118922427	118969900	0d0887
2	69157800	69205702	2	214279074	214328071	2e0595
1	59090684	59137284	1	61494230	61542644	0d0887
2	203790679	203816443	2	68539728	68564177	2e0595
1	323234194	323353163	1	341673449	341796042	0d0887
8	36952098	36993073	8	38929122	38971461	ad2793
10	6545356	6594373	11	21255511	21298166	cc4778
5	58731851	58784444	5	66681140	66730068	7201a8
7	14501130	14527304	7	81531549	81556673	9c179e
3	7944295	8038861	3	12405782	12491451	46039f
1	226703011	226743012	1	241902344	241946343	0d0887
1	92879617	92922599	1	96707484	96769471	0d0887
2	199901084	199946125	2	72631783	72676243	2e0595
1	62899545	62916979	1	65564350	65580993	0d0887
7	65511714	65600287	7	25864877	25958122	9c179e
2	97487021	97514881	2	186957362	186987297	2e0595
2	141510596	141569048	2	134642416	134704932	2e0595
1	296633681	296728182	1	313940465	314029722	0d0887
3	120154147	120199347	3	123638447	123693485	46039f
1	299037803	299126962	1	316630214	316719194	0d0887
16	5011379	5053912	16	8492593	8530527	fdb42f
1	179138712	179176680	1	192408284	192449369	0d0887
14	7308527	7343068	15	7268183	7297834	f58b47
4	51608750	51641624	4	55927546	55964400	5c01a6
15	1899943	2021609	12	24578299	24676987	fb9f3a
2	190077598	190154079	2	82718578	82787871	2e0595
2	155294036	155338081	2	120133797	120176447	2e0595
1	211828633	211922561	1	226320068	226410053	0d0887
1	256613682	256721885	1	272404486	272523301	0d0887
15	7337377	7389348	12	19385320	19435661	fb9f3a
1	249005722	249048972	1	264735996	264775036	0d0887
2	148811305	149196028	2	126403419	126824407	2e0595
1	225929935	225969758	1	241102349	241139755	0d0887
2	67452584	67521925	2	216045813	216066935	2e0595
8	74792764	74835711	8	82102051	82145272	ad2793
1	164234628	164261118	1	172627042	172653716	0d0887
11	15300587	15321220	10	16716231	16737123	d8576b
14	7214832	7264790	15	7175748	7222601	f58b47
3	71242012	71354018	3	73294898	73387877	46039f
8	67712144	67766246	8	75334712	75403183	ad2793
1	146563261	146611757	1	153346446	153388499	0d0887
19	5532872	5559813	18	5972736	5998656	f0f921
1	65842572	65871978	1	68605065	68634328	0d0887
5	100158559	100311027	5	22150650	22330177	7201a8
3	44699290	44918746	3	46282302	46508589	46039f
1	116607547	116631639	1	121386992	121410037	0d0887
5	23250637	23350957	5	103767055	103864755	7201a8
1	302623759	302655942	1	320492873	320526995	0d0887
1	17650518	17720537	1	17321040	17390009	0d0887
14	719665	740263	15	1309156	1330178	f58b47
4	23612693	23640751	4	24813519	24851595	5c01a6
1	26592420	26654162	1	26916381	26974556	0d0887
2	190353589	190376469	2	82482590	82503841	2e0595
3	147386754	147437623	3	151705071	151757817	46039f
7	31115328	31158679	7	63946771	63981584	9c179e
11	11963727	12054570	10	19937631	20014144	d8576b
2	182712477	182757954	2	90906341	90957376	2e0595
15	3377859	3431258	12	23211770	23256864	fb9f3a
3	58309119	58314897	3	60244738	60250539	46039f
1	269844171	269908809	1	285832938	285902737	0d0887
19	4629440	4672443	18	8684315	8724742	f0f921
6	36540287	36567047	6	67977834	68003152	8808a6
1	259388280	259411447	1	275305939	275334006	0d0887
2	199769794	199872773	2	72705813	72813572	2e0595
13	13059948	13078794	14	6651498	6672251	ed7953
15	6517800	6546048	12	20207215	20232989	fb9f3a
6	43150111	43198579	6	60759511	60810095	8808a6
4	84273448	84317475	4	91555227	91608977	5c01a6
4	20123778	20131399	4	20873116	20880740	5c01a6
6	45583401	45606589	6	58229512	58252629	8808a6
1	284215054	284224877	1	300779956	300789616	0d0887
15	16761366	16777795	12	1355850	1371597	fb9f3a
15	11707112	11727607	12	6405164	6456239	fb9f3a
6	22656842	22694996	6	82837429	82886163	8808a6
18	9160510	9165550	17	712312	717413	f8e125
3	161020942	161073502	3	165469923	165533986	46039f
3	45471755	45503488	3	47077317	47108649	46039f
19	6412945	6477042	18	6833760	6891870	f0f921
8	48589652	48660041	8	51718473	51819800	ad2793
6	52093880	52121137	6	51273167	51302723	8808a6
3	56826965	56898702	3	58746214	58815891	46039f
1	285975811	286023115	1	302617268	302668897	0d0887
3	177449269	177543844	3	182976730	183062613	46039f
6	42554280	42646994	6	61330527	61442558	8808a6
4	90968442	90998753	4	99704879	99733666	5c01a6
1	270442240	270521068	1	286460244	286536277	0d0887
6	37963864	37993682	6	66426450	66460515	8808a6
13	3419802	3466320	14	20080841	20129119	ed7953
5	99248350	99300338	5	23200711	23257540	7201a8
1	114613967	114655901	1	119206216	119247791	0d0887
1	326092131	326181486	1	344697890	344795716	0d0887
3	91976442	92185402	3	94697045	95000331	46039f
5	86572881	86627955	5	36524358	36583241	7201a8
2	176341799	176368796	2	97765946	97791033	2e0595
1	250866748	250943357	1	266574154	266656443	0d0887
6	254736	281183	6	105751121	105783221	8808a6
3	136578647	136663095	3	140465783	140568855	46039f
5	57009854	57040207	5	68488093	68521843	7201a8
1	65894818	65952585	1	68657545	68714993	0d0887
3	165989207	166012035	3	170747672	170775577	46039f
3	62739178	62843728	3	64685231	64797286	46039f
4	78522802	78869637	4	85546261	85866138	5c01a6
5	122762927	122769705	5	121205	127999	7201a8
8	38897809	38919812	8	41087591	41109664	ad2793
3	9518619	9636007	3	10695923	10816687	46039f
4	22196146	22239206	4	23251068	23293746	5c01a6
13	12106485	12265297	14	11450783	11608361	ed7953
8	24695495	24718111	8	25181264	25199612	ad2793
1	157045668	157107335	1	165373311	165430693	0d0887
4	131285596	131325384	4	142424284	142463897	5c01a6
18	1007273	1053613	17	11965351	12006919	f8e125
12	15740445	15919202	13	3264609	3378056	e3685f
7	21399659	21476818	7	74383673	74479186	9c179e
3	42347327	42398999	3	43823840	43874223	46039f
2	228443966	228530724	2	42619109	42721741	2e0595
3	52982617	52986250	3	54730500	54734133	46039f
13	390293	420483	14	20911484	20943052	ed7953
1	135477797	135520808	1	141290528	141334181	0d0887
5	86517313	86569499	5	36586648	36613516	7201a8
3	34738913	34747905	3	35857091	35865876	46039f
15	1336079	1354237	12	25235417	25284641	fb9f3a
6	42747753	42832878	6	61137318	61216577	8808a6
6	48970621	49005507	6	54680587	54720669	8808a6
1	337986849	338039904	1	356655136	356715173	0d0887
4	84333065	84462595	4	91625314	91790002	5c01a6
14	4661495	4685591	15	4728803	4749632	f58b47
1	331136396	331210844	1	349826338	349898796	0d0887
6	10988868	11055278	6	95194702	95256441	8808a6
3	70184883	70231912	3	72264804	72308894	46039f
8	44586934	44675788	8	47283103	47370165	ad2793
6	93129308	93183623	6	6240507	6288054	8808a6
7	75934480	75979747	7	17666875	17716953	9c179e
1	142742239	142855468	1	149380075	149490528	0d0887
1	277887252	277932505	1	294026613	294063672	0d0887
2	160533564	160681251	2	114341130	114502362	2e0595
1	183698300	183978040	1	196591151	196896006	0d0887
1	291813352	291889328	1	308772764	308849009	0d0887
1	154693946	154798106	1	162599243	162640288	0d0887
2	189233669	189514460	2	83370279	83659658	2e0595
8	23358941	23390731	8	23762766	23793158	ad2793
1	42905937	42946244	1	44030928	44072326	0d0887
2	98330260	98352873	2	186138532	186161248	2e0595
1	27644084	27661116	1	28030383	28048137	0d0887
1	200561649	200596682	1	214667101	214701609	0d0887
1	330850821	330895787	1	349542231	349582439	0d0887
1	266503929	266547698	1	282353080	282399680	0d0887
5	55628572	55661714	5	69804649	69842988	7201a8
7	62911398	62963516	7	29134980	29192952	9c179e
6	89930570	89980070	6	9506403	9547648	8808a6
5	40154817	40229061	5	85679186	85766679	7201a8
7	75905235	75908736	7	17742277	17745775	9c179e
14	6269487	6298685	15	6275512	6301731	f58b47
3	105745030	105797379	3	108385715	108458393	46039f
3	152980872	153007086	3	157310600	157342812	46039f
5	31395215	31420786	5	95074248	95097321	7201a8
2	157084301	157111087	2	118329382	118364423	2e0595
15	16934840	17038921	12	1135385	1172547	fb9f3a
8	6900984	7043115	8	6533040	6679752	ad2793
1	216257284	216305951	1	230987594	231007131	0d0887
1	294083175	294103082	1	311270723	311288245	0d0887
11	21320332	21342767	10	2259452	2281830	d8576b
11	15261459	15294596	10	16744393	16781743	d8576b
5	45901162	45904639	5	79727410	79730884	7201a8
2	182360134	182389908	2	91257353	91301193	2e0595
2	66899867	66927113	2	216673581	216704160	2e0595
4	131357993	131385499	4	142495927	142523186	5c01a6
1	100421757	100464644	1	104534239	104578320	0d0887
4	19487277	19532078	4	20196040	20227254	5c01a6
3	13820501	13854005	3	14289273	14322750	46039f
1	113180726	113251416	1	117770519	117849340	0d0887
3	136134953	136176735	3	140045867	140087126	46039f
1	13757420	13812830	1	13391158	13445899	0d0887
1	323748761	323798676	1	342233868	342299072	0d0887
3	155404606	155520328	3	159805507	159923457	46039f
4	61577987	61622891	4	66710505	66772296	5c01a6
1	109788909	109814707	1	114426774	114453763	0d0887
5	39233154	39241767	5	86778250	86786724	7201a8
7	168010	169810	7	95005783	95073014	9c179e
14	2568319	2597280	15	2694396	2721881	f58b47
7	51694396	51773957	7	40300105	40538437	9c179e
1	114668450	114696496	1	119260819	119287361	0d0887
3	124278032	124301650	3	127854053	127885778	46039f
12	20339340	20432523	13	20093146	20219472	e3685f
6	16945176	17070086	6	89011767	89146255	8808a6
12	2127838	2147551	13	15930006	15949374	e3685f
3	105944458	105994158	3	108606707	108658199	46039f
4	12758044	12860455	4	12663342	12708003	5c01a6
6	98994434	99039920	6	312620	357841	8808a6
3	101673636	101814059	3	103723951	103902645	46039f
7	21934189	21984017	7	73803207	73861887	9c179e
1	257081025	257095445	1	272897014	272915653	0d0887
14	9817803	9859925	15	12978860	13003059	f58b47
6	62235133	62271068	6	40580589	40613662	8808a6
3	165722871	165823291	3	170464524	170563913	46039f
8	44416689	44449583	8	47109060	47144578	ad2793
14	5001756	5071889	15	5053864	5079418	f58b47
1	98860299	98894814	1	102893093	102928534	0d0887
7	23607724	23671416	7	72016942	72081153	9c179e
3	11628522	11738446	3	8603462	8717430	46039f
5	20901514	20947084	5	106307635	106353736	7201a8
2	200499394	200582071	2	71976563	72053855	2e0595
19	346734	353632	18	12843223	12852589	f0f921
8	25803465	25835695	8	26576508	26609827	ad2793
15	9309410	9354641	12	17453181	17492757	fb9f3a
1	11941280	11972529	1	11407167	11443789	0d0887
1	90344169	90441576	1	93961464	94073640	0d0887
1	25181596	25214292	1	25427617	25458085	0d0887
8	31454788	31462344	8	32822319	32829754	ad2793
2	79989101	80052621	2	203850423	203903695	2e0595
1	95107043	95180475	1	99166392	99240653	0d0887
2	155344224	155435561	2	120034266	120127628	2e0595
8	66913314	66941797	8	74528208	74565354	ad2793
2	52516907	52528520	2	231281692	231296022	2e0595
14	13558291	13599575	15	16474053	16517655	f58b47
1	300028831	300051069	1	317732550	317754791	0d0887
2	140628795	140681990	2	135568162	135618103	2e0595
5	87427724	87474421	5	35662037	35708956	7201a8
3	89622	98181	3	98886	108787	46039f
1	40663527	40702694	1	41652449	41700583	0d0887
2	20104226	20162689	2	265599741	265657622	2e0595
2	172950529	173058112	2	101374118	101486414	2e0595
10	16367918	16376729	11	11313432	11322865	cc4778
2	242936708	242966346	2	27446767	27477150	2e0595
10	6036331	6087106	11	21761941	21814823	cc4778
16	1458758	1512663	16	2186203	2231166	fdb42f
15	3512100	3519644	12	23129007	23136308	fb9f3a
3	183104886	183112716	3	188897974	188905058	46039f
12	5881391	5931910	13	12278998	12329961	e3685f
5	50931435	50966316	5	74562002	74601433	7201a8
11	20986969	21142747	10	2469578	2626314	d8576b
13	3390946	3415351	14	20133681	20157151	ed7953
1	164602503	164652134	1	172824336	173026527	0d0887
6	95976941	96021746	6	3340840	3392947	8808a6
3	59490873	59533755	3	61402466	61441999	46039f
5	30512808	30544920	5	96066393	96098777	7201a8
8	76924163	76973335	8	84040408	84077155	ad2793
8	38784572	38819842	8	40964423	40993926	ad2793
1	174334334	174508676	1	186630279	186980842	0d0887
12	3685720	3707009	13	14421751	14441394	e3685f
7	49393193	49559980	7	42483065	42736273	9c179e
7	20547078	20581194	7	75367892	75401617	9c179e
6	90419595	90554253	6	8887398	9051258	8808a6
1	115839301	115861107	1	120487848	120512275	0d0887
4	89764301	89805546	4	98421058	98466280	5c01a6
16	7562846	7588990	16	10990078	11015039	fdb42f
2	148262245	148349717	2	127291432	127379080	2e0595
5	24202809	24214412	5	102806248	102817883	7201a8
2	193955195	193997336	2	78749086	78790026	2e0595
1	130509289	130565585	1	136063012	136120905	0d0887
6	42088511	42109820	6	61906497	61928309	8808a6
14	8739736	8782728	15	8640303	8681691	f58b47
7	89495486	89513516	7	4067620	4086060	9c179e
1	21034332	21059657	1	20906606	20928998	0d0887
1	200826653	200868823	1	215063242	215102881	0d0887
1	130610177	130673335	1	136165462	136232050	0d0887
1	333579236	333628440	1	352257750	352318262	0d0887
8	28915151	28948715	8	29909555	29945405	ad2793
1	300734952	300763457	1	318486629	318513484	0d0887
6	27562791	27589588	6	77658263	77683193	8808a6
15	10891677	10907414	12	15954824	15971170	fb9f3a
14	8534423	8555709	15	8448102	8466949	f58b47
4	22319448	22368926	4	23375034	23422050	5c01a6
1	123425656	123603183	1	128607496	128791026	0d0887
13	11353677	11472934	14	12258239	12350855	ed7953
4	73178136	73372373	4	79781119	80142160	5c01a6
2	190458598	190502516	2	82376069	82413168	2e0595
19	1735681	1814915	18	11440741	11518540	f0f921
1	294318319	294331890	1	311509912	311523493	0d0887
3	201472379	201503814	3	207366715	207428972	46039f
1	140049299	140126528	1	146457887	146542860	0d0887
6	89861023	89911025	6	9574247	9616042	8808a6
13	435757	451231	14	20957272	20973090	ed7953
2	232767532	232786603	2	38141789	38156743	2e0595
1	130464757	130474262	1	136019278	136028697	0d0887
19	6134582	6155279	18	6557763	6574763	f0f921
16	3961097	3993406	16	7462986	7496130	fdb42f
3	14648598	14678471	3	15118065	15146789	46039f
15	678565	715507	12	25906000	25943692	fb9f3a
12	7948396	8059519	13	10170883	10273765	e3685f
1	299302832	299335169	1	316904736	316931835	0d0887
15	5191455	5400849	12	21323126	21518731	fb9f3a
3	56181601	56184787	3	58113012	58116198	46039f
2	11302081	11313147	2	274639449	274650356	2e0595
3	183724567	183730970	3	189548921	189555257	46039f
11	22717112	22731704	10	889829	904249	d8576b
4	10720246	10751018	4	10354866	10384224	5c01a6
3	184776439	184786795	3	190592051	190602959	46039f
16	4137511	4280573	16	7607323	7751381	fdb42f
1	292575819	292667255	1	309618121	309712552	0d0887
3	59602784	59626835	3	61509773	61532656	46039f
5	55718750	55721930	5	69736415	69739592	7201a8
3	59049955	59059932	3	60958125	60969538	46039f
13	2218249	2238089	14	22672900	22694957	ed7953
1	267928775	267953202	1	283816933	283841475	0d0887
2	229844903	230056863	2	40986101	41205286	2e0595
2	101041721	101072046	2	183340534	183371676	2e0595
13	8726782	8758868	14	14915378	14949265	ed7953
4	81860935	81884704	4	88991658	89010437	5c01a6
14	8178794	8200375	15	8115366	8133313	f58b47
2	220716134	220813398	2	50850938	50962871	2e0595
5	32351975	32382292	5	94025763	94055523	7201a8
2	155798704	155864653	2	119594051	119655215	2e0595
6	10677155	10854898	6	95399624	95583373	8808a6
1	335909821	335912974	1	354616550	354619703	0d0887
7	9117484	9211114	7	87024598	87119410	9c179e
8	29579720	29600157	8	30636404	30657557	ad2793
1	40986552	41040908	1	42058019	42111449	0d0887
8	9406373	9455867	8	9114258	9159946	ad2793
4	42642534	42727973	4	45950734	46036669	5c01a6
6	45536726	45556253	6	58293037	58312711	8808a6
1	22987767	23018835	1	23047086	23076292	0d0887
5	32435312	32450522	5	93951759	93967624	7201a8
1	223755001	223848508	1	238762294	238846288	0d0887
1	79303073	79306214	1	82544237	82547375	0d0887
5	120687296	120757748	5	1978995	2033261	7201a8
16	5628984	5701990	16	9079888	9152880	fdb42f
4	27691706	27825097	4	29271389	29439086	5c01a6
2	234696683	234772079	2	36166247	36243798	2e0595
19	4515649	4538096	18	8817134	8838595	f0f921
2	156133189	156173887	2	119264569	119303355	2e0595
1	166537207	166605735	1	175054603	175143838	0d0887
1	274602106	274619816	1	290771599	290788418	0d0887
1	300181577	300298183	1	317879531	317959905	0d0887
8	30578286	30690404	8	31794132	31937406	ad2793
7	84389438	84550855	7	8821907	8944298	9c179e
2	155621514	155667898	2	119792268	119839031	2e0595
7	22029157	22058718	7	73723095	73757750	9c179e
1	10971505	11035747	1	10420525	10449025	0d0887
8	39044291	39111508	8	41210400	41285513	ad2793
3	169179173	169208448	3	174243297	174278794	46039f
5	97053634	97078659	5	25474974	25498468	7201a8
3	159004280	159030514	3	163446675	163469370	46039f
17	9279253	9292979	19	2646376	2659741	fdca26
6	42975125	43002411	6	60948042	60977228	8808a6
2	207561962	207615795	2	64600754	64652828	2e0595
1	155509294	155557402	1	163727546	163777317	0d0887
3	137659573	137686690	3	141583366	141610483	46039f
13	1397056	1423940	14	21885553	21908532	ed7953
3	103681867	103718112	3	105980798	106025234	46039f
15	15609965	15621999	12	2524847	2536761	fb9f3a
5	112851631	112854727	5	9174815	9177911	7201a8
1	109087253	109116937	1	113715666	113751163	0d0887
1	215471967	215499371	1	230146341	230186382	0d0887
14	578422	613969	15	1433125	1471731	f58b47
7	30407939	30452883	7	64720092	64762721	9c179e
7	24099156	24171613	7	71514921	71592889	9c179e
1	176642749	176698074	1	189957031	190008250	0d0887
2	180025322	180077273	2	93694347	93750406	2e0595
6	30143208	30175388	6	74725369	74771098	8808a6
5	88489342	88543009	5	34503781	34567341	7201a8
3	67697820	67720705	3	69681307	69711728	46039f
1	81813416	81891784	1	85102129	85181943	0d0887
5	82296412	82347616	5	41127431	41182309	7201a8
12	506307	517182	13	17542410	17553224	e3685f
5	31892847	31913769	5	94496500	94521436	7201a8
14	1094935	1104790	15	938056	948320	f58b47
15	16583080	16595450	12	1553079	1567629	fb9f3a
7	30838053	30882711	7	64235217	64291868	9c179e
6	93452572	93477784	6	5940314	5968327	8808a6
6	96593056	96699135	6	2663281	2772483	8808a6
5	69858617	69910122	5	54258845	54329282	7201a8
14	5701141	5713229	15	5737088	5749200	f58b47
1	17779433	17801489	1	17451095	17473360	0d0887
3	28809924	28828171	3	29533892	29549709	46039f
8	26420749	26465803	8	27306479	27353729	ad2793
6	27604072	27625672	6	77628570	77649509	8808a6
4	80151832	80276918	4	87213227	87363120	5c01a6
1	317744804	317757442	1	336085728	336097902	0d0887
5	5777442	5796329	5	122159091	122177266	7201a8
6	58253800	58279502	6	44689926	44712120	8808a6
2	146008178	146030296	2	130039019	130058015	2e0595
4	2188271	2269676	4	1957677	2026778	5c01a6
1	61112973	61125248	1	63739354	63751857	0d0887
5	20287270	20319090	5	106989694	107036789	7201a8
1	106369866	106442519	1	110962658	111029998	0d0887
7	10889647	10978043	7	85252454	85343113	9c179e
3	169849808	169880295	3	174982043	175007369	46039f
5	57047557	57062227	5	68463727	68480519	7201a8
3	91243797	91339593	3	93982101	94099578	46039f
5	24958998	24972751	5	102029931	102042467	7201a8
13	1517327	1541711	14	22005464	22027604	ed7953
6	44397276	44400195	6	59459409	59462328	8808a6
6	406632	463754	6	105547314	105603214	8808a6
1	93761448	93774546	1	97668286	97682433	0d0887
3	136793771	136824710	3	140702824	140747882	46039f
3	25506899	25527260	3	26219580	26238573	46039f
2	154450557	154504014	2	121058127	121111133	2e0595
19	4543385	4566809	18	8788999	8812204	f0f921
12	14456243	14580018	13	3845431	3963776	e3685f
7	31189914	31212813	7	63872213	63897820	9c179e
16	2000033	2023678	16	2726319	2758480	fdb42f
17	11170933	11193442	19	156579	178859	fdca26
15	8049500	8058039	12	18730087	18738675	fb9f3a
19	7171047	7190243	18	5002044	5026448	f0f921
4	36452675	36543388	4	39023031	39145185	5c01a6
15	15962590	15976106	12	2172335	2186059	fb9f3a
8	44244373	44260056	8	46864966	46896204	ad2793
7	51553508	51596133	7	40636529	40701522	9c179e
2	198487399	198505395	2	74109325	74127105	2e0595
7	52942930	53031024	7	38995092	39090301	9c179e
3	21783745	21789463	3	22358302	22363999	46039f
2	149974190	149996811	2	125782497	125808305	2e0595
1	313297447	313322657	1	331543771	331582438	0d0887
4	91962449	92020931	4	100766545	100833302	5c01a6
3	196740665	196774898	3	202830853	202872438	46039f
1	184325975	184377654	1	197225308	197255832	0d0887
1	116744674	116777585	1	121521012	121553769	0d0887
3	88254233	88314594	3	90930261	90989153	46039f
4	93231538	93301803	4	102181489	102257557	5c01a6
17	9279253	9292982	19	2646376	2659744	fdca26
2	140539324	140588275	2	135690222	135712337	2e0595
1	63550054	63561275	1	66233694	66245082	0d0887
4	33458375	33592197	4	35752817	35887514	5c01a6
10	5750384	5771304	11	22073275	22094698	cc4778
5	5616879	5659217	5	122288280	122329369	7201a8
13	8414261	8432425	14	15244127	15261579	ed7953
6	48695776	48769907	6	54938933	55011839	8808a6
3	181137435	181166449	3	186870896	186894543	46039f
8	20541074	20597090	8	20677842	20729455	ad2793
2	40846012	40873029	2	243944183	243973244	2e0595
2	20003899	20070920	2	265676264	265749627	2e0595
2	190382745	190426184	2	82434126	82476293	2e0595
5	9260008	9308628	5	118559492	118606720	7201a8
5	36574361	36581601	5	89657788	89664132	7201a8
11	20286440	20297885	10	3344499	3352524	d8576b
19	4340681	4356124	18	9000236	9017834	f0f921
1	118669676	118704362	1	123616746	123651834	0d0887
2	99349228	99385045	2	185094503	185131417	2e0595
10	175048	196014	11	27549025	27568385	cc4778
5	34168019	34232791	5	92029433	92104953	7201a8
1	293043878	293093933	1	310129221	310185095	0d0887
17	92434	198258	19	10901466	11015841	fdca26
1	39451300	39497196	1	40500127	40556053	0d0887
15	13702501	13723804	12	4462252	4488728	fb9f3a
1	103085952	103136446	1	107435942	107511468	0d0887
1	130481558	130508149	1	136036317	136061862	0d0887
5	39563972	39665180	5	86331250	86423344	7201a8
1	332483509	332525805	1	351185514	351230414	0d0887
1	174200408	174225182	1	186150049	186194863	0d0887
1	85161841	85200393	1	88462003	88499859	0d0887
3	147494076	147533871	3	151810464	151857938	46039f
4	93215841	93301782	4	102165073	102257536	5c01a6
1	242063390	242075412	1	257535734	257550301	0d0887
1	246419710	246461214	1	262028154	262068724	0d0887
1	168776711	168795981	1	177476717	177499377	0d0887
1	96256258	96283671	1	100360874	100380100	0d0887
8	23785905	23829716	8	24209578	24257504	ad2793
1	200800861	200815396	1	215039735	215054341	0d0887
7	6202920	6243137	7	89839690	89878661	9c179e
4	85853986	85880373	4	93326788	93360988	5c01a6
4	50929907	50957802	4	55205141	55234853	5c01a6
13	15774006	15799794	14	3982391	4012780	ed7953
3	168352301	168472129	3	173354397	173494444	46039f
3	86919166	87003259	3	89559648	89645785	46039f
4	24547680	24592992	4	25831034	25878597	5c01a6
13	8814194	8824995	14	14849940	14859802	ed7953
5	30775772	30795526	5	95822699	95841742	7201a8
5	85569428	85595640	5	37647181	37661356	7201a8
1	310260484	310295084	1	328611249	328643526	0d0887
4	23255896	23313588	4	24455803	24507956	5c01a6
8	53201370	53238182	8	56907087	56942288	ad2793
16	12173893	12185611	16	15508202	15519909	fdb42f
1	87111173	87200807	1	90527097	90599696	0d0887
1	279703147	280021428	1	295968113	296326020	0d0887
17	3804622	3823345	19	7959224	7994405	fdca26
15	13684455	13697405	12	4488586	4503260	fb9f3a
1	236609894	236661444	1	251939939	251985625	0d0887
15	16519291	16531218	12	1620147	1631450	fb9f3a
15	11080990	11104701	12	15755329	15779006	fb9f3a
1	340342936	340382075	1	358990522	359049185	0d0887
2	101832610	101866767	2	182478561	182512640	2e0595
16	9429134	9470799	16	12801388	12845872	fdb42f
5	85999461	86093524	5	37117888	37205543	7201a8
1	284284000	284362226	1	300845536	300910511	0d0887
12	13645021	13647820	13	4774675	4777474	e3685f
19	450817	459942	18	12738937	12747679	f0f921
17	11070721	11097220	19	253143	279742	fdca26
4	86435006	86493488	4	94006595	94065444	5c01a6
1	18656041	18672354	1	18363725	18377654	0d0887
14	1089917	1093711	15	949547	953307	f58b47
4	88512763	88552041	4	96969574	97016492	5c01a6
8	19573014	19604134	8	19601674	19631379	ad2793
3	70267426	70321482	3	72333469	72388080	46039f
5	91929495	91932462	5	30901919	30904916	7201a8
13	8551471	8569704	14	15107694	15123731	ed7953
11	22975826	23001583	10	635594	662353	d8576b
12	8682132	8702781	13	9560088	9579619	e3685f
1	302657167	302693295	1	320528211	320569262	0d0887
1	168452123	168615001	1	177108447	177293699	0d0887
1	238947527	239029884	1	254337753	254418085	0d0887
4	4076299	4105335	4	3305116	3334237	5c01a6
6	49230271	49296983	6	54385708	54455333	8808a6
1	159876070	159929636	1	168369818	168416695	0d0887
4	73065416	73177551	4	79637619	79780548	5c01a6
1	87574714	87622491	1	91021041	91062167	0d0887
7	17676099	17744007	7	78136713	78201802	9c179e
5	100032497	100061378	5	22428375	22452594	7201a8
1	6139098	6179656	1	5421010	5457092	0d0887
2	25191602	25207160	2	260415181	260434716	2e0595
1	242435645	242458332	1	257967963	257995855	0d0887
3	115060351	115094897	3	118438934	118467166	46039f
3	166440949	166479246	3	171281098	171318241	46039f
3	183490588	183557734	3	189303566	189374147	46039f
12	8311466	8329312	13	9919256	9937969	e3685f
14	5975954	6031457	15	5997068	6045961	f58b47
11	15490185	15524820	10	16512322	16547545	d8576b
4	15322490	15358130	4	15579908	15614042	5c01a6
2	189779697	189792787	2	83072434	83085860	2e0595
12	18671557	18702074	13	21948818	21987510	e3685f
3	68286554	68378304	3	70274719	70356609	46039f
4	51728686	51773822	4	56029090	56072241	5c01a6
1	51609739	51624147	1	53352906	53367346	0d0887
6	36175674	36191677	6	68345386	68364257	8808a6
7	16906940	16947714	7	79013586	79052541	9c179e
6	89309700	89342504	6	10150191	10186760	8808a6
5	92597051	92626912	5	30138321	30178992	7201a8
2	100956456	100988530	2	183420122	183451732	2e0595
4	18575322	18714891	4	19209445	19374668	5c01a6
7	43973094	43993795	7	49257237	49285444	9c179e
16	1237957	1259737	16	1915339	1947475	fdb42f
1	251230943	251248913	1	266979673	266997132	0d0887
14	5658712	5695327	15	5697968	5731751	f58b47
15	6972432	6980370	12	19768077	19775779	fb9f3a
7	38707458	38744386	7	55607975	55634898	9c179e
12	710533	727072	13	17327817	17345718	e3685f
6	91513858	91598858	6	7867582	7953817	8808a6
5	115351634	115354361	5	11656443	11659170	7201a8
1	177068372	177071099	1	190402710	190405434	0d0887
7	34217506	34242458	7	60743359	60769825	9c179e
1	90103684	90157997	1	93704904	93752319	0d0887
3	32950139	33090892	3	34009990	34159655	46039f
6	8197532	8238818	6	98102277	98143230	8808a6
4	76129734	76495785	4	83186332	83497758	5c01a6
4	60826505	60950732	4	65879420	66049197	5c01a6
1	18405884	18455044	1	18125200	18175102	0d0887
6	25624808	25649471	6	79709206	79734618	8808a6
4	54990336	55031673	4	59545120	59592318	5c01a6
1	338198137	338209208	1	356863729	356875838	0d0887
3	25950087	25979658	3	26633479	26663535	46039f
6	12224871	12250608	6	93931108	93952075	8808a6
3	113155440	113169168	3	116440869	116454533	46039f
1	46322975	46399520	1	47713152	47784765	0d0887
2	51463784	51509182	2	232393954	232444324	2e0595
8	14608345	14640294	8	14537601	14569798	ad2793
6	54221868	54247433	6	49021996	49046432	8808a6
1	25296888	25319260	1	25544616	25565057	0d0887
2	199041677	199054891	2	73554505	73566888	2e0595
17	9940432	9950621	19	1398203	1408645	fdca26
16	6777891	6794191	16	10214370	10229058	fdb42f
3	127595735	127676603	3	131293496	131364699	46039f
7	28288882	28311193	7	67073166	67100024	9c179e
1	226506770	226593069	1	241700260	241792521	0d0887
3	58531249	58636486	3	60448096	60563092	46039f
1	194735671	194762389	1	208147442	208162078	0d0887
3	131228209	131251739	3	135138612	135163106	46039f
1	237815531	237923775	1	253132780	253267320	0d0887
1	166007450	166027246	1	174465796	174488010	0d0887
2	98283771	98294110	2	186191329	186203162	2e0595
8	43286374	43297331	8	45887189	45898527	ad2793
2	214557334	214588909	2	57426328	57459789	2e0595
8	408689	495249	8	499379	586891	ad2793
3	43592045	43708570	3	45067904	45181269	46039f
1	6619161	6669861	1	5869263	5919853	0d0887
8	67458923	67512188	8	75087211	75139923	ad2793
5	103995949	103998847	5	18506884	18509779	7201a8
1	104279177	104304700	1	108695192	108727450	0d0887
1	274536958	274583633	1	290704782	290752857	0d0887
16	10962176	10990656	16	14299274	14325969	fdb42f
2	83765002	83807799	2	200724850	200763974	2e0595
3	17958954	17999656	3	18527015	18572987	46039f
2	199534420	199563893	2	73020257	73047065	2e0595
2	217449250	217467615	2	54395531	54413879	2e0595
2	117300540	117318630	2	161737609	161755757	2e0595
1	317541292	317572653	1	335857858	335903734	0d0887
14	1035132	1056553	15	985759	1007230	f58b47
15	1833693	1847385	12	24739280	24752903	fb9f3a
2	32041279	32060929	2	253293974	253312566	2e0595
1	222573211	222707517	1	237536127	237664092	0d0887
12	1067825	1076293	13	16982776	16995446	e3685f
3	169626122	169628756	3	174729363	174732003	46039f
6	46390232	46429145	6	57406046	57434252	8808a6
13	1375866	1390049	14	21862261	21874156	ed7953
15	3378355	3481230	12	23164000	23256344	fb9f3a
8	74060981	74082452	8	81394369	81420651	ad2793
2	103406035	103469712	2	180114597	180226227	2e0595
4	36290662	36330321	4	38860397	38909354	5c01a6
4	31803620	31818120	4	33838467	33852897	5c01a6
8	37430172	37561672	8	39456910	39606951	ad2793
3	106546350	106574481	3	109349306	109382785	46039f
14	7822437	7854781	15	7757867	7793964	f58b47
5	15693573	15839014	5	111595315	111759136	7201a8
3	58720321	58765201	3	60658943	60693043	46039f
15	4771410	4831150	12	21870167	21928517	fb9f3a
10	11268552	11337196	11	16292872	16353180	cc4778
1	245316639	245376171	1	260960288	261023468	0d0887
2	177007178	177120913	2	96774626	96878341	2e0595
17	8039869	8052308	19	3249994	3263377	fdca26
3	132229355	132287895	3	136052264	136100292	46039f
3	127035920	127089573	3	130724297	130777224	46039f
1	50684637	50698583	1	52344033	52359804	0d0887
14	462805	471211	15	1581210	1589368	f58b47
1	40012616	40132599	1	41035711	41082761	0d0887
7	85177219	85200373	7	8180065	8204965	9c179e
8	51860702	51916594	8	55477782	55535866	ad2793
1	18367493	18382647	1	18081892	18096039	0d0887
16	4993712	5008274	16	8474657	8489519	fdb42f
4	6550271	6593361	4	5934275	5981929	5c01a6
3	14630218	14632819	3	15097755	15100356	46039f
6	93948619	93993545	6	5417022	5463234	8808a6
2	182271080	182293047	2	91368708	91389807	2e0595
1	40141480	40202995	1	41092560	41161020	0d0887
1	287659987	287721306	1	304385117	304443547	0d0887
2	195214093	195250278	2	77514867	77550420	2e0595
2	85950719	85978840	2	198881659	198909243	2e0595
11	6211361	6220420	10	25470036	25478947	d8576b
1	298349188	298403629	1	315926474	315975594	0d0887
1	164020763	164063725	1	172401374	172446429	0d0887
16	7703167	7718811	16	11125923	11141253	fdb42f
8	76568065	76592895	8	83715937	83737249	ad2793
6	54475603	54612384	6	48700928	48830040	8808a6
2	129837934	129847360	2	148694340	148702723	2e0595
14	15147651	15187395	15	18082485	18118305	f58b47
1	288101205	288103788	1	304882722	304885305	0d0887
1	68997353	69023508	1	71754631	71787095	0d0887
4	87547774	87580416	4	95325837	95357831	5c01a6
3	124890468	124893042	3	128547772	128550346	46039f
4	24020760	24196219	4	25288795	25478787	5c01a6
1	105496186	105513439	1	110090045	110107669	0d0887
5	19895648	19919032	5	107366027	107393381	7201a8
12	2730103	2732677	13	15351985	15354559	e3685f
19	7488913	7512241	18	4676344	4703379	f0f921
8	30768598	30816935	8	32033800	32064750	ad2793
3	22303381	22335008	3	22917544	22942096	46039f
2	198167013	198181937	2	74542598	74557655	2e0595
2	206464446	206555948	2	65713660	65725395	2e0595
7	48036513	48063826	7	44226259	44266464	9c179e
1	151741036	151806580	1	159421598	159474706	0d0887
1	107673959	107695012	1	112213774	112234897	0d0887
2	56394819	56418743	2	227215104	227239818	2e0595
1	16163405	16184845	1	15883125	15905156	0d0887
11	20235116	20257129	10	3382200	3404680	d8576b
1	163510085	163526771	1	171843934	171860285	0d0887
5	24341221	24362885	5	102660788	102685557	7201a8
4	37534786	37544869	4	40246232	40256427	5c01a6
14	4818117	4827115	15	4876855	4886800	f58b47
15	4843469	4908124	12	21794564	21824152	fb9f3a
8	35886256	35906676	8	37781970	37798968	ad2793
1	195374552	195384759	1	208764376	208774537	0d0887
3	46033115	46056697	3	47643246	47661689	46039f
5	13646855	13677363	5	114131872	114161317	7201a8
6	47508441	47560686	6	56223574	56269338	8808a6
1	302318657	302389417	1	320151837	320234817	0d0887
2	153958436	154014237	2	121596049	121616442	2e0595
3	10731146	10909995	3	9436672	9609224	46039f
4	26575	46561	4	92203	112873	5c01a6
13	11714072	11723284	14	12006325	12015993	ed7953
16	11094973	11105498	16	14432379	14442837	fdb42f
6	4613566	4711673	6	101419893	101507528	8808a6
4	90493366	90545489	4	99218807	99267345	5c01a6
6	27039371	27082326	6	78195030	78235641	8808a6
7	13766859	13801584	7	82308749	82335263	9c179e
2	12093136	12107872	2	274032833	274041850	2e0595
2	212328001	212439163	2	59705333	59810277	2e0595
2	30425345	30465865	2	254871090	254914636	2e0595
6	67181465	67243493	6	35450666	35513105	8808a6
1	279364270	279399877	1	295587384	295627806	0d0887
7	6332775	6481577	7	89583362	89736028	9c179e
7	21186477	21217275	7	74669303	74708692	9c179e
2	215173939	215264053	2	56723030	56819038	2e0595
6	88106031	88141747	6	11377838	11417001	8808a6
13	1842561	1855971	14	22326546	22339992	ed7953
3	82025879	82071402	3	84415655	84459205	46039f
19	1426642	1437522	18	11798594	11809136	f0f921
2	21106444	21129370	2	264626755	264652664	2e0595
5	105016344	105018867	5	17477071	17479594	7201a8
1	115753136	115799004	1	120400758	120442436	0d0887
5	32463054	32479811	5	93915016	93933737	7201a8
17	379482	468879	19	10566178	10680084	fdca26
3	41973738	42017682	3	43428213	43478077	46039f
5	69112721	69122002	5	55089138	55097690	7201a8
1	63078687	63114592	1	65749791	65793111	0d0887
13	18730071	18745642	14	874207	890639	ed7953
4	53637819	53652169	4	58122389	58136544	5c01a6
4	95176195	95226825	4	104384485	104434366	5c01a6
17	5699679	5705478	19	6299140	6304462	fdca26
2	199004552	199024977	2	73583401	73603860	2e0595
1	23957571	23994732	1	24130399	24172321	0d0887
8	35832137	35864093	8	37719602	37759888	ad2793
2	156087984	156121126	2	119315584	119348929	2e0595
7	40977993	41107856	7	52754337	52893043	9c179e
16	12848617	12853599	16	16162794	16167764	fdb42f
1	65501385	65525222	1	68253666	68276393	0d0887
1	64493247	64546650	1	67212712	67284776	0d0887
13	15858817	15876415	14	3904098	3926581	ed7953
12	14782046	14794669	13	3633518	3642883	e3685f
14	2517303	2524944	15	2645734	2652669	f58b47
14	3919063	3946017	15	4023039	4048436	f58b47
2	142578060	142623645	2	133598983	133645414	2e0595
6	24188386	24292386	6	81166748	81277818	8808a6
3	14716784	14719184	3	15185162	15187562	46039f
4	54832468	54884122	4	59372464	59434385	5c01a6
13	8499997	8513921	14	15159007	15173578	ed7953
1	242493410	242529914	1	258038735	258074573	0d0887
1	278845073	278878385	1	295040497	295080073	0d0887
1	318862190	318907731	1	337162938	337206408	0d0887
1	149186625	149212937	1	156179788	156203974	0d0887
1	48995712	49030159	1	50590624	50625583	0d0887
1	99672147	99714640	1	103731928	103768200	0d0887
4	15247752	15320366	4	15486862	15577982	5c01a6
6	52941382	52969338	6	50417674	50446057	8808a6
2	140903549	140943209	2	135304596	135347253	2e0595
1	250796316	250831360	1	266503297	266537672	0d0887
11	15344429	15362792	10	16675615	16696546	d8576b
7	13303961	13372968	7	82718322	82788762	9c179e
1	237650734	237663057	1	252943226	252955257	0d0887
2	105233991	105311649	2	177621195	177741323	2e0595
2	18579085	18601940	2	267071671	267095199	2e0595
3	69414086	69438341	3	71371839	71399305	46039f
1	141722764	141786135	1	148286718	148365238	0d0887
1	116782679	116810003	1	121558936	121586600	0d0887
1	229124061	229164749	1	244349033	244389794	0d0887
1	183318460	183349493	1	196223452	196274339	0d0887
3	186289204	186304781	3	192082762	192097725	46039f
6	46068338	46070786	6	57747327	57749775	8808a6
1	36624156	36639839	1	37561370	37575672	0d0887
1	233857288	233876608	1	249181002	249199901	0d0887
3	202793831	202847079	3	208593743	208648508	46039f
1	28423353	28445523	1	28787242	28815627	0d0887
11	22531101	22539181	10	1098194	1105798	d8576b
5	67377364	67424757	5	57343665	57409008	7201a8
1	233889702	233935422	1	249211559	249255668	0d0887
2	183991532	184202764	2	89409469	89617353	2e0595
1	335766239	335839158	1	354468872	354545080	0d0887
2	179321993	179365287	2	94394582	94436602	2e0595
1	37176000	37178034	1	38125403	38127422	0d0887
8	76446153	76455808	8	83606351	83618861	ad2793
5	49665274	49708802	5	75895748	75939088	7201a8
13	2723755	2794594	14	23184709	23247808	ed7953
12	601462	617229	13	17440697	17456476	e3685f
6	3595193	3724203	6	102387321	102493562	8808a6
2	46937396	46972623	2	237401071	237434691	2e0595
3	119672205	119690427	3	123138496	123157180	46039f
1	66610876	66638694	1	69373118	69401958	0d0887
3	61902946	61925328	3	63836066	63858345	46039f
14	6466388	6485693	15	6459279	6478797	f58b47
3	88189274	88232883	3	90872185	90912872	46039f
3	63047379	63058983	3	65007492	65018657	46039f
13	766846	781207	14	21280665	21295318	ed7953
1	217604610	217612034	1	232381974	232391698	0d0887
1	36410002	36470024	1	37343159	37407081	0d0887
3	64404405	64436845	3	66395846	66433648	46039f
6	2639274	2703796	6	103338146	103398407	8808a6
7	58262313	58281626	7	34169408	34182011	9c179e
15	15267835	15347089	12	2886225	2911317	fb9f3a
3	69533262	69560529	3	71600373	71629504	46039f
1	5925046	5973728	1	5219971	5264919	0d0887
2	163636166	163660163	2	111184612	111208558	2e0595
3	23582895	23604935	3	24194991	24208330	46039f
3	157716787	157734761	3	162145035	162161649	46039f
8	20598915	20647587	8	20731250	20779090	ad2793
16	9662466	9678411	16	13039614	13056617	fdb42f
8	4071589	4073980	8	3853068	3855471	ad2793
17	10070731	10077097	19	1074070	1080244	fdca26
5	65136728	65164518	5	59710604	59737338	7201a8
1	56142156	56195708	1	58285013	58327498	0d0887
7	27457170	27459582	7	67933366	67935778	9c179e
2	154830577	154864480	2	120626793	120660540	2e0595
5	91355020	91367211	5	31484651	31496063	7201a8
14	5726242	5743861	15	5761077	5776270	f58b47
1	272418100	272438404	1	288467655	288494030	0d0887
12	10072732	10086824	13	8244429	8257732	e3685f
11	22470078	22479205	10	1161117	1170071	d8576b
1	9541340	9588013	1	8849394	8899956	0d0887
3	160109997	160146606	3	164513553	164551158	46039f
7	14698004	14720050	7	81322137	81345044	9c179e
7	28488254	28510823	7	66832331	66858102	9c179e
1	159744629	159771310	1	168239228	168268545	0d0887
12	19552262	19624079	13	20785690	20870818	e3685f
5	122207969	122225285	5	659559	675870	7201a8
1	180597383	180633813	1	193697616	193734231	0d0887
1	248194628	248235475	1	263891692	263937890	0d0887
3	125015084	125023599	3	128668740	128677182	46039f
1	264596762	264669333	1	280421949	280494636	0d0887
3	135173765	135192612	3	139053185	139066485	46039f
3	125065037	125069237	3	128713876	128718261	46039f
4	55486412	55515170	4	60025365	60054016	5c01a6
3	50522524	50547211	3	52213011	52236461	46039f
7	33640740	33718164	7	61289986	61372071	9c179e
6	2878147	2913707	6	103139480	103173768	8808a6
15	1163141	1176722	12	25416444	25429979	fb9f3a
6	44584137	44604395	6	59272161	59294794	8808a6
1	40221714	40237732	1	41187762	41207289	0d0887
18	8943646	8953328	17	911306	920606	f8e125
2	55453734	55466315	2	228220833	228240170	2e0595
14	2053351	2055739	15	2192360	2194748	f58b47
5	53482944	53508988	5	71868508	71897543	7201a8
3	114823759	114826180	3	118202657	118205093	46039f
6	89550321	89599259	6	9889266	9940418	8808a6
2	140628846	140681282	2	135568870	135618052	2e0595
13	7755391	7765029	14	15887673	15896424	ed7953
1	340331640	340342392	1	358980128	358989994	0d0887
2	79862189	79889400	2	203974080	204002597	2e0595
1	156046673	156071967	1	164322627	164347768	0d0887
11	4908415	4918745	10	26865270	26876648	d8576b
3	85562443	85594745	3	88105318	88169250	46039f
3	5973063	6000024	3	7430188	7451618	46039f
5	64812075	64824746	5	60047906	60061199	7201a8
1	205729197	205759994	1	220028052	220057528	0d0887
6	71304593	71322530	6	31022903	31043096	8808a6
4	56354737	56439151	4	61101727	61193367	5c01a6
8	14354701	14356984	8	14268539	14270822	ad2793
13	6687882	6723156	14	16923519	16957845	ed7953
1	125778152	125803398	1	131105726	131123922	0d0887
1	237305639	237330706	1	252596445	252621878	0d0887
1	46260460	46292962	1	47653891	47686310	0d0887
1	309546482	309691210	1	327872670	328102896	0d0887
1	115727812	115742916	1	120378212	120391153	0d0887
7	91369237	91386502	7	2361206	2375104	9c179e
15	16989266	17001326	12	1114042	1123877	fb9f3a
5	55566062	55596983	5	69877686	69906432	7201a8
1	19247830	19254699	1	18985731	18991946	0d0887
7	60399844	60447909	7	31863409	31920606	9c179e
7	27048886	27075486	7	68325076	68355175	9c179e
5	81962024	82011983	5	41457780	41504762	7201a8
3	91492460	91574413	3	94274307	94375678	46039f
13	11063368	11078990	14	12617512	12634021	ed7953
1	160098186	160119118	1	168568382	168584176	0d0887
1	252005157	252016813	1	267721878	267732680	0d0887
6	32525718	32545665	6	72249876	72283085	8808a6
5	23187801	23240871	5	103875120	103945420	7201a8
1	192743763	192751708	1	205920141	205927995	0d0887
2	150029839	150086444	2	125687406	125742517	2e0595
3	52012381	52104300	3	53685728	53787575	46039f
15	16634093	16661140	12	1489944	1513422	fb9f3a
3	146244948	146263220	3	150537135	150553665	46039f
3	70091631	70111239	3	72168561	72187034	46039f
3	5893230	5940219	3	7487940	7532629	46039f
4	52608599	52638301	4	56992828	57033787	5c01a6
6	30288051	30305896	6	74609554	74627016	8808a6
1	228882924	228931547	1	244110615	244158472	0d0887
7	30983320	31016144	7	64092306	64123759	9c179e
14	412935	420696	15	1634888	1642642	f58b47
1	181602825	181636603	1	194593737	194614425	0d0887
3	40532203	40541125	3	41949245	41958166	46039f
2	211124016	211138917	2	61029941	61041669	2e0595
17	10998407	11002777	19	347454	351789	fdca26
14	9327947	9340104	15	9217794	9229995	f58b47
19	3912406	3945764	18	9381572	9414448	f0f921
3	102039885	102098657	3	104131682	104206649	46039f
3	141787358	141923005	3	145861686	146000791	46039f
3	130559669	130654553	3	134498037	134598103	46039f
3	137583554	137592606	3	141517398	141525489	46039f
7	89683716	89726628	7	3861189	3899814	9c179e
10	8381028	8401202	11	19415100	19430705	cc4778
3	177659440	177674838	3	183199481	183215676	46039f
7	58722452	58878178	7	33607952	33756495	9c179e
1	335035357	335044655	1	353754311	353762097	0d0887
1	10724589	10758801	1	10132358	10167734	0d0887
2	206317391	206336911	2	65870535	65893365	2e0595
7	30374911	30403439	7	64767239	64789453	9c179e
14	5400900	5418474	15	5450964	5467174	f58b47
3	170614275	170634623	3	175754412	175775969	46039f
2	241663560	241683350	2	28805210	28829112	2e0595
1	16331011	16341193	1	16049871	16058036	0d0887
18	8802060	8865215	17	1019576	1021364	f8e125
2	188118139	188156270	2	84970910	85011472	2e0595
1	20951264	20973804	1	20824875	20848157	0d0887
2	176040392	176070108	2	98075304	98106423	2e0595
5	13118308	13120594	5	114632711	114634991	7201a8
1	336895643	336919122	1	355640331	355665560	0d0887
1	190959887	190974713	1	204051527	204066625	0d0887
1	328017774	328123511	1	346568408	346681343	0d0887
8	77286157	77326597	8	84374080	84411792	ad2793
6	54341760	54365907	6	48933310	48954562	8808a6
7	22819550	22839162	7	72922485	72941735	9c179e
6	18055910	18085045	6	87949505	87979291	8808a6
6	12257018	12275286	6	93908263	93924513	8808a6
3	113349643	113497158	3	116643770	116855418	46039f
8	40922070	40948703	8	43290147	43319805	ad2793
14	15267830	15290875	15	18203044	18225949	f58b47
1	46450273	46504842	1	47836031	47883563	0d0887
4	119763564	119844637	4	130710093	130718329	5c01a6
4	67666547	67771090	4	73274997	73394216	5c01a6
11	5039398	5088875	10	26717209	26760636	d8576b
7	83814472	83843885	7	9524596	9554827	9c179e
3	163567015	163575289	3	168238440	168246572	46039f
4	6483352	6532583	4	5855121	5911593	5c01a6
1	232245665	232280519	1	247602852	247638650	0d0887
17	10021716	10028484	19	1023852	1030521	fdca26
1	106580604	106632789	1	111191017	111232334	0d0887
1	257847511	257898060	1	273690220	273766788	0d0887
1	266742900	266767040	1	282598015	282617609	0d0887
5	39095584	39129103	5	86902474	86939555	7201a8
2	100909659	100922789	2	183485263	183498983	2e0595
1	172716022	172767232	1	182599195	182652181	0d0887
1	282268967	282346846	1	298698004	298778206	0d0887
3	119964900	119973407	3	123452190	123461884	46039f
5	53110445	53144445	5	72244407	72281028	7201a8
10	6346572	6365282	11	21476237	21496070	cc4778
11	2248786	2268135	10	29203119	29218747	d8576b
8	79090748	79099292	8	86116463	86124917	ad2793
8	13856940	13877267	8	13733909	13754512	ad2793
17	5377996	5420692	19	6557829	6596940	fdca26
2	104103350	104135518	2	179442048	179482112	2e0595
2	221716428	221732724	2	49891323	49906245	2e0595
8	76512381	76542712	8	83664911	83693418	ad2793
15	4433486	4441153	12	22237351	22245712	fb9f3a
1	202104566	202130697	1	216464617	216489500	0d0887
2	100754989	100767370	2	183636951	183648870	2e0595
3	146265041	146288831	3	150558989	150578780	46039f
7	16617209	16669643	7	79281992	79341884	9c179e
1	306743574	306761478	1	324725968	324742531	0d0887
5	57704259	57753792	5	67706175	67754806	7201a8
5	50364522	50375600	5	75173317	75189407	7201a8
3	202896188	202902216	3	208696712	208702670	46039f
3	34760720	34776705	3	35878010	35893875	46039f
2	183616685	183758237	2	89865771	89986407	2e0595
3	44260511	44321927	3	45804172	45863422	46039f
6	71680208	71718998	6	30619226	30666729	8808a6
1	276391933	276418337	1	292561405	292587176	0d0887
1	54091939	54322255	1	56078709	56314833	0d0887
3	106091652	106188593	3	108777910	108878507	46039f
7	47012740	47102735	7	45432481	45517245	9c179e
7	89230210	89265177	7	4302491	4333001	9c179e
15	15537972	15558696	12	2592160	2618253	fb9f3a
1	149223736	149239837	1	156214166	156236677	0d0887
1	255417593	255420854	1	271210481	271213594	0d0887
15	8733937	8742505	12	18053685	18062119	fb9f3a
3	98170120	98218103	3	100036605	100070425	46039f
1	169579394	169651189	1	178490933	178546928	0d0887
1	55758980	55782926	1	57886889	57910291	0d0887
8	11346139	11366633	8	11003941	11022579	ad2793
1	160479228	160514389	1	168966431	168998906	0d0887
3	107876217	107934681	3	110469349	110528777	46039f
1	180637665	180655805	1	193745244	193761502	0d0887
3	13986511	14139700	3	14459645	14607649	46039f
14	13852178	13867461	15	16788998	16806131	f58b47
4	43439703	43522968	4	46836683	46921706	5c01a6
3	168497283	168506902	3	173530722	173540663	46039f
6	43008988	43028207	6	60929357	60945051	8808a6
2	215700458	215827157	2	56132432	56256203	2e0595
3	196918123	196954792	3	203010000	203048815	46039f
5	92219301	92275501	5	30533322	30585226	7201a8
1	160431378	160468142	1	168919565	168956546	0d0887
6	32602963	32632607	6	72181103	72201581	8808a6
1	323582222	323600191	1	342027701	342045845	0d0887
2	41189648	41225575	2	243577207	243610659	2e0595
3	200442583	200467322	3	206507950	206519751	46039f
14	97554	106047	15	1905114	1953296	f58b47
3	123022639	123040509	3	126557320	126571242	46039f
1	252446964	252487698	1	268185522	268228278	0d0887
1	145869421	145871659	1	152640507	152642745	0d0887
5	85620567	85638336	5	37601243	37627485	7201a8
3	199957800	200005234	3	206021282	206061906	46039f
6	72750233	72782840	6	29458265	29496425	8808a6
1	143613209	143645881	1	150168468	150202845	0d0887
1	130427210	130458126	1	135987243	136012299	0d0887
5	31719102	31735567	5	94714694	94730158	7201a8
1	118898521	118952578	1	123849223	123901767	0d0887
7	83677813	83721974	7	9643244	9677109	9c179e
6	23631385	23673138	6	81857789	81897989	8808a6
11	936520	942414	10	30767396	30774022	d8576b
3	131079722	131097042	3	134992007	135009506	46039f
7	48249681	48289994	7	43959235	43984629	9c179e
10	1631518	1642727	11	26073667	26085599	cc4778
5	98259540	98304742	5	24170766	24215408	7201a8
2	153652587	153695920	2	121893804	121935844	2e0595
4	21957183	21959391	4	23001399	23003613	5c01a6
1	265979758	265989463	1	281880619	281889711	0d0887
7	9512545	9942610	7	86266676	86721434	9c179e
2	137768360	137799558	2	138838138	138867874	2e0595
3	66714719	66820708	3	68639688	68743064	46039f
1	267042108	267056522	1	282918040	282932175	0d0887
11	21293448	21302107	10	2305825	2315630	d8576b
18	978867	1007023	17	11938398	11960981	f8e125
1	125689672	125755134	1	131008676	131077974	0d0887
19	192456	197653	18	12982188	12987584	f0f921
7	30759242	30790237	7	64362406	64398749	9c179e
1	137938181	137968690	1	144176428	144210882	0d0887
1	40925044	40943268	1	41974845	41993974	0d0887
8	39153821	39186877	8	41329799	41364381	ad2793
14	149102	153570	15	1896344	1900783	f58b47
6	24575	45742	6	105991666	106012302	8808a6
4	22382850	22414817	4	23436943	23473874	5c01a6
13	17942288	17954276	14	1766663	1778268	ed7953
5	4739637	4750492	5	123125224	123133817	7201a8
1	294050625	294062592	1	311237219	311249950	0d0887
3	167271448	167313591	3	172233072	172279641	46039f
5	30073736	30092213	5	96572108	96600913	7201a8
1	332870976	332903402	1	351569601	351609170	0d0887
8	29055582	29124585	8	30060212	30127508	ad2793
2	204504323	204564734	2	67747732	67805160	2e0595
7	51003783	51105799	7	41093887	41172724	9c179e
10	8116633	8172327	11	19635143	19687228	cc4778
1	315806017	315830083	1	334128794	334150182	0d0887
8	68480375	68552992	8	76192966	76276279	ad2793
4	21783919	21801259	4	22784215	22802283	5c01a6
17	7398842	7420285	19	3954672	3973809	fdca26
2	33290204	33302497	2	251999721	252011947	2e0595
1	25417066	25420564	1	25639042	25642497	0d0887
3	155853209	155860822	3	160268943	160277015	46039f
1	42852354	42887848	1	43978387	44013531	0d0887
2	214663548	214800498	2	57233655	57350004	2e0595
1	293016018	293039238	1	310103192	310127787	0d0887
2	169717403	169737288	2	104880336	104905327	2e0595
1	239233260	239258897	1	254595767	254632709	0d0887
7	5203543	5271619	7	90755783	90821140	9c179e
4	30284394	30313562	4	32200432	32231924	5c01a6
2	48219522	48262306	2	236058189	236099144	2e0595
1	168847594	168873900	1	177542678	177578883	0d0887
7	40143617	40169164	7	53875279	53900343	9c179e
3	193296561	193326436	3	199426901	199450395	46039f
3	151008978	151031151	3	155291173	155311414	46039f
1	306974594	307004182	1	324967966	325004320	0d0887
1	323455755	323488282	1	341912428	341950664	0d0887
1	288286767	288300578	1	305065985	305085194	0d0887
5	12926141	12980483	5	114769201	114818247	7201a8
13	8219798	8231022	14	15448809	15460366	ed7953
17	8347709	8365554	19	2952545	2969841	fdca26
1	286732618	286760073	1	303405828	303430676	0d0887
1	12575220	12601740	1	12183573	12209066	0d0887
14	5095423	5111418	15	5142743	5158512	f58b47
17	9419637	9432600	19	1900365	1913086	fdca26
2	140778051	140830650	2	135417609	135472774	2e0595
11	1720059	1731883	10	29651528	29662722	d8576b
1	6754463	6756350	1	5989843	5991718	0d0887
1	227784396	227820607	1	242933611	242978066	0d0887
5	56602697	56611665	5	68919645	68928756	7201a8
6	20709303	20712195	6	85218341	85221233	8808a6
3	114023954	114044983	3	117372694	117390435	46039f
13	421344	434979	14	20943883	20956498	ed7953
5	66595718	66631045	5	58259208	58310965	7201a8
1	80041066	80120586	1	83307547	83381135	0d0887
1	111308671	111310855	1	115970937	115973103	0d0887
15	10625778	10633834	12	16237427	16245232	fb9f3a
1	191124621	191189069	1	204231274	204289834	0d0887
14	3125655	3136285	15	3259521	3267592	f58b47
11	18491829	18504101	10	5191925	5204714	d8576b
1	292080507	292137011	1	309039602	309102238	0d0887
4	11760994	11775773	4	11435482	11449241	5c01a6
14	7419723	7440789	15	7372007	7392434	f58b47
8	50041348	50119433	8	53287893	53369251	ad2793
1	75049816	75110933	1	78089679	78174504	0d0887
2	89999830	90063266	2	194670732	194730113	2e0595
5	55676704	55701335	5	69756428	69785506	7201a8
2	182468487	182470344	2	91189508	91192124	2e0595
6	24913648	24940704	6	80463152	80495564	8808a6
2	103259514	103315350	2	180900720	180913419	2e0595
13	7716567	7732475	14	15917720	15932361	ed7953
1	274165805	274188228	1	290256359	290280151	0d0887
3	24443573	24461576	3	25071012	25089515	46039f
11	22480558	22485831	10	1154634	1159785	d8576b
2	226309896	226312044	2	45062761	45064909	2e0595
1	267488790	267510119	1	283352978	283372694	0d0887
2	160574976	160578661	2	114443743	114447411	2e0595
17	5988864	5990796	19	6045486	6047418	fdca26
4	56957150	57001300	4	61772210	61818945	5c01a6
14	5247934	5261747	15	5289185	5305930	f58b47
5	52073852	52075985	5	73439071	73441204	7201a8
14	3338985	3355378	15	3459910	3473951	f58b47
7	79429587	79441703	7	14048797	14060786	9c179e
8	37656214	37658377	8	39692912	39695078	ad2793
6	33022946	33053583	6	71743556	71773782	8808a6
4	21165269	21186348	4	22049624	22072066	5c01a6
3	181186276	181212748	3	186912242	186934250	46039f
7	36349630	36358372	7	58311214	58319153	9c179e
2	32251051	32269975	2	253067685	253093010	2e0595
2	208838297	208888736	2	63380321	63430896	2e0595
12	13743077	13764157	13	4666026	4688439	e3685f
10	9252137	9273147	11	18487805	18516490	cc4778
16	6817002	6832310	16	10250719	10264016	fdb42f
6	5749027	5810286	6	100430713	100504454	8808a6
3	86019211	86042321	3	88627211	88651539	46039f
3	22730272	22748181	3	23359077	23376751	46039f
5	97291013	97323002	5	25201467	25237943	7201a8
4	64164224	64166258	4	69471158	69473192	5c01a6
11	21154272	21173694	10	2437685	2458760	d8576b
6	2463214	2474449	6	103556030	103567752	8808a6
7	60957800	60959930	7	31136901	31139031	9c179e
2	214901462	214934696	2	57076459	57113700	2e0595
6	61604426	61645481	6	41207028	41253261	8808a6
7	85815569	85840053	7	7551649	7576773	9c179e
1	267426003	267465367	1	283295126	283330809	0d0887
1	29805675	29807799	1	30200703	30202830	0d0887
1	299957968	299978675	1	317664590	317684505	0d0887
1	26903201	26906925	1	27237903	27241624	0d0887
15	7157139	7227663	12	19528795	19599793	fb9f3a
6	51787914	51809061	6	51635439	51651395	8808a6
6	38612353	38640982	6	65812873	65848990	8808a6
3	46418073	46431624	3	48039851	48053342	46039f
12	4312006	4315339	13	13819830	13822619	e3685f
6	45153207	45164675	6	58688915	58700313	8808a6
10	1413933	1424699	11	26301142	26312416	cc4778
1	25876478	25896785	1	26111030	26129360	0d0887
3	202570433	202578919	3	208361004	208369200	46039f
14	5069027	5087072	15	5118084	5136518	f58b47
4	53783926	53808500	4	58270175	58290561	5c01a6
2	18899355	18922142	2	266758718	266776632	2e0595
3	119809001	119836363	3	123274478	123303590	46039f
3	107619582	107636339	3	110195431	110212326	46039f
3	135699719	135721423	3	139609726	139630582	46039f
10	5334389	5354566	11	22487225	22506429	cc4778
3	105301171	105315873	3	107847954	107865576	46039f
12	10425316	10453835	13	7901404	7923576	e3685f
2	201952037	202036528	2	70510405	70600695	2e0595
1	151438976	151447941	1	159105400	159114949	0d0887
7	62223587	62244025	7	29889292	29909172	9c179e
7	6039489	6068063	7	90007173	90036573	9c179e
11	12919108	12930530	10	19059204	19070953	d8576b
3	99343622	99353077	3	101170512	101180197	46039f
13	3489110	3539839	14	20012326	20060725	ed7953
3	104317282	104372808	3	106763117	106825946	46039f
7	37753906	37772295	7	56684595	56704695	9c179e
7	57808960	57836160	7	34536989	34567435	9c179e
10	9338784	9358860	11	18403752	18422957	cc4778
4	27828410	27949756	4	29442428	29608219	5c01a6
1	276174601	276212676	1	292362391	292410866	0d0887
1	125941679	125972003	1	131272331	131304959	0d0887
1	75132112	75151198	1	78196034	78215498	0d0887
7	30813374	30825818	7	64303338	64317014	9c179e
1	154378000	154414117	1	162204045	162239638	0d0887
3	68090248	68106212	3	70079037	70095509	46039f
5	61863009	61872181	5	63333109	63341611	7201a8
6	19292408	19349616	6	86629194	86686380	8808a6
6	3799348	3822245	6	102304445	102328170	8808a6
15	10535260	10553339	12	16319540	16333310	fb9f3a
16	6638905	6663554	16	10076836	10100293	fdb42f
3	158380427	158382521	3	162789783	162791877	46039f
1	26298500	26344136	1	26595717	26643975	0d0887
5	78539546	78541637	5	45037310	45039395	7201a8
1	256973326	256992255	1	272771534	272795898	0d0887
1	303239497	303312151	1	320999857	321080416	0d0887
6	90780463	90802658	6	8660807	8682140	8808a6
1	178086714	178108728	1	191460029	191481298	0d0887
1	51576826	51584596	1	53312888	53323768	0d0887
14	15294804	15307434	15	18230612	18248952	f58b47
7	28886776	28904523	7	66393286	66419235	9c179e
15	3674274	3694956	12	22952437	22973216	fb9f3a
1	104470487	104508888	1	108882689	108923456	0d0887
1	277555437	277584143	1	293691898	293722203	0d0887
5	106181144	106183202	5	16326346	16328404	7201a8
6	1565163	1644185	6	104300036	104372556	8808a6
5	56751200	56770397	5	68757875	68780175	7201a8
12	16081471	16109931	13	19849622	19871700	e3685f
3	175819175	175847480	3	181206268	181241571	46039f
5	21723301	21772953	5	105420644	105472557	7201a8
5	108587871	108608774	5	13877382	13900897	7201a8
10	6009711	6021040	11	21830657	21838524	cc4778
1	38997309	39026644	1	40020264	40051235	0d0887
6	39025962	39042138	6	65391853	65405143	8808a6
10	26739059	26767523	11	466751	483362	cc4778
3	87663629	87681163	3	90313331	90328794	46039f
14	2346156	2355076	15	2477135	2486136	f58b47
6	22177860	22182565	6	83374375	83400853	8808a6
1	205908500	205924970	1	220195149	220212730	0d0887
8	59050664	59062013	8	66025052	66048310	ad2793
5	22851896	22868430	5	104282641	104300102	7201a8
2	204610022	204625246	2	67694125	67709470	2e0595
12	8162204	8178711	13	10060400	10078111	e3685f
12	1026031	1045074	13	17013272	17032804	e3685f
7	23253420	23269120	7	72466819	72486600	9c179e
2	99098184	99120335	2	185380471	185399921	2e0595
3	25986930	25989228	3	26670705	26673006	46039f
7	26577078	26591845	7	68811589	68825727	9c179e
1	51173462	51175484	1	52897555	52899577	0d0887
14	5421400	5426391	15	5470055	5475017	f58b47
7	73703274	73712064	7	20137633	20149713	9c179e
5	108179688	108204221	5	14287852	14307278	7201a8
4	42129131	42152342	4	45290607	45318330	5c01a6
6	38460978	38468666	6	66000095	66005146	8808a6
5	31924295	31948433	5	94459224	94485082	7201a8
1	224840678	224860871	1	239937505	239955964	0d0887
1	63741051	63752681	1	66432665	66443559	0d0887
15	3762358	3810332	12	22843237	22886376	fb9f3a
3	183906201	183920031	3	189717343	189731047	46039f
1	165196606	165294594	1	173591080	173698008	0d0887
13	1449839	1459379	14	21932171	21940702	ed7953
1	208840728	208908407	1	223229472	223294282	0d0887
5	66662905	66784378	5	58087060	58224657	7201a8
7	74596691	74627661	7	19145712	19172251	9c179e
5	5807841	5863742	5	122094508	122147289	7201a8
12	4410499	4412533	13	13728988	13731010	e3685f
1	158148691	158163760	1	166490580	166512630	0d0887
3	48369482	48440599	3	49963842	50035855	46039f
1	127265797	127311346	1	132642437	132681899	0d0887
3	156829284	156836721	3	161237054	161247378	46039f
1	300807653	300845326	1	318565540	318600691	0d0887
1	192939460	192986400	1	206241401	206310682	0d0887
14	13711897	13745447	15	16637406	16674968	f58b47
16	11519761	11540819	16	14870160	14890542	fdb42f
2	68303553	68335008	2	215170725	215199062	2e0595
1	69985824	70027742	1	72750728	72784149	0d0887
17	7967694	7971107	19	3325976	3329437	fdca26
8	76966852	76988365	8	84079759	84103862	ad2793
6	26944218	26948019	6	78318039	78321789	8808a6
5	79299714	79305837	5	44482611	44488930	7201a8
2	98207390	98228996	2	186262567	186284826	2e0595
2	191734979	191765888	2	81128839	81158127	2e0595
13	3807246	3809657	14	19767756	19770150	ed7953
2	100871946	100890291	2	183512524	183530039	2e0595
6	42133525	42183111	6	61810032	61885202	8808a6
6	81732579	81754460	6	20060878	20083650	8808a6
17	3219629	3253592	19	8487322	8522135	fdca26
13	1794461	1806478	14	22281199	22291925	ed7953
5	22490364	22494039	5	104676142	104679845	7201a8
2	141174238	141202811	2	135052047	135078490	2e0595
5	110440385	110474533	5	6765825	6778191	7201a8
2	156642611	156682926	2	118789167	118837957	2e0595
3	147716809	147764538	3	152030790	152082976	46039f
1	242690408	242719292	1	258247330	258273395	0d0887
14	8977538	8992230	15	8865608	8879980	f58b47
1	2393884	2421574	1	1477105	1501697	0d0887
3	141669456	141688815	3	145727770	145745965	46039f
15	13442619	13464273	12	4633853	4654043	fb9f3a
3	46377981	46401201	3	48002559	48026489	46039f
4	84536506	84584852	4	91870265	91919533	5c01a6
3	23660683	23665880	3	24269569	24275137	46039f
1	251290581	251314335	1	267035985	267117590	0d0887
1	192817189	192837384	1	205993026	206010431	0d0887
13	14847741	14870565	14	4894826	4919864	ed7953
19	3029259	3051627	18	10241462	10262459	f0f921
14	14086228	14124886	15	17011288	17054578	f58b47
6	24584050	24613693	6	80821557	80852122	8808a6
1	62637726	62663444	1	65297701	65327972	0d0887
2	133202140	133228758	2	144358648	144388884	2e0595
7	55088506	55139210	7	37610959	37686700	9c179e
3	192503100	192536146	3	198649120	198681297	46039f
2	99391377	99416032	2	185062945	185089008	2e0595
8	35702137	35722667	8	37588111	37610410	ad2793
1	332409042	332443729	1	351120599	351151938	0d0887
7	71769248	71815482	7	22221775	22254034	9c179e
7	46464416	46515335	7	46062081	46103394	9c179e
4	84989915	85020894	4	92367625	92398499	5c01a6
3	20336981	20374339	3	20946293	20988603	46039f
17	10153359	10160715	19	1157852	1165389	fdca26
17	6668703	6698380	19	4574992	4622645	fdca26
8	7887896	7925263	8	7546899	7582108	ad2793
13	2969322	2994221	14	20525867	20547496	ed7953
4	86594670	86637716	4	94175372	94216977	5c01a6
4	6782576	6815028	4	6173799	6203318	5c01a6
5	91973527	91993430	5	30833324	30851780	7201a8
6	93832371	93863244	6	5563615	5592282	8808a6
10	7486274	7529399	11	20284003	20335257	cc4778
7	27955049	27984528	7	67393971	67414102	9c179e
1	88345235	88347221	1	91862805	91864791	0d0887
8	4043067	4050313	8	3821355	3826673	ad2793
13	18720326	18722306	14	896584	898564	ed7953
2	76130319	76197140	2	207212527	207268341	2e0595
2	173064567	173087225	2	101342809	101368472	2e0595
13	2605139	2625199	14	23064588	23084743	ed7953
11	8329387	8351147	10	23466301	23486482	d8576b
4	21437446	21464421	4	22349803	22383285	5c01a6
7	92765029	92785142	7	1068872	1085498	9c179e
1	50352555	50367427	1	52014925	52034784	0d0887
1	44304223	44306212	1	45496022	45498011	0d0887
1	238854191	238864806	1	254243217	254253644	0d0887
5	51042224	51070414	5	74434961	74471660	7201a8
13	8587675	8610232	14	15065022	15087836	ed7953
12	17023730	17081666	13	18898209	18958011	e3685f
3	70137077	70155399	3	72211647	72232372	46039f
4	92341892	92353509	4	101162082	101175013	5c01a6
6	10913750	10940124	6	95317747	95344806	8808a6
13	14750270	14772578	14	4988831	5009601	ed7953
1	187386399	187414397	1	200311871	200339247	0d0887
1	82853155	82880989	1	86194036	86227719	0d0887
1	280656639	280765480	1	296997151	297102119	0d0887
7	10650204	10670668	7	85544138	85562590	9c179e
15	8484689	8498860	12	18312655	18328593	fb9f3a
2	157533851	157547077	2	117790071	117871756	2e0595
15	16791579	16885398	12	1257635	1340192	fb9f3a
1	267199755	267223821	1	283075433	283097438	0d0887
1	6742690	6744661	1	5980436	5982407	0d0887
19	4485279	4498901	18	8854913	8868408	f0f921
8	40993642	41010012	8	43364299	43378893	ad2793
3	146453069	146478667	3	150744508	150768969	46039f
3	86007855	86016312	3	88615487	88624519	46039f
19	7525352	7541629	18	4644311	4661702	f0f921
1	322413830	322431842	1	340741706	340762006	0d0887
16	2818971	2827957	16	3565646	3573824	fdb42f
1	114858261	114867187	1	119451067	119460141	0d0887
1	99041624	99057412	1	103079885	103096568	0d0887
7	89769446	89793019	7	3800977	3825301	9c179e
1	147068889	147148267	1	153859495	153934014	0d0887
14	15332763	15341106	15	18285321	18293641	f58b47
15	4681819	4736864	12	21963298	22015962	fb9f3a
13	12620550	12636546	14	7093102	7107757	ed7953
6	25575903	25609549	6	79754232	79787458	8808a6
17	4305069	4319996	19	7523189	7535768	fdca26
1	189031107	189033051	1	202054145	202056089	0d0887
12	139269	143657	13	17914403	17918839	e3685f
1	205604055	205641011	1	219896404	219938492	0d0887
12	9934418	9994213	13	8332673	8372596	e3685f
1	215016454	215044251	1	229654437	229681923	0d0887
6	5498541	5523888	6	100715628	100743956	8808a6
16	2085637	2140164	16	2817144	2871905	fdb42f
16	12123123	12128197	16	15456877	15462005	fdb42f
15	3586863	3602538	12	23045372	23061678	fb9f3a
3	35895379	35907861	3	37122436	37135193	46039f
1	339876493	339901042	1	358557358	358584622	0d0887
3	200347600	200378899	3	206416617	206447876	46039f
2	156761734	156804323	2	118669792	118712009	2e0595
1	316979802	317003236	1	335242576	335262511	0d0887
12	8371088	8384512	13	9866045	9879792	e3685f
14	3584079	3589731	15	3697833	3703522	f58b47
1	83968339	84026997	1	87279019	87343846	0d0887
1	187427525	187508310	1	200352779	200435831	0d0887
17	1769547	1825787	19	9642541	9658165	fdca26
7	36135064	36154646	7	58511630	58530855	9c179e
6	41046556	41070802	6	62966831	62994345	8808a6
1	153564488	153566495	1	161320640	161322647	0d0887
15	615328	634618	12	25985743	26004846	fb9f3a
7	89189125	89217896	7	4342484	4370971	9c179e
1	73092780	73125118	1	75958020	75991062	0d0887
6	25657645	25696495	6	79654520	79700668	8808a6
7	25899762	25915322	7	69644215	69710323	9c179e
3	107122323	107132137	3	109639247	109649574	46039f
3	119368106	119385867	3	122839171	122859562	46039f
1	239834566	239859774	1	255209582	255236960	0d0887
14	4962005	4976400	15	5018375	5029981	f58b47
1	66066018	66096837	1	68830612	68851409	0d0887
3	47313647	47326889	3	48816604	48830032	46039f
1	204912027	204949717	1	219192000	219224806	0d0887
6	56069654	56126986	6	47137060	47198283	8808a6
1	277813024	277830382	1	293950786	293968288	0d0887
13	7545770	7557490	14	16088915	16100594	ed7953
15	15599732	15605616	12	2546554	2552510	fb9f3a
3	50629654	50645262	3	52321448	52336656	46039f
16	1144925	1162051	16	1835086	1852561	fdb42f
2	190653840	190678006	2	82180999	82204911	2e0595
15	8265911	8276334	12	18471996	18537076	fb9f3a
14	389153	401353	15	1654193	1666049	f58b47
2	177571989	177580763	2	96336372	96345618	2e0595
2	11280998	11299131	2	274652935	274667354	2e0595
3	23426112	23438338	3	24051989	24064274	46039f
1	50515460	50520954	1	52200799	52205505	0d0887
6	38731727	38785467	6	65705614	65731217	8808a6
13	3651811	3664641	14	19904415	19917388	ed7953
14	6541196	6563813	15	6529919	6551021	f58b47
6	93625338	93627003	6	5795042	5796710	8808a6
5	18082782	18085040	5	109189637	109191894	7201a8
2	205376374	205394974	2	66879892	66890062	2e0595
6	31816202	31818119	6	73042539	73044456	8808a6
2	133676320	133800936	2	143739029	143883494	2e0595
1	77310533	77312441	1	80441774	80443682	0d0887
11	22499388	22508049	10	1129292	1141078	d8576b
1	215075059	215087155	1	229724574	229741601	0d0887
1	40294343	40313049	1	41271553	41290828	0d0887
1	159783942	159787447	1	168278315	168281721	0d0887
12	740925	747660	13	17300773	17313654	e3685f
1	27942839	27958970	1	28325299	28340756	0d0887
2	195352896	195388075	2	77373303	77409924	2e0595
8	55041225	55058536	8	59002169	59025157	ad2793
16	2187264	2211752	16	2915390	2942836	fdb42f
1	111410788	111438357	1	116076570	116100087	0d0887
5	26156373	26169504	5	100745337	100759668	7201a8
1	66651694	66666731	1	69414394	69429695	0d0887
4	50490751	50522083	4	54713081	54751561	5c01a6
6	45310155	45329743	6	58518959	58538277	8808a6
1	55710135	55757126	1	57839854	57885051	0d0887
2	28663235	28689030	2	256781931	256814069	2e0595
16	7960094	7976163	16	11382460	11397309	fdb42f
1	319234287	319260116	1	337506520	337530679	0d0887
6	86009206	86027263	6	13729785	13743745	8808a6
8	43238262	43259373	8	45828274	45848818	ad2793
1	227713155	227727986	1	242866904	242881798	0d0887
2	152511667	152550859	2	123154857	123201312	2e0595
6	93919580	93928190	6	5483069	5490174	8808a6
1	336396964	336429115	1	355121438	355159919	0d0887
3	164297061	164320082	3	169044468	169064541	46039f
6	32863814	32865629	6	71917569	71919384	8808a6
8	21804074	21833125	8	22025186	22057316	ad2793
1	254653653	254681658	1	270417056	270449161	0d0887
8	69758963	69798107	8	77133831	77171112	ad2793
4	2616169	2636530	4	2377251	2398143	5c01a6
2	217368933	217412554	2	54452155	54482589	2e0595
1	259637474	259655383	1	275549493	275568066	0d0887
11	20693908	20700021	10	2908014	2914590	d8576b
15	9032792	9065306	12	17733605	17763682	fb9f3a
7	33058257	33081253	7	61884827	61909680	9c179e
1	181514667	181528618	1	194533875	194546084	0d0887
8	19207512	19253844	8	19228706	19276837	ad2793
3	131049597	131073748	3	134964536	134985999	46039f
11	7692819	7694370	10	24084263	24085814	d8576b
4	9153652	9171600	4	8617345	8635409	5c01a6
2	21138398	21189555	2	264563037	264616763	2e0595
1	236791516	236832009	1	252122482	252163840	0d0887
5	119346617	119401107	5	3181260	3234089	7201a8
4	86378	92021	4	161209	168401	5c01a6
3	17301378	17316037	3	17863022	17877801	46039f
3	114923396	114930964	3	118304892	118311881	46039f
2	212895695	212912720	2	59211762	59228568	2e0595
3	194934037	195003133	3	201116685	201190321	46039f
2	191642585	191683670	2	81207024	81248170	2e0595
19	2885873	2898232	18	10391041	10403827	f0f921
1	179015947	179051668	1	192297022	192332919	0d0887
3	123198904	123223578	3	126736170	126759269	46039f
3	64614252	64643193	3	66581577	66613991	46039f
6	51598703	51624092	6	51799420	51824691	8808a6
3	168967006	168991231	3	174016814	174041499	46039f
1	8854688	8898018	1	8142068	8196860	0d0887
5	56080699	56114605	5	69438565	69470349	7201a8
1	41746528	41777448	1	42815811	42836305	0d0887
3	159153667	159216358	3	163603693	163660507	46039f
11	20578512	20581864	10	3036983	3040312	d8576b
14	4834247	4851514	15	4892642	4906709	f58b47
3	63662055	63739870	3	65603756	65680668	46039f
5	30255138	30298051	5	96342428	96381579	7201a8
2	220680735	220705365	2	50973588	50997168	2e0595
1	119023463	119043568	1	123973968	124000271	0d0887
2	217116870	217164118	2	54702844	54765490	2e0595
17	8626861	8630354	19	2016424	2019924	fdca26
7	90675268	90700028	7	2971901	2993391	9c179e
6	219349	236098	6	105806399	105822558	8808a6
5	20753608	20780597	5	106483739	106517702	7201a8
1	35823694	35902139	1	36694675	36810192	0d0887
3	92220291	92452865	3	95043286	95228033	46039f
1	68963381	68977297	1	71720586	71735530	0d0887
1	229377961	229408027	1	244649188	244681867	0d0887
4	5243910	5257733	4	4527489	4539745	5c01a6
11	15402863	15414290	10	16624534	16636391	d8576b
14	6511294	6523354	15	6501982	6513391	f58b47
1	126052168	126067625	1	131379537	131395814	0d0887
2	156468600	156484408	2	118911439	118927959	2e0595
16	11012189	11019694	16	14344342	14357097	fdb42f
3	27369474	27376557	3	28081349	28089604	46039f
3	157822405	157838351	3	162254455	162273385	46039f
1	184067595	184150763	1	196975949	197062444	0d0887
13	15839662	15845438	14	3939377	3946629	ed7953
6	18412489	18423650	6	87600441	87610259	8808a6
8	76328783	76346073	8	83502915	83522871	ad2793
6	56036037	56063656	6	47203788	47230899	8808a6
11	8485569	8511649	10	23313145	23335651	d8576b
4	58149573	58193921	4	63078708	63122325	5c01a6
1	165595561	165612962	1	174040450	174059394	0d0887
3	160649964	160682193	3	165106834	165127666	46039f
6	58221307	58246547	6	44719551	44746501	8808a6
1	73260286	73290399	1	76145414	76181217	0d0887
1	233605389	233628171	1	248917056	248943319	0d0887
15	14336425	14338267	12	3853266	3855108	fb9f3a
11	10562621	10567401	10	21389269	21393422	d8576b
5	34099014	34147642	5	92127576	92171003	7201a8
1	340309939	340331299	1	358958315	358979950	0d0887
8	25493162	25516035	8	26229386	26253088	ad2793
2	214825719	214836982	2	57193340	57205019	2e0595
3	175624518	175653282	3	180998670	181016727	46039f
3	155741986	155766935	3	160164231	160190832	46039f
16	11838015	11843820	16	15182479	15188215	fdb42f
6	44444388	44463329	6	59411820	59430222	8808a6
4	24403869	24426836	4	25678315	25693362	5c01a6
4	73907481	73935381	4	80502890	80547049	5c01a6
2	179470086	179498426	2	94286155	94311225	2e0595
6	38421591	38427460	6	66041151	66047102	8808a6
11	20216916	20229271	10	3410678	3424112	d8576b
15	13299243	13312449	12	4803064	4816569	fb9f3a
2	21669356	21685370	2	264080627	264095165	2e0595
2	68278635	68285811	2	215215506	215288464	2e0595
1	287210371	287231053	1	303938603	303958545	0d0887
2	147672991	147723432	2	127962460	128015886	2e0595
19	7319111	7344918	18	4845637	4868782	f0f921
14	7067819	7069625	15	7032889	7034695	f58b47
1	72170070	72192852	1	75000442	75019900	0d0887
2	99917309	99931627	2	184520825	184535138	2e0595
3	25652516	25685149	3	26352933	26384684	46039f
3	95039472	95109661	3	97431889	97480852	46039f
14	9437963	9462171	15	9321814	9348463	f58b47
10	627084	637812	11	27101132	27117205	cc4778
1	314335973	314346419	1	332624805	332635118	0d0887
1	13323015	13350861	1	12967551	12992432	0d0887
3	123636865	123666471	3	127198427	127231465	46039f
8	35463358	35492728	8	37360947	37381689	ad2793
15	11793579	11806467	12	6325738	6337491	fb9f3a
5	16437473	16447415	5	110912363	110921778	7201a8
5	79507345	79539153	5	44266803	44286578	7201a8
4	9552705	9576166	4	9066746	9089528	5c01a6
3	119151451	119208276	3	122608161	122676028	46039f
2	212855477	212864660	2	59256516	59266115	2e0595
1	149168312	149180477	1	156164929	156174890	0d0887
2	80519096	80520914	2	203538093	203539911	2e0595
1	250242810	250251958	1	265919309	265928418	0d0887
1	317241862	317255699	1	335542813	335557416	0d0887
3	184909490	184954954	3	190720010	190768543	46039f
3	141125752	141228375	3	145160902	145277541	46039f
1	194063525	194082722	1	207405386	207427748	0d0887
3	179579713	179621224	3	185168786	185215981	46039f
1	265781759	265815390	1	281652040	281681947	0d0887
1	195064456	195097211	1	208469601	208496713	0d0887
5	64873578	64887517	5	59984498	59993027	7201a8
13	3231649	3240306	14	20290591	20299248	ed7953
1	335179739	335207323	1	353897540	353917231	0d0887
6	53388279	53601497	6	49737440	49948753	8808a6
2	61550665	61573377	2	222242650	222263179	2e0595
12	3471024	3487830	13	14620758	14636888	e3685f
1	42227314	42252118	1	43264864	43292004	0d0887
12	13108326	13132001	13	5321268	5345549	e3685f
3	144660198	144687093	3	148810976	148836359	46039f
1	11485536	11497538	1	10909833	10922509	0d0887
2	189731869	189751404	2	83124269	83146548	2e0595
1	122925250	122944613	1	128056780	128078511	0d0887
8	38335773	38340948	8	40445298	40452221	ad2793
16	9644456	9655587	16	13021985	13032816	fdb42f
3	100078431	100116554	3	101901488	101935916	46039f
17	261493	276175	19	10782503	10799798	fdca26
2	234423899	234435922	2	36500746	36512947	2e0595
16	11784848	11792140	16	15129664	15137269	fdb42f
6	67288079	67311123	6	35361948	35382110	8808a6
3	131113922	131145715	3	135028073	135062261	46039f
2	147348718	147364328	2	128523716	128538130	2e0595
1	336132016	336161346	1	354817308	354854849	0d0887
1	113199	118670	1	154038	159562	0d0887
6	38828008	38850928	6	65581126	65606487	8808a6
3	32622240	32628257	3	33668706	33674446	46039f
6	20407055	20437691	6	85471551	85519079	8808a6
19	3008338	3018296	18	10273451	10282697	f0f921
1	271836579	271838373	1	287863675	287865469	0d0887
3	107039223	107054104	3	109558494	109573972	46039f
4	20613571	20655223	4	21459105	21504244	5c01a6
1	1949424	1972083	1	1932159	1957950	0d0887
7	33913366	33937095	7	61078420	61095155	9c179e
8	28954937	28974395	8	29952315	29972245	ad2793
5	3998839	4081979	5	123752902	123835320	7201a8
4	44439047	44451214	4	47878249	47889720	5c01a6
17	11015219	11025585	19	324459	335098	fdca26
1	301552530	301565588	1	319324241	319335479	0d0887
2	67036979	67070254	2	216537802	216573625	2e0595
3	140120971	140156402	3	144094200	144129096	46039f
14	8419143	8449534	15	8337477	8361305	f58b47
17	10696587	10701778	19	650188	655419	fdca26
3	45504036	45525355	3	47109195	47130282	46039f
5	74541862	74668493	5	49450119	49534138	7201a8
3	169040500	169063314	3	174116096	174136320	46039f
2	133234377	133264465	2	144321562	144352964	2e0595
1	251660397	251675799	1	267393586	267408879	0d0887
2	30004920	30043650	2	255336123	255372163	2e0595
2	152161450	152178871	2	123546618	123564043	2e0595
6	55934118	55962245	6	47300346	47332475	8808a6
10	11464076	11511550	11	16116276	16162211	cc4778
3	62066597	62098907	3	63997687	64031155	46039f
3	186248096	186254310	3	192044390	192050626	46039f
6	85459466	85469273	6	14321226	14331289	8808a6
12	16542351	16547035	13	19429040	19434328	e3685f
1	129332858	129716183	1	134814881	135256766	0d0887
14	10156425	10167203	15	13262639	13273556	f58b47
2	101021629	101033175	2	183380183	183391069	2e0595
13	7897418	7899366	14	15758447	15836445	ed7953
1	273423470	273432459	1	289496173	289505183	0d0887
2	133043230	133084339	2	144522081	144566744	2e0595
2	214943016	214952176	2	57064012	57072063	2e0595
8	30861702	30897105	8	32110845	32150438	ad2793
1	260861429	260884234	1	276764319	276785800	0d0887
2	198855826	198877724	2	73736627	73760582	2e0595
1	94572924	94592623	1	98666544	98680210	0d0887
13	12483339	12500266	14	11293668	11309618	ed7953
7	71840461	71853070	7	22187633	22198606	9c179e
8	75223828	75240148	8	82498870	82515692	ad2793
8	70317262	70337824	8	77590516	77613046	ad2793
17	10882680	10885901	19	465131	468402	fdca26
3	197297025	197349323	3	203381590	203434847	46039f
1	17531440	17542199	1	17232367	17243180	0d0887
12	982787	994294	13	17064611	17075901	e3685f
1	116556674	116569222	1	121335181	121346547	0d0887
19	3889509	3902841	18	9424017	9434794	f0f921
1	267883849	267890766	1	283767751	283774829	0d0887
15	5126166	5127933	12	21585978	21587745	fb9f3a
13	18047069	18053331	14	1667037	1674727	ed7953
11	19495646	19524242	10	4149271	4179332	d8576b
2	32321588	32323355	2	253008956	253010723	2e0595
17	10131528	10138826	19	1132964	1143351	fdca26
1	195499238	195503521	1	208886973	208891089	0d0887
13	16975555	16985609	14	2782715	2793788	ed7953
5	35241311	35257611	5	90905071	90920413	7201a8
6	62415695	62522939	6	40345807	40442408	8808a6
1	173068176	173109692	1	183476803	183544133	0d0887
14	992487	1001882	15	1040002	1049387	f58b47
1	6055681	6086855	1	5335021	5365126	0d0887
6	26996007	27013964	6	78257873	78275531	8808a6
3	20409143	20441020	3	21025258	21050459	46039f
6	80858695	80885112	6	21104127	21124019	8808a6
1	142507090	142642933	1	149134382	149258226	0d0887
8	7702023	7753255	8	7353763	7403833	ad2793
1	334753133	334818459	1	353457304	353515396	0d0887
3	201629447	201739908	3	207506872	207604575	46039f
2	25954031	25961169	2	259637043	259643977	2e0595
1	284098536	284122410	1	300654063	300679781	0d0887
3	137969465	138060651	3	141885308	141999869	46039f
1	64006165	64025695	1	66718443	66740763	0d0887
5	65998036	65999788	5	58910245	58911997	7201a8
13	17690890	17725094	14	2033078	2066182	ed7953
15	14796425	14821547	12	3361315	3383290	fb9f3a
3	188734513	188754497	3	194616541	194636087	46039f
1	75641562	75657505	1	78707811	78721484	0d0887
5	22067757	22090552	5	105098798	105120987	7201a8
8	29462365	29486035	8	30497899	30519036	ad2793
1	327545809	327588880	1	346078173	346122292	0d0887
1	23678791	23706015	1	23806661	23845976	0d0887
3	147164245	147177339	3	151486977	151500047	46039f
6	52344711	52364582	6	51015967	51041057	8808a6
2	168092553	168108271	2	106646549	106663956	2e0595
3	50573972	50600844	3	52260701	52288655	46039f
7	13003250	13052407	7	83057825	83115198	9c179e
7	47664049	47684437	7	44579426	44598317	9c179e
1	108428	110252	1	149450	151271	0d0887
1	312096940	312125730	1	330301257	330329747	0d0887
16	10814396	10822355	16	14156152	14163794	fdb42f
8	48091017	48117555	8	51168431	51205823	ad2793
4	73619236	73705552	4	80258544	80358132	5c01a6
6	86301607	86402555	6	13301247	13423277	8808a6
6	18341279	18378763	6	87646806	87657471	8808a6
6	42351421	42365591	6	61624230	61636390	8808a6
1	244878381	244896471	1	260534750	260552903	0d0887
14	1491669	1497561	15	545191	551088	f58b47
3	14457778	14470832	3	14927808	14939217	46039f
3	142364452	142376090	3	146463017	146480125	46039f
2	212498068	212523024	2	59618866	59643681	2e0595
2	177137148	177149805	2	96743650	96756315	2e0595
16	11768037	11774111	16	15113638	15119336	fdb42f
4	20240117	20257089	4	20998915	21010849	5c01a6
4	50744472	50746206	4	54997494	54999228	5c01a6
3	134725636	134739849	3	138583559	138597861	46039f
4	98973992	99045246	4	108729680	108781160	5c01a6
5	81606318	81689224	5	41771003	41861493	7201a8
14	15884627	15895783	15	18860323	18870256	f58b47
17	8564620	8577562	19	1960873	1972645	fdca26
5	94021260	94048685	5	28667573	28701218	7201a8
8	24737535	24752363	8	25221970	25239126	ad2793
2	61253659	61255342	2	222581445	222583119	2e0595
2	168862454	169019274	2	105687326	105862613	2e0595
17	10390491	10396167	19	953540	959072	fdca26
1	86777462	86796300	1	90209308	90243493	0d0887
5	91102570	91128332	5	31732898	31762215	7201a8
7	80176112	80196066	7	13221222	13239578	9c179e
2	152842661	152859025	2	122814297	122825479	2e0595
1	70919357	70979978	1	73718483	73764283	0d0887
3	115307260	115335352	3	118682741	118708682	46039f
13	13475904	13553844	14	6172881	6248850	ed7953
5	9547918	9596543	5	118305148	118361337	7201a8
2	216844410	217005297	2	54868944	55045683	2e0595
13	1928773	1947336	14	22405480	22424366	ed7953
3	115230212	115243642	3	118609301	118621416	46039f
7	23119574	23149674	7	72599178	72622706	9c179e
16	7868196	7869906	16	11293149	11294859	fdb42f
3	140078906	140103855	3	144052652	144078445	46039f
5	68174538	68271797	5	56240295	56359345	7201a8
3	171522617	171540388	3	176658413	176675597	46039f
2	212535270	212568319	2	59569603	59605067	2e0595
3	165866680	165875687	3	170615091	170624111	46039f
2	190883362	190891257	2	81946722	81954250	2e0595
2	206281362	206296011	2	65917879	65932098	2e0595
13	3838939	3859343	14	19720559	19740189	ed7953
6	10258474	10292530	6	95992833	96036508	8808a6
11	6901554	6944970	10	24819145	24862070	d8576b
1	190801953	190812705	1	203860653	203870369	0d0887
8	37738626	37750539	8	39782403	39795802	ad2793
16	7518755	7535132	16	10950310	10964868	fdb42f
8	25249079	25263785	8	25911207	25935391	ad2793
6	48555080	48676754	6	55031205	55176655	8808a6
3	177870010	177894900	3	183428920	183451898	46039f
1	319426974	319443584	1	337693766	337719267	0d0887
3	175702374	175768378	3	181065292	181138215	46039f
12	8211060	8225087	13	10015984	10030811	e3685f
1	20896966	20904052	1	20768530	20777462	0d0887
8	75837281	75866453	8	83053358	83076814	ad2793
6	93933343	93940987	6	5467592	5485490	8808a6
3	89052558	89113961	3	91776660	91852462	46039f
4	7745120	7755079	4	7121554	7132586	5c01a6
6	33123045	33156662	6	71634411	71667279	8808a6
3	170278818	170306682	3	175413207	175442405	46039f
1	247177383	247199231	1	262793020	262811718	0d0887
19	5970695	5977401	18	6395953	6401882	f0f921
15	13757791	13763621	12	4423919	4429889	fb9f3a
11	13127830	13135807	10	18883924	18892461	d8576b
1	51212066	51238331	1	52935975	52959139	0d0887
2	51195843	51235086	2	232671521	232697400	2e0595
5	32497015	32509560	5	93878308	93903467	7201a8
11	20561910	20576841	10	3041992	3056422	d8576b
3	159756320	159761710	3	164222559	164227977	46039f
14	3096014	3115083	15	3231106	3249574	f58b47
1	28093433	28098926	1	28464989	28471303	0d0887
3	13857990	13886416	3	14326701	14352762	46039f
1	55664479	55681342	1	57793092	57809577	0d0887
7	33574648	33606763	7	61405148	61431564	9c179e
1	259707479	259732881	1	275630092	275655622	0d0887
8	8015552	8033904	8	7645288	7663647	ad2793
1	34175503	34207769	1	34960684	34992156	0d0887
1	116879232	116905917	1	121652733	121678799	0d0887
16	12318399	12328534	16	15652299	15662304	fdb42f
1	340024789	340030876	1	358688169	358694236	0d0887
3	2801656	2826662	3	2768566	2797925	46039f
7	85859042	85874646	7	7518924	7531760	9c179e
1	45900	70338	1	74524	96596	0d0887
16	1331938	1363363	16	2039374	2091005	fdb42f
2	28625774	28641421	2	256840020	256854183	2e0595
16	11443845	11449189	16	14779127	14784426	fdb42f
7	23492757	23522678	7	72175618	72204788	9c179e
13	740114	741857	14	21251047	21252793	ed7953
15	14766585	14776516	12	3402690	3413297	fb9f3a
15	11175533	11205848	12	15654490	15687075	fb9f3a
17	8082730	8092146	19	3211729	3280248	fdca26
3	124083269	124102498	3	127667636	127686530	46039f
8	77201254	77224642	8	84301171	84321842	ad2793
1	195986243	196071918	1	209941861	210048028	0d0887
1	259218322	259261335	1	275117478	275164031	0d0887
1	8277153	8317455	1	7547973	7582560	0d0887
16	6881592	6891441	16	10312585	10322631	fdb42f
12	777109	785002	13	17269754	17277633	e3685f
15	13201806	13239611	12	4872141	4912995	fb9f3a
3	89784691	89801397	3	92515026	92528195	46039f
4	31615429	31627733	4	33666678	33679318	5c01a6
1	150153694	150175936	1	157774282	157797511	0d0887
4	89314525	89327299	4	97867571	97889024	5c01a6
2	206172754	206202470	2	66002616	66031772	2e0595
1	277591492	277606952	1	293729483	293745816	0d0887
2	133967763	133991502	2	143535445	143558160	2e0595
1	16762580	16788990	1	16445536	16474950	0d0887
2	135044506	135089976	2	142345008	142379853	2e0595
6	60845603	60863166	6	41998736	42016340	8808a6
7	31876739	31907054	7	63116231	63153989	9c179e
2	165129374	165148329	2	109684151	109701164	2e0595
11	6187196	6237257	10	25457021	25463673	d8576b
1	73193739	73210337	1	76067603	76086262	0d0887
5	61898419	61937877	5	63272663	63309880	7201a8
4	86341768	86362690	4	93889086	93909775	5c01a6
2	61430968	61480765	2	222333483	222392445	2e0595
15	1288276	1293872	12	25297300	25303899	fb9f3a
1	292677507	292684846	1	309725898	309734332	0d0887
1	4383886	4396165	1	4395588	4405911	0d0887
7	2508999	2527777	7	92891956	92913098	9c179e
8	20888170	20897417	8	21021690	21031836	ad2793
15	6178649	6187689	12	20558017	20566933	fb9f3a
1	94502716	94536856	1	98604613	98628755	0d0887
10	11045210	11056578	11	16607756	16618433	cc4778
6	31537668	31569830	6	73283799	73314776	8808a6
14	8109539	8118866	15	8045616	8051937	f58b47
1	293364573	293384390	1	310478505	310495612	0d0887
6	91655350	91657958	6	7801652	7804338	8808a6
5	51669894	51691318	5	73819479	73843155	7201a8
5	84167307	84328048	5	39029484	39210890	7201a8
8	60406268	60414289	8	67624284	67632287	ad2793
1	37568	42424	1	65971	71188	0d0887
7	19961185	19983299	7	75999319	76015401	9c179e
6	38178162	38190372	6	66225155	66237829	8808a6
19	443921	509425	18	12752124	12754744	f0f921
2	41528097	41540924	2	243224705	243237123	2e0595
2	199061766	199071091	2	73541535	73550444	2e0595
1	265703753	265740803	1	281582888	281621168	0d0887
2	203684905	203686573	2	68693605	68695273	2e0595
18	418464	425968	17	11395481	11402291	f8e125
8	20783779	20798247	8	20909175	20983130	ad2793
3	110839883	110850552	3	113878123	113888917	46039f
3	178648784	178662058	3	184213226	184226128	46039f
11	2204763	2217296	10	29246198	29259933	d8576b
1	215154216	215247936	1	229802578	229901025	0d0887
3	37272072	37347501	3	38489167	38567933	46039f
2	73875944	73903463	2	209645176	209669812	2e0595
3	194413321	194422436	3	200566765	200577725	46039f
7	47826812	47842732	7	44426702	44441261	9c179e
1	149268449	149276773	1	156265434	156271117	0d0887
6	49197784	49199431	6	54487097	54488744	8808a6
2	154816321	154821743	2	120664948	120670387	2e0595
2	152049744	152138674	2	123586779	123677810	2e0595
2	217347122	217348760	2	54501918	54503556	2e0595
7	48577911	48579504	7	43640077	43641670	9c179e
1	285510326	285672795	1	302177579	302346704	0d0887
2	40877522	40895184	2	243924151	243939944	2e0595
1	72262731	72286442	1	75090046	75120674	0d0887
16	2736803	2772751	16	3483730	3526044	fdb42f
2	16065664	16087186	2	269681828	269705059	2e0595
1	81679581	81707178	1	84962236	84988552	0d0887
1	337944991	337975105	1	356617181	356649942	0d0887
4	71430569	71496111	4	77778938	77878754	5c01a6
16	11911553	11924553	16	15253005	15265835	fdb42f
7	26602347	26612505	7	68788277	68797872	9c179e
3	160695819	160706308	3	165139933	165149529	46039f
6	84258148	84297751	6	15557830	15598534	8808a6
6	81129328	81164238	6	20751928	20801360	8808a6
1	262068372	262091396	1	277882102	277904547	0d0887
3	48174822	48176499	3	49758168	49759845	46039f
2	18236430	18259940	2	267409791	267437945	2e0595
17	7071690	7078733	19	4301854	4307763	fdca26
3	68247674	68267179	3	70234139	70251605	46039f
1	98903455	98929935	1	102936298	102955512	0d0887
7	55816197	55840577	7	36534751	36568482	9c179e
1	308010295	308078095	1	326135465	326239625	0d0887
2	232700706	232710029	2	38212767	38222965	2e0595
3	179652495	179658131	3	185265186	185273136	46039f
2	96982759	96994689	2	187534493	187545476	2e0595
7	25928515	25947720	7	69614229	69634242	9c179e
3	99034228	99171484	3	100867865	101006756	46039f
3	139954718	140055148	3	143914505	144029313	46039f
14	9769511	9801962	15	12935199	12965898	f58b47
6	46703015	46719441	6	57088114	57106116	8808a6
7	15321228	15359438	7	80669113	80703859	9c179e
6	71057720	71074858	6	31288335	31304213	8808a6
1	48653011	48665925	1	50236265	50250255	0d0887
1	79341420	79351108	1	82580467	82592103	0d0887
3	91219638	91235950	3	93954732	93973253	46039f
10	16577847	16587472	11	11067480	11077787	cc4778
6	30678227	30706391	6	74230236	74255905	8808a6
2	167987471	167989085	2	106760204	106761818	2e0595
7	47274316	47302423	7	45139894	45168267	9c179e
1	239375047	239391788	1	254761035	254776931	0d0887
5	10859323	10933178	5	116915603	116978306	7201a8
1	226302809	226316478	1	241492314	241508260	0d0887
5	13251398	13267060	5	114481150	114500002	7201a8
5	36490524	36516237	5	89720492	89744277	7201a8
1	127319799	127333454	1	132690014	132705597	0d0887
7	28444222	28449256	7	66906884	66920872	9c179e
1	159689026	159695829	1	168180478	168187806	0d0887
16	12457578	12466576	16	15790447	15799433	fdb42f
8	57632596	57785238	8	63447392	63670291	ad2793
7	27086594	27108372	7	68290746	68314499	9c179e
4	21532010	21574661	4	22492054	22536665	5c01a6
1	302229078	302248388	1	320066896	320088582	0d0887
8	60316742	60344586	8	67479109	67495062	ad2793
1	72606591	72608040	1	75436535	75437984	0d0887
3	202721066	202725806	3	208508731	208513409	46039f
5	30438361	30448413	5	96185581	96195283	7201a8
1	227748285	227771504	1	242901658	242925716	0d0887
8	64570186	64589052	8	71945997	71965155	ad2793
11	20339119	20346335	10	3289742	3297221	d8576b
2	243048515	243144239	2	27269107	27368799	2e0595
6	95917166	95937150	6	3430507	3467762	8808a6
4	80687972	80697360	4	87838192	87883235	5c01a6
5	68331092	68340767	5	56105165	56123361	7201a8
1	32921016	32988014	1	33635567	33707823	0d0887
4	86638654	86679636	4	94217915	94264271	5c01a6
1	107608999	107633048	1	112154979	112177868	0d0887
14	5761021	5773640	15	5790257	5800070	f58b47
11	20651509	20657958	10	2956842	2964064	d8576b
1	339430157	339434718	1	358144399	358148902	0d0887
3	123162573	123195126	3	126690721	126732450	46039f
2	93280545	93314738	2	191404216	191433705	2e0595
1	176709540	176748026	1	190018222	190067703	0d0887
17	9868357	9883571	19	1465034	1479404	fdca26
19	6994265	7003631	18	7404189	7414678	f0f921
2	54762332	54763892	2	228986474	228988034	2e0595
2	103303772	103329908	2	180814126	180844364	2e0595
7	41677704	41709687	7	51935312	51983539	9c179e
13	7579502	7581110	14	16064403	16066011	ed7953
7	72004564	72037875	7	22022485	22054638	9c179e
5	51596381	51626215	5	73882970	73894465	7201a8
17	8296076	8302327	19	3015397	3020938	fdca26
3	83288874	83314405	3	85743809	85765580	46039f
1	267659791	267693894	1	283526481	283559072	0d0887
1	18622917	18639867	1	18328059	18348094	0d0887
1	226640267	226677700	1	241846584	241877104	0d0887
8	17218546	17235424	8	17049372	17062914	ad2793
14	1082173	1087103	15	956062	961303	f58b47
2	33942814	33964610	2	251434643	251452733	2e0595
8	4553653	4575723	8	4279895	4301125	ad2793
2	72682165	72697596	2	210785590	210801902	2e0595
3	25932833	25934441	3	26617596	26619204	46039f
2	232797021	232820599	2	38108004	38131058	2e0595
2	33627711	33655058	2	251680870	251705695	2e0595
13	721452	729247	14	21231869	21239665	ed7953
1	124021603	124180242	1	129236884	129417222	0d0887
3	150895092	150914611	3	155125979	155191768	46039f
4	134295215	134306179	4	145445285	145456213	5c01a6
3	54076244	54077843	3	55878274	55879873	46039f
1	316970512	316976229	1	335233095	335239556	0d0887
1	194607517	194609062	1	207989871	207991416	0d0887
4	8990078	9120186	4	8440221	8583488	5c01a6
2	189683490	189700644	2	83184781	83192292	2e0595
3	197448638	197459666	3	203535241	203546146	46039f
2	159714299	159745125	2	115381131	115418593	2e0595
4	49086020	49114837	4	53120980	53150834	5c01a6
7	71865780	71874592	7	22159382	22168060	9c179e
1	241868124	241917533	1	257310727	257374172	0d0887
1	319333087	319345305	1	337606401	337616080	0d0887
3	179882707	179951014	3	185601428	185664374	46039f
3	55025967	55108733	3	56860723	56938373	46039f
1	321099250	321118180	1	339350256	339368763	0d0887
14	15931527	15967050	15	18923144	18951632	f58b47
3	197822092	197846713	3	203899815	203928116	46039f
7	8073025	8269598	7	87955149	88156068	9c179e
1	165819870	165852109	1	174281037	174307002	0d0887
5	90604962	90628104	5	32271414	32301923	7201a8
12	15249096	15277577	13	2691900	2721029	e3685f
2	216332758	216342296	2	55571313	55580939	2e0595
1	298617699	298619280	1	316192579	316194160	0d0887
1	273133711	273135277	1	289195532	289197098	0d0887
15	10937490	10953979	12	15908048	15924018	fb9f3a
3	139113223	139138606	3	143108388	143139848	46039f
4	86550225	86571058	4	94136121	94157181	5c01a6
2	90679868	90693781	2	194050110	194064774	2e0595
3	2461247	2502534	3	2434724	2470656	46039f
1	68737845	68838220	1	71502570	71595982	0d0887
14	3214759	3223924	15	3341361	3349361	f58b47
1	239107038	239107911	1	254479681	254480554	0d0887
2	201236857	201259151	2	71252216	71277949	2e0595
1	205486740	205491838	1	219767630	219773093	0d0887
3	142387077	142412612	3	146492432	146514887	46039f
1	61817478	61819065	1	64443185	64444772	0d0887
3	193729741	193740045	3	199868774	199878056	46039f
8	43191114	43217808	8	45773610	45815553	ad2793
3	87784301	87834256	3	90441324	90493449	46039f
1	309958272	309979149	1	328332826	328355021	0d0887
14	12711570	12740939	15	15650453	15678274	f58b47
16	8767562	8820073	16	12126756	12170062	fdb42f
8	78942785	78948350	8	85961560	85967483	ad2793
1	16273906	16293668	1	15980495	16013547	0d0887
1	172151289	172267097	1	181758056	181916039	0d0887
5	31971071	31984719	5	94422477	94436550	7201a8
7	2774262	2788439	7	92649819	92664039	9c179e
10	6266624	6279988	11	21561913	21578627	cc4778
7	151677	157074	7	95084132	95089596	9c179e
5	30887377	30893854	5	95720948	95727678	7201a8
8	77139481	77156963	8	84244781	84261231	ad2793
13	871522	882775	14	21377629	21389812	ed7953
6	47754782	47803930	6	55961966	56023194	8808a6
1	166482056	166506619	1	174996660	175026899	0d0887
2	142977593	142985896	2	133189382	133196956	2e0595
1	71766528	71784061	1	74587160	74602600	0d0887
3	160081247	160107046	3	164492263	164510578	46039f
1	79291421	79292969	1	82523960	82525508	0d0887
19	3215735	3228802	18	10072075	10083654	f0f921
7	24311074	24321048	7	71354127	71363432	9c179e
3	150771840	150773379	3	155059026	155060565	46039f
3	182008892	182012441	3	187714380	187717904	46039f
17	10088221	10089790	19	1091185	1092757	fdca26
16	974962	983365	16	1630549	1638844	fdb42f
1	169109336	169119330	1	177873655	177882728	0d0887
18	6898519	6910390	17	2945934	2957889	f8e125
19	4292680	4305208	18	9050456	9063836	f0f921
2	104902949	104935811	2	178226947	178260547	2e0595
3	49724760	49741234	3	51415502	51431955	46039f
5	100567962	100584886	5	21882240	21897722	7201a8
7	38205520	38257640	7	56176270	56222190	9c179e
8	5424007	5425573	8	5150778	5152344	ad2793
3	45241696	45259648	3	46843551	46864971	46039f
3	147779777	147788886	3	152098183	152107927	46039f
8	135426	146942	8	230225	233692	ad2793
18	885485	897938	17	11845111	11858587	f8e125
5	71306689	71363948	5	52753650	52800032	7201a8
6	87672400	87693766	6	11860414	11885543	8808a6
1	277952427	277959657	1	294087379	294093994	0d0887
7	55511510	55513049	7	36876737	36878276	9c179e
2	207100920	207129103	2	65087738	65112729	2e0595
5	31383763	31390117	5	95101430	95107863	7201a8
19	860473	870747	18	12340166	12349929	f0f921
7	47696276	47705036	7	44558633	44567503	9c179e
1	64466064	64467486	1	67187707	67189129	0d0887
12	4926267	4935241	13	13239693	13248863	e3685f
17	8675425	8747875	19	2062900	2130237	fdca26
1	237549383	237561329	1	252849229	252864541	0d0887
5	2111909	2117300	5	125572861	125577771	7201a8
10	16060814	16095969	11	11590356	11611138	cc4778
2	150264374	150286483	2	125469121	125494152	2e0595
16	13051056	13057693	16	16356460	16387851	fdb42f
2	31887847	31910484	2	253441533	253465986	2e0595
17	8459011	8473763	19	2846995	2863466	fdca26
1	119166064	119278583	1	124086073	124207689	0d0887
2	18536069	18562416	2	267107110	267133762	2e0595
2	202167779	202186931	2	70340006	70355793	2e0595
11	8707370	8714578	10	23137428	23143751	d8576b
1	305952616	305990776	1	323873216	323923531	0d0887
6	45612934	45639681	6	58133711	58217173	8808a6
17	2325204	2340190	19	9136803	9150801	fdca26
1	71171336	71178188	1	73978433	73985155	0d0887
15	1811253	1816895	12	24769563	24776278	fb9f3a
7	23588362	23598818	7	72085360	72094370	9c179e
15	8630718	8643520	12	18152916	18168532	fb9f3a
12	3242941	3249450	13	14843702	14849675	e3685f
3	115101629	115112113	3	118478961	118493285	46039f
5	120753678	120767420	5	1960053	1971856	7201a8
2	34015956	34017465	2	251381722	251383228	2e0595
7	89411240	89424430	7	4152561	4168981	9c179e
7	32014190	32033182	7	62964574	62984098	9c179e
4	91651824	91692101	4	100454251	100493304	5c01a6
5	59708578	59732606	5	65652486	65676471	7201a8
1	51486100	51496765	1	53222993	53231264	0d0887
4	38587794	38616757	4	41412819	41460036	5c01a6
7	30150215	30182450	7	65008514	65038286	9c179e
15	3632915	3648523	12	22999730	23014740	fb9f3a
3	160034295	160062267	3	164431357	164465017	46039f
6	30876763	30884462	6	74047066	74054616	8808a6
4	42158200	42160965	4	45324601	45326982	5c01a6
1	195806490	195833648	1	209784638	209807844	0d0887
15	11514822	11533016	12	15333572	15351863	fb9f3a
1	222721174	222747529	1	237682629	237700888	0d0887
1	79363320	79398696	1	82604591	82638650	0d0887
7	14641519	14663790	7	81390046	81415364	9c179e
7	20858796	20874674	7	75055151	75072051	9c179e
13	11214105	11226522	14	12471809	12483217	ed7953
8	59937722	59970903	8	66992664	67025891	ad2793
7	29303649	29318276	7	65964707	65976112	9c179e
15	6860841	6872909	12	19881600	19895339	fb9f3a
4	82162629	82174093	4	89269374	89282386	5c01a6
3	37449686	37457430	3	38676261	38684086	46039f
1	257780166	257785391	1	273618183	273623905	0d0887
1	164325463	164349710	1	172720118	172745909	0d0887
8	4586426	4623895	8	4311576	4346209	ad2793
5	24399445	24445855	5	102574873	102626355	7201a8
1	697036	701625	1	754423	758271	0d0887
2	151348363	151370671	2	124331591	124360411	2e0595
11	4166653	4182874	10	27521469	27537216	d8576b
2	28649538	28658977	2	256818201	256828019	2e0595
3	27388794	27400847	3	28100977	28113791	46039f
10	724444	732554	11	27000095	27010709	cc4778
16	10531484	10553685	16	13874745	13896497	fdb42f
2	151803150	151815999	2	123907452	123920972	2e0595
1	287609974	287647241	1	304340096	304371364	0d0887
2	98048985	98056031	2	186438330	186443517	2e0595
1	48783232	48792262	1	50367453	50377859	0d0887
17	7222291	7228291	19	4163380	4169981	fdca26
2	32874584	32889468	2	252458856	252471129	2e0595
3	105997369	106020543	3	108661411	108682793	46039f
13	2263450	2273981	14	22720070	22730746	ed7953
5	50248537	50256710	5	75306517	75314629	7201a8
8	77091336	77108502	8	84206000	84217251	ad2793
7	89171701	89179230	7	4381982	4390480	9c179e
3	156705184	156713631	3	161104050	161113757	46039f
13	13885816	13944399	14	5777531	5834651	ed7953
16	12116020	12120316	16	15449983	15454365	fdb42f
11	22784574	22788090	10	832857	836436	d8576b
1	142244742	142270940	1	148868680	148905615	0d0887
6	57011482	57038377	6	46030969	46058158	8808a6
6	67627045	67628536	6	35030283	35031774	8808a6
6	47712568	47731326	6	56046597	56061108	8808a6
3	183220754	183230288	3	189020135	189038027	46039f
4	21266610	21377503	4	22152762	22289897	5c01a6
5	8071273	8097140	5	119754927	119772562	7201a8
4	2540787	2552693	4	2304432	2315558	5c01a6
6	91260218	91269523	6	8205165	8212921	8808a6
3	89812469	89823801	3	92538990	92549807	46039f
17	4678011	4718031	19	7174971	7208855	fdca26
11	22654203	22657848	10	966026	969642	d8576b
1	328926418	329054569	1	347487414	347621088	0d0887
3	151178778	151189621	3	155441883	155454947	46039f
6	30522871	30571649	6	74363926	74397280	8808a6
8	105887	108536	8	200929	209691	ad2793
7	71889504	71914799	7	22131347	22145318	9c179e
16	12132631	12140072	16	15466398	15474061	fdb42f
17	3990963	3996010	19	7813510	7818819	fdca26
1	269950920	269975039	1	285948370	285974158	0d0887
1	332468806	332470315	1	351173084	351174593	0d0887
7	89083749	89099921	7	4448698	4464817	9c179e
6	48170407	48178833	6	55558529	55578907	8808a6
1	340458136	340520752	1	359166731	359174761	0d0887
16	12512962	12522549	16	15844154	15853834	fdb42f
3	20279917	20287937	3	20879836	20887397	46039f
2	205160461	205174902	2	67090306	67105580	2e0595
2	232150544	232200585	2	38739869	38790644	2e0595
3	159049902	159070752	3	163489829	163513063	46039f
15	1371003	1377120	12	25212092	25218904	fb9f3a
1	63454650	63486521	1	66156355	66167189	0d0887
3	135266218	135292734	3	139151281	139177420	46039f
7	24247941	24257883	7	71418304	71429621	9c179e
3	150400716	150405633	3	154685551	154689924	46039f
7	83915170	83929972	7	9439572	9457011	9c179e
6	42072009	42073506	6	61944722	61946219	8808a6
16	1400303	1415455	16	2127289	2142267	fdb42f
7	89573946	89594616	7	3989463	4009562	9c179e
2	164759402	164782340	2	110069651	110089365	2e0595
14	1252701	1273360	15	768787	790807	f58b47
6	98746494	98775786	6	568078	595961	8808a6
12	3760238	3769202	13	14311921	14370300	e3685f
15	16414047	16423780	12	1719274	1730177	fb9f3a
4	5218551	5237267	4	4505899	4523478	5c01a6
15	13133094	13145093	12	4965430	4975654	fb9f3a
4	77812405	77870271	4	84794008	84839632	5c01a6
14	9305370	9312390	15	9194727	9202569	f58b47
2	37405185	37428516	2	247668028	247699656	2e0595
7	78874520	78905948	7	14585529	14616775	9c179e
6	22256648	22276496	6	83285776	83308344	8808a6
3	138743001	138838524	3	142721590	142815793	46039f
1	68582396	68666762	1	71388137	71425240	0d0887
2	222953486	223041392	2	48519086	48625631	2e0595
19	1365254	1369128	18	11865502	11869303	f0f921
5	40639766	40650784	5	85225695	85236708	7201a8
1	293396311	293426262	1	310510487	310528637	0d0887
3	100136495	100145272	3	101956853	101963164	46039f
8	31123612	31183394	8	32440166	32508553	ad2793
1	192805519	192812611	1	205979170	205988473	0d0887
1	126639066	126660995	1	131987146	132007886	0d0887
3	86281857	86292337	3	88902609	88912967	46039f
14	2532856	2538054	15	2659856	2665156	f58b47
2	26869853	26896729	2	258684233	258705037	2e0595
3	137082394	137102691	3	141003076	141023328	46039f
2	221952529	221968214	2	49636252	49652490	2e0595
3	202548014	202557723	3	208339434	208349497	46039f
1	323919442	323944750	1	342461255	342489497	0d0887
1	293253416	293259122	1	310370895	310376572	0d0887
5	22591640	22607680	5	104567967	104581350	7201a8
1	239720261	239726305	1	255102960	255109017	0d0887
1	184298693	184324289	1	197205112	197223641	0d0887
13	18785390	18834098	14	792955	821714	ed7953
4	50101450	50119220	4	54309830	54330500	5c01a6
1	261808084	261838754	1	277631085	277659274	0d0887
3	35338549	35453699	3	36619226	36651231	46039f
1	160200686	160250943	1	168674186	168724699	0d0887
7	20672581	20696256	7	75239775	75263180	9c179e
3	165372891	165386262	3	170118934	170126129	46039f
3	37981339	37983327	3	39286790	39288778	46039f
5	86655407	86718129	5	36437258	36489540	7201a8
16	8141946	8173148	16	11584865	11607632	fdb42f
13	7930077	7955605	14	15702340	15729588	ed7953
2	198524957	198542509	2	74077653	74093110	2e0595
7	29412199	29413702	7	65859328	65860831	9c179e
2	152215152	152233525	2	123492933	123510210	2e0595
3	169378216	169380777	3	174461309	174463883	46039f
3	33969893	33989036	3	35057886	35071521	46039f
14	2463496	2483302	15	2591301	2610695	f58b47
1	101790939	101869848	1	106010061	106100875	0d0887
15	12147592	12154359	12	5967100	5973818	fb9f3a
2	104625702	104655579	2	178759488	178805012	2e0595
2	154332734	154401100	2	121166364	121232749	2e0595
5	56026694	56040771	5	69510956	69524811	7201a8
1	116634708	116641299	1	121415717	121423811	0d0887
17	9770233	9790928	19	1554328	1573855	fdca26
1	319580289	319617211	1	337848855	337874037	0d0887
17	10714757	10724867	19	627023	637268	fdca26
8	26375659	26409279	8	27262665	27295923	ad2793
4	58738276	58834185	4	63726986	63862651	5c01a6
19	204192	207331	18	12971912	12974965	f0f921
19	3197703	3204087	18	10094030	10100598	f0f921
15	11428066	11443359	12	15417739	15435111	fb9f3a
5	50258174	50269291	5	75296213	75305048	7201a8
15	16664767	16670180	12	1476493	1486308	fb9f3a
2	143096696	143125858	2	133055206	133084609	2e0595
17	1102644	1121279	19	9891172	9913363	fdca26
1	90060946	90069435	1	93652850	93662159	0d0887
2	132837282	132851091	2	144762753	144772905	2e0595
8	64549386	64562309	8	71925250	71937552	ad2793
16	13060170	13066601	16	16379471	16385800	fdb42f
8	53344889	53366608	8	57016319	57036323	ad2793
1	200747053	200748538	1	214988542	214990027	0d0887
4	13868545	13899774	4	13898522	13930176	5c01a6
8	58633111	58639351	8	65538302	65543801	ad2793
2	101870383	101887631	2	182446818	182474306	2e0595
6	70702522	70714580	6	31671115	31682153	8808a6
3	79390398	79401857	3	81551839	81566377	46039f
6	96369695	96390159	6	2965657	2989228	8808a6
5	13974214	13993676	5	113823257	113844811	7201a8
1	269976209	269998441	1	285975327	285997804	0d0887
5	119015218	119049120	5	3506760	3541206	7201a8
4	89644671	89667076	4	98288679	98310533	5c01a6
8	74953910	74968567	8	82244186	82255116	ad2793
13	2113558	2119442	14	22574491	22579633	ed7953
7	91420665	91422144	7	2332264	2333743	9c179e
14	3764003	3800173	15	3869577	3905344	f58b47
1	34398002	34526957	1	35175276	35322121	0d0887
4	49998157	50002961	4	54168695	54173475	5c01a6
1	100792276	100817853	1	104916895	104943625	0d0887
13	8662509	8680142	14	14995455	15011971	ed7953
3	79778114	79883812	3	81933068	82030980	46039f
3	195446949	195507308	3	201628272	201682296	46039f
7	18011785	18047139	7	77819651	77854317	9c179e
2	153813558	153860003	2	121717874	121769434	2e0595
1	48821548	48843822	1	50410642	50435114	0d0887
3	46350278	46374336	3	47973815	47998600	46039f
2	92150619	92167421	2	192538862	192552563	2e0595
12	9055709	9068512	13	9192195	9206071	e3685f
15	13771713	13777324	12	4410480	4415382	fb9f3a
1	248560000	248561482	1	264274350	264275826	0d0887
16	7991379	7996006	16	11414430	11418673	fdb42f
5	17103502	17178725	5	110217323	110282904	7201a8
1	257060310	257071969	1	272876371	272887395	0d0887
2	53437341	53460752	2	230289792	230310820	2e0595
1	62318377	62334374	1	64976946	65001920	0d0887
1	246483574	246505820	1	262088375	262111767	0d0887
6	38391499	38418904	6	66049368	66076029	8808a6
6	70902649	70919282	6	31460987	31479812	8808a6
14	430052	433425	15	1622169	1625540	f58b47
2	155013575	155029526	2	120448340	120466923	2e0595
13	12522593	12539146	14	11256775	11273504	ed7953
3	188199115	188207271	3	194099246	194108333	46039f
2	241505881	241534330	2	28961516	28990765	2e0595
2	209758424	209768887	2	62475795	62486748	2e0595
15	7778235	7783188	12	19017655	19022937	fb9f3a
5	121153354	121236202	5	1548003	1623860	7201a8
5	24058736	24088573	5	102938390	102968898	7201a8
3	170644533	170650537	3	175788929	175798220	46039f
7	16278205	16294815	7	79676535	79691537	9c179e
1	71228506	71239249	1	74033063	74043560	0d0887
1	204805478	204806939	1	219088554	219090015	0d0887
1	126438286	126446742	1	131777305	131787124	0d0887
1	316938971	316945958	1	335202825	335209765	0d0887
2	141418412	141431114	2	134795986	134808348	2e0595
3	28840255	28846237	3	29561117	29569129	46039f
15	82106	93232	12	26514778	26526737	fb9f3a
8	39114042	39131753	8	41288319	41306881	ad2793
4	49144334	49224645	4	53169486	53263725	5c01a6
8	70047896	70069531	8	77322453	77340421	ad2793
7	39547895	39560614	7	54602355	54614345	9c179e
7	75870213	75901269	7	17749727	17780276	9c179e
2	207490900	207521822	2	64690645	64720191	2e0595
1	250661891	250670886	1	266357550	266366600	0d0887
7	51171047	51218942	7	40968238	41015337	9c179e
4	23327525	23331595	4	24520444	24527168	5c01a6
4	86095253	86125494	4	93621213	93665339	5c01a6
3	95528443	95553065	5	46848331	46897793	46039f
1	335962376	336056818	1	354669687	354758399	0d0887
8	75194258	75203441	8	82468488	82477345	ad2793
10	884452	892627	11	26838576	26846404	cc4778
1	123229624	123264358	1	128413658	128448952	0d0887
7	56209690	56279515	7	35927362	36098270	9c179e
2	152242801	152263541	2	123465097	123484153	2e0595
3	147052100	147058576	3	151373312	151379616	46039f
7	19872263	19897661	7	76083490	76108181	9c179e
7	91461931	91463326	7	2294733	2296116	9c179e
19	2262229	2268611	18	11031347	11037850	f0f921
2	219864289	219898652	2	51876987	51910128	2e0595
13	931879	940999	14	21439986	21449053	ed7953
3	47290376	47311370	3	48795047	48814321	46039f
7	30343317	30362941	7	64800886	64822684	9c179e
8	68554402	68587821	8	76277692	76313392	ad2793
14	4628631	4650364	15	4698612	4718070	f58b47
6	35016646	35043471	6	69676483	69696916	8808a6
3	200395791	200398180	3	206463334	206465696	46039f
14	16444792	16456610	15	19433525	19446612	f58b47
2	140872681	140878862	2	135370769	135376657	2e0595
1	317072497	317080805	1	335351420	335359708	0d0887
5	51837826	51870465	5	73648287	73678891	7201a8
1	4465066	4500055	1	4295184	4334613	0d0887
1	288519760	288548290	1	305328282	305357385	0d0887
8	35769226	35780746	8	37659044	37669691	ad2793
1	199086110	199108625	1	213154892	213179855	0d0887
1	158016596	158020998	1	166359385	166363857	0d0887
13	17561407	17583482	14	2170577	2201644	ed7953
11	22607990	22617887	10	1006983	1026012	d8576b
1	288323475	288341639	1	305111136	305124259	0d0887
1	166878980	166907957	1	175458100	175487886	0d0887
3	83326608	83365746	3	85780234	85814345	46039f
1	99000343	99015298	1	103038294	103055585	0d0887
1	165944189	165958040	1	174395243	174409274	0d0887
1	130681895	130701394	1	136238303	136257529	0d0887
6	12804291	12809908	6	93348919	93354722	8808a6
4	86379812	86410957	4	93932727	93983718	5c01a6
1	146488572	146542087	1	153262875	153322722	0d0887
1	222787557	222807764	1	237741568	237763665	0d0887
2	80285002	80298885	2	203686579	203700882	2e0595
1	279215099	279216542	1	295432794	295434237	0d0887
1	128857256	128880227	1	134412174	134435779	0d0887
3	158268143	158297990	3	162680161	162705093	46039f
1	34056739	34139945	1	34818839	34908460	0d0887
4	11668635	11722401	4	11346361	11392547	5c01a6
1	92027338	92049214	1	95811622	95829850	0d0887
1	314054969	314077011	1	332344644	332366423	0d0887
4	101153350	101198429	4	111128917	111154690	5c01a6
7	54664118	54722321	7	38257491	38342226	9c179e
11	14784045	14790670	10	17211514	17258082	d8576b
1	281160548	281190599	1	297508402	297541991	0d0887
5	53829786	53846782	5	71531725	71549940	7201a8
1	25727981	25749243	1	25964551	25990048	0d0887
3	92818128	92835876	3	95556801	95580535	46039f
7	92429376	92434751	7	1394793	1400356	9c179e
3	162948368	162974272	3	167585605	167619473	46039f
1	143273951	143297035	1	149808683	149830546	0d0887
2	225498217	225511122	2	45895784	45908919	2e0595
3	148922370	148926489	3	153255562	153259679	46039f
5	122087517	122101529	5	770602	782921	7201a8
3	24297763	24299194	3	24929186	24930617	46039f
1	277976349	277989462	1	294105750	294123774	0d0887
14	15259398	15263439	15	18193944	18198363	f58b47
4	34791836	34884657	4	37157414	37259596	5c01a6
14	10182074	10201228	15	13286252	13306750	f58b47
8	57045461	57167268	8	63197376	63318008	ad2793
1	31309005	31310433	1	31847854	31849282	0d0887
7	16860795	16904845	7	79054739	79092960	9c179e
1	116591184	116603895	1	121372027	121383359	0d0887
2	89916718	89928763	2	194800228	194812886	2e0595
5	56062128	56074332	5	69477638	69492375	7201a8
3	38883837	38908035	3	40205603	40228764	46039f
3	22379475	22389074	3	22989348	22999146	46039f
1	73985391	74003859	1	76929621	76948047	0d0887
1	158385804	158428126	1	166793636	166836677	0d0887
16	12404908	12414828	16	15737849	15747598	fdb42f
1	276761272	276789272	1	292865880	292890594	0d0887
1	329752108	329782063	1	348325784	348356381	0d0887
1	274442970	274477540	1	290615330	290644218	0d0887
1	104579710	104614076	1	108993346	109022165	0d0887
7	22727519	22746830	7	73023517	73042077	9c179e
1	336724500	336738845	1	355464631	355483075	0d0887
1	240057305	240070942	1	255428048	255443477	0d0887
12	863418	872220	13	17184572	17193312	e3685f
2	91855614	91863311	2	192854740	192861721	2e0595
15	4003058	4004905	12	22659225	22661041	fb9f3a
16	2315239	2326995	16	3054148	3065169	fdb42f
16	9681340	9684266	16	13059443	13062398	fdb42f
12	109736	126012	13	17932315	17947658	e3685f
2	182246818	182256696	2	91404214	91412176	2e0595
3	45533719	45544575	3	47139161	47149862	46039f
10	16040089	16046236	11	11623634	11629706	cc4778
1	296577548	296606000	1	313882133	313911207	0d0887
1	43165127	43183991	1	44265621	44284596	0d0887
7	47967513	47992692	7	44314127	44337406	9c179e
3	192022617	192071736	3	198149260	198194630	46039f
1	134436990	134535526	1	140197738	140299443	0d0887
3	193859570	193893189	3	200015896	200034541	46039f
12	8189375	8194756	13	10047169	10051682	e3685f
14	5219785	5230822	15	5264514	5275114	f58b47
1	315776560	315794427	1	334098330	334117567	0d0887
7	5976760	5994566	7	90090000	90105544	9c179e
1	228142749	228144168	1	243340078	243341494	0d0887
1	36012510	36022786	1	36912883	36923155	0d0887
16	12142675	12149408	16	15476656	15483438	fdb42f
2	221230325	221245481	2	50375125	50389909	2e0595
15	4228535	4273866	12	22399999	22441419	fb9f3a
14	4780342	4793197	15	4840056	4852923	f58b47
1	307225049	307397669	1	325253871	325447515	0d0887
5	51872243	51884955	5	73633937	73646272	7201a8
17	8387489	8391113	19	2925959	2930406	fdca26
16	11847794	11855489	16	15191468	15197327	fdb42f
2	18523751	18534374	2	267135405	267147821	2e0595
14	260286	273505	15	1778891	1792052	f58b47
1	177075470	177086152	1	190410035	190424481	0d0887
2	208827417	208828863	2	63443465	63444911	2e0595
17	8273988	8280760	19	3032850	3039115	fdca26
1	151905143	151924083	1	159566188	159587833	0d0887
1	339399770	339414610	1	358115114	358128568	0d0887
1	296873807	296911740	1	314203678	314243279	0d0887
3	117403172	117421978	3	120986139	121003714	46039f
3	64597510	64603063	3	66563219	66568673	46039f
5	13734949	13746614	5	114071137	114081419	7201a8
4	23989702	23994712	4	25261287	25266270	5c01a6
16	12675188	12681579	16	16004138	16010498	fdb42f
15	10426810	10454999	12	16415418	16439239	fb9f3a
12	9217744	9230450	13	9044812	9054726	e3685f
1	316938381	316942276	1	335202236	335206080	0d0887
1	227299803	227327717	1	242447385	242481015	0d0887
19	4775132	4786570	18	8574253	8585138	f0f921
7	10674606	10692704	7	85520961	85540380	9c179e
2	20978175	20993700	2	264760875	264776780	2e0595
7	81839808	81856598	7	11596624	11613885	9c179e
3	118464898	118529638	3	122087555	122155734	46039f
14	15217405	15225300	15	18152102	18159991	f58b47
1	40887882	40903821	1	41924460	41940957	0d0887
4	26399239	26420242	4	27809326	27833275	5c01a6
1	98837603	98853931	1	102870693	102886293	0d0887
7	39555303	39560602	7	54602367	54606377	9c179e
1	249669156	249696465	1	265362668	265391217	0d0887
7	8515810	8523367	7	87715046	87724500	9c179e
1	340480389	340492486	1	359133662	359146930	0d0887
1	329415245	329431728	1	348014294	348028868	0d0887
11	6995812	7020122	10	24746126	24771630	d8576b
2	154890802	154913522	2	120571266	120595253	2e0595
1	247695402	247713723	1	263303962	263322964	0d0887
1	130769559	130815481	1	136330693	136385649	0d0887
5	26300172	26316273	5	100584795	100603720	7201a8
1	104795261	104801774	1	109201992	109206800	0d0887
1	11982275	11996916	1	11457058	11469453	0d0887
6	72640400	72660749	6	29565160	29606053	8808a6
1	215370584	215416932	1	230034125	230083162	0d0887
11	280494	294247	10	30123977	30136074	d8576b
4	20289371	20307143	4	21057015	21073994	5c01a6
2	191530232	191552573	2	81332822	81352663	2e0595
14	5048972	5053127	15	5097830	5102030	f58b47
3	141081237	141082635	3	145113371	145114769	46039f
7	14437459	14459346	7	81596735	81619295	9c179e
7	19387077	19388481	7	76627562	76628966	9c179e
13	15801031	15810904	14	3974784	3981169	ed7953
10	9042415	9051662	11	18756119	18763758	cc4778
1	22932854	22946179	1	22995244	23005785	0d0887
8	54368250	54457203	8	58249931	58375780	ad2793
1	9800662	9893116	1	9126632	9225301	0d0887
1	63972848	63984814	1	66682140	66694808	0d0887
7	93118961	93131152	7	733054	744514	9c179e
7	29432837	29435517	7	65837056	65839727	9c179e
6	59730069	59763982	6	43137466	43165048	8808a6
2	201998995	202012636	2	70542964	70550760	2e0595
3	156493667	156506003	3	160943488	160955212	46039f
2	182417111	182418898	2	91231054	91232827	2e0595
2	234353709	234379702	2	36555261	36582057	2e0595
1	238331589	238384838	1	253669206	253725394	0d0887
1	177094100	177120898	1	190429964	190453372	0d0887
6	58136088	58141055	6	44841364	44846408	8808a6
19	1217378	1219105	18	12003501	12005158	f0f921
2	192165835	192185321	2	80704513	80721632	2e0595
3	168581571	168627188	3	173603837	173648908	46039f
2	152434464	152439475	2	123272094	123277011	2e0595
4	49662164	49676423	4	53795617	53813923	5c01a6
3	163149100	163160118	3	167811729	167822648	46039f
2	43743435	43758643	2	240832783	240865925	2e0595
5	121350800	121385071	5	1421876	1449176	7201a8
1	155562391	155592550	1	163782283	163809478	0d0887
3	137505455	137516626	3	141438178	141448055	46039f
16	12361776	12363831	16	15695115	15697164	fdb42f
1	129055588	129244680	1	134604365	134764262	0d0887
18	5106865	5115656	17	4735688	4746446	f8e125
5	45680854	45685540	5	79934943	79939606	7201a8
1	71689142	71712878	1	74505718	74593611	0d0887
2	232746978	232765992	2	38161186	38181925	2e0595
6	3503104	3510711	6	102568727	102576379	8808a6
3	148612712	148653313	3	152936432	152978293	46039f
6	83378691	83426934	6	16559516	16601852	8808a6
12	1416682	1457451	13	16610181	16649489	e3685f
3	147770883	147773951	3	152089426	152092551	46039f
1	279132924	279137009	1	295339997	295344028	0d0887
1	286982706	286999457	1	303674385	303693016	0d0887
13	637120	643363	14	21149070	21155665	ed7953
2	100839834	100849117	2	183552666	183560849	2e0595
17	7533284	7540956	19	3848206	3855027	fdca26
1	254691570	254702318	1	270457327	270468139	0d0887
4	42072117	42117486	4	45230217	45280624	5c01a6
4	29466019	29496618	4	31273596	31292735	5c01a6
2	198572373	198618203	2	74003512	74050081	2e0595
12	554121	559384	13	17498486	17503625	e3685f
8	21788047	21800365	8	22013804	22021810	ad2793
5	38765438	38773988	5	87262240	87271075	7201a8
5	23407434	23417099	5	103684132	103696459	7201a8
16	2280445	2307751	16	3015895	3046641	fdb42f
2	209524640	209537027	2	62697012	62709013	2e0595
6	36950455	37147177	6	67352199	67594515	8808a6
15	3558357	3559743	12	23087605	23088988	fb9f3a
2	75926705	75937330	2	207441642	207453291	2e0595
5	45717110	45775592	5	79853180	79902825	7201a8
6	82508490	82512910	6	17556963	17563267	8808a6
7	56107083	56116951	7	36183086	36192842	9c179e
4	46682196	46685336	4	50481755	50484620	5c01a6
7	28336550	28360487	7	67022561	67044714	9c179e
1	205008691	205014445	1	219283770	219289657	0d0887
8	43714267	43727322	8	46331106	46345242	ad2793
3	33887357	33894796	3	34982007	34987890	46039f
1	274485762	274503268	1	290652518	290670427	0d0887
3	119357644	119367922	3	122826456	122839012	46039f
7	79460689	79467306	7	14024676	14031295	9c179e
1	149916901	149937838	1	157507827	157534718	0d0887
1	252548783	252554279	1	268284000	268295716	0d0887
7	36686302	36689043	7	57927521	57930266	9c179e
11	12565062	12568140	10	19433882	19436967	d8576b
1	115386481	115396186	1	120002084	120012314	0d0887
1	265410784	265430625	1	281269023	281287364	0d0887
14	5056433	5065454	15	5105828	5114529	f58b47
1	160126051	160141155	1	168591070	168602431	0d0887
19	137502	142064	18	13040271	13044915	f0f921
13	8101585	8105910	14	15571190	15575611	ed7953
1	51403826	51419686	1	53136772	53151392	0d0887
3	97916337	97986300	3	99769612	99873605	46039f
2	100505034	100513127	2	183897004	183905257	2e0595
3	10667846	10705254	3	9644110	9699484	46039f
5	69078318	69101082	5	55114335	55136725	7201a8
2	217323437	217346454	2	54504226	54535422	2e0595
4	28173431	28204663	4	29879392	29914393	5c01a6
2	217011707	217031415	2	54841135	54863046	2e0595
17	10053815	10060053	19	1056888	1062799	fdca26
1	333238263	333254108	1	351920803	351935553	0d0887
1	286779910	286797195	1	303450993	303464817	0d0887
2	199791159	199792512	2	72791210	72792731	2e0595
1	257014175	257030637	1	272824378	272840321	0d0887
2	92107211	92135357	2	192569946	192592783	2e0595
17	10685720	10699961	19	658440	666380	fdca26
13	18762078	18767276	14	840843	846096	ed7953
2	32174526	32175900	2	253193167	253194529	2e0595
1	63208526	63211678	1	65880579	65883930	0d0887
3	119331469	119344139	3	122796840	122812400	46039f
5	49303793	49324911	5	76328485	76345027	7201a8
1	153365541	153372226	1	161092960	161099858	0d0887
1	267479379	267484178	1	283344618	283349786	0d0887
6	41829826	41848225	6	62173419	62193999	8808a6
2	18851159	18866637	2	266800377	266816126	2e0595
2	189945508	189954748	2	82908040	82917397	2e0595
1	313087002	313127139	1	331336587	331376876	0d0887
2	31181684	31204423	2	254070204	254096910	2e0595
2	85934076	85939415	2	198919999	198926642	2e0595
17	7546469	7552839	19	3838091	3844586	fdca26
1	340299884	340301168	1	358941460	358942768	0d0887
1	66671459	66681791	1	69434422	69444597	0d0887
8	66727384	66734356	8	74311919	74317095	ad2793
2	155583189	155592900	2	119860783	119873251	2e0595
6	73064743	73078299	6	29124887	29138447	8808a6
3	178263835	178286449	3	183864357	183885956	46039f
8	11380664	11397936	8	11039032	11051773	ad2793
1	179406121	179410032	1	192650172	192654072	0d0887
12	13986464	14011979	13	4425346	4453769	e3685f
15	16903214	16908629	12	1199703	1205403	fb9f3a
2	179204059	179205418	2	94562347	94563703	2e0595
3	191919393	191952940	3	198059552	198080658	46039f
16	3912112	3933480	16	7413998	7438051	fdb42f
5	119478761	119490816	5	3089204	3099984	7201a8
1	339838642	339848053	1	358516055	358525261	0d0887
16	1103030	1125994	16	1794844	1815365	fdb42f
7	62277820	62327924	7	29816310	29858249	9c179e
1	182591147	182631811	1	195456315	195499580	0d0887
1	306056789	306058307	1	323989056	323990571	0d0887
1	279237679	279245003	1	295467133	295473938	0d0887
2	195286493	195303048	2	77457052	77471400	2e0595
11	22557070	22561374	10	1073948	1078193	d8576b
3	13892063	13893596	3	14359672	14361205	46039f
3	179562322	179564227	3	185149457	185151433	46039f
3	89774104	89775427	3	92498168	92499476	46039f
10	16040101	16046146	11	11623709	11629694	cc4778
3	147256104	147349674	3	151581243	151665150	46039f
3	22823132	22839040	3	23445930	23458545	46039f
1	324697143	324719411	1	343202738	343220707	0d0887
7	33194899	33207002	7	61763592	61778273	9c179e
1	33264247	33265597	1	33997589	33998939	0d0887
15	8662272	8670464	12	18124011	18134258	fb9f3a
1	307032265	307069546	1	325032095	325069141	0d0887
8	69671732	69701655	8	77055211	77084831	ad2793
14	355113	360749	15	1693821	1699443	f58b47
11	14633471	14722868	10	17315719	17404511	d8576b
5	91451630	91472431	5	31372799	31398270	7201a8
1	214882090	214898479	1	229532389	229550548	0d0887
1	49734787	49767443	1	51353261	51400890	0d0887
1	301938466	301946931	1	319728358	319739248	0d0887
1	288042912	288065295	1	304816248	304851586	0d0887
12	2078750	2086640	13	15990521	16001789	e3685f
13	18711571	18713714	14	911069	913421	ed7953
3	47949566	47950907	3	49527119	49528460	46039f
2	154774479	154783814	2	120712314	120724447	2e0595
14	13425821	13445546	15	16344820	16362174	f58b47
1	204860981	204875402	1	219144929	219158315	0d0887
17	4899551	4930306	19	6988147	7020103	fdca26
1	242392145	242404248	1	257923236	257931662	0d0887
5	92366842	92386334	5	30415378	30435589	7201a8
1	234239549	234260779	1	249560418	249577074	0d0887
7	51650676	51657543	7	40570820	40579766	9c179e
2	18225679	18227023	2	267446841	267456128	2e0595
2	157687514	157707292	2	117680457	117699181	2e0595
11	21192930	21198499	10	2410874	2416447	d8576b
12	8485544	8490159	13	9764683	9769549	e3685f
3	107640936	107663506	3	110216907	110238362	46039f
7	34782150	34812213	7	60133737	60169591	9c179e
14	2325717	2333349	15	2456336	2464518	f58b47
2	30403033	30418059	2	254930159	254942162	2e0595
5	59916222	59921298	5	65452279	65457280	7201a8
3	25022713	25050816	3	25669869	25709356	46039f
3	22676168	22693750	3	23303892	23320461	46039f
3	20814150	20834324	3	21361345	21381383	46039f
3	62981577	62990205	3	64936321	64944960	46039f
7	81548859	81599609	7	11845247	11894142	9c179e
8	7771699	7773022	8	7420648	7421965	ad2793
1	279084830	279102631	1	295288253	295308491	0d0887
3	79475689	79482130	3	81646382	81653104	46039f
4	94399984	94441500	4	103457127	103490951	5c01a6
2	84796832	84807664	2	199879417	199890373	2e0595
1	321132898	321152962	1	339393934	339422507	0d0887
3	155807244	155819386	3	160226658	160237068	46039f
3	169651136	169670556	3	174747734	174769886	46039f
15	15293825	15300584	12	2878152	2943925	fb9f3a
7	61853651	61952432	7	30212097	30312673	9c179e
1	96044933	96087137	1	100136983	100171347	0d0887
1	331274424	331327920	1	349961500	350010569	0d0887
15	13749545	13753806	12	4433498	4437752	fb9f3a
1	302106912	302123749	1	319933346	319950360	0d0887
1	250284367	250291010	1	265951438	265958240	0d0887
3	24598524	24608375	3	25226262	25236824	46039f
7	90888674	90898260	7	2777838	2792237	9c179e
4	68002454	68013256	4	73640139	73648973	5c01a6
1	334708563	334731889	1	353405234	353431090	0d0887
18	9651194	9657416	17	220107	226410	f8e125
6	5829286	5854411	6	100380561	100411730	8808a6
16	593047	633361	16	1147351	1203425	fdb42f
4	89700636	89715150	4	98343725	98359674	5c01a6
18	2895946	2909228	17	7000590	7009999	f8e125
3	50688940	50699907	3	52376135	52387237	46039f
16	7600530	7620113	16	11024754	11044713	fdb42f
2	199239972	199253986	2	73344136	73359461	2e0595
7	52601027	52706084	7	39337417	39422881	9c179e
7	79917786	79950209	7	13537318	13564496	9c179e
11	926241	934509	10	30756179	30765462	d8576b
8	76365399	76377728	8	83540731	83550713	ad2793
5	52873799	52884170	5	72543778	72554168	7201a8
7	22386944	22425577	7	73349346	73388017	9c179e
1	340231323	340253011	1	358874047	358894985	0d0887
8	59283879	59311468	8	66257358	66281539	ad2793
1	104886450	104900072	1	109292486	109308504	0d0887
11	20120297	20129186	10	3516576	3526111	d8576b
6	61173520	61188801	6	41664797	41679010	8808a6
1	329592180	329593497	1	348173095	348174409	0d0887
3	159698446	159705021	3	164154384	164160908	46039f
7	44768409	44775191	7	48182941	48189648	9c179e
5	5718216	5737810	5	122220336	122236875	7201a8
3	34621155	34633004	3	35735666	35750412	46039f
6	96318502	96339086	6	3021993	3043184	8808a6
5	119459066	119469851	5	3108621	3117109	7201a8
10	14571234	14590861	11	13469238	13491453	cc4778
7	52007836	52025496	7	40202391	40218897	9c179e
1	81079231	81088175	1	84349140	84358540	0d0887
4	25559300	25574093	4	26885534	26903946	5c01a6
1	115932809	115950647	1	120577707	120589360	0d0887
2	16986560	17004801	2	268731798	268752428	2e0595
1	189312257	189334663	1	202337637	202363558	0d0887
3	153673231	153679158	3	158038149	158044484	46039f
5	7907643	7925457	5	119931141	119949189	7201a8
1	72223582	72253414	1	75053698	75080801	0d0887
8	60415418	60423115	8	67633409	67641191	ad2793
2	53342598	53403569	2	230337516	230407321	2e0595
19	1668943	1678460	18	11572339	11581653	f0f921
1	194034524	194057501	1	207376270	207398525	0d0887
6	99056773	99069765	6	285336	294231	8808a6
3	51147321	51156160	3	52764201	52772751	46039f
1	25225921	25227223	1	25469831	25471139	0d0887
12	9474063	9487593	13	8806853	8823236	e3685f
10	1613620	1620538	11	26095518	26102520	cc4778
16	8843129	8860957	16	12194885	12212707	fdb42f
6	3883645	3890997	6	102240822	102250905	8808a6
1	29783630	29786388	1	30178837	30182112	0d0887
2	21757251	21761319	2	264006888	264010946	2e0595
1	291493811	291582011	1	308411398	308491254	0d0887
4	30525475	30538311	4	32482864	32496625	5c01a6
3	172676473	172694550	3	177899075	177917287	46039f
5	10024765	10026067	5	117847416	117848718	7201a8
5	30869545	30879903	5	95734995	95744410	7201a8
7	31425718	31431328	7	63642814	63648574	9c179e
6	3136029	3147946	6	102913553	102930440	8808a6
4	60710220	60775760	4	65743118	65823924	5c01a6
5	30922694	30954058	5	95633861	95679798	7201a8
2	199598946	199607209	2	72979931	72987911	2e0595
5	64991784	65007484	5	59861214	59877716	7201a8
13	12807006	12825640	14	6913513	6931238	ed7953
2	234014009	234208683	2	36732881	36912856	2e0595
1	286810628	286819209	1	303480980	303488116	0d0887
7	81445999	81491370	7	11965365	12013186	9c179e
10	139758	149429	11	27593514	27602144	cc4778
19	3074461	3088427	18	10206225	10220791	f0f921
5	32405916	32407101	5	94001748	94002933	7201a8
5	64677228	64699089	5	60196255	60223465	7201a8
3	159663227	159686645	3	164114573	164143237	46039f
2	103871544	103901182	2	179601954	179645088	2e0595
5	120621595	120629324	5	2078866	2085793	7201a8
1	116089222	116128026	1	120734354	120774361	0d0887
15	8921977	8965697	12	17828503	17870467	fb9f3a
7	2424844	2440025	7	92982096	92997908	9c179e
15	16237900	16239169	12	1908224	1909502	fb9f3a
8	64511389	64518468	8	71885534	71892511	ad2793
2	241551515	241560027	2	28933584	28940756	2e0595
4	75324109	75354273	4	82562559	82593282	5c01a6
1	33629882	33635234	1	34359045	34365237	0d0887
1	283303008	283321709	1	299827756	299844654	0d0887
14	3195325	3205256	15	3322816	3331281	f58b47
17	1567989	1575446	19	9660830	9668281	fdca26
16	8119868	8129326	16	11550486	11559033	fdb42f
1	61019845	61028222	1	63650979	63659070	0d0887
5	14055038	14064582	5	113750298	113759450	7201a8
1	99821454	99893729	1	103876406	103956582	0d0887
4	40636274	40639900	4	43724954	43728573	5c01a6
1	340043920	340049550	1	358706642	358712940	0d0887
8	60353387	60372745	8	67503797	67520258	ad2793
5	30800905	30810066	5	95808298	95817317	7201a8
14	12652368	12664806	15	15596924	15607672	f58b47
7	92926791	92940356	7	921467	936096	9c179e
2	222496841	222513723	2	49057209	49071316	2e0595
14	6529227	6536075	15	6518723	6524530	f58b47
16	12469165	12472783	16	15801693	15805871	fdb42f
7	65802764	65853735	7	25614174	25660615	9c179e
4	24896917	24925388	4	26180566	26205679	5c01a6
2	93505418	93521026	2	191228743	191242853	2e0595
5	13370059	13400044	5	114362537	114388350	7201a8
3	79758955	79766291	3	81911395	81918634	46039f
3	170510964	170525970	3	175653711	175668622	46039f
6	38339249	38343614	6	66103504	66107880	8808a6
1	74029708	74054316	1	76971132	76995391	0d0887
6	95169298	95243722	6	4110669	4180998	8808a6
4	31912210	31958622	4	33997939	34047726	5c01a6
8	3290201	3338318	8	3175919	3223737	ad2793
5	21083681	21157733	5	106095932	106159875	7201a8
19	2559848	2564479	18	10734734	10739504	f0f921
10	844367	850185	11	26881579	26887413	cc4778
13	16468162	16478169	14	3295765	3306055	ed7953
1	336365921	336386741	1	355090539	355109341	0d0887
1	51437650	51453643	1	53169434	53185934	0d0887
13	18356319	18358701	14	1341900	1344312	ed7953
12	9007553	9018802	13	9241452	9253534	e3685f
3	140994058	140999287	3	145002675	145011524	46039f
8	44192194	44218561	8	46789133	46829147	ad2793
5	57419697	57446781	5	68059764	68098080	7201a8
7	27166553	27167807	7	68228856	68230110	9c179e
1	36087514	36102059	1	36996255	37009575	0d0887
4	4110673	4118271	4	3340927	3354149	5c01a6
3	134623379	134647147	3	138483100	138502232	46039f
11	22804769	22813342	10	809060	817505	d8576b
2	64231923	64233198	2	219394869	219396144	2e0595
1	181310451	181343278	1	194379174	194408906	0d0887
15	838530	840777	12	25787768	25790020	fb9f3a
1	280988810	281066195	1	297342008	297403965	0d0887
4	51238706	51254593	4	55567966	55585273	5c01a6
4	63637609	63638848	4	68876623	68877862	5c01a6
1	195278638	195291210	1	208669493	208680148	0d0887
16	10801898	10803672	16	14142904	14144674	fdb42f
19	5921398	5927000	18	6350316	6356427	f0f921
15	654434	662283	12	25959052	25966247	fb9f3a
1	166685588	166708183	1	175226562	175246004	0d0887
6	38119812	38133864	6	66286198	66300124	8808a6
12	1158867	1166855	13	16893039	16901580	e3685f
10	5017380	5024915	11	22805874	22815613	cc4778
11	18913833	18925817	10	4747178	4759098	d8576b
2	47455806	47473002	2	236849085	236867137	2e0595
12	9200484	9215104	13	9057554	9070586	e3685f
2	159770554	159842150	2	115287394	115352407	2e0595
1	51455735	51467344	1	53188006	53199642	0d0887
7	28694916	28696194	7	66610384	66611662	9c179e
15	9387493	9393947	12	17413150	17422174	fb9f3a
2	215613580	215620026	2	56341718	56347905	2e0595
1	106517467	106549278	1	111116299	111169140	0d0887
17	10298452	10301733	19	1300018	1303256	fdca26
4	62510600	62522352	4	67718316	67730010	5c01a6
19	3105684	3116569	18	10179340	10188892	f0f921
7	14677630	14687138	7	81354627	81364845	9c179e
13	11159674	11170615	14	12525897	12537044	ed7953
6	47282144	47293590	6	56489564	56502000	8808a6
10	10332413	10344985	11	17394773	17403955	cc4778
13	3362049	3368876	14	20178602	20185563	ed7953
6	42405476	42417171	6	61576933	61589731	8808a6
3	71220739	71238976	3	73272646	73286385	46039f
5	44519636	44540146	5	81184470	81198007	7201a8
2	207639546	207641363	2	64571686	64573508	2e0595
8	70105921	70131894	8	77372317	77401278	ad2793
6	42882611	42896667	6	61058157	61071000	8808a6
6	24338207	24355795	6	81102025	81118903	8808a6
4	22873092	23004751	4	24009782	24168218	5c01a6
3	160251067	160256505	3	164650655	164656051	46039f
6	41821492	41822731	6	62201126	62202371	8808a6
3	110940929	110942192	3	113996330	113997593	46039f
11	17596780	17605342	10	6080716	6089534	d8576b
3	194617436	194657443	3	200777013	200808510	46039f
10	3231306	3259372	11	24517223	24544789	cc4778
5	91952454	91971115	5	30854191	30872862	7201a8
2	209546491	209560287	2	62676222	62688723	2e0595
13	645993	651656	14	21157871	21164059	ed7953
7	80021645	80036740	7	13456140	13470458	9c179e
2	191512196	191520908	2	81361669	81370689	2e0595
8	27950969	27982180	8	28900995	28933059	ad2793
7	8872015	8874436	7	87357664	87360093	9c179e
11	12552542	12555670	10	19446767	19449775	d8576b
1	185173902	185194586	1	198053241	198074212	0d0887
3	16184797	16193661	3	16685424	16692539	46039f
12	664848	668627	13	17388419	17392202	e3685f
13	1828917	1859387	14	22313924	22343306	ed7953
1	63404924	63415450	1	66070422	66082088	0d0887
11	21362443	21367736	10	2234815	2240205	d8576b
11	20274638	20281337	10	3357082	3364326	d8576b
3	172848198	172849889	3	178062964	178064657	46039f
1	232359832	232361086	1	247728247	247729501	0d0887
19	7306176	7316693	18	4873670	4883996	f0f921
8	78840183	78846594	8	85862621	85869112	ad2793
2	243612639	243629516	2	26752312	26766622	2e0595
5	122752270	122755460	5	135076	138746	7201a8
1	116646586	116655867	1	121427813	121436586	0d0887
4	4128805	4141761	4	3365407	3385913	5c01a6
2	159526696	159561244	2	115572534	115603535	2e0595
1	251162305	251199329	1	266900280	266946099	0d0887
3	34788980	34798456	3	35905725	35914325	46039f
1	117132222	117145892	1	121942931	121959756	0d0887
3	125114560	125132482	3	128765442	128782209	46039f
7	27236416	27253535	7	68147113	68165215	9c179e
5	27016061	27030575	5	99832877	99848117	7201a8
13	17050601	17098710	14	2677690	2717083	ed7953
15	7110245	7123064	12	19634099	19646602	fb9f3a
3	65793206	65817379	3	67786912	67811421	46039f
12	9253953	9291131	13	8985443	9023068	e3685f
1	104196069	104219802	1	108599221	108622736	0d0887
3	145768783	145781091	3	150034781	150050768	46039f
2	55263839	55292514	2	228416622	228444313	2e0595
14	2377473	2378727	15	2509101	2510355	f58b47
15	16977197	16978545	12	1134549	1135894	fb9f3a
2	225644397	225648425	2	45736313	45740476	2e0595
4	4659586	4660846	4	3869720	3870980	5c01a6
7	85526691	85536785	7	7853262	7860045	9c179e
17	8228748	8233813	19	3075163	3080621	fdca26
3	141627877	141636550	3	145684048	145692778	46039f
1	152579539	152627768	1	160276273	160325553	0d0887
1	254556653	254566410	1	270308114	270318258	0d0887
2	197259444	197271027	2	75488871	75501500	2e0595
6	98696126	98708310	6	632960	645735	8808a6
6	18392184	18405832	6	87616479	87629170	8808a6
7	20642117	20653076	7	75282613	75292764	9c179e
1	38767805	38790192	1	39768894	39790141	0d0887
4	93141032	93175523	4	102060719	102108550	5c01a6
1	335050408	335066890	1	353767996	353786937	0d0887
15	12081624	12097815	12	6029043	6043189	fb9f3a
5	88278427	88299753	5	34756238	34772726	7201a8
1	150352278	150384868	1	157967301	157994514	0d0887
1	119094903	119136102	1	124044321	124070006	0d0887
5	10438610	10469460	5	117400540	117426745	7201a8
5	32715205	32751510	5	93581531	93634358	7201a8
2	204370296	204391429	2	67949857	67972573	2e0595
3	25062277	25069164	3	25721232	25728567	46039f
1	50482327	50504036	1	52169934	52191685	0d0887
1	2606632	2635830	1	1269001	1289327	0d0887
15	16980886	16988119	12	1125051	1132209	fb9f3a
3	147859923	147872119	3	152175753	152189162	46039f
4	44943075	45092049	4	48490662	48677686	5c01a6
1	1909854	1940693	1	1963248	1991529	0d0887
2	149900275	149904739	2	125875644	125880297	2e0595
10	5301126	5316982	11	22524490	22541241	cc4778
11	3055001	3077368	10	28483532	28506646	d8576b
2	154574260	154595519	2	120956855	120977415	2e0595
2	40569154	40584452	2	244224027	244239431	2e0595
5	110420843	110434971	5	6723097	6738616	7201a8
4	7824002	7841224	4	7196076	7217051	5c01a6
1	302251649	302274691	1	320090961	320107029	0d0887
1	289257526	289274939	1	306033025	306044324	0d0887
2	133171209	133190918	2	144399287	144419763	2e0595
6	10636752	10645618	6	95616475	95622186	8808a6
13	2305286	2306531	14	22762064	22763309	ed7953
18	9592318	9594662	17	284074	286431	f8e125
2	157655419	157669865	2	117715517	117735154	2e0595
15	6760763	6776292	12	19974651	19988554	fb9f3a
5	88672206	88684822	5	34342895	34354677	7201a8
4	87588588	87592201	4	95368223	95369432	5c01a6
4	41991657	42005476	4	45136735	45152296	5c01a6
6	60120205	60130619	6	42778556	42788151	8808a6
5	55301516	55323112	5	70143002	70161367	7201a8
5	91395276	91405649	5	31441574	31458644	7201a8
17	8234614	8249651	19	3069922	3074383	fdca26
3	153958094	153979193	3	158332529	158353774	46039f
2	143169237	143194226	2	132967635	133003522	2e0595
7	2539795	2556962	7	92865345	92880847	9c179e
3	55568939	55586899	3	57419324	57437308	46039f
1	99729872	99752471	1	103776262	103813211	0d0887
11	14481119	14507320	10	17534370	17559501	d8576b
1	283287055	283296985	1	299811338	299821422	0d0887
11	1149395	1152428	10	30978795	30981635	d8576b
11	8283986	8286080	10	23530675	23532949	d8576b
6	74749577	74766045	6	27529082	27544034	8808a6
1	269824774	269836833	1	285812946	285825408	0d0887
1	226486080	226487319	1	241681941	241683180	0d0887
14	5240166	5244118	15	5284580	5288494	f58b47
3	29977109	30007468	3	30740681	30772577	46039f
13	7785189	7797590	14	15856968	15869321	ed7953
5	30246305	30250433	5	96387228	96392194	7201a8
3	10347067	10372912	3	9974418	9999739	46039f
6	44940788	44946270	6	58948975	58954496	8808a6
1	289720032	289804798	1	306533719	306621919	0d0887
2	230185698	230210865	2	40810827	40836303	2e0595
5	93956284	93991435	5	28731173	28757948	7201a8
7	28216147	28218982	7	67160535	67163315	9c179e
5	30206004	30216562	5	96421954	96432453	7201a8
8	38038564	38054209	8	40115996	40132127	ad2793
11	1853057	1863028	10	29567797	29570739	d8576b
12	8393503	8402068	13	9850811	9857740	e3685f
2	103625697	103670889	2	179895811	179945792	2e0595
1	29211370	29212522	1	29605065	29606217	0d0887
3	59078219	59138377	3	60989200	61056906	46039f
8	830064	834994	8	922394	926852	ad2793
1	106652072	106688546	1	111254106	111295510	0d0887
17	2225653	2231714	19	9223289	9232198	fdca26
1	328494019	328528184	1	347070278	347103684	0d0887
1	268304749	268308602	1	284281236	284285066	0d0887
3	157850582	157873982	3	162285608	162309030	46039f
4	91315492	91335893	4	100082092	100101853	5c01a6
3	67646737	67664262	3	69621442	69644188	46039f
4	81391032	81401533	4	88687409	88696747	5c01a6
3	3783724	3784951	3	3730022	3731246	46039f
2	132881813	132955703	2	144662842	144734670	2e0595
2	144170999	144172262	2	132034672	132035926	2e0595
2	138015879	138024571	2	138587449	138594751	2e0595
3	21456200	21462824	3	22010408	22016724	46039f
14	7512030	7520866	15	7460065	7467750	f58b47
3	131412743	131505074	3	135341146	135446738	46039f
1	267612655	267645963	1	283472843	283514555	0d0887
3	59682219	59703050	3	61608069	61620878	46039f
2	10966939	10982575	2	274966633	274985902	2e0595
4	59421577	59437157	4	64508464	64524035	5c01a6
1	22959732	22971485	1	23018834	23030605	0d0887
3	157879892	157889329	3	162314885	162321079	46039f
2	86876523	86885410	2	197787570	197788749	2e0595
13	10198576	10208345	14	13475646	13486951	ed7953
1	258626692	258631281	1	274545484	274550048	0d0887
17	10035169	10040955	19	1037366	1043267	fdca26
7	10563162	10598296	7	85618951	85646856	9c179e
2	12362763	12363987	2	273665916	273667140	2e0595
15	14100081	14120664	12	4069044	4090785	fb9f3a
1	8323843	8324986	1	7596083	7597226	0d0887
3	192083165	192098891	3	198208185	198218461	46039f
2	132856276	132872347	2	144744445	144758325	2e0595
4	30319595	30343163	4	32237611	32263454	5c01a6
5	92579428	92589311	5	30190349	30199919	7201a8
6	56264290	56276862	6	46986553	46996561	8808a6
11	11518647	11574664	10	20442025	20502529	d8576b
6	71090532	71108085	6	31252542	31255299	8808a6
7	36050627	36070542	7	58637510	58657615	9c179e
3	50661089	50680215	3	52352906	52367692	46039f
1	237996840	238041316	1	253346333	253388159	0d0887
2	204257682	204258900	2	68096928	68098146	2e0595
5	64720762	64753816	5	60129016	60174651	7201a8
1	103156396	103253365	1	107518250	107612360	0d0887
1	170421444	170439833	1	179409808	179427964	0d0887
1	125436893	125441485	1	130774246	130778844	0d0887
10	6881559	6904308	11	20932906	20956938	cc4778
1	22975793	22986434	1	23035027	23045807	0d0887
6	38203204	38223406	6	66200016	66217370	8808a6
15	10286432	10298323	12	16562900	16577580	fb9f3a
3	123363747	123368958	3	126916457	126921643	46039f
3	172527237	172551776	3	177739267	177776900	46039f
5	3899937	3905349	5	123931148	123936146	7201a8
5	38787822	38807597	5	87233568	87253666	7201a8
10	7435711	7457041	11	20363502	20388026	cc4778
14	5812431	5823534	15	5839766	5851335	f58b47
17	10704232	10708069	19	643959	647792	fdca26
2	66727476	66741783	2	216856878	216872854	2e0595
2	226648401	226656239	2	44701633	44708895	2e0595
1	63319538	63352542	1	65991660	66019337	0d0887
4	83092716	83151716	4	90228788	90256800	5c01a6
1	221779863	221786211	1	236729339	236735588	0d0887
5	9662719	9682365	5	118228102	118244981	7201a8
6	26517838	26543915	6	78722039	78731441	8808a6
8	23620235	23633652	8	24037241	24052203	ad2793
2	220102069	220116009	2	51643098	51658972	2e0595
7	5906446	5925026	7	90160932	90177039	9c179e
8	69802819	69814737	8	77176278	77185671	ad2793
17	7856370	7862510	19	3424888	3429678	fdca26
1	125841861	125864379	1	131171743	131192771	0d0887
1	24716510	24720377	1	24942268	24946110	0d0887
1	317311379	317328295	1	335617667	335633914	0d0887
1	75299111	75366983	1	78368528	78436545	0d0887
3	191822989	191848784	3	197960319	197986697	46039f
3	131865605	132052863	3	135682292	135875180	46039f
12	13291994	13307363	13	5136929	5152025	e3685f
5	40233227	40240127	5	85668597	85675132	7201a8
8	41017459	41035100	8	43385319	43405416	ad2793
7	27924663	27931778	7	67434905	67441501	9c179e
1	51815404	51823093	1	53616557	53617730	0d0887
13	2310292	2323971	14	22767123	22781404	ed7953
3	186968090	186988603	3	192761606	192783348	46039f
2	133863967	133880865	2	143642329	143657999	2e0595
7	62013897	62071171	7	30106259	30175610	9c179e
2	53463921	53477784	2	230275922	230287444	2e0595
12	1719166	1724436	13	16356581	16361766	e3685f
3	147792756	147793962	3	152111280	152112486	46039f
7	34250667	34258550	7	60726890	60735090	9c179e
2	205434691	205454672	2	66802263	66824050	2e0595
2	220364814	220376685	2	51345682	51355139	2e0595
1	98105879	98107076	1	102126990	102128109	0d0887
19	2764352	2777310	18	10522493	10535332	f0f921
3	192657984	192696657	3	198815377	198856216	46039f
4	98105702	98110883	4	107772777	107777936	5c01a6
18	6964344	6971761	17	2885027	2892543	f8e125
7	15887952	15898967	7	80093271	80105696	9c179e
5	40605165	40606401	5	85270715	85271951	7201a8
6	24373758	24428937	6	81020847	81033671	8808a6
15	8437390	8445816	12	18361165	18370977	fb9f3a
3	25494836	25505825	3	26207485	26218527	46039f
7	22788841	22799924	7	72970274	72981230	9c179e
1	23138575	23148333	1	23206852	23225847	0d0887
3	141601879	141609345	3	145656310	145664490	46039f
1	28558267	28570635	1	28938327	28951586	0d0887
15	72934	76711	12	26533688	26537542	fb9f3a
11	6391468	6403950	10	25305715	25315919	d8576b
5	21684206	21700253	5	105496650	105513328	7201a8
4	89674840	89681798	4	98317998	98324669	5c01a6
4	9182305	9205235	4	8645414	8666885	5c01a6
1	149153918	149164749	1	156148917	156161258	0d0887
3	50430330	50440201	3	52112673	52122686	46039f
1	36594640	36616942	1	37539102	37555206	0d0887
3	196644077	196651289	3	202730362	202737923	46039f
1	180163269	180298778	1	193337709	193472128	0d0887
1	64803830	64808885	1	67520202	67525666	0d0887
5	30895653	30905607	5	95706747	95719200	7201a8
12	3718154	3752530	13	14378126	14410987	e3685f
2	95526034	95531982	2	189014967	189020009	2e0595
6	99133884	99137080	6	206338	212333	8808a6
3	91154270	91186375	3	93901316	93925414	46039f
1	71252897	71263347	1	74056661	74074762	0d0887
10	6209821	6235907	11	21612828	21640775	cc4778
7	23867628	23868813	7	71820466	71821651	9c179e
1	91661668	91670901	1	95440705	95449782	0d0887
1	183538644	183539835	1	196436363	196437554	0d0887
7	74766391	74794005	7	18968809	18992483	9c179e
1	53783106	53798166	1	55734123	55750317	0d0887
12	1709853	1713533	13	16367348	16371074	e3685f
3	120468352	120474931	3	123959130	123965715	46039f
6	32752955	32762355	6	72022171	72031839	8808a6
3	160223923	160236143	3	164627333	164642049	46039f
1	239678521	239700943	1	255055990	255084285	0d0887
2	232666880	232677071	2	38250607	38260729	2e0595
1	187292300	187297588	1	200238066	200243322	0d0887
1	261571279	261587414	1	277510566	277526184	0d0887
2	242211705	242212905	2	28258293	28259493	2e0595
1	195677912	195688281	1	209062620	209072164	0d0887
2	15864376	15879642	2	269894358	269908751	2e0595
7	90732658	90745520	7	2930100	2941461	9c179e
1	98707768	98787775	1	102729882	102824469	0d0887
16	2712067	2717779	16	3458576	3464698	fdb42f
1	15465783	15476743	1	15164487	15177128	0d0887
15	16909575	16912469	12	1195150	1198755	fb9f3a
2	33838007	33853347	2	251548137	251559449	2e0595
1	89907928	89920163	1	93501103	93513509	0d0887
8	41280316	41298346	8	43678861	43693651	ad2793
3	123513730	123531410	3	127068390	127087548	46039f
3	44345405	44372364	3	45889622	45912241	46039f
1	80235279	80274545	1	83498723	83541302	0d0887
1	11718483	11721735	1	11173815	11177029	0d0887
11	22367739	22371912	10	1260247	1264592	d8576b
2	160156607	160207305	2	114894664	114946725	2e0595
2	176008935	176014335	2	98139953	98145300	2e0595
1	73577823	73579080	1	76498355	76499612	0d0887
6	91204917	91230952	6	8237816	8267087	8808a6
1	185121890	185152087	1	198001336	198027816	0d0887
1	60969078	60994265	1	63604530	63628786	0d0887
4	93096521	93105268	4	102015176	102022592	5c01a6
3	166029432	166036132	3	170791423	170798219	46039f
6	23568731	23581035	6	81951538	81962748	8808a6
7	44339136	44358504	7	48787124	48829554	9c179e
3	168681485	168723227	3	173722073	173771085	46039f
6	22650110	22651286	6	82882773	82893141	8808a6
13	11186733	11195663	14	12500547	12509749	ed7953
5	73591831	73626800	5	50791399	50818739	7201a8
1	71276755	71286040	1	74092197	74100793	0d0887
5	100522658	100532458	5	21928548	21938806	7201a8
1	18210023	18213356	1	17920402	17923562	0d0887
6	42318128	42328987	6	61660015	61669247	8808a6
1	25470473	25484355	1	25695668	25709178	0d0887
7	6286342	6310070	7	89760003	89779036	9c179e
13	14896628	14900924	14	4866494	4870186	ed7953
15	16385513	16398937	12	1743745	1754469	fb9f3a
2	157477900	157486181	2	117917335	117927418	2e0595
7	70586025	70599230	7	23474478	23486081	9c179e
4	85023886	85037971	4	92401444	92415667	5c01a6
5	40305840	40329675	5	85574487	85593669	7201a8
3	59630106	59638361	3	61535943	61544504	46039f
2	101916169	101917330	2	182420712	182421873	2e0595
6	57370131	57371175	6	45618492	45619536	8808a6
5	18956322	18979727	5	108268517	108287908	7201a8
5	849936	858398	5	126740816	126747932	7201a8
5	92366833	92384571	5	30417116	30435598	7201a8
12	1782532	1787233	13	16293550	16298241	e3685f
3	115245821	115256669	3	118624423	118636993	46039f
3	103333442	103347764	3	105621183	105635540	46039f
12	18621840	18642996	13	22025357	22060446	e3685f
7	36182614	36193136	7	58474948	58486391	9c179e
8	20459426	20473259	8	20594661	20607168	ad2793
6	24207905	24214295	6	81249812	81256178	8808a6
17	7006855	7019271	19	4362179	4367163	fdca26
3	134675615	134692210	3	138529664	138550165	46039f
1	49920614	49936197	1	51568037	51582994	0d0887
1	315587663	315591288	1	333909773	333913257	0d0887
1	333311025	333336275	1	351992818	352016444	0d0887
19	4848851	4892058	18	8459976	8513181	f0f921
1	253849257	253864682	1	269589574	269605349	0d0887
10	116220	129839	11	27613266	27627094	cc4778
1	324671831	324687172	1	343177136	343192532	0d0887
1	115436056	115457470	1	120061490	120077157	0d0887
1	123324771	123395681	1	128496937	128579676	0d0887
1	319366495	319385742	1	337630286	337646592	0d0887
17	523940	538347	19	10487302	10505160	fdca26
5	68649448	68730353	5	55586866	55666728	7201a8
10	14090920	14103538	11	13942879	13965546	cc4778
2	190317660	190318818	2	82538808	82539966	2e0595
2	12078587	12092616	2	274042364	274057435	2e0595
14	5614038	5620062	15	5653328	5659219	f58b47
8	74702985	74709251	8	82014173	82019784	ad2793
3	82202712	82223190	3	84608767	84627219	46039f
6	3390661	3404982	6	102664701	102677640	8808a6
19	323204	329557	18	12869622	12875695	f0f921
7	20018233	20048313	7	75919705	75955771	9c179e
2	230226644	230238753	2	40779666	40790841	2e0595
6	16804307	16827846	6	89260902	89275654	8808a6
1	18469065	18471129	1	18185783	18187903	0d0887
2	105667225	105718678	2	176961040	177032518	2e0595
1	195390791	195415556	1	208780557	208804013	0d0887
15	11110900	11116938	12	15742759	15748983	fb9f3a
6	70503282	70506235	6	31886075	31889029	8808a6
8	8613730	8640792	8	8263894	8293919	ad2793
8	19380518	19401038	8	19402529	19421508	ad2793
2	68999205	69011161	2	214488173	214500943	2e0595
1	36861002	36876734	1	37801376	37814472	0d0887
2	205210992	205222181	2	67038238	67048909	2e0595
1	176931298	176966692	1	190274759	190294573	0d0887
13	8083811	8087249	14	15585111	15588512	ed7953
2	130427991	130429050	2	148078601	148079660	2e0595
1	270232202	270252432	1	286234453	286257474	0d0887
8	77115662	77128524	8	84223079	84235042	ad2793
1	324078825	324129057	1	342615471	342664283	0d0887
5	32454307	32460114	5	93942817	93948492	7201a8
3	103465226	103493784	3	105780745	105801568	46039f
8	62352775	62354072	8	69701832	69703141	ad2793
6	12509455	12526827	6	93633101	93650789	8808a6
7	14071104	14092451	7	81983697	81996648	9c179e
3	84508048	84510505	3	87077537	87080001	46039f
11	20482472	20490549	10	3133666	3142571	d8576b
12	11161621	11162773	13	7232101	7233253	e3685f
4	53711662	53731136	4	58188736	58208719	5c01a6
6	52396823	52398014	6	50980823	50982014	8808a6
19	294008	312731	18	12889159	12898594	f0f921
3	179023461	179028636	3	184602533	184608067	46039f
1	2645349	2680666	1	1220017	1262412	0d0887
1	321346111	321360368	1	339619044	339632673	0d0887
1	299140585	299159013	1	316735305	316749415	0d0887
14	1170822	1179155	15	864336	872589	f58b47
2	159383780	159384905	2	115752637	115753762	2e0595
1	244526275	244527421	1	260207703	260208849	0d0887
8	51753503	51758774	8	55311227	55316998	ad2793
1	27724383	27735863	1	28099827	28111866	0d0887
2	230885118	230886270	2	40102358	40103507	2e0595
8	7675390	7685364	8	7322935	7334657	ad2793
7	89297763	89299059	7	4273664	4274960	9c179e
7	44588718	44597154	7	48400276	48410601	9c179e
1	299829672	299872524	1	317515340	317559838	0d0887
1	312418298	312423239	1	330657370	330662250	0d0887
1	39106749	39107862	1	40137814	40142941	0d0887
4	84630618	84648174	4	91986343	92000072	5c01a6
6	26707334	26708339	6	78565658	78566663	8808a6
12	8571059	8582193	13	9621056	9684313	e3685f
3	38972730	38986824	3	40296503	40310471	46039f
2	202193331	202204937	2	70323729	70333563	2e0595
3	157196363	157207303	3	161603268	161614474	46039f
3	169897077	169914897	3	175025189	175039812	46039f
3	183039293	183054830	3	188816897	188831579	46039f
5	90411010	90450200	5	32470664	32498778	7201a8
3	122726061	122759200	3	126249571	126277356	46039f
13	7739746	7747712	14	15903568	15910869	ed7953
3	202891868	202893530	3	208692329	208693959	46039f
15	13254957	13263718	12	4849706	4857295	fb9f3a
2	96457650	96478669	2	188003522	188025465	2e0595
2	100681884	100685190	2	183719987	183723303	2e0595
1	277726108	277730925	1	293871941	293876771	0d0887
8	22634610	22642988	8	22964794	22973531	ad2793
3	118938001	118939138	3	122408575	122409712	46039f
8	19703112	19730197	8	19737954	19759768	ad2793
1	40821004	40878772	1	41840139	41915358	0d0887
7	74686494	74701154	7	19067586	19084466	9c179e
2	156272378	156287159	2	119140129	119155834	2e0595
15	13729178	13733561	12	4453490	4456819	fb9f3a
4	82140761	82149422	4	89237783	89258382	5c01a6
11	8363782	8368472	10	23449535	23453400	d8576b
8	48379630	48396352	8	51499241	51518485	ad2793
3	92566390	92748571	3	95360842	95517379	46039f
6	10778697	10779828	6	95474409	95475540	8808a6
1	300062570	300082209	1	317764680	317785867	0d0887
7	91043327	91063435	7	2645266	2663724	9c179e
13	2282873	2285768	14	22740121	22743398	ed7953
4	38284140	38289388	4	41106846	41112466	5c01a6
7	13125744	13174610	7	82919763	82976132	9c179e
7	88891501	88917188	7	4624060	4651693	9c179e
3	186991590	187001230	3	192786406	192795007	46039f
2	101207105	101213454	2	183158946	183165100	2e0595
4	83176947	83187807	4	90292999	90312899	5c01a6
1	286883799	286889263	1	303563483	303568458	0d0887
2	165114188	165122268	2	109708190	109719349	2e0595
1	237683575	237770807	1	252978206	253070511	0d0887
16	5711651	5718918	16	9163369	9170708	fdb42f
2	56548012	56549140	2	227089680	227090808	2e0595
1	225099251	225111691	1	240218178	240233675	0d0887
7	9229352	9260935	7	86977772	87005670	9c179e
4	87490493	87491672	4	95246144	95247323	5c01a6
12	14278970	14335915	13	4083975	4142922	e3685f
1	159966107	159977232	1	168452247	168461452	0d0887
1	285246481	285289373	1	301890385	301942327	0d0887
5	53795571	53796690	5	71572910	71574035	7201a8
3	33682601	33690688	3	34757875	34772004	46039f
8	69292882	69306539	8	76681671	76695613	ad2793
3	191794921	191807483	3	197928819	197939858	46039f
1	330587511	330605480	1	349187642	349212931	0d0887
11	8525113	8526909	10	23299066	23300849	d8576b
1	15622474	15628986	1	15331368	15340646	0d0887
1	337862003	337885689	1	356541115	356557409	0d0887
1	28456355	28463009	1	28826373	28839933	0d0887
3	149070272	149260652	3	153370073	153554310	46039f
1	160021449	160068682	1	168498761	168538553	0d0887
7	2449357	2461054	7	92961216	92972768	9c179e
2	152493129	152501588	2	123210873	123219371	2e0595
7	64984531	65006465	7	26611098	26634818	9c179e
8	25858811	25884374	8	26640279	26665126	ad2793
16	1940688	1956314	16	2642049	2679636	fdb42f
8	67423922	67430779	8	75050928	75059005	ad2793
1	194829453	194840695	1	208233286	208243962	0d0887
3	81885676	81935218	3	84313747	84348842	46039f
1	254542856	254553655	1	270294809	270305234	0d0887
1	312063751	312070997	1	330275550	330282055	0d0887
5	9920685	9921801	5	117960184	117961300	7201a8
2	23972473	23975909	2	261692951	261696376	2e0595
5	86454681	86455797	5	36716797	36717913	7201a8
6	45558737	45565146	6	58282667	58290558	8808a6
5	120773034	120789889	5	1941426	1955849	7201a8
17	9737566	9749505	19	1595332	1607424	fdca26
2	206297940	206306020	2	65908204	65915009	2e0595
6	45404819	45420330	6	58436085	58450230	8808a6
13	16247709	16254254	14	3517077	3523970	ed7953
1	152743364	152746193	1	160446754	160449590	0d0887
2	145979206	145980322	2	130094345	130095461	2e0595
8	13972108	13986645	8	13866720	13879765	ad2793
2	207600450	207615795	2	64600754	64615690	2e0595
3	191860243	191869494	3	198001792	198011230	46039f
1	62945850	62965980	1	65603515	65629648	0d0887
7	62549995	62551105	7	29610735	29611845	9c179e
8	11616102	11628646	8	11267601	11278389	ad2793
5	97257590	97268163	5	25267143	25277723	7201a8
2	100121453	100122572	2	184324883	184326002	2e0595
5	40545880	40546981	5	85324530	85325631	7201a8
5	51739722	51740835	5	73773183	73774299	7201a8
5	46731037	46745619	5	78912591	78918436	7201a8
1	191934916	191988004	1	205074107	205114986	0d0887
4	95236237	95269002	4	104443196	104474151	5c01a6
2	85286506	85323767	2	199450019	199483174	2e0595
1	242890718	242992647	1	258468500	258573480	0d0887
3	37533380	37534490	3	38779640	38780750	46039f
3	61881098	61895686	3	63811024	63828609	46039f
14	13334858	13335950	15	16249666	16250758	f58b47
2	63668762	63685941	2	220016130	220033249	2e0595
5	100540780	100556378	5	21908260	21923579	7201a8
1	309984921	309992893	1	328361172	328370839	0d0887
3	168056225	168061949	3	173045792	173052065	46039f
3	157335905	157342583	3	161760753	161766530	46039f
2	134827672	134889599	2	142540992	142629415	2e0595
1	153875253	153882502	1	161666920	161679553	0d0887
3	65590375	65607059	3	67571758	67587868	46039f
6	74295814	74364807	6	27903909	27980660	8808a6
6	57811051	57818632	6	45184427	45193005	8808a6
2	176538799	176539906	2	97321908	97323015	2e0595
7	28183370	28196561	7	67186022	67198395	9c179e
15	14780820	14790086	12	3389346	3398392	fb9f3a
8	11527314	11542694	8	11181894	11197696	ad2793
11	2451134	2452238	10	29049251	29050349	d8576b
15	14914426	14918020	12	3265490	3268876	fb9f3a
10	1677187	1683711	11	26033709	26039259	cc4778
3	161493829	161510864	3	165984975	165996474	46039f
8	30902217	30904757	8	32155904	32158421	ad2793
7	2944764	2950970	7	92519490	92526264	9c179e
1	242730034	242739413	1	258295065	258311006	0d0887
15	4145087	4175276	12	22489855	22515156	fb9f3a
6	2774712	2792550	6	103259359	103276492	8808a6
1	46413028	46428597	1	47799333	47817633	0d0887
6	69966400	69971437	6	32462179	32467244	8808a6
7	23011792	23104885	7	72636264	72735160	9c179e
3	196180972	196227080	3	202322458	202360258	46039f
4	50443862	50452450	4	54659090	54670902	5c01a6
17	7219230	7220337	19	4171901	4173008	fdca26
1	240047278	240055900	1	255419133	255426654	0d0887
11	14733759	14734875	10	17303044	17304160	d8576b
6	42601816	42603757	6	61376855	61378790	8808a6
6	10648551	10665497	6	95596558	95613563	8808a6
12	1488379	1493807	13	16573783	16579185	e3685f
6	45172766	45179457	6	58672489	58679522	8808a6
5	2812789	2827870	5	124952098	124970697	7201a8
13	3815620	3823886	14	19754505	19762436	ed7953
5	110280203	110312088	5	6588613	6618109	7201a8
3	82964901	82973316	3	85416739	85424644	46039f
18	3103488	3108974	17	6768807	6775186	f8e125
5	97554525	97555599	5	24959071	24960145	7201a8
16	12156854	12164487	16	15490980	15498574	fdb42f
8	70178495	70220260	8	77441128	77484402	ad2793
10	8266030	8268589	11	19532127	19534657	cc4778
1	154293222	154355248	1	162106706	162175621	0d0887
2	121899787	121916221	2	156987816	157000122	2e0595
6	53078855	53091907	6	50294638	50308251	8808a6
17	10376880	10381976	19	967504	972733	fdca26
1	256837192	256898454	1	272639744	272695537	0d0887
6	90685521	90699448	6	8756436	8771311	8808a6
13	18704680	18710384	14	914377	920020	ed7953
5	30415167	30416245	5	96225164	96226242	7201a8
15	2041717	2054251	12	24544902	24557601	fb9f3a
3	119307887	119323480	3	122775784	122789292	46039f
19	3006219	3007299	18	10283739	10284828	f0f921
1	65985418	65990096	1	68747652	68752124	0d0887
1	227615404	227616496	1	242768627	242769719	0d0887
15	13332415	13336053	12	4775533	4779047	fb9f3a
7	20000496	20009868	7	75963526	75977478	9c179e
1	210967143	210968226	1	225373878	225374961	0d0887
3	152921202	152951406	3	157258241	157288289	46039f
1	175698088	175699180	1	188769099	188770191	0d0887
7	8992462	9003253	7	87225461	87237360	9c179e
1	71144410	71145508	1	73949518	73950613	0d0887
5	37412182	37430820	5	88742716	88793775	7201a8
3	168250532	168262281	3	173248397	173265553	46039f
5	40929882	40944111	5	84913896	84929576	7201a8
6	48947338	48963579	6	54727792	54744023	8808a6
7	84594525	84628425	7	8744838	8779392	9c179e
3	130849038	130858480	3	134768835	134778621	46039f
1	320908235	320911136	1	339153285	339156140	0d0887
10	26734537	26736575	11	505649	507188	cc4778
2	199143447	199150556	2	73444883	73451933	2e0595
4	79253433	79308557	4	86306863	86368203	5c01a6
4	2679161	2685981	4	2440696	2448399	5c01a6
3	146019090	146026765	3	150283911	150292319	46039f
14	1227461	1232576	15	810853	815875	f58b47
5	96920838	96934325	5	25612969	25626667	7201a8
3	79372640	79377950	3	81532589	81538890	46039f
6	74396666	74410369	6	27851613	27865637	8808a6
2	31570211	31571285	2	253790341	253791415	2e0595
1	126295354	126306505	1	131631609	131641978	0d0887
1	63156755	63157826	1	65835242	65836310	0d0887
2	153831814	153842036	2	121738013	121748164	2e0595
8	13578035	13593154	8	13439582	13454152	ad2793
16	12339288	12340380	16	15672171	15673245	fdb42f
15	8213506	8248246	12	18553183	18587735	fb9f3a
7	29446131	29447343	7	65826742	65827951	9c179e
2	11313486	11321927	2	274631769	274639106	2e0595
5	82483695	82500125	5	40978496	40994043	7201a8
1	286487022	286499578	1	303098411	303108820	0d0887
6	26040451	26041534	6	79275566	79276649	8808a6
8	10512709	10524537	8	10288848	10299236	ad2793
8	6816876	6831109	8	6460201	6479621	ad2793
6	18314309	18330498	6	87699157	87717540	8808a6
2	223463537	223491923	2	48017467	48051647	2e0595
5	56258537	56268621	5	69279879	69289456	7201a8
5	79420407	79421481	5	44383216	44384290	7201a8
5	40690980	40692087	5	85180396	85181503	7201a8
3	57351371	57367422	3	59250569	59272610	46039f
3	179291050	179301708	3	184845434	184855579	46039f
3	103388042	103401220	3	105683916	105701034	46039f
16	12653790	12656037	16	15982591	15984812	fdb42f
2	188287571	188294187	2	84827523	84833908	2e0595
4	21380182	21387286	4	22292561	22300340	5c01a6
2	175210004	175234493	2	98929146	98954781	2e0595
6	27831079	27832165	6	77389053	77390124	8808a6
1	130902505	130903552	1	136484326	136485373	0d0887
15	14885801	14889280	12	3294937	3298771	fb9f3a
3	34452795	34477699	3	35570575	35592774	46039f
11	461330	471917	10	30306101	30316637	d8576b
3	168186835	168195714	3	173172156	173182883	46039f
8	62300651	62309001	8	69641543	69650009	ad2793
10	216830	226192	11	27521507	27528881	cc4778
7	34750224	34754037	7	60200209	60204900	9c179e
14	1641499	1642567	15	398286	399354	f58b47
2	12276284	12333906	2	273696924	273758167	2e0595
16	12575131	12580087	16	15905909	15910860	fdb42f
15	16534294	16541023	12	1610252	1617118	fb9f3a
1	232125605	232126679	1	247504453	247505527	0d0887
1	150707857	150724984	1	158335384	158350749	0d0887
1	69933612	69947560	1	72700030	72713869	0d0887
1	114825369	114832665	1	119418995	119426417	0d0887
1	178832845	178847041	1	192129099	192137857	0d0887
2	96484880	96500692	2	187987177	187997444	2e0595
5	87185037	87192813	5	35948942	35956790	7201a8
15	6373584	6379027	12	20377463	20381687	fb9f3a
1	274587568	274598593	1	290756839	290768251	0d0887
19	708567	723194	18	12482044	12493835	f0f921
1	101581055	101612782	1	105763195	105779181	0d0887
7	37704930	37731574	7	56727663	56750604	9c179e
3	69864816	69884731	3	71923576	71948746	46039f
17	8186912	8189617	19	3118951	3121383	fdca26
1	237533323	237546527	1	252817212	252844618	0d0887
2	104348720	104369986	2	179133252	179155212	2e0595
1	101445679	101469732	1	105613474	105633964	0d0887
7	33152643	33156310	7	61809906	61813502	9c179e
10	25601506	25612832	11	1591813	1601219	cc4778
14	7044276	7050003	15	7009352	7014579	f58b47
2	51777595	51867192	2	232014266	232113676	2e0595
4	86687040	86689642	4	94272194	94275636	5c01a6
15	3845666	3851902	12	22806775	22812421	fb9f3a
5	25176159	25196169	5	101781311	101808234	7201a8
1	306897527	306917314	1	324885660	324905302	0d0887
3	38423298	38442766	3	39749726	39772861	46039f
19	2792875	2801458	18	10488251	10497066	f0f921
2	92085531	92092639	2	192608719	192616483	2e0595
3	119084713	119116858	3	122545187	122576082	46039f
1	40710120	40719936	1	41707998	41718242	0d0887
3	127185274	127198117	3	130872898	130885292	46039f
12	8344775	8354483	13	9895152	9905033	e3685f
3	5735204	5736212	3	7668893	7669913	46039f
2	101232333	101248355	2	183103501	183129970	2e0595
13	2290247	2294200	14	22748569	22752158	ed7953
3	199700458	199732038	3	205660742	205687612	46039f
4	55095381	55096449	4	59656845	59657910	5c01a6
13	16874131	16878438	14	2894038	2898725	ed7953
1	315732401	315755449	1	334055815	334077047	0d0887
11	20638902	20644515	10	2970222	2975871	d8576b
3	36722694	36755363	3	37952392	37986548	46039f
13	5011155	5039502	14	18583760	18612617	ed7953
12	4174115	4177343	13	13958415	13962413	e3685f
6	81713985	81721119	6	20109259	20117838	8808a6
6	85110559	85216589	6	14593930	14709714	8808a6
17	10574896	10579730	19	770436	774915	fdca26
1	170512787	170537560	1	179490395	179515674	0d0887
5	31481378	31503100	5	94978682	95005371	7201a8
7	30526882	30549073	7	64624382	64639947	9c179e
15	1238662	1249751	12	25344495	25354446	fb9f3a
2	109259836	109264771	2	170455379	170460039	2e0595
1	181559202	181560261	1	194556807	194557866	0d0887
15	7403952	7405008	12	19370790	19371846	fb9f3a
17	10742478	10743501	19	609547	611546	fdca26
10	4655782	4656829	11	23172614	23173661	cc4778
6	26745818	26746826	6	78526914	78527922	8808a6
15	10470413	10485837	12	16382359	16400482	fb9f3a
3	144179471	144197948	3	148295531	148315683	46039f
5	40518394	40527191	5	85342256	85350481	7201a8
2	33095055	33097085	2	252248026	252249636	2e0595
5	4482352	4483405	5	123361460	123362513	7201a8
8	44137456	44153320	8	46720846	46745616	ad2793
17	10850980	10856412	19	493164	498605	fdca26
6	27658233	27673582	6	77586993	77602681	8808a6
12	651407	656584	13	17400548	17405814	e3685f
1	246966841	246967885	1	262582782	262583826	0d0887
4	55112136	55113192	4	59666918	59667983	5c01a6
16	12195638	12198321	16	15531510	15534035	fdb42f
2	203171883	203232113	2	69224053	69265443	2e0595
4	22191292	22193214	4	23246304	23249103	5c01a6
2	148554949	148577373	2	127057609	127079557	2e0595
1	292918321	292933376	1	309993764	310008956	0d0887
1	23339863	23352822	1	23427128	23440007	0d0887
7	22802270	22811673	7	72950706	72967927	9c179e
18	7929755	7933699	17	1926253	1930144	f8e125
1	165776481	165782646	1	174234844	174241216	0d0887
15	1818425	1827654	12	24758884	24768097	fb9f3a
5	26390841	26407335	5	100480038	100499232	7201a8
1	286904018	286909364	1	303583493	303587682	0d0887
6	40891531	40902924	6	63146921	63160838	8808a6
5	90116861	90148061	5	32797989	32831820	7201a8
7	13182195	13194826	7	82897876	82911610	9c179e
2	151907185	151930343	2	123784403	123819327	2e0595
1	168914063	168915107	1	177615193	177616237	0d0887
3	159354965	159364977	3	163803176	163816864	46039f
10	8219226	8238068	11	19570368	19587350	cc4778
1	247102038	247116464	1	262728962	262745747	0d0887
17	3168216	3169311	19	8572446	8573541	fdca26
19	7583064	7586003	18	4604579	4607581	f0f921
3	171580715	171676640	3	176713381	176818310	46039f
16	11355438	11358751	16	14692316	14695575	fdb42f
1	249208199	249210919	1	264936533	264939253	0d0887
12	3251726	3260188	13	14833404	14841637	e3685f
15	11545058	11552206	12	15314930	15321711	fb9f3a
6	88229504	88239466	6	11282867	11293541	8808a6
14	2436510	2453800	15	2563784	2580840	f58b47
4	25172690	25189378	4	26470018	26491798	5c01a6
1	115994796	116043148	1	120639293	120684867	0d0887
10	16118497	16119487	11	11565496	11566468	cc4778
14	16668093	16706982	15	19680528	19711373	f58b47
1	4752312	4767364	1	4008066	4027020	0d0887
3	146230987	146237163	3	150524100	150529888	46039f
1	98960514	98993027	1	102986109	103030989	0d0887
1	181485529	181508256	1	194479825	194527605	0d0887
3	37997277	37998318	3	39301684	39302725	46039f
5	22800263	22809336	5	104344433	104355395	7201a8
5	97767546	97851713	5	24648061	24739559	7201a8
4	64092570	64112905	4	69385480	69403160	5c01a6
1	100468055	100469090	1	104581711	104582746	0d0887
6	7906992	7921273	6	98409919	98428602	8808a6
1	72292973	72294268	1	75127916	75129211	0d0887
16	12450941	12454586	16	15783824	15787479	fdb42f
1	259656140	259686908	1	275568807	275598786	0d0887
6	85369993	85389622	6	14404365	14423235	8808a6
5	10091701	10243402	5	117623331	117777513	7201a8
3	141492894	141508735	3	145553644	145568002	46039f
3	63554607	63566648	3	65495257	65512699	46039f
1	299712479	299713295	1	317390691	317391507	0d0887
2	142247982	142262794	2	133982938	133997681	2e0595
6	38438824	38441419	6	66025194	66027768	8808a6
8	8720737	8730157	8	8370446	8380160	ad2793
6	94005393	94017885	6	5391332	5403956	8808a6
13	14918967	14928791	14	4837548	4845278	ed7953
1	115219047	115226720	1	119820446	119828916	0d0887
3	29635480	29645612	3	30388380	30400379	46039f
5	13953037	13967716	5	113851758	113864964	7201a8
3	153708633	153722086	3	158080433	158094792	46039f
10	7979158	7980214	11	19833626	19834682	cc4778
2	31440124	31455602	2	253924109	253938802	2e0595
2	193499973	193502451	2	79273385	79275481	2e0595
3	91367155	91381700	3	94144262	94184875	46039f
6	26756781	26757792	6	78515745	78516771	8808a6
2	65514418	65525927	2	218081246	218093124	2e0595
17	10936614	10939518	19	410910	413681	fdca26
1	41739249	41740284	1	42801977	42844023	0d0887
1	43130180	43131234	1	44233060	44234044	0d0887
6	45210897	45225296	6	58630034	58641780	8808a6
5	18069851	18071657	5	109206412	109209568	7201a8
12	17351071	17360706	13	23446716	23450984	e3685f
8	44019960	44041888	8	46615352	46647348	ad2793
1	241074763	241087590	1	256446825	256459996	0d0887
10	11607353	11673005	11	15961079	15993253	cc4778
1	52919816	52929393	1	54803843	54814115	0d0887
6	80636656	80654417	6	21314320	21336022	8808a6
1	107575401	107584405	1	112121886	112131975	0d0887
6	43123975	43124989	6	60840351	60841362	8808a6
4	23149425	23165175	4	24341923	24356913	5c01a6
6	10340658	10348683	6	95924848	95934897	8808a6
5	31430278	31438997	5	95055340	95064465	7201a8
7	30950073	30951090	7	64151363	64152380	9c179e
6	94274749	94297383	6	5091309	5117083	8808a6
7	92448677	92454371	7	1375691	1380841	9c179e
14	1067489	1072517	15	970833	975856	f58b47
3	34606462	34616096	3	35722796	35731639	46039f
6	113899	125887	6	105916567	105924319	8808a6
2	29978167	30001392	2	255375702	255398339	2e0595
6	48142383	48152762	6	55603472	55607580	8808a6
1	311773962	311778046	1	330006378	330010419	0d0887
1	334980758	335028448	1	353703682	353747852	0d0887
1	332339419	332417893	1	351052897	351129173	0d0887
14	13838678	13850408	15	16778766	16787383	f58b47
3	10201406	10226645	3	10123633	10154892	46039f
3	123377319	123386776	3	126930578	126940006	46039f
1	142142418	142150841	1	148755582	148763906	0d0887
12	11429861	11430905	13	6975238	6976282	e3685f
15	6499082	6506384	12	20244171	20251474	fb9f3a
8	40908888	40913919	8	43275623	43283655	ad2793
1	24947510	24957265	1	25176857	25185050	0d0887
6	2797527	2812506	6	103241958	103256026	8808a6
5	21777201	21780650	5	105412873	105416392	7201a8
16	12837685	12839617	16	16151670	16153635	fdb42f
1	48806835	48817831	1	50396616	50406479	0d0887
1	177219791	177220814	1	190552403	190553426	0d0887
1	215695383	215733238	1	230381144	230421880	0d0887
1	239348027	239362240	1	254732708	254749730	0d0887
19	269788	271723	18	12904713	12906655	f0f921
13	18379496	18381111	14	1316618	1318234	ed7953
1	301798784	301812911	1	319586586	319600243	0d0887
17	4468326	4476514	19	7388167	7395680	fdca26
6	68199933	68210861	6	34398418	34411337	8808a6
10	9019741	9034292	11	18770481	18782547	cc4778
6	85796610	85801274	6	13950517	13954989	8808a6
7	85093412	85121781	7	8262355	8291271	9c179e
6	40460725	40463178	6	63612238	63614699	8808a6
2	236743327	236756600	2	34021703	34033019	2e0595
10	6421558	6428193	11	21416479	21422891	cc4778
3	45424599	45447385	3	47029177	47054030	46039f
6	80963915	80976890	6	20988917	21009088	8808a6
6	18265398	18266391	6	87775222	87776215	8808a6
2	59953119	59961933	2	223889556	223898984	2e0595
1	311739196	311750665	1	329962276	329972987	0d0887
2	177691433	177707665	2	96189162	96204891	2e0595
7	82004330	82011548	7	11424847	11432541	9c179e
1	36180669	36225900	1	37056546	37096133	0d0887
3	185021943	185031865	3	190835341	190856847	46039f
2	150247392	150248997	2	125509798	125511145	2e0595
1	302021737	302045398	1	319814829	319837003	0d0887
3	179199049	179202984	3	184743921	184747859	46039f
3	131022712	131030811	3	134941001	134949445	46039f
1	63254576	63265150	1	65924152	65934213	0d0887
10	9001174	9006792	11	18796086	18801341	cc4778
3	126299235	126322880	3	129965314	130001238	46039f
8	9471639	9477303	8	9172887	9177950	ad2793
5	58816304	58822278	5	66654467	66660962	7201a8
4	53143261	53144284	4	57549163	57550186	5c01a6
6	48529315	48532129	6	55202706	55205489	8808a6
5	40625389	40632745	5	85243829	85250939	7201a8
16	6799455	6805076	16	10234574	10239969	fdb42f
1	166655328	166663398	1	175193117	175204063	0d0887
13	16996488	17010329	14	2758839	2772424	ed7953
5	97516027	97604230	5	24914433	24996296	7201a8
1	177055086	177056097	1	190389847	190390858	0d0887
2	215469359	215485677	2	56501269	56515596	2e0595
2	156003969	156013292	2	119433108	119445058	2e0595
1	198330841	198427605	1	212570370	212660287	0d0887
6	60592461	60616584	6	42256294	42287496	8808a6
8	23434267	23444860	8	23845392	23856779	ad2793
4	57600660	57601671	4	62456725	62457736	5c01a6
1	335940169	335947598	1	354645388	354658247	0d0887
15	15305426	15310955	12	2869739	2873183	fb9f3a
2	190026298	190046905	2	82819184	82839234	2e0595
7	46562417	46577740	7	45990135	46003174	9c179e
12	417825	421254	13	17637562	17641017	e3685f
6	26714190	26715198	6	78559250	78560258	8808a6
3	119432198	119441271	3	122903806	122914010	46039f
3	82000186	82011624	3	84388107	84398910	46039f
2	97227252	97228263	2	187305804	187306815	2e0595
19	4389416	4395881	18	8961668	8968790	f0f921
1	96023668	96030340	1	100115534	100122560	0d0887
10	8634194	8645957	11	19173271	19183379	cc4778
3	99964448	99990170	3	101786589	101811121	46039f
10	3107957	3143016	11	24644654	24669532	cc4778
3	10376394	10383208	3	9965367	9971404	46039f
3	196142225	196143230	3	202279295	202280300	46039f
3	134478656	134495571	3	138357338	138375752	46039f
15	3521919	3527178	12	23121361	23126729	fb9f3a
6	48062593	48083886	6	55669158	55691735	8808a6
7	25968736	25977768	7	69564948	69574143	9c179e
1	66104448	66113669	1	68869816	68880231	0d0887
3	127432890	127441699	3	131117288	131126915	46039f
1	257105049	257111603	1	272924888	272932230	0d0887
4	70513076	70646611	4	76845831	76972410	5c01a6
6	45446264	45450552	6	58408681	58412801	8808a6
5	22630984	22631989	5	104539361	104540366	7201a8
3	35023569	35032019	3	36157125	36165477	46039f
7	80788133	80806299	7	12612249	12625044	9c179e
12	13265518	13275612	13	5168453	5179414	e3685f
11	22739175	22747703	10	878135	881582	d8576b
6	45476737	45484572	6	58364182	58373979	8808a6
2	33105203	33110394	2	252232849	252236284	2e0595
6	71953692	71963230	6	30335174	30344862	8808a6
15	10978212	10987968	12	15872851	15883736	fb9f3a
14	1622077	1623076	15	418142	419141	f58b47
13	15758635	15766412	14	4015999	4023610	ed7953
2	94404702	94412044	2	190252033	190259927	2e0595
16	7665985	7670494	16	11089925	11094370	fdb42f
2	215072870	215081627	2	56912502	56920675	2e0595
1	71786686	71929521	1	74605206	74747325	0d0887
1	215580216	215588672	1	230267556	230276154	0d0887
8	38251932	38286341	8	40332338	40379529	ad2793
1	17881551	17887590	1	17568208	17574737	0d0887
7	74360800	74381073	7	19407794	19439933	9c179e
2	154625358	154642439	2	120887900	120909535	2e0595
2	152806093	152807089	2	122867244	122868240	2e0595
2	99466194	99482470	2	184979702	184996070	2e0595
3	15817555	15823516	3	16344067	16350217	46039f
1	311754508	311762199	1	329983615	329991241	0d0887
2	59228271	59244585	2	224646074	224661249	2e0595
7	39920602	39950738	7	54129077	54157119	9c179e
3	71159361	71160357	3	73208091	73209087	46039f
5	94963732	94990436	5	27727134	27753753	7201a8
1	332545097	332545961	1	351252100	351252964	0d0887
4	96535076	96544445	4	105983694	105992502	5c01a6
2	222434095	222439839	2	49135983	49144322	2e0595
2	64714528	64727374	2	218907241	218920154	2e0595
1	246362746	246375312	1	261972073	261984232	0d0887
3	147481140	147491566	3	151799316	151807977	46039f
3	179095038	179126174	3	184673857	184690283	46039f
8	19264187	19271602	8	19286652	19293909	ad2793
8	59623501	59720428	8	66587124	66689986	ad2793
11	12387946	12392991	10	19597994	19603043	d8576b
1	69953916	69963537	1	72720248	72728533	0d0887
4	64250360	64260216	4	69522410	69533089	5c01a6
13	2924971	2930390	14	20584960	20590368	ed7953
1	293908991	293913669	1	311078867	311083896	0d0887
1	148428908	148429898	1	155378315	155379305	0d0887
6	91359143	91373926	6	8096614	8110734	8808a6
2	84744929	84770055	2	199911994	199935204	2e0595
3	132711035	132717901	3	136542419	136549192	46039f
2	120330037	120331024	2	158728716	158729703	2e0595
8	51820274	51838115	8	55436901	55447845	ad2793
2	34867920	34871732	2	250528326	250532131	2e0595
5	92499893	92532502	5	30248776	30298783	7201a8
3	160946859	160987000	3	165405445	165447788	46039f
6	52985988	52998077	6	50388370	50399183	8808a6
3	126790650	126792297	3	130482449	130484082	46039f
3	172445741	172456238	3	177642588	177651499	46039f
8	48525711	48569928	8	51647098	51699061	ad2793
1	274144535	274156679	1	290232687	290246926	0d0887
16	7227402	7242107	16	10662398	10676408	fdb42f
3	119347024	119356910	3	122815321	122825726	46039f
3	169446630	169452803	3	174536422	174543527	46039f
1	22903176	22905372	1	22957404	22959599	0d0887
2	33377753	33392644	2	251909078	251925689	2e0595
1	55347149	55400678	1	57452635	57509718	0d0887
6	88269513	88289152	6	11220358	11249598	8808a6
1	104450761	104456803	1	108862651	108871195	0d0887
4	23363527	23366401	4	24550527	24553386	5c01a6
16	2514259	2523986	16	3260667	3269983	fdb42f
1	12049101	12061974	1	11523283	11539919	0d0887
4	99374311	99390487	4	109115536	109132216	5c01a6
17	4671641	4675810	19	7211182	7215266	fdca26
1	48687679	48700814	1	50260210	50269355	0d0887
12	11380850	11381783	13	7025263	7026196	e3685f
5	3498002	3498959	5	124324465	124325422	7201a8
17	8077435	8081002	19	3222040	3225581	fdca26
4	17270867	17299256	4	17747165	17779826	5c01a6
5	18900991	18918557	5	108323558	108345915	7201a8
1	11727876	11744240	1	11183842	11198944	0d0887
3	98099868	98100693	3	99960369	99961191	46039f
1	199249441	199253659	1	213329702	213332605	0d0887
6	60252237	60261588	6	42630074	42637393	8808a6
7	58593933	58618025	7	33827168	33858061	9c179e
2	76096608	76111979	2	207299780	207313991	2e0595
6	26767234	26797119	6	78507481	78508423	8808a6
3	94443798	94482740	3	96915069	96934360	46039f
1	149672	155534	1	188404	194025	0d0887
3	51177085	51178060	3	52789880	52790855	46039f
1	314390842	314398302	1	332669844	332677536	0d0887
2	174997999	175006219	2	99232156	99240472	2e0595
1	150441371	150483117	1	158043382	158086605	0d0887
3	148888426	148894060	3	153219723	153226044	46039f
6	33159067	33175965	6	71608246	71632030	8808a6
2	222363462	222366450	2	49209694	49213053	2e0595
13	2243892	2246984	14	22700954	22704047	ed7953
6	46547831	46617732	6	57202669	57283313	8808a6
13	12874237	12877062	14	6864681	6867475	ed7953
3	89851761	89854122	3	92524680	92581272	46039f
15	3624575	3630448	12	23017386	23023752	fb9f3a
8	30025396	30036760	8	31156689	31174509	ad2793
2	91871230	91882399	2	192835488	192848028	2e0595
15	15798952	15806293	12	2338422	2346286	fb9f3a
2	199763133	199767804	2	72815562	72820477	2e0595
7	20911338	20935409	7	74993685	75027795	9c179e
1	225156754	225193736	1	240278816	240316452	0d0887
5	94056574	94076334	5	28638758	28659236	7201a8
7	30501244	30516615	7	64651107	64668976	9c179e
19	829217	832626	18	12375837	12379108	f0f921
3	141419523	141468921	3	145484024	145532948	46039f
3	153507475	153528272	3	157873675	157893669	46039f
17	10166811	10181895	19	1171214	1185188	fdca26
16	2034870	2040464	16	2765834	2772531	fdb42f
7	31709098	31721617	7	63331539	63348422	9c179e
2	104966617	104996491	2	178154190	178186169	2e0595
5	97525550	97526501	5	24983891	24984842	7201a8
11	22519435	22523265	10	1113884	1117785	d8576b
6	48537921	48539978	6	55195149	55197210	8808a6
3	91703783	91751360	3	94488278	94531375	46039f
2	217206043	217299946	2	54559755	54654212	2e0595
2	2823163	2849783	2	283312288	283327233	2e0595
4	26385379	26393306	4	27798158	27803271	5c01a6
1	28124513	28151774	1	28495951	28519905	0d0887
1	121908789	121913597	1	127013378	127018125	0d0887
16	11072844	11076446	16	14410478	14413836	fdb42f
19	4474789	4478947	18	8874830	8878977	f0f921
3	17334551	17407264	3	17908496	17977688	46039f
4	4675358	4680752	4	3880978	3888093	5c01a6
19	2837316	2856557	18	10437471	10455272	f0f921
2	101819937	101830245	2	182514986	182531113	2e0595
2	152024709	152031327	2	123693030	123700407	2e0595
1	272334026	272337620	1	288382922	288386636	0d0887
7	3763048	3779418	7	92110985	92123353	9c179e
3	141942355	141959035	3	146016226	146024307	46039f
1	184800152	184801109	1	197666772	197667729	0d0887
1	257043414	257056255	1	272853279	272872460	0d0887
3	79962025	79969244	3	82108569	82116367	46039f
15	11609747	11618912	12	6518595	6527432	fb9f3a
1	144511717	144549675	1	151111345	151146327	0d0887
1	317795713	317812693	1	336135585	336146544	0d0887
8	49388035	49404591	8	52635936	52648265	ad2793
1	69852085	69863721	1	72617167	72637084	0d0887
4	37394578	37398648	4	40106727	40111492	5c01a6
3	69648377	69668230	3	71716173	71736243	46039f
5	108115640	108133694	5	14357135	14372895	7201a8
2	155167769	155174808	2	120302653	120308992	2e0595
14	3870911	3884291	15	3974593	3987734	f58b47
1	287745968	287758239	1	304476370	304490503	0d0887
3	65819961	65906645	3	67814012	67897804	46039f
6	48513056	48514975	6	55220705	55222823	8808a6
15	14877942	14884938	12	3299617	3305152	fb9f3a
1	340059424	340068864	1	358723591	358733722	0d0887
10	10108212	10125620	11	17602671	17624348	cc4778
3	119133293	119142106	3	122590277	122598492	46039f
10	14476890	14486215	11	13566100	13578902	cc4778
15	7946286	7955549	12	18831662	18839531	fb9f3a
1	41279587	41294517	1	42345898	42359270	0d0887
12	8111226	8125959	13	10113489	10126855	e3685f
3	182323002	182344915	3	188080906	188101754	46039f
16	4663984	4695482	16	8133739	8165180	fdb42f
2	21470521	21476403	2	264272706	264278587	2e0595
1	121492982	121513649	1	126580606	126602148	0d0887
2	137513682	137537845	2	139100752	139131983	2e0595
3	186156678	186157644	3	191970866	191971832	46039f
3	147836535	147850924	3	152152401	152167084	46039f
1	227733392	227744622	1	242888027	242898668	0d0887
8	28814723	28819444	8	29796797	29802496	ad2793
1	164369013	164387476	1	172761974	172783216	0d0887
7	37778918	37798059	7	56662896	56674214	9c179e
10	1405811	1410656	11	26315703	26320551	cc4778
15	13837458	13847179	12	4346798	4354753	fb9f3a
3	63020543	63034800	3	64978994	64994479	46039f
5	122563566	122580856	5	313370	332220	7201a8
16	11156062	11158103	16	14492374	14494395	fdb42f
3	125142861	125167978	3	128789764	128815707	46039f
1	221882984	221902693	1	236829424	236847418	0d0887
5	13198921	13209069	5	114537692	114549615	7201a8
5	2974603	2985468	5	124808060	124820173	7201a8
6	71592159	71593104	6	30746497	30747442	8808a6
5	82056582	82064033	5	41393763	41400797	7201a8
10	298389	301813	11	27443112	27446539	cc4778
2	11752417	11764056	2	274249198	274257877	2e0595
6	35104468	35130549	6	69558230	69579249	8808a6
1	292731010	292744256	1	309779705	309792473	0d0887
1	14125200	14137674	1	13781202	13797051	0d0887
1	313567755	313577900	1	331832671	331842084	0d0887
3	2605286	2626636	3	2571299	2590674	46039f
5	56788980	56826916	5	68704076	68741781	7201a8
1	233800614	233818295	1	249128513	249145782	0d0887
4	84622798	84629302	4	91978782	91985030	5c01a6
1	323533029	323534405	1	342000273	342001634	0d0887
6	26490304	26491246	6	78763457	78764399	8808a6
8	13828119	13834483	8	13704530	13710930	ad2793
6	85705415	85727789	6	14032536	14051894	8808a6
1	101633646	101641005	1	105801860	105814799	0d0887
1	71679862	71684213	1	74495337	74501001	0d0887
5	107887894	107888836	5	14616159	14617101	7201a8
16	10043039	10046825	16	13410960	13414640	fdb42f
1	15592279	15604451	1	15298898	15309473	0d0887
2	104042525	104059359	2	179534973	179556725	2e0595
15	8695926	8710301	12	18085738	18097380	fb9f3a
15	4451449	4469383	12	22210037	22227782	fb9f3a
2	86800470	86833265	2	197824599	197853186	2e0595
14	2546099	2552067	15	2673050	2679224	f58b47
3	49925440	49934898	3	51631051	51640513	46039f
5	82528919	82535125	5	40923041	40939405	7201a8
12	1652769	1656295	13	16423252	16426791	e3685f
2	186547442	186579677	2	86707195	86739071	2e0595
2	18283311	18295325	2	267378155	267389172	2e0595
12	4418644	4429502	13	13711641	13722942	e3685f
3	139030504	139031446	3	143019931	143020873	46039f
2	104067627	104078661	2	179505708	179526133	2e0595
1	214774649	214785046	1	229417743	229428019	0d0887
18	659655	663393	17	11660295	11664162	f8e125
4	70131447	70147180	4	76421777	76437188	5c01a6
2	205187647	205204276	2	67056125	67074581	2e0595
8	41180666	41206715	8	43552336	43577756	ad2793
12	15293995	15296354	13	2736196	2739459	e3685f
16	1599566	1610956	16	2320353	2331898	fdb42f
2	32893468	32901883	2	252446139	252454438	2e0595
4	8620652	8640261	4	8035141	8059374	5c01a6
4	82413763	82426076	4	89545921	89557043	5c01a6
1	13630224	13639966	1	13266456	13275776	0d0887
13	1732697	1741356	14	22215352	22223552	ed7953
1	94721140	94731038	1	98791718	98801895	0d0887
3	27315336	27321928	3	28020770	28027216	46039f
2	30103829	30130485	2	255248193	255273762	2e0595
1	61861450	61874189	1	64488371	64500641	0d0887
3	94801863	94802799	3	97216119	97217055	46039f
2	37061664	37073579	2	248056126	248069555	2e0595
3	142635885	142642822	3	146743993	146750231	46039f
3	45126652	45141829	3	46724573	46742505	46039f
16	7539106	7548036	16	10968849	10977574	fdb42f
6	65615466	65632840	6	37122465	37139490	8808a6
3	141483280	141488786	3	145544143	145549109	46039f
16	11215413	11218082	16	14551452	14553890	fdb42f
2	155865948	155902677	2	119549388	119592779	2e0595
2	153879467	153891812	2	121682535	121694517	2e0595
2	182792656	182800050	2	90858051	90866321	2e0595
3	135474273	135485518	3	139371581	139383186	46039f
14	6719342	6740259	15	6694409	6713055	f58b47
1	156246797	156253137	1	164532193	164537991	0d0887
1	324298228	324311674	1	342831017	342842774	0d0887
4	55056982	55070409	4	59610589	59622595	5c01a6
1	27365871	27372522	1	27736256	27743107	0d0887
1	302294552	302302252	1	320135460	320140307	0d0887
5	92281210	92319137	5	30480602	30527985	7201a8
3	177031604	177032585	3	182529878	182530862	46039f
3	51088470	51098062	3	52699080	52711450	46039f
15	8829368	8833665	12	17957224	17960246	fb9f3a
6	43228006	43249193	6	60712171	60730814	8808a6
3	105487727	105504020	3	108071901	108091965	46039f
13	1658227	1664196	14	22143351	22148851	ed7953
3	24389512	24422317	3	25019080	25048396	46039f
3	20679431	20680349	3	21232028	21232955	46039f
8	22037766	22051484	8	22273999	22286941	ad2793
1	33354425	33472724	1	34116497	34172084	0d0887
1	121545686	121546607	1	126639463	126640384	0d0887
1	195297942	195308820	1	208686700	208698690	0d0887
14	3731889	3737295	15	3841849	3846626	f58b47
3	160639541	160645780	3	165095696	165102637	46039f
1	27966154	28090505	1	28348611	28461058	0d0887
3	201427806	201471143	4	85324412	85418787	46039f
16	7806978	7812998	16	11233396	11238453	fdb42f
10	8994439	8998852	11	18803882	18808652	cc4778
3	62041679	62052045	3	63973192	63983450	46039f
1	68676045	68692101	1	71440548	71456133	0d0887
1	289180686	289190944	1	305958530	305967678	0d0887
1	63373764	63403644	1	66039927	66069142	0d0887
3	159976874	159985553	3	164358644	164379479	46039f
1	124214390	124224961	1	129452537	129465213	0d0887
3	189513228	189514140	3	195402716	195403628	46039f
14	336453	338778	15	1715244	1717582	f58b47
10	805704	807885	11	26927264	26929436	cc4778
2	126771460	126773979	2	152066552	152069035	2e0595
11	22770616	22772916	10	847668	849930	d8576b
1	276224083	276235439	1	292422138	292437918	0d0887
3	31300980	31301889	3	32314673	32315582	46039f
1	36056342	36066725	1	36963668	36973832	0d0887
7	8457513	8472566	7	87764950	87779728	9c179e
14	5390029	5392411	15	5442026	5443766	f58b47
2	182132373	182133261	2	91523126	91524014	2e0595
2	100256038	100266185	2	184178245	184193082	2e0595
5	30969792	30995175	5	95608642	95632477	7201a8
4	74321715	74322618	4	81503881	81504784	5c01a6
1	259113679	259117601	1	275009725	275013672	0d0887
6	38534346	38539448	6	65920271	65925817	8808a6
14	12784717	12793065	15	15715562	15723799	f58b47
1	51271444	51293521	1	52993208	53017222	0d0887
7	30904032	30912490	7	64195057	64203782	9c179e
1	258637818	258644559	1	274557590	274563719	0d0887
3	168881849	168889416	3	173941086	173948486	46039f
17	8622770	8625967	19	2011204	2015552	fdca26
10	9590942	9591821	11	18180096	18180975	cc4778
8	48898159	48917381	8	52056146	52079337	ad2793
6	1489671	1523508	6	104413005	104444143	8808a6
3	154025595	154040479	3	158399348	158412764	46039f
10	16559312	16572061	11	11083943	11100414	cc4778
5	36229103	36241061	5	90004943	90019977	7201a8
1	239597428	239613525	1	254987588	255002796	0d0887
2	28693817	28705324	2	256766264	256777143	2e0595
15	7243547	7258702	12	19504615	19513376	fb9f3a
6	90809904	90821646	6	8643323	8653893	8808a6
3	141656682	141664134	3	145715059	145722508	46039f
3	161145744	161147918	3	165608857	165611021	46039f
1	299206745	299248879	1	316805407	316852118	0d0887
3	37935328	37948512	3	39229396	39247186	46039f
12	9318350	9319265	13	8968455	8969370	e3685f
1	53464921	53467932	1	55452310	55455326	0d0887
3	98656478	98668829	3	100464257	100492422	46039f
8	48050796	48065468	8	51125990	51142026	ad2793
14	16730789	16739389	15	19733329	19743301	f58b47
19	7205815	7215199	18	4979445	4986631	f0f921
1	63987933	63994024	1	66698619	66706104	0d0887
3	51192279	51193173	3	52809122	52810016	46039f
1	253998669	254022257	1	269746189	269770345	0d0887
2	219842510	219848119	2	51927375	51932217	2e0595
16	2171687	2183856	16	2903920	2912955	fdb42f
3	156999424	157008551	3	161402095	161414093	46039f
1	233842059	233858179	1	249165590	249171613	0d0887
19	1248471	1253320	18	11972552	11977126	f0f921
1	115872850	115886494	1	120522332	120537623	0d0887
1	195725915	195736238	1	209681268	209691637	0d0887
2	73961960	73976454	2	209577414	209591089	2e0595
5	69797733	69853268	5	54335310	54394012	7201a8
1	116729582	116740120	1	121503771	121516438	0d0887
3	44029873	44035617	3	45557307	45563025	46039f
2	192072143	192084492	2	80795276	80807867	2e0595
4	82214165	82226647	4	89338466	89350243	5c01a6
1	64064259	64065051	1	66780790	66781582	0d0887
1	116548997	116553394	1	121327655	121332280	0d0887
14	13453037	13483032	15	16370010	16396189	f58b47
14	6490429	6495376	15	6483832	6488475	f58b47
3	186825677	186847069	3	192604108	192630721	46039f
2	152011920	152012820	2	123709541	123710441	2e0595
5	109130339	109133803	5	13328871	13332076	7201a8
2	98247086	98253857	2	186238173	186246286	2e0595
3	147191074	147235651	3	151513902	151559828	46039f
3	1802393	1814558	3	1790304	1813721	46039f
12	17471151	17511633	13	23269620	23331667	e3685f
2	141642582	141656661	2	134555375	134570193	2e0595
17	3069160	3075355	19	8657975	8664359	fdca26
3	197530097	197538082	3	203608724	203615698	46039f
17	9529587	9532221	19	1804271	1807039	fdca26
1	269941830	269943612	1	285939785	285941561	0d0887
1	138347527	138362693	1	144582569	144598408	0d0887
7	6312509	6320160	7	89749660	89757693	9c179e
1	153890669	153908381	1	161687157	161702068	0d0887
8	24570268	24594920	8	25043347	25066283	ad2793
11	8316991	8324157	10	23491305	23497418	d8576b
1	56722420	56723320	1	58920870	58921770	0d0887
1	274508300	274514686	1	290674998	290681311	0d0887
1	169200022	169266649	1	178008809	178088871	0d0887
1	202598687	202599560	1	216999120	216999990	0d0887
2	25533048	25542415	2	260065429	260074584	2e0595
2	18265919	18272655	2	267399346	267405554	2e0595
7	2582891	2595838	7	92829806	92840256	9c179e
1	257144325	257160403	1	272964136	272984786	0d0887
1	102545557	102563787	1	106847085	106864418	0d0887
3	48554490	48555384	3	50148837	50149731	46039f
11	12557737	12561263	10	19441202	19444717	d8576b
8	22606094	22614125	8	22924438	22936890	ad2793
1	98491722	98497212	1	102525061	102530518	0d0887
2	167951333	167972473	2	106777726	106793931	2e0595
1	285003644	285004535	1	301614057	301614948	0d0887
16	11899647	11911538	16	15241781	15252982	fdb42f
3	37424175	37432021	3	38650148	38656912	46039f
19	5461109	5463039	18	5901191	5902971	f0f921
2	8700272	8798173	2	277264979	277285734	2e0595
1	187074360	187083196	1	199995584	200009098	0d0887
4	55036367	55039935	4	59596792	59600330	5c01a6
6	1125099	1153463	6	104865526	104884729	8808a6
14	15080029	15094819	15	18029091	18042066	f58b47
4	38904472	38925812	4	41837624	41856102	5c01a6
1	238839123	238849542	1	254227607	254238169	0d0887
1	194990387	195006042	1	208398003	208411219	0d0887
1	34707649	34708534	1	35525594	35526479	0d0887
2	169697580	169702537	2	104918061	104923005	2e0595
2	18948703	18960143	2	266717078	266731573	2e0595
17	6459442	6471181	19	5576002	5579841	fdca26
1	214918479	214935673	1	229570575	229588686	0d0887
3	94212603	94213455	3	96774962	96775814	46039f
7	29130364	29142922	7	66145825	66157626	9c179e
1	50404155	50409130	1	52075952	52081125	0d0887
1	281347005	281359181	1	297721811	297735543	0d0887
17	8196851	8201116	19	3107786	3111853	fdca26
1	192757757	192769849	1	205934083	205944869	0d0887
1	193436955	193447570	1	206757597	206767742	0d0887
5	69036122	69054615	5	55176944	55201823	7201a8
1	64785259	64796625	1	67505879	67515240	0d0887
4	51164164	51169535	4	55484901	55490196	5c01a6
1	224964945	224989821	1	240059849	240083222	0d0887
2	208938691	209015672	2	63251464	63324739	2e0595
15	13928487	13940701	12	4252484	4264451	fb9f3a
8	76054681	76079630	8	83238217	83257306	ad2793
3	153399497	153416303	3	157750223	157765715	46039f
5	46764623	46772155	5	78885261	78891077	7201a8
3	25732166	25736330	3	26428871	26433104	46039f
2	207650944	207663239	2	64553301	64564157	2e0595
3	63642884	63653336	3	65585677	65595699	46039f
4	119628464	119636862	4	130531618	130540518	5c01a6
3	100068641	100072049	3	101894244	101897622	46039f
2	22475030	22484261	2	263230943	263235667	2e0595
19	224084	224975	18	12952026	12952917	f0f921
13	13758293	13766618	14	5951186	5960833	ed7953
1	71419570	71430767	1	74254869	74266374	0d0887
2	215428801	215442696	2	56548930	56561137	2e0595
1	207170940	207187765	1	221535501	221552254	0d0887
1	283509210	283551242	1	300022598	300066528	0d0887
2	8911911	8936038	2	277132313	277152955	2e0595
19	80743	83638	18	13102233	13105143	f0f921
7	27999693	28012565	7	67368557	67379726	9c179e
5	68350783	68360219	5	56091230	56101151	7201a8
3	61708029	61735276	3	63744839	63773823	46039f
5	50227586	50230754	5	75330712	75337293	7201a8
3	202903178	202906836	3	208703622	208707215	46039f
6	81185630	81224383	6	20696446	20717911	8808a6
5	37380061	37380940	5	88796084	88796963	7201a8
1	226319786	226322115	1	241511726	241513710	0d0887
6	24977235	24983952	6	80416301	80422522	8808a6
1	53801186	53808430	1	55753700	55761066	0d0887
12	9031999	9037567	13	9224568	9230726	e3685f
1	257309801	257322769	1	273122375	273134079	0d0887
12	4397666	4402933	13	13738127	13743353	e3685f
17	4122556	4127757	19	7698765	7703587	fdca26
14	10207303	10219373	15	13313110	13320851	f58b47
18	9348056	9348860	17	531145	531952	f8e125
5	39259869	39270425	5	86747610	86758119	7201a8
6	16886085	16907394	6	89179284	89204355	8808a6
1	131988055	132010362	1	137601014	137620305	0d0887
6	89181616	89188838	6	10288033	10298872	8808a6
1	268348600	268362906	1	284323585	284335812	0d0887
6	12889795	12899786	6	93247575	93260262	8808a6
2	97289388	97323679	2	187208228	187243708	2e0595
1	265268174	265285136	1	281127632	281143974	0d0887
12	10114266	10124525	13	8212270	8220510	e3685f
1	25288528	25293982	1	25536332	25541718	0d0887
1	49401635	49416134	1	50998810	51016263	0d0887
1	150193679	150203047	1	157815198	157818009	0d0887
19	2110888	2113774	18	11168045	11170360	f0f921
1	319558202	319564842	1	337821517	337828250	0d0887
1	26170786	26178960	1	26437288	26445543	0d0887
15	11815975	11822204	12	6311409	6316776	fb9f3a
7	14137997	14149147	7	81931473	81940681	9c179e
8	55327899	55353461	8	59289151	59299065	ad2793
19	4614832	4619523	18	8735228	8740207	f0f921
2	194804017	194977216	2	77809541	78005994	2e0595
16	12251298	12253216	16	15586795	15588692	fdb42f
6	85821213	85832662	6	13924577	13937254	8808a6
1	194892286	194897795	1	208297884	208302822	0d0887
18	8524843	8546272	17	1311236	1333013	f8e125
1	254741484	254742348	1	270507783	270508647	0d0887
4	89849200	89866806	4	98516522	98523811	5c01a6
1	73176751	73186162	1	76047634	76058297	0d0887
11	18850891	18854159	10	4822761	4826738	d8576b
1	165481809	165493405	1	173897671	173916806	0d0887
1	287728898	287731961	1	304456624	304460172	0d0887
3	156906888	156911165	3	161301924	161306771	46039f
15	16678785	16687782	12	1458703	1471041	fb9f3a
5	99744196	99758457	5	22718272	22726095	7201a8
2	207667909	207676090	2	64538680	64548667	2e0595
1	211793548	211799708	1	226283456	226289268	0d0887
2	97826616	97827474	2	186659877	186660735	2e0595
1	92855404	92877105	1	96680092	96704870	0d0887
6	84882667	84893085	6	14951730	14963594	8808a6
1	319354887	319362939	1	337619912	337626970	0d0887
2	89832874	89865248	2	194880287	194919248	2e0595
16	8077546	8082426	16	11503781	11510504	fdb42f
1	261844406	261845264	1	277664387	277694118	0d0887
14	8207536	8217960	15	8142310	8152740	f58b47
1	61673109	61687240	1	64310681	64324653	0d0887
1	88472720	88476126	1	91989303	91992908	0d0887
10	7938831	7949914	11	19861902	19873788	cc4778
2	199317794	199326674	2	73267646	73277584	2e0595
3	68068687	68083691	3	70058967	70070394	46039f
4	58287057	58315955	4	63238953	63262542	5c01a6
1	223400365	223405759	1	238386265	238391558	0d0887
1	69660684	69678740	1	72434816	72456844	0d0887
13	1668403	1675124	14	22153053	22159194	ed7953
2	185787637	185789688	2	87574073	87576129	2e0595
1	295461490	295499022	1	312717876	312751416	0d0887
1	87683757	87697409	1	91127284	91142330	0d0887
1	53171958	53190608	1	55085445	55099790	0d0887
6	59442253	59450323	6	43454809	43464379	8808a6
3	148005459	148007004	3	152295685	152297217	46039f
1	276994812	276998550	1	293111610	293115668	0d0887
3	119046249	119078625	3	122508224	122539088	46039f
7	9014680	9028964	7	87198833	87214341	9c179e
7	80722813	80741705	7	12674060	12696853	9c179e
2	100379433	100393837	2	184038322	184053046	2e0595
2	126799428	126801676	2	152035762	152037964	2e0595
2	15390910	15398178	2	270393927	270400740	2e0595
4	42487466	42503701	4	45741722	45763480	5c01a6
10	5322758	5327764	11	22513555	22520185	cc4778
16	11435811	11438545	16	14771241	14773930	fdb42f
2	76957364	76973634	2	206487300	206509764	2e0595
19	5611251	5613803	18	6050019	6052522	f0f921
14	5035577	5039948	15	5084650	5088530	f58b47
3	103231650	103239597	3	105504143	105510632	46039f
1	31053813	31054665	1	31581875	31582727	0d0887
3	40899701	40932452	3	42281792	42314702	46039f
17	2250934	2255267	19	9203144	9207514	fdca26
11	15157781	15165510	10	16871816	16879777	d8576b
6	76203661	76233911	6	25958571	25993503	8808a6
1	6557554	6567057	1	5816559	5826721	0d0887
19	333186	336380	18	12863072	12866281	f0f921
5	31957318	31967013	5	94440433	94450297	7201a8
3	50472232	50481034	3	52162115	52170840	46039f
8	44083195	44092397	8	46677165	46690791	ad2793
2	100320966	100328681	2	184097110	184104740	2e0595
11	8475153	8481049	10	23340664	23347429	d8576b
7	70475989	70515393	7	23570081	23608938	9c179e
1	8722367	8763204	1	8015688	8026499	0d0887
1	340579600	340589603	1	359236313	359246116	0d0887
3	150231919	150240488	3	154519032	154527839	46039f
1	49090090	49103329	1	50684778	50698048	0d0887
8	44452280	44455259	8	47147301	47149579	ad2793
3	14154856	14165120	3	14621574	14630466	46039f
5	94010238	94015502	5	28707210	28712409	7201a8
2	158393782	158394406	2	116831466	116832090	2e0595
4	53231249	53248016	4	57657710	57676666	5c01a6
3	64534972	64544898	3	66498699	66515721	46039f
6	93898467	93909308	6	5500258	5509002	8808a6
2	12300639	12312436	2	273722527	273739332	2e0595
2	226021126	226089532	2	45268844	45323969	2e0595
2	160856716	160880936	2	114127755	114157959	2e0595
14	16514005	16520638	15	19515389	19523424	f58b47
3	57118807	57147850	3	59040937	59070921	46039f
2	31871776	31875803	2	253478306	253483484	2e0595
14	1445313	1447456	15	594045	596087	f58b47
4	93191241	93198507	4	102120655	102130250	5c01a6
8	75330020	75339231	8	82593514	82605733	ad2793
6	99223327	99226167	6	126451	129387	8808a6
3	35040490	35054858	3	36173875	36189258	46039f
16	12050693	12051503	16	15390463	15391278	fdb42f
15	1460130	1465592	12	25123961	25129584	fb9f3a
3	66233328	66239918	3	68109835	68116641	46039f
4	24446558	24447386	4	25713062	25713890	5c01a6
12	584630	585467	13	17472401	17473238	e3685f
2	159633883	159645863	2	115494075	115503837	2e0595
1	337194032	337216063	1	355923809	355935000	0d0887
5	59054258	59068081	5	66406244	66419831	7201a8
6	23613009	23626822	6	81902884	81916226	8808a6
6	36192078	36196198	6	68340915	68344980	8808a6
14	1242175	1244960	15	798568	801326	f58b47
2	32241488	32245485	2	253097131	253107055	2e0595
7	47659691	47660504	7	44601873	44602686	9c179e
10	16001659	16012408	11	11654973	11666037	cc4778
6	62301339	62307337	6	40540163	40547511	8808a6
10	10428399	10430480	11	17290511	17292587	cc4778
17	10734880	10738314	19	615811	619155	fdca26
8	49368224	49373582	8	52605403	52616040	ad2793
3	13144627	13145497	3	13619412	13620276	46039f
5	1412073	1450046	5	126195711	126232546	7201a8
7	72249386	72250202	7	21767038	21767854	9c179e
7	38550743	38583893	7	55769025	55797662	9c179e
15	15693886	15712644	12	2429775	2447364	fb9f3a
4	32331641	32332445	4	34479629	34480433	5c01a6
3	202734335	202740733	3	208523547	208528340	46039f
3	10482896	10497758	3	9851175	9866517	46039f
19	361721	365011	18	12834330	12837625	f0f921
8	38029180	38036778	8	40107152	40114222	ad2793
14	9733441	9756565	15	12909535	12923233	f58b47
2	18508678	18515240	2	267155525	267163842	2e0595
14	9620754	9621606	15	9496748	9497600	f58b47
3	16072733	16094258	3	16594609	16613506	46039f
3	199171788	199190098	3	205171454	205185042	46039f
6	70311337	70318933	6	32100163	32109848	8808a6
1	115679516	115686260	1	120324906	120335718	0d0887
8	76349326	76357359	8	83525692	83532108	ad2793
3	51125888	51133530	3	52740337	52748296	46039f
1	237365545	237396932	1	252648924	252681995	0d0887
1	317159486	317191045	1	335447383	335487315	0d0887
2	216252706	216260225	2	55661134	55667379	2e0595
6	95282177	95307831	6	4051927	4073417	8808a6
4	33981601	33986652	4	36280326	36285592	5c01a6
2	129567894	129585846	2	148981369	148998156	2e0595
13	711571	713925	14	21221924	21224262	ed7953
3	49527192	49538011	3	51216720	51228467	46039f
6	72847179	72848007	6	29365102	29365942	8808a6
6	44858433	44861567	6	59037582	59043814	8808a6
17	2125357	2140485	19	9305689	9319381	fdca26
2	163305303	163390545	2	111471044	111563534	2e0595
14	4831418	4833734	15	4889883	4892129	f58b47
2	150997574	150999717	2	124713193	124716036	2e0595
17	10369657	10373524	19	976066	979942	fdca26
8	78955207	78961560	8	85974478	85980686	ad2793
3	167342435	167371330	3	172313068	172342000	46039f
1	142118263	142124614	1	148728117	148734450	0d0887
6	1266697	1270821	6	104648966	104653162	8808a6
1	178268392	178271854	1	191636779	191640397	0d0887
2	240869385	240875968	2	29510881	29517973	2e0595
3	187292758	187301915	3	193105864	193115125	46039f
11	219179	231491	10	30068148	30076980	d8576b
2	106016739	106030166	2	176152839	176197253	2e0595
1	22908179	22909007	1	22962849	22963677	0d0887
3	122826208	122862881	3	126363028	126395078	46039f
1	178424222	178427669	1	191770899	191774267	0d0887
1	34766406	34770451	1	35591741	35594536	0d0887
6	23681373	23700502	6	81831385	81850762	8808a6
8	62417900	62472583	8	69761423	69814929	ad2793
4	21969591	21973580	4	23015075	23019013	5c01a6
3	40179286	40181999	3	41584756	41587418	46039f
4	6363320	6372653	4	5727455	5736139	5c01a6
12	301006	304935	13	17753140	17757084	e3685f
1	318090156	318098825	1	336406915	336416246	0d0887
2	241466255	241487402	2	29010289	29028486	2e0595
6	31572528	31576764	6	73277245	73281114	8808a6
1	104368096	104398614	1	108770640	108802811	0d0887
6	22510653	22555382	6	82990530	83036970	8808a6
6	3222482	3242582	6	102818293	102830119	8808a6
10	11136651	11144432	11	16508278	16516663	cc4778
8	67442160	67451290	8	75069455	75080699	ad2793
3	120330781	120334766	3	123817604	123822623	46039f
1	52533412	52596679	1	54394749	54464227	0d0887
8	8114356	8121267	8	7753817	7754573	ad2793
1	36032237	36037826	1	36931546	36937146	0d0887
7	17486564	17492128	7	78408992	78414735	9c179e
6	61226730	61364743	6	41495148	41625972	8808a6
3	62847104	62877785	3	64800657	64831536	46039f
3	61952450	61953263	3	63880996	63881809	46039f
1	208667373	208682150	1	223048218	223059189	0d0887
2	236974860	236997731	2	33764911	33785025	2e0595
1	104618577	104628266	1	109026694	109036700	0d0887
2	200143860	200150933	2	72415691	72426628	2e0595
5	32052606	32066785	5	94333376	94350892	7201a8
15	14089309	14093707	12	4095295	4100333	fb9f3a
1	226188701	226221860	1	241382867	241417666	0d0887
4	76943826	77008791	4	83894491	83973111	5c01a6
1	251522801	251568642	1	267263491	267301847	0d0887
7	17494320	17512618	7	78387951	78406889	9c179e
2	3300991	3310946	2	282872419	282884216	2e0595
1	313470792	313482485	1	331732281	331742069	0d0887
8	22657135	22679235	8	22987424	23010372	ad2793
3	67298402	67306292	3	69251604	69261024	46039f
5	40947318	40952515	5	84907903	84910667	7201a8
17	9475873	9481164	19	1854508	1859737	fdca26
15	6148725	6154184	12	20592862	20597992	fb9f3a
3	15994668	16001382	3	16511214	16520822	46039f
2	195304687	195315620	2	77445585	77455398	2e0595
2	97037993	97059033	2	187464919	187491058	2e0595
3	47595947	47598342	3	49138671	49141049	46039f
6	62277019	62295533	6	40553369	40574602	8808a6
1	277972325	277974700	1	294101691	294104103	0d0887
2	191498295	191507330	2	81386608	81395190	2e0595
3	28762959	28770011	3	29488834	29495899	46039f
13	10271083	10271890	14	13425635	13426442	ed7953
4	5930537	5963779	4	5221453	5282193	5c01a6
13	7419475	7426028	14	16217086	16222770	ed7953
8	22254053	22313554	8	22522533	22573509	ad2793
5	31367810	31375888	5	95115609	95123694	7201a8
1	11781105	11799406	1	11245137	11262563	0d0887
8	76701902	76710293	8	83835303	83840030	ad2793
6	71016541	71034314	6	31340326	31363211	8808a6
1	249458028	249487122	1	265186741	265221175	0d0887
1	81063247	81067862	1	84326360	84334860	0d0887
4	98708621	98710938	4	108405769	108408041	5c01a6
6	68040762	68163630	6	34452103	34587305	8808a6
17	2149170	2166597	19	9279236	9296980	fdca26
2	184933753	184935532	2	88503727	88505539	2e0595
2	190589678	190624297	2	82250421	82279319	2e0595
2	160127119	160132411	2	114967838	114974806	2e0595
3	37908290	37915933	3	39199767	39208045	46039f
8	11144088	11160918	8	10810598	10829230	ad2793
17	10015948	10017796	19	1018165	1020011	fdca26
1	27115016	27122130	1	27465502	27473009	0d0887
7	50864174	50903716	7	41308820	41328595	9c179e
3	168519057	168536899	3	173550793	173561287	46039f
16	1377895	1380509	16	2106273	2110394	fdb42f
1	80525011	80542438	1	83778983	83798945	0d0887
15	3493631	3499096	12	23149442	23153570	fb9f3a
17	9847119	9849507	19	1497869	1499926	fdca26
8	49302252	49328278	8	52517421	52543428	ad2793
7	26101433	26103857	7	69420775	69423190	9c179e
12	17319478	17339336	13	23491358	23511114	e3685f
4	69913924	69954851	4	76145866	76208561	5c01a6
17	11032907	11033699	19	316198	316996	fdca26
16	9386969	9391256	16	12758972	12763502	fdb42f
14	7060443	7065364	15	7025924	7031255	f58b47
2	226101434	226102199	2	45255542	45256307	2e0595
4	9780398	9782105	4	9295104	9296822	5c01a6
2	84049990	84050728	2	200546483	200547221	2e0595
2	129532754	129538076	2	149034565	149040267	2e0595
5	5487818	5492862	5	122440014	122446200	7201a8
3	32830483	32848615	3	33882274	33899720	46039f
1	255366356	255393761	1	271159445	271184772	0d0887
4	82101492	82110494	4	89206604	89212962	5c01a6
5	99301871	99307606	5	23193701	23199180	7201a8
3	28420127	28431937	3	29150959	29161225	46039f
1	74651681	74686215	1	77671290	77704938	0d0887
1	25794889	25809798	1	26029705	26043162	0d0887
16	11042279	11043038	16	14379662	14380418	fdb42f
2	33727580	33737460	2	251589840	251600452	2e0595
10	6283376	6296776	11	21547248	21558156	cc4778
1	51596797	51605799	1	53338593	53348921	0d0887
8	44525644	44526313	8	47223140	47223809	ad2793
3	159044633	159045422	3	163484577	163485366	46039f
6	4179096	4198833	6	101955913	101968486	8808a6
2	51317079	51328272	2	232595793	232605996	2e0595
2	128176973	128183577	2	150447458	150454288	2e0595
8	11096794	11104635	8	10765351	10771351	ad2793
13	2705636	2710424	14	23164393	23169317	ed7953
5	20647869	20648658	5	106623871	106624660	7201a8
13	1479235	1490881	14	21960709	21969514	ed7953
3	200799305	200819571	3	206823399	206843076	46039f
8	38837171	38864901	8	41019805	41049339	ad2793
10	7618070	7660576	11	20146368	20187303	cc4778
4	78031489	78037150	4	84984689	84987654	5c01a6
1	239572300	239583146	1	254964340	254975123	0d0887
13	7564835	7570230	14	16077127	16082903	ed7953
1	152880150	152901618	1	160585253	160607589	0d0887
5	419600	425789	5	127350627	127357142	7201a8
1	292770892	292785058	1	309837468	309849200	0d0887
6	71967399	71983249	6	30313749	30330992	8808a6
3	120613146	120624580	3	124091419	124102678	46039f
16	7151948	7156727	16	10592546	10597109	fdb42f
1	126232140	126237010	1	131571453	131581696	0d0887
3	63537420	63545510	3	65476633	65485911	46039f
17	8207204	8210759	19	3098281	3101823	fdca26
2	127968619	127974571	2	150667155	150672527	2e0595
3	27289407	27310453	3	27993896	28016037	46039f
10	9013538	9016333	11	18785951	18788777	cc4778
5	86165063	86167974	5	37001679	37004612	7201a8
5	36370568	36376605	5	89879628	89884476	7201a8
6	98662098	98666984	6	676110	681248	8808a6
7	64066882	64121463	7	27701868	27763660	9c179e
19	154746	155935	18	13026226	13027404	f0f921
3	173517467	173524569	3	178742897	178750921	46039f
2	199947706	199959287	2	72619451	72630216	2e0595
8	19664213	19682718	8	19696805	19717641	ad2793
15	13736575	13744051	12	4443344	4450474	fb9f3a
14	15795426	15799596	15	18780670	18784871	f58b47
17	9955066	9958290	19	1390193	1393812	fdca26
3	50648363	50656778	3	52339754	52348044	46039f
2	247707900	247720483	2	23066154	23078772	2e0595
18	9668407	9674040	17	203593	209174	f8e125
1	191921613	191929563	1	205061598	205069197	0d0887
19	2994619	3004044	18	10287281	10297445	f0f921
5	56422293	56427023	5	69125610	69130128	7201a8
2	21461974	21467661	2	264281349	264286977	2e0595
1	195844793	195856504	1	209817024	209828628	0d0887
5	26719362	26736431	5	100135535	100164496	7201a8
4	91750572	91751352	4	100555953	100556733	5c01a6
1	199863926	199867354	1	213953627	213957807	0d0887
1	68487294	68496616	1	71284294	71300905	0d0887
3	28658183	28675400	3	29389739	29404361	46039f
17	10505894	10510309	19	839045	843558	fdca26
1	16134541	16150103	1	15853493	15868178	0d0887
2	2377968	2392987	2	283725170	283741014	2e0595
19	855269	856461	18	12352871	12354056	f0f921
19	7196561	7200345	18	4991702	4996901	f0f921
16	11350294	11353897	16	14687158	14690774	fdb42f
2	203325022	203331644	2	69121862	69129553	2e0595
3	32382143	32399501	3	33431303	33449586	46039f
1	323520687	323523204	1	341987963	341991009	0d0887
7	14011553	14021577	7	82061947	82079188	9c179e
4	47009866	47010640	4	50859147	50859921	5c01a6
8	38599633	38603721	8	40742401	40746470	ad2793
8	78419544	78426717	8	85434533	85441284	ad2793
1	27662686	27666939	1	28049697	28054012	0d0887
14	13373083	13375836	15	16298030	16299827	f58b47
10	4637058	4637811	11	23190753	23191506	cc4778
13	10296015	10301671	14	13396817	13402080	ed7953
2	34372735	34379845	2	251050043	251055586	2e0595
5	120842534	120843314	5	1887661	1890753	7201a8
4	98808814	98819920	4	108520860	108531915	5c01a6
12	1737246	1743880	13	16337782	16343878	e3685f
7	33508222	33508735	7	61492808	61493321	9c179e
8	62976284	62987406	8	70355741	70368028	ad2793
3	35936966	35943526	3	37168109	37175826	46039f
1	96290330	96296583	1	100388153	100394943	0d0887
4	131327812	131337848	4	142466064	142477717	5c01a6
3	147656426	147661498	3	151962636	151974276	46039f
5	96993879	96999990	5	25550845	25557378	7201a8
2	747341	757961	2	285301474	285313124	2e0595
3	88131677	88144999	3	90799026	90814383	46039f
2	92024807	92031833	2	192670138	192678183	2e0595
2	97611829	97612606	2	186852448	186853225	2e0595
1	276527981	276543718	1	292700510	292711181	0d0887
6	38481516	38485403	6	65982231	65986130	8808a6
19	2864200	2868137	18	10425437	10429891	f0f921
15	4758677	4765434	12	21934455	21941132	fb9f3a
1	291903114	291917870	1	308863095	308886191	0d0887
4	83226179	83233981	4	90337076	90345362	5c01a6
1	276900305	276901073	1	293002540	293003308	0d0887
3	163289993	163296818	3	167944517	167951682	46039f
8	23446127	23452768	8	23858021	23864406	ad2793
2	181240681	181249336	2	92451477	92457730	2e0595
1	18691347	18700150	1	18396464	18404677	0d0887
13	11081951	11089776	14	12605638	12614601	ed7953
1	246918795	246942915	1	262529479	262550308	0d0887
5	30400036	30407851	5	96234336	96242064	7201a8
7	70741667	70744028	7	23321363	23323590	9c179e
3	172890251	172896884	3	178118471	178124725	46039f
3	150548369	150552248	3	154842065	154846004	46039f
7	19486662	19520378	7	76484360	76502169	9c179e
1	324259902	324269439	1	342795932	342804740	0d0887
4	29177610	29185843	4	30976186	30988133	5c01a6
2	8799761	8812996	2	277252937	277263438	2e0595
3	42043216	42059794	3	43503623	43511808	46039f
3	147023874	147039666	3	151347597	151366582	46039f
7	24466378	24472728	7	71194281	71200664	9c179e
14	5233574	5238663	15	5277702	5283208	f58b47
2	73754069	73755520	2	209779261	209780728	2e0595
1	104104595	104124960	1	108482536	108512632	0d0887
5	41018979	41024704	5	84815091	84820502	7201a8
1	18305097	18310616	1	18015688	18021329	0d0887
1	179472307	179557235	1	192699782	192761085	0d0887
3	64216301	64232809	3	66170730	66188696	46039f
16	11642444	11644982	16	14990324	14992860	fdb42f
5	119964889	119977752	5	2653651	2667257	7201a8
1	269236436	269238997	1	285216597	285219380	0d0887
1	292690304	292712093	1	309739803	309762240	0d0887
1	33172154	33186649	1	33888269	33903342	0d0887
11	5248668	5267255	10	26548233	26565559	d8576b
3	178919263	178948745	3	184504750	184530230	46039f
3	147063390	147064919	3	151384397	151385931	46039f
2	90311999	90326213	2	194414711	194428862	2e0595
6	40515661	40524632	6	63554776	63563239	8808a6
3	191812422	191821978	3	197948653	197959306	46039f
1	336576769	336588187	1	355317383	355335223	0d0887
10	6918159	6935391	11	20903239	20919254	cc4778
2	191808132	191821247	2	81082759	81092655	2e0595
11	320756	323927	10	30162788	30215646	d8576b
2	76065372	76069847	2	207328739	207333199	2e0595
3	25364648	25365395	3	26073196	26073943	46039f
2	177513342	177532222	2	96388656	96405192	2e0595
5	16493132	16551046	5	110823251	110876587	7201a8
1	89992833	90005669	1	93578381	93594445	0d0887
3	30225208	30228152	3	30992417	30995518	46039f
18	7048308	7051747	17	2803346	2807112	f8e125
1	102033226	102045079	1	106284718	106299127	0d0887
16	1384889	1392249	16	2114665	2121579	fdb42f
7	21861268	21866449	7	73940431	73945740	9c179e
1	67819677	67827706	1	70660177	70668351	0d0887
12	1730096	1740888	13	16342790	16350918	e3685f
3	92470809	92492839	3	95244399	95260081	46039f
3	61934861	61946767	3	63864556	63875398	46039f
17	4423788	4428916	19	7432435	7437086	fdca26
2	100664161	100669765	2	183734062	183739735	2e0595
2	180411887	180417725	2	93336140	93342924	2e0595
5	122487215	122506047	5	393112	411755	7201a8
14	5441897	5444492	15	5490494	5492805	f58b47
3	197178831	197205346	3	203266581	203296664	46039f
1	331334723	331346378	1	350017737	350024260	0d0887
10	6509375	6514097	11	21328571	21333404	cc4778
1	31008833	31009577	1	31525724	31526468	0d0887
6	4998962	5025052	6	101139236	101161393	8808a6
5	18092663	18108022	5	109164162	109181886	7201a8
8	68755661	68760650	8	76490725	76495909	ad2793
1	87289048	87289786	1	90704708	90705446	0d0887
2	131330801	131338909	2	146608830	146616882	2e0595
3	62156572	62157310	3	64098675	64099413	46039f
11	2942685	2952434	10	28592252	28599172	d8576b
3	29681367	29684479	3	30439672	30444560	46039f
6	57457845	57489327	6	45511664	45546151	8808a6
1	322475354	322480233	1	340806953	340811794	0d0887
5	87232760	87249097	5	35904023	35915426	7201a8
1	178307659	178319494	1	191665109	191676847	0d0887
7	33225792	33226469	7	61753027	61753726	9c179e
1	80456980	80480485	1	83714055	83728090	0d0887
11	8840002	8845704	10	23016347	23020855	d8576b
14	327515	331421	15	1721810	1725673	f58b47
18	7919843	7925107	17	1935061	1940208	f8e125
4	23141536	23142271	4	24333664	24334399	5c01a6
1	207245286	207253447	1	221605444	221613934	0d0887
2	18501506	18505536	2	267167395	267171283	2e0595
3	100512890	100519898	3	102346388	102352915	46039f
1	279153707	279160029	1	295364212	295373221	0d0887
2	216284890	216292693	2	55622044	55628937	2e0595
4	36102970	36111085	4	38662675	38670674	5c01a6
2	149346299	149351211	2	126207654	126220072	2e0595
8	77252959	77253589	8	84348061	84348691	ad2793
5	20794147	20798629	5	106464761	106470409	7201a8
5	13434865	13437159	5	114321397	114323823	7201a8
17	10147267	10149575	19	1151757	1154029	fdca26
7	55042979	55085689	7	37689638	37733821	9c179e
12	157890	159264	13	17897997	17899354	e3685f
1	139229602	139242245	1	145555585	145568218	0d0887
3	166916586	166917306	3	171755030	171755750	46039f
1	300006988	300012757	1	317710380	317716094	0d0887
5	51274813	51285179	5	74209635	74217178	7201a8
5	29311547	29342158	5	97330428	97366613	7201a8
14	387112	388605	15	1666646	1668124	f58b47
1	280489106	280524600	1	296828033	296877762	0d0887
2	105008369	105033742	2	178100095	178129994	2e0595
14	2316993	2319943	15	2447407	2450344	f58b47
19	3364951	3369142	18	9931854	9935994	f0f921
6	49159811	49172164	6	54512123	54526898	8808a6
6	57198996	57222766	6	45824790	45847485	8808a6
3	104457457	104466397	3	106919234	106927757	46039f
1	284082576	284089228	1	300637239	300643888	0d0887
6	42661157	42663899	6	61311962	61314526	8808a6
4	51950937	51984709	4	56293693	56332462	5c01a6
7	51229128	51271509	7	40895707	40946280	9c179e
3	183179571	183189550	3	188980750	188990339	46039f
14	16041545	16065113	15	19032527	19045577	f58b47
1	51085563	51098424	1	52798936	52819022	0d0887
1	149261527	149262250	1	156258531	156259254	0d0887
5	9685378	9689614	5	118219907	118224142	7201a8
4	91346138	91360617	4	100112079	100122452	5c01a6
6	24987950	25001538	6	80392278	80402808	8808a6
5	30819616	30826776	5	95791132	95798385	7201a8
1	12266487	12282527	1	11859235	11863983	0d0887
2	195539	196259	2	285886961	285887681	2e0595
1	94914839	94941081	1	98969657	98996430	0d0887
1	69922636	69927827	1	72693003	72696517	0d0887
1	63936136	63942006	1	66641763	66648149	0d0887
14	15051660	15057318	15	17999539	18006841	f58b47
5	13227899	13233721	5	114516594	114522961	7201a8
11	22658948	22660578	10	963268	964928	d8576b
14	13701195	13701837	15	16630027	16632546	f58b47
11	17589335	17594438	10	6092749	6098051	d8576b
2	182204474	182214344	2	91441964	91453006	2e0595
14	3806376	3810458	15	3911738	3915849	f58b47
15	7433967	7438643	12	19336761	19341080	fb9f3a
4	29877062	29882229	4	31755698	31760350	5c01a6
1	117197797	117208471	1	122009186	122019503	0d0887
13	8616442	8619434	14	15056092	15059111	ed7953
6	51923820	51931579	6	51498371	51506945	8808a6
2	84998724	85002095	2	199715957	199719333	2e0595
2	105840084	105856932	2	176548462	176600911	2e0595
1	65717172	65721586	1	68465039	68476132	0d0887
3	188400294	188407827	3	194297311	194304625	46039f
4	81125543	81126182	4	88259925	88260564	5c01a6
8	69338074	69344254	8	76730968	76737239	ad2793
1	99111041	99113958	1	103152734	103155272	0d0887
8	52249197	52273735	8	55917727	55953209	ad2793
1	216326628	216336173	1	231033972	231043822	0d0887
13	8721370	8722081	14	14953948	14954659	ed7953
3	25478344	25483648	3	26191016	26196272	46039f
3	200126125	200131413	3	206192111	206198746	46039f
14	1478287	1480312	15	562411	564685	f58b47
16	11925471	11928140	16	15266697	15269411	fdb42f
12	18418858	18423955	13	22258535	22264289	e3685f
3	152419510	152423207	3	156726721	156730842	46039f
8	69408206	69421057	8	76798331	76851722	ad2793
3	146512858	146526210	3	150807324	150820648	46039f
2	103844406	103866151	2	179653900	179679168	2e0595
5	53027669	53028374	5	72363178	72363883	7201a8
12	3569181	3574819	13	14542725	14548322	e3685f
6	12960884	12993324	6	93149479	93191694	8808a6
14	8710333	8715082	15	8614076	8617792	f58b47
4	85811429	85828384	4	93260184	93289292	5c01a6
2	134135503	134136160	2	143374937	143375594	2e0595
12	497000	497879	13	17561589	17562468	e3685f
15	14125645	14132312	12	4058187	4063369	fb9f3a
2	197177592	197190918	2	75577103	75585073	2e0595
3	110415462	110432302	3	113417023	113430659	46039f
15	902349	905505	12	25691145	25694233	fb9f3a
2	134571607	134587889	2	142879394	142897578	2e0595
10	16031542	16036249	11	11633269	11638190	cc4778
15	1010527	1013672	12	25584885	25588039	fb9f3a
8	11129158	11138353	8	10796944	10804860	ad2793
13	18267143	18331559	14	1440844	1442997	ed7953
5	69536191	69586943	5	54597031	54656649	7201a8
5	88692701	88708053	5	34320980	34335929	7201a8
4	96607021	96611629	4	106053829	106065817	5c01a6
8	37570576	37584179	8	39616818	39629951	ad2793
1	104440976	104446146	1	108853521	108858652	0d0887
2	209734113	209744781	2	62498257	62509772	2e0595
7	5187243	5188310	7	90835434	90837055	9c179e
1	100921256	100928467	1	105053952	105061310	0d0887
8	54811734	54812379	8	58764328	58764973	ad2793
1	205764075	205768391	1	220062664	220066696	0d0887
1	75268083	75285794	1	78333126	78354224	0d0887
10	6393568	6410029	11	21432926	21449184	cc4778
19	7191943	7227968	18	4997209	4999697	f0f921
1	31741757	31750166	1	32268467	32276822	0d0887
5	32415328	32418633	5	93984305	93989208	7201a8
11	1020650	1027644	10	30850765	30857925	d8576b
5	59968952	59970169	5	65393384	65395564	7201a8
6	40905813	40911000	6	63138849	63144053	8808a6
3	119978668	119983476	3	123466703	123472654	46039f
3	147105442	147109622	3	151428944	151433168	46039f
3	45553782	45577076	3	47159447	47179347	46039f
12	163559	164234	13	17892982	17893660	e3685f
5	16258378	16283585	5	111093123	111120427	7201a8
3	30547002	30555281	3	31484024	31492415	46039f
1	93942873	93949163	1	97848464	97856867	0d0887
3	199864182	199919825	3	205926365	205984181	46039f
5	13685211	13704781	5	114108554	114124029	7201a8
2	195055021	195055711	2	77696917	77697607	2e0595
3	59537065	59553351	3	61445787	61462224	46039f
14	16369146	16391466	15	19346813	19373857	f58b47
4	2795099	2802582	4	2557749	2565481	5c01a6
3	142422610	142430719	3	146523714	146532600	46039f
11	3239511	3300787	10	28294099	28352448	d8576b
16	12841718	12843326	16	16156029	16157608	fdb42f
3	49426346	49439463	3	51086182	51117272	46039f
8	75815269	75827986	8	83032814	83042356	ad2793
7	31165169	31170919	7	63923379	63929272	9c179e
3	126932515	126951797	3	130620229	130642902	46039f
1	270290847	270302642	1	286302502	286320979	0d0887
5	59571175	59594761	5	65819463	65849932	7201a8
11	10452585	10454415	10	21489360	21491150	d8576b
4	87824927	87833354	4	95652985	95663060	5c01a6
6	40969049	40973392	6	63085595	63090014	8808a6
3	60372043	60381837	3	62336534	62346760	46039f
1	69969412	69980037	1	72734417	72744804	0d0887
1	199439305	199452790	1	213496245	213509068	0d0887
3	150505749	150506418	3	154800202	154800871	46039f
11	22448612	22451129	10	1188942	1191479	d8576b
1	148764468	148776398	1	155752589	155763309	0d0887
11	20370448	20375915	10	3252362	3253646	d8576b
15	8171234	8177467	12	18619463	18626488	fb9f3a
13	5066412	5070426	14	18555040	18560810	ed7953
3	23483458	23492224	3	24110726	24120407	46039f
1	1555380	1560605	1	2346299	2349472	0d0887
5	31740701	31752830	5	94698737	94710618	7201a8
2	230507557	230593904	2	40428536	40503639	2e0595
1	227684312	227684963	1	242839093	242839759	0d0887
6	26827192	26839895	6	78435066	78447731	8808a6
6	63687037	63694191	6	39167111	39177783	8808a6
13	2633208	2641374	14	23092644	23100019	ed7953
13	17025722	17032591	14	2737540	2744820	ed7953
3	105389507	105419792	3	107940595	107977954	46039f
2	195323663	195327891	2	77433600	77436930	2e0595
4	13832853	13836668	4	13847242	13851034	5c01a6
7	41317539	41322158	7	52468975	52472971	9c179e
1	243228894	243234314	1	258826976	258830901	0d0887
12	11361865	11365399	13	7039300	7042750	e3685f
14	7377559	7399236	15	7328448	7351900	f58b47
2	176023651	176029320	2	98118157	98124466	2e0595
7	14464643	14475292	7	81582200	81591121	9c179e
11	20456183	20459427	10	3168454	3172017	d8576b
6	23639699	23648508	6	81881526	81890288	8808a6
1	319300526	319309361	1	337575070	337583940	0d0887
6	36609536	36614202	6	67919471	67924531	8808a6
1	116356323	116377862	1	121132443	121153373	0d0887
6	49100059	49103870	6	54578314	54580093	8808a6
15	6877981	6882286	12	19873855	19877291	fb9f3a
7	74443948	74450668	7	19335758	19344600	9c179e
3	193845767	193849200	3	199983490	199987913	46039f
17	3752583	3779174	19	8013206	8035961	fdca26
6	186136	188124	6	105851711	105853677	8808a6
4	87586630	87587689	4	95363943	95365000	5c01a6
15	16426883	16429018	12	1714362	1716186	fb9f3a
6	30118608	30119343	6	74791812	74792547	8808a6
4	77673821	77764181	4	84704776	84768881	5c01a6
4	40135286	40158527	4	43183570	43204825	5c01a6
16	8445098	8449619	16	11815800	11820314	fdb42f
17	10783014	10785145	19	568913	571062	fdca26
16	11776449	11778594	16	15121561	15123691	fdb42f
3	86273216	86277271	3	88894441	88897999	46039f
4	123759470	123773233	4	134850797	134863660	5c01a6
7	91879097	91909625	7	1897629	1924095	9c179e
16	13068473	13069415	16	16379649	16388374	fdb42f
5	67306286	67355624	5	57438236	57450288	7201a8
4	98496765	98503296	4	108170284	108177279	5c01a6
8	55892387	56072923	8	60245223	60448577	ad2793
1	340613237	340615678	1	359260665	359263054	0d0887
6	8820396	8824699	6	97511946	97516709	8808a6
16	10500906	10504677	16	13844536	13848854	fdb42f
3	88359509	88366204	3	91040774	91047486	46039f
1	207270472	207277559	1	221629882	221639082	0d0887
6	89667964	89676713	6	9805537	9814034	8808a6
1	180699246	180716990	1	193783826	193794399	0d0887
1	216317714	216319044	1	231026070	231027394	0d0887
2	34004911	34008932	2	251389090	251393094	2e0595
4	61503512	61504974	4	66648750	66650213	5c01a6
7	17310802	17324398	7	78601935	78615121	9c179e
1	64130014	64137006	1	66845168	66852478	0d0887
3	153734284	153742180	3	158106800	158115239	46039f
13	8712093	8714153	14	14961443	14963500	ed7953
2	163988528	163989209	2	110877562	110878243	2e0595
5	98232132	98232597	5	24244052	24244517	7201a8
1	153883459	153889403	1	161680509	161685789	0d0887
1	65531945	65548530	1	68283705	68298958	0d0887
1	302176729	302182645	1	320020097	320027138	0d0887
1	122949515	122962462	1	128083694	128099601	0d0887
5	64843885	64851100	5	60023059	60030670	7201a8
7	22848039	22854945	7	72905595	72913418	9c179e
1	373899	377571	1	417295	421304	0d0887
7	29066180	29080756	7	66222734	66244691	9c179e
6	44188021	44209152	6	59691822	59710174	8808a6
4	60681732	60695113	4	65699439	65716985	5c01a6
3	28872364	28897209	3	29592375	29617273	46039f
1	300929692	300937390	1	318671874	318678781	0d0887
17	3468	28393	19	11044480	11061139	fdca26
15	15313755	15316006	12	2863971	2866220	fb9f3a
3	79437325	79460674	3	81598899	81631590	46039f
1	208689948	208697562	1	223066894	223073656	0d0887
2	76704248	76718060	2	206736860	206749652	2e0595
1	298523514	298544047	1	316088895	316112476	0d0887
7	5539862	5556215	7	90482507	90494562	9c179e
1	71157221	71164959	1	73964386	73972723	0d0887
12	9503000	9507645	13	8786024	8791028	e3685f
17	4270974	4279616	19	7558091	7565626	fdca26
2	19652649	19662226	2	266016782	266026306	2e0595
1	183620600	183630740	1	196522953	196525832	0d0887
6	58548555	58625877	6	44298869	44386323	8808a6
1	289446176	289450516	1	306224508	306227712	0d0887
16	5126817	5130460	16	8599015	8602640	fdb42f
6	60094046	60098006	6	42809131	42813790	8808a6
1	10772773	10785542	1	10185260	10200244	0d0887
4	86699799	86705099	4	94290315	94303386	5c01a6
2	155184353	155236173	2	120241851	120293820	2e0595
2	198914125	198917228	2	73695438	73698770	2e0595
4	20587268	20589924	4	21432906	21435528	5c01a6
8	22054936	22056332	8	22290014	22291366	ad2793
7	58360986	58388411	7	34050514	34073003	9c179e
6	53094814	53232352	6	50032590	50291749	8808a6
1	211244265	211262636	1	225653505	225682694	0d0887
4	88429057	88442522	4	96875695	96887899	5c01a6
1	96183401	96190216	1	100278794	100284632	0d0887
7	80970608	80998761	7	12421490	12453527	9c179e
11	10454717	10459376	10	21484886	21489073	d8576b
8	2607522	2613758	8	2576222	2581268	ad2793
1	292759061	292767239	1	309824499	309833545	0d0887
7	13691892	13695517	7	82412413	82415664	9c179e
1	48896629	48911911	1	50486120	50503073	0d0887
6	12647375	12654676	6	93506787	93513126	8808a6
11	18159149	18185362	10	5527130	5541585	d8576b
1	190080565	190082706	1	203116202	203118232	0d0887
2	21856531	21863415	2	263902675	263909449	2e0595
10	93483	105631	11	27637242	27648729	cc4778
5	92451926	92466680	5	30331618	30349452	7201a8
6	70948738	70954713	6	31421126	31428578	8808a6
8	62399927	62411446	8	69744772	69756801	ad2793
1	261554129	261560281	1	277490597	277496702	0d0887
2	159507744	159508374	2	115624181	115624811	2e0595
16	8862864	8867015	16	12214505	12218303	fdb42f
16	8747996	8761696	16	12107279	12121568	fdb42f
16	12168178	12170042	16	15502276	15504125	fdb42f
3	166763976	166815126	3	171590940	171655121	46039f
1	193529368	193595726	1	206850768	206919154	0d0887
6	38152316	38174546	6	66241435	66265347	8808a6
3	20381191	20392822	3	20997259	21009433	46039f
3	126976863	126978751	3	130665152	130667039	46039f
2	155146105	155149897	2	120331321	120335171	2e0595
1	149325196	149332024	1	156302070	156308961	0d0887
1	48869365	48872563	1	50458955	50461901	0d0887
1	311964523	311971635	1	330199120	330206963	0d0887
4	100695135	100698589	4	110611908	110615358	5c01a6
15	11002502	11003138	12	15857433	15858069	fb9f3a
7	20657072	20660694	7	75275276	75278989	9c179e
5	10376409	10409750	5	117459886	117489702	7201a8
6	19556540	19574147	6	86399268	86413620	8808a6
4	4598152	4608126	4	3807746	3818826	5c01a6
2	24838046	24843015	2	260802984	260807593	2e0595
12	10890271	10910985	13	7468727	7490680	e3685f
3	171749336	171753625	3	176887973	176892569	46039f
5	13190977	13194495	5	114554239	114557661	7201a8
2	188317565	188322880	2	84798432	84805208	2e0595
14	557385	557991	15	1491798	1492404	f58b47
14	16128136	16134458	15	19110391	19119148	f58b47
11	13200153	13211874	10	18813047	18825916	d8576b
1	192793004	192797407	1	205967540	205971799	0d0887
10	1580773	1586475	11	26130951	26135343	cc4778
1	167342601	167349240	1	175925485	175928503	0d0887
19	7595033	7604135	18	4586646	4594328	f0f921
1	323826794	323841896	1	342337951	342361840	0d0887
12	4499014	4502746	13	13640617	13644380	e3685f
2	64671214	64685424	2	218946828	218964090	2e0595
8	75025323	75032966	8	82315320	82322164	ad2793
1	46892089	46892662	1	48350336	48350909	0d0887
2	16634066	16645688	2	269114683	269125721	2e0595
3	155884611	155888417	3	160302532	160306183	46039f
6	61511096	61517538	6	41341779	41346699	8808a6
1	322447973	322448585	1	340780651	340781263	0d0887
10	15982980	15983598	11	11681968	11682586	cc4778
7	31683448	31698236	7	63358340	63366303	9c179e
8	38562587	38570043	8	40711064	40719258	ad2793
2	154320436	154326209	2	121242215	121247990	2e0595
16	2340275	2348154	16	3077834	3085625	fdb42f
3	69338878	69342612	3	71327097	71330697	46039f
3	88037252	88041658	3	90695597	90700541	46039f
4	77567455	77614326	4	84592731	84654165	5c01a6
3	148910475	148916573	3	153242575	153249558	46039f
11	22758390	22761345	10	859702	862670	d8576b
4	85226435	85238516	4	92617162	92628457	5c01a6
2	47063191	47067528	2	237294634	237299614	2e0595
4	35905701	35909208	4	38456703	38460226	5c01a6
1	164314990	164319213	1	172709673	172713900	0d0887
14	3729322	3729838	15	3839661	3840177	f58b47
13	2348193	2370130	14	22803854	22825405	ed7953
1	322403588	322409111	1	340730184	340735794	0d0887
6	22932687	22946958	6	82556727	82571620	8808a6
2	18871153	18878659	2	266789322	266796062	2e0595
6	18097288	18113782	6	87918476	87935562	8808a6
3	163183721	163195801	3	167850810	167855028	46039f
1	226696650	226698708	1	241890989	241892937	0d0887
2	154924588	154927276	2	120557573	120560242	2e0595
1	82136437	82147210	1	85422638	85433193	0d0887
13	7625153	7629411	14	16018334	16022380	ed7953
15	12888118	12890977	12	5229874	5232879	fb9f3a
7	33749014	33759374	7	61252500	61259021	9c179e
8	74370634	74379033	8	81696170	81704058	ad2793
6	98746494	98752454	6	590255	595961	8808a6
3	148395538	148465222	3	152692578	152769134	46039f
8	25625821	25660689	8	26390675	26431439	ad2793
4	81468746	81472958	4	88773708	88777898	5c01a6
3	200705348	200724359	3	206736828	206751223	46039f
5	68906581	68970386	5	55325077	55373798	7201a8
2	38680823	38683861	2	246295840	246298869	2e0595
1	268963445	268967264	1	284945550	284948896	0d0887
7	49668921	49679773	7	42381115	42385849	9c179e
6	12681175	12687137	6	93476431	93482487	8808a6
2	157171646	157174902	2	118251020	118254258	2e0595
1	185089536	185094365	1	197972308	197977462	0d0887
16	9961984	9971100	16	13331372	13340383	fdb42f
4	25301754	25325846	4	26610647	26631292	5c01a6
8	25925588	25934084	8	26723542	26732699	ad2793
15	10366916	10391522	12	16474590	16498816	fb9f3a
11	19447931	19451204	10	4226755	4230348	d8576b
5	24745722	24758137	5	102243886	102254944	7201a8
1	318755328	318758376	1	337049053	337054002	0d0887
8	8840174	8849433	8	8500223	8513380	ad2793
5	109554079	109558939	5	12894157	12899324	7201a8
4	41101387	41148805	4	44192376	44245103	5c01a6
14	5920384	5928631	15	5942898	5951401	f58b47
1	321024235	321051239	1	339255928	339291542	0d0887
14	15790508	15794341	15	18776317	18779571	f58b47
6	31158077	31217270	6	73671665	73721147	8808a6
6	46621653	46635071	6	57183064	57198763	8808a6
2	151844557	151848514	2	123873764	123877207	2e0595
7	28874984	28880756	7	66425336	66430586	9c179e
2	99803811	99812984	2	184634081	184645343	2e0595
19	3100736	3102682	18	10192307	10194563	f0f921
16	10086006	10098203	16	13454484	13467024	fdb42f
3	89943451	89984166	3	92682735	92727408	46039f
8	28984128	29009467	8	29981878	30013462	ad2793
3	92638879	92748571	3	95422962	95517379	46039f
3	168486132	168490813	3	173510188	173514915	46039f
7	28765478	28772025	7	66539815	66546337	9c179e
3	68163324	68202004	3	70162781	70190387	46039f
1	267352175	267356463	1	283216374	283221436	0d0887
1	178233275	178238945	1	191613746	191619396	0d0887
6	41118769	41130002	6	62911159	62922432	8808a6
3	197470157	197491490	3	203552054	203578179	46039f
1	294068159	294072790	1	311256091	311260698	0d0887
6	38445950	38448441	6	66017686	66020692	8808a6
6	38370194	38381342	6	66085792	66091513	8808a6
3	92865791	92880368	3	95603773	95622272	46039f
1	71147734	71151892	1	73952832	73958650	0d0887
8	622855	624529	8	724054	725951	ad2793
6	44846683	44851891	6	59050411	59055134	8808a6
1	12263218	12264739	1	11845374	11847508	0d0887
2	174393185	174399553	2	99875635	99883430	2e0595
11	20678536	20682749	10	2932375	2936624	d8576b
1	61844510	61852462	1	64472089	64478546	0d0887
19	7219525	7232980	18	4960459	4975192	f0f921
15	8853369	8881253	12	17907694	17935638	fb9f3a
7	33385247	33394321	7	61582760	61591825	9c179e
1	267155047	267161513	1	283030559	283036461	0d0887
7	22097499	22109116	7	73680166	73696480	9c179e
1	205928129	205933669	1	220215837	220221814	0d0887
2	209838299	209838896	2	62418283	62418880	2e0595
3	64043598	64048280	3	65982456	65987072	46039f
3	160191995	160202484	3	164600969	164609722	46039f
2	122908565	122919621	2	155893405	155903047	2e0595
5	36383699	36396095	5	89856425	89871658	7201a8
17	7885402	7896967	19	3387510	3403748	fdca26
3	147814529	147821312	3	152131317	152138192	46039f
5	50189852	50192716	5	75369690	75373625	7201a8
2	185867117	185870823	2	87472828	87476536	2e0595
8	59322029	59327780	8	66294202	66299248	ad2793
1	23846941	23860676	1	24012710	24029917	0d0887
3	110567946	110574702	3	113579035	113585049	46039f
4	100716346	100720665	4	110640482	110645646	5c01a6
2	214892170	214894185	2	57120392	57122403	2e0595
5	122190876	122201105	5	682992	691683	7201a8
5	31100818	31113028	5	95476270	95488544	7201a8
5	7958738	7965841	5	119883236	119887755	7201a8
16	12477456	12479296	16	15810203	15812230	fdb42f
19	199729	201396	18	12978338	12979970	f0f921
8	35445055	35457194	8	37348990	37354697	ad2793
1	238179295	238193291	1	253523216	253540556	0d0887
10	7409053	7413226	11	20406449	20410103	cc4778
7	29455189	29457452	7	65815546	65818920	9c179e
12	11216472	11221791	13	7175300	7181263	e3685f
1	33080674	33082257	1	33799722	33801295	0d0887
19	1556365	1565033	18	11682942	11691636	f0f921
1	263487983	263526400	1	279274260	279323312	0d0887
7	48309406	48312633	7	43934307	43937535	9c179e
1	50655444	50664485	1	52319486	52330077	0d0887
16	3999798	4004101	16	7500730	7505236	fdb42f
5	59929658	59934714	5	65434145	65439743	7201a8
2	59111734	59120363	2	224762257	224769437	2e0595
16	11431729	11434606	16	14767158	14770030	fdb42f
4	28599399	28599993	4	30345317	30345911	5c01a6
1	331222761	331223355	1	349910723	349911317	0d0887
11	10397447	10401520	10	21539786	21543826	d8576b
2	168112725	168116182	2	106638430	106641895	2e0595
2	175999424	176004892	2	98149327	98153232	2e0595
1	211131841	211142373	1	225537360	225550293	0d0887
3	99938674	99954935	3	101761159	101777206	46039f
8	44781156	44808001	8	47499613	47529887	ad2793
15	12917227	12917722	12	5201248	5201785	fb9f3a
12	13089754	13096225	13	5359382	5366005	e3685f
2	151545378	151549078	2	124163482	124167151	2e0595
1	116575158	116582178	1	121353808	121361664	0d0887
1	293333588	293335195	1	310453500	310455107	0d0887
3	153472864	153489230	3	157834931	157851014	46039f
13	11128549	11132938	14	12565574	12569028	ed7953
2	103535565	103538813	2	180039498	180042770	2e0595
19	2105305	2108879	18	11172662	11176178	f0f921
3	32653728	32666002	3	33700124	33709808	46039f
14	7292621	7296124	15	7251658	7255451	f58b47
14	14512812	14518860	15	17458201	17462372	f58b47
6	86036079	86049920	6	13707314	13719619	8808a6
6	44221877	44231108	6	59668314	59676597	8808a6
1	195014176	195046733	1	208419142	208449523	0d0887
2	40922808	40924102	2	243897434	243898657	2e0595
3	59778572	59780239	3	61689436	61691329	46039f
7	26836755	26843506	7	68558611	68565167	9c179e
14	5784980	5788035	15	5812860	5815790	f58b47
5	56125128	56129180	5	69418733	69428683	7201a8
1	315475279	315481141	1	333785516	333794672	0d0887
1	81780158	81782288	1	85074056	85080129	0d0887
1	164281373	164288985	1	172674892	172683912	0d0887
19	3246394	3274868	18	10026022	10055037	f0f921
16	2150657	2162132	16	2881502	2892536	fdb42f
16	11700227	11702583	16	15047433	15052544	fdb42f
17	4287121	4294277	19	7546350	7551568	fdca26
7	28313833	28318761	7	67065647	67070500	9c179e
1	204536239	204539119	1	218812914	218816027	0d0887
2	105867471	105874549	2	176461669	176477861	2e0595
1	62482691	62507511	1	65153199	65168670	0d0887
4	52972743	52975149	4	57390875	57393268	5c01a6
6	22587987	22588557	6	82950433	82951003	8808a6
8	74931641	74938369	8	82223618	82228577	ad2793
1	199053374	199053962	1	213121179	213121767	0d0887
1	33255276	33259888	1	33988421	33992964	0d0887
3	91098395	91111919	3	93850150	93868908	46039f
6	41586434	41589323	6	62418796	62421777	8808a6
3	120529465	120563748	3	124014980	124050145	46039f
7	28176456	28177032	7	67205608	67206184	9c179e
3	182021886	182026648	3	187726834	187731598	46039f
6	149559	154613	6	105887246	105891814	8808a6
8	75170946	75171519	8	82447176	82447749	ad2793
12	177179	178728	13	17878928	17880502	e3685f
4	89623283	89627054	4	98258091	98261818	5c01a6
13	18022612	18024637	14	1695205	1697307	ed7953
16	11735261	11739465	16	15082175	15086152	fdb42f
10	603838	607173	11	27129461	27132698	cc4778
11	13162938	13163457	10	18857205	18857724	d8576b
3	167153583	167159846	3	172114590	172120775	46039f
1	167293200	167297016	1	175873143	175876873	0d0887
3	98813394	98830919	3	100612245	100623578	46039f
19	1681013	1682925	18	11568785	11570442	f0f921
1	23840621	23843673	1	24006420	24009453	0d0887
3	49251114	49261783	3	50904575	50916139	46039f
17	9035673	9045654	19	2410144	2419306	fdca26
2	159587367	159592375	2	115543538	115548648	2e0595
10	16173361	16195767	11	11503921	11528073	cc4778
1	83769912	83773204	1	87066669	87069545	0d0887
15	1145896	1147654	12	25446245	25447874	fb9f3a
3	22705593	22709741	3	23335176	23339489	46039f
7	28234864	28248584	7	67142434	67149278	9c179e
1	187088522	187093738	1	200014861	200022748	0d0887
4	40088847	40092503	4	43138233	43142461	5c01a6
5	23919832	23929318	5	103135184	103146339	7201a8
6	40613771	40614491	6	63451186	63451906	8808a6
16	8412259	8415477	16	11783612	11786713	fdb42f
2	157326340	157367227	2	118048802	118088308	2e0595
7	24228582	24229149	7	71449630	71450197	9c179e
6	31780069	31783858	6	73076454	73079388	8808a6
3	181239658	181248038	3	186960576	186968923	46039f
2	206312767	206314127	2	65898619	65899912	2e0595
2	185851117	185851681	2	87496408	87496972	2e0595
1	79452355	79462724	1	82697809	82707166	0d0887
8	23502756	23507601	8	23917614	23921529	ad2793
18	8910413	8911678	17	952698	953984	f8e125
17	8379266	8382612	19	2935548	2938782	fdca26
3	193754875	193760309	3	199894085	199898429	46039f
1	268266310	268272656	1	284250074	284256060	0d0887
5	90202176	90205339	5	32739448	32742714	7201a8
3	126108751	126116539	3	129775864	129783622	46039f
2	24774570	24780509	2	260860528	260866624	2e0595
4	60566125	60573573	4	65572346	65579863	5c01a6
19	1210317	1213611	18	12008672	12011774	f0f921
5	30697166	30704283	5	95906198	95914106	7201a8
4	72691225	72815375	4	79245471	79343283	5c01a6
1	101719766	101745499	1	105910842	105949526	0d0887
3	142757363	142761344	3	146868139	146871735	46039f
8	24598863	24599397	8	25070152	25070689	ad2793
2	212033475	212047872	2	60108442	60125436	2e0595
16	11636569	11637127	16	14985370	14985928	fdb42f
6	8804492	8815200	6	97520591	97532739	8808a6
3	17320955	17321901	3	17882336	17883283	46039f
1	5413909	5414467	1	4673529	4674087	0d0887
14	15248799	15257220	15	18183200	18191681	f58b47
2	194055655	194059974	2	78688547	78692924	2e0595
5	38685548	38698669	5	87345081	87358513	7201a8
16	10580870	10582641	16	13923223	13925008	fdb42f
4	45737004	45738792	4	49399563	49401346	5c01a6
3	105339387	105347124	3	107883989	107891570	46039f
3	141618144	141623395	3	145670689	145676157	46039f
1	266707151	266707709	1	282567101	282567659	0d0887
2	106042885	106076534	2	176015506	176056977	2e0595
3	24886662	24895714	3	25521029	25530688	46039f
1	246126786	246144862	1	261789046	261804945	0d0887
8	79079921	79089534	8	86105726	86115220	ad2793
1	101555113	101561050	1	105728602	105737658	0d0887
4	7169003	7175437	4	6596171	6602358	5c01a6
3	65754757	65765094	3	67751686	67760510	46039f
7	50587469	50685748	7	41509964	41585151	9c179e
6	3412910	3414949	6	102653525	102657006	8808a6
2	50265408	50265969	2	233808843	233809404	2e0595
2	212086917	212092190	2	60065720	60071298	2e0595
1	321179041	321180076	1	339446440	339447494	0d0887
3	30124036	30130691	3	30885126	30891834	46039f
1	252381705	252397773	1	268122633	268133946	0d0887
1	27354175	27359765	1	27720565	27724524	0d0887
3	178074973	178083873	3	183661183	183675326	46039f
1	210842605	210847118	1	225241664	225246379	0d0887
2	95571485	95577922	2	188968980	188975372	2e0595
13	17957670	17960411	14	1758853	1761604	ed7953
1	49837866	49841125	1	51483071	51486985	0d0887
1	250230558	250235686	1	265907255	265912652	0d0887
3	145504745	145513820	3	149761282	149771256	46039f
16	7416060	7416609	16	10850712	10851261	fdb42f
18	2515673	2519173	17	7401501	7405706	f8e125
1	258541098	258543520	1	274452459	274454882	0d0887
14	3574049	3578102	15	3688175	3692091	f58b47
5	52018373	52022151	5	73499220	73502959	7201a8
1	238278914	238286144	1	253617570	253625062	0d0887
3	63482492	63486970	3	65418534	65423033	46039f
1	24218518	24224537	1	24407135	24414495	0d0887
4	50920485	50923711	4	55194105	55198333	5c01a6
2	9742015	9742516	2	276245049	276245550	2e0595
19	7571279	7575270	18	4618268	4622885	f0f921
10	5571064	5573175	11	22267412	22269518	cc4778
1	166863518	166873559	1	175430087	175445846	0d0887
1	179259976	179265416	1	192517620	192524209	0d0887
4	38560611	38562938	4	41387243	41389566	5c01a6
7	90750501	90755828	7	2920980	2925381	9c179e
3	32616629	32619941	3	33662811	33666123	46039f
15	17031019	17032222	12	1088369	1089530	fb9f3a
1	340431137	340437972	1	359081512	359091070	0d0887
6	84698964	84796369	6	15014147	15127073	8808a6
16	8017452	8019893	16	11439018	11441900	fdb42f
1	292833834	292837246	1	309900467	309904227	0d0887
1	118632127	118647636	1	123587743	123600856	0d0887
2	264193506	264201395	2	7767655	7774316	2e0595
1	26697362	26703558	1	27025114	27040026	0d0887
4	88913780	88918079	4	97413431	97417772	5c01a6
1	99189258	99204084	1	103228776	103240361	0d0887
1	97593787	97596548	1	101765033	101770560	0d0887
1	16992333	16995949	1	16670968	16674761	0d0887
19	3142931	3151531	18	10144518	10154118	f0f921
11	20594962	20597881	10	3021451	3024582	d8576b
6	70940998	70945238	6	31430931	31435137	8808a6
3	17147722	17168394	3	17700758	17721455	46039f
1	126202841	126211126	1	131540548	131548044	0d0887
8	19686141	19689297	8	19721084	19724058	ad2793
7	46532084	46541419	7	46024624	46039387	9c179e
2	191870363	191877412	2	81015271	81021806	2e0595
2	148765021	148773868	2	126864116	126874086	2e0595
17	8308933	8310835	19	3006618	3008678	fdca26
6	12638486	12644703	6	93515853	93523908	8808a6
1	138150304	138167181	1	144406967	144426466	0d0887
6	81966757	81981004	6	19820160	19826759	8808a6
3	186310325	186314428	3	192103250	192107700	46039f
1	187098340	187106336	1	200027320	200035112	0d0887
1	71289688	71314887	1	74104609	74133143	0d0887
7	92368255	92382374	7	1450923	1458716	9c179e
2	33936823	33938013	2	251457511	251458799	2e0595
13	7655240	7659992	14	15988687	15994209	ed7953
7	79453578	79456679	7	14034446	14037612	9c179e
5	2052233	2058663	5	125629696	125636437	7201a8
4	84590487	84594798	4	91925378	91926627	5c01a6
7	48353218	48357186	7	43883170	43887759	9c179e
7	51640696	51648916	7	40581584	40593450	9c179e
17	8263894	8269610	19	3042372	3047746	fdca26
3	119707701	119718686	3	123174600	123184177	46039f
1	317085010	317092436	1	335363728	335370397	0d0887
15	7042018	7045744	12	19703394	19708147	fb9f3a
2	16036317	16042855	2	269728958	269737241	2e0595
17	10514639	10516489	19	833031	834809	fdca26
10	2902080	2908265	11	24859427	24864742	cc4778
1	336987839	337011828	1	355722983	355750313	0d0887
1	61165030	61165546	1	63790619	63791135	0d0887
17	202833	209340	19	10889996	10897103	fdca26
3	160864958	160871886	3	165305382	165312549	46039f
3	14145687	14152665	3	14613273	14619401	46039f
7	39597002	39611348	7	54551656	54567713	9c179e
3	25403569	25410900	3	26109670	26117307	46039f
3	141590542	141598240	3	145643036	145652736	46039f
2	185197476	185213320	2	88210391	88217503	2e0595
1	322451562	322455298	1	340783542	340787699	0d0887
1	242095080	242107856	1	257572269	257581332	0d0887
7	58527235	58528975	7	33928359	33934080	9c179e
10	5891086	5911039	11	21933239	21953898	cc4778
3	110679055	110681532	3	113697463	113699954	46039f
14	507974	509271	15	1540563	1541805	f58b47
7	18665682	18681274	7	77391421	77406965	9c179e
1	333057085	333057601	1	351745254	351745770	0d0887
2	209719475	209721161	2	62520908	62522569	2e0595
1	30639189	30647763	1	31127160	31142003	0d0887
16	11254551	11255625	16	14590203	14591289	fdb42f
5	64972091	64977976	5	59887354	59893141	7201a8
19	3235425	3241623	18	10059730	10065599	f0f921
16	11440711	11442788	16	14776030	14778069	fdb42f
12	4180441	4184585	13	13950407	13954634	e3685f
1	13015273	13018879	1	12625589	12629880	0d0887
2	155039138	155041755	2	120438330	120440965	2e0595
7	2355498	2365420	7	93077812	93087255	9c179e
13	16505055	16507805	14	3266812	3269957	ed7953
7	85566800	85579852	7	7801156	7813310	9c179e
3	41926571	41943810	3	43378896	43394648	46039f
3	178192776	178196994	3	183783252	183787268	46039f
2	48694049	48703094	2	235461619	235468694	2e0595
1	138299566	138310972	1	144541499	144552002	0d0887
7	31073007	31082972	7	64014078	64024324	9c179e
11	3482847	3487746	10	28134054	28138346	d8576b
1	315627317	315643957	1	333951782	333963895	0d0887
4	82003746	82009136	4	89130838	89136307	5c01a6
14	4696230	4696707	15	4758908	4759388	f58b47
2	178194373	178228232	2	95587989	95624733	2e0595
12	8266548	8270141	13	9977175	9980768	e3685f
1	272062027	272062531	1	288088595	288089099	0d0887
4	57788299	57791186	4	62692742	62695684	5c01a6
3	103669014	103674758	3	105968135	105973736	46039f
16	12474271	12474894	16	15807339	15807962	fdb42f
2	9791569	9796019	2	276188658	276194082	2e0595
1	10884822	10887772	1	10301909	10304720	0d0887
10	6374000	6381634	11	21461250	21468259	cc4778
10	6319377	6327094	11	21516560	21521998	cc4778
7	80083328	80091049	7	13398563	13407288	9c179e
6	95373060	95377294	6	3992631	3995551	8808a6
5	36557387	36557882	5	89680898	89681393	7201a8
1	69695670	69696171	1	72475480	72475981	0d0887
5	86466440	86470749	5	36700698	36704236	7201a8
14	666536	669576	15	1379076	1382064	f58b47
7	31110519	31111782	7	63991649	63992904	9c179e
10	14489620	14498977	11	13557573	13560643	cc4778
1	50306395	50320330	1	51967884	51980235	0d0887
1	299748754	299750375	1	317426915	317429243	0d0887
7	12209731	12214316	7	83967056	83971699	9c179e
1	301782685	301784771	1	319571928	319574040	0d0887
7	22214712	22217902	7	73574191	73577314	9c179e
3	167424399	167429692	3	172401394	172405970	46039f
19	1156780	1157848	18	12066101	12067175	f0f921
2	230925956	230939172	2	40054892	40061119	2e0595
1	200780994	200781492	1	215020327	215020825	0d0887
1	165769195	165772532	1	174225417	174228726	0d0887
3	168953431	168960511	3	174004059	174012237	46039f
7	92731491	92733674	7	1115570	1117870	9c179e
1	89207154	89219583	1	92786803	92799180	0d0887
3	155105752	155111151	3	159506643	159512164	46039f
3	46554650	46563831	3	48172868	48175704	46039f
10	817518	821440	11	26911323	26915461	cc4778
4	22268525	22275115	4	23323815	23330334	5c01a6
1	319224489	319227410	1	337498375	337501282	0d0887
2	146031074	146034113	2	130033610	130038234	2e0595
15	7394520	7396190	12	19379609	19381258	fb9f3a
11	21569852	21574071	10	2038325	2045398	d8576b
7	36977299	36978925	7	57635566	57636717	9c179e
4	74561731	74593944	4	81789647	81824130	5c01a6
13	17480936	17483427	14	2279876	2282717	ed7953
6	58037356	58046370	6	44940457	44947718	8808a6
3	143079293	143083335	3	147181503	147185918	46039f
6	32994229	32994733	6	71796858	71797362	8808a6
6	38475849	38477030	6	65990616	65991791	8808a6
4	64331948	64342983	4	69599739	69621778	5c01a6
1	195744255	195747193	1	209700469	209703176	0d0887
2	202225587	202229657	2	70299195	70303320	2e0595
3	64275503	64280378	3	66228971	66233038	46039f
7	14427614	14430493	7	81626113	81628958	9c179e
15	15593186	15594374	12	2558241	2559440	fb9f3a
13	17557106	17559442	14	2203567	2205849	ed7953
12	169662	170504	13	17886889	17887747	e3685f
17	8192052	8194335	19	3114219	3116510	fdca26
1	187167284	187172418	1	200089577	200095348	0d0887
6	93663914	93677454	6	5747677	5762016	8808a6
7	32950974	32967871	7	62000346	62015273	9c179e
5	5502835	5506854	5	122426687	122432256	7201a8
10	11104666	11107634	11	16541457	16544408	cc4778
2	96579574	96586021	2	187911969	187917071	2e0595
2	154958033	154962078	2	120518415	120522521	2e0595
1	261799247	261806490	1	277624117	277627362	0d0887
2	197229986	197236230	2	75530103	75536394	2e0595
1	97882598	97889880	1	102057191	102064261	0d0887
14	8303822	8315966	15	8231193	8243234	f58b47
1	287652432	287655955	1	304376588	304381366	0d0887
12	8455230	8457771	13	9796604	9799708	e3685f
4	53703613	53706064	4	58179980	58182446	5c01a6
1	287506118	287581938	1	304229295	304310903	0d0887
16	12571768	12573395	16	15902559	15904180	fdb42f
7	47592816	47597950	7	44678559	44681249	9c179e
1	50179619	50182630	1	51834796	51839091	0d0887
2	97461149	97468662	2	187007630	187019025	2e0595
16	11059030	11062174	16	14396397	14399494	fdb42f
4	68152377	68253676	4	73815520	73951673	5c01a6
8	7783033	7803716	8	7443586	7454835	ad2793
14	4050310	4062511	15	4148933	4160823	f58b47
14	16017040	16027198	15	19003493	19016971	f58b47
12	8131734	8137250	13	10101905	10107738	e3685f
5	23394563	23401529	5	103703061	103711601	7201a8
3	66627561	66650336	3	68561391	68582430	46039f
3	32604713	32612146	3	33650029	33658148	46039f
2	191058677	191063842	2	81760910	81765714	2e0595
2	186416452	186424135	2	86881072	86888728	2e0595
16	12647938	12648751	16	15976691	15977501	fdb42f
5	3018411	3024949	5	124766970	124772137	7201a8
3	50494106	50496866	3	52184275	52187449	46039f
1	260740393	260753304	1	276645481	276661195	0d0887
2	220412610	220414564	2	51315399	51318126	2e0595
13	4996071	4998427	14	18625001	18627812	ed7953
14	1403840	1419992	15	624852	640771	f58b47
13	7478642	7487287	14	16155434	16164040	ed7953
8	29957069	29962309	8	31098517	31103304	ad2793
4	87038756	87040852	4	94651175	94653247	5c01a6
14	2321286	2323726	15	2451659	2454353	f58b47
13	1920599	1925202	14	22397853	22401530	ed7953
14	5269420	5272956	15	5313598	5316987	f58b47
2	130846420	130854731	2	147674879	147683328	2e0595
12	3269425	3270958	13	14822793	14824207	e3685f
1	224660827	224663976	1	239759100	239762364	0d0887
13	16540489	16542615	14	3232998	3235157	ed7953
1	210825645	210836058	1	225225312	225234856	0d0887
2	24114877	24120448	2	261545544	261551297	2e0595
6	88258559	88265626	6	11253527	11260540	8808a6
16	7553981	7554806	16	10983125	10983962	fdb42f
7	12967529	12971481	7	83152451	83157856	9c179e
1	246146416	246153076	1	261806496	261813390	0d0887
1	336749677	336753679	1	355495374	355498905	0d0887
7	26137628	26148066	7	69367090	69383531	9c179e
14	156874	158286	15	1891413	1892998	f58b47
7	31031674	31041268	7	64065537	64075857	9c179e
16	2552102	2553686	16	3295360	3296918	fdb42f
7	84046690	84054452	7	9324149	9402087	9c179e
2	222397432	222399353	2	49180398	49183889	2e0595
1	300849133	300858735	1	318604486	318613899	0d0887
19	5670720	5672207	18	6107106	6108769	f0f921
11	20674090	20676727	10	2938768	2941539	d8576b
7	71824126	71827494	7	22210838	22213673	9c179e
1	50883329	50887935	1	52563465	52568541	0d0887
6	44577242	44578996	6	59299729	59301477	8808a6
4	50851606	50858172	4	55104008	55110361	5c01a6
3	156404462	156408308	3	160839579	160851424	46039f
15	3563191	3568025	12	23081020	23085349	fb9f3a
14	13661587	13671643	15	16585099	16600335	f58b47
2	189803121	189820477	2	83048807	83061849	2e0595
5	66488780	66497100	5	58409055	58417030	7201a8
6	85851838	85852267	6	13909884	13910313	8808a6
2	207409440	207417512	2	64790605	64794886	2e0595
2	100835201	100837573	2	183563099	183565468	2e0595
3	137864584	137872004	3	141794101	141801864	46039f
1	97779034	97783809	1	101954820	101960350	0d0887
13	1231663	1232113	14	21745108	21745558	ed7953
6	27388070	27391391	6	77865200	77869135	8808a6
7	62120784	62130137	7	30028815	30056036	9c179e
2	47423769	47425809	2	236900024	236902080	2e0595
3	59015670	59020796	3	60925111	60930359	46039f
3	193622216	193631215	3	199755335	199763766	46039f
2	24607066	24607504	2	261029794	261030232	2e0595
1	280775957	280782344	1	297112595	297116546	0d0887
19	3122065	3124346	18	10171517	10173739	f0f921
1	317041423	317043989	1	335316613	335319151	0d0887
5	22722967	22725738	5	104427872	104430786	7201a8
1	129245080	129271085	1	134764663	134809685	0d0887
13	14970970	14974587	14	4797143	4800323	ed7953
14	12632318	12640609	15	15579046	15584859	f58b47
2	9374537	9375754	2	276669227	276671009	2e0595
1	323497750	323506795	1	341961925	341975185	0d0887
8	22960639	22965490	8	23335641	23340686	ad2793
2	97104712	97108777	2	187416350	187420356	2e0595
1	165495973	165502391	1	173919087	173925807	0d0887
3	155077355	155081592	3	159475557	159479003	46039f
4	98508898	98516015	4	108183457	108190516	5c01a6
17	11013697	11014108	19	336154	336565	fdca26
1	208737150	208749780	1	223113849	223126141	0d0887
8	53385711	53392192	8	57070361	57083572	ad2793
3	110490889	110495191	3	113487553	113491956	46039f
1	317414750	317416436	1	335736086	335737750	0d0887
2	69111528	69117425	2	214368246	214373602	2e0595
4	84866770	84868689	4	92231450	92234508	5c01a6
14	481563	482197	15	1567881	1568575	f58b47
2	101937373	101943570	2	182387677	182395176	2e0595
7	36938411	36942899	7	57661426	57666447	9c179e
1	89175274	89206887	1	92756377	92786536	0d0887
17	6657043	6663635	19	4628272	4634093	fdca26
10	1647823	1649569	11	26067469	26068843	cc4778
1	187051244	187059576	1	199976705	199986287	0d0887
1	339538498	339542480	1	358241807	358247974	0d0887
5	7972810	7974582	5	119874639	119875884	7201a8
7	36535127	36539709	7	58094264	58098885	9c179e
5	100064100	100067486	5	22421872	22425601	7201a8
6	45467807	45471356	6	58379537	58386798	8808a6
13	17586505	17588454	14	2165466	2167487	ed7953
2	177537602	177541309	2	96378061	96382680	2e0595
3	65739564	65743649	3	67733550	67736713	46039f
1	242764701	242769078	1	258334049	258344660	0d0887
4	38714990	38724301	4	41596980	41604365	5c01a6
15	8679307	8682071	12	18111856	18114599	fb9f3a
14	3581603	3582990	15	3695380	3696755	f58b47
14	5194885	5196656	15	5238808	5240960	f58b47
1	298683200	298691812	1	316268140	316271050	0d0887
15	7027018	7036768	12	19713337	19723173	fb9f3a
1	335732773	335739881	1	354427712	354445421	0d0887
2	240768164	240777563	2	29608174	29618305	2e0595
1	82074448	82087388	1	85360020	85372739	0d0887
3	55463244	55467680	3	57311720	57315882	46039f
17	11106516	11107623	19	242081	243184	fdca26
2	61378402	61381460	2	222447558	222450496	2e0595
7	16095294	16155461	7	79818221	79886126	9c179e
1	152141770	152148989	1	159828775	159835414	0d0887
7	33125856	33128379	7	61841753	61842987	9c179e
13	15828967	15835780	14	3950376	3957190	ed7953
3	58978685	58986699	3	60886854	60895114	46039f
2	24354390	24379722	2	261262620	261296343	2e0595
6	43217633	43220988	6	60738117	60742014	8808a6
1	72620233	72623024	1	75450406	75453196	0d0887
1	104566145	104568656	1	108980138	108982636	0d0887
5	50297369	50337869	5	75233102	75272912	7201a8
1	255738651	255740872	1	271553506	271555720	0d0887
2	177885194	177893091	2	95972698	95981446	2e0595
12	13722843	13728549	13	4699903	4704764	e3685f
7	26519875	26534917	7	68876180	68886858	9c179e
4	81370530	81374435	4	88663523	88667833	5c01a6
1	82198386	82204454	1	85489881	85495880	0d0887
13	1910005	1916937	14	22388146	22393958	ed7953
10	6504131	6504545	11	21338233	21338647	cc4778
5	69915893	69924416	5	54243660	54251627	7201a8
2	94358585	94364804	2	190294886	190301068	2e0595
1	55403936	55405794	1	57512934	57514786	0d0887
19	7465773	7468057	18	4724323	4726674	f0f921
17	10426748	10427165	19	921940	922357	fdca26
1	306769724	306770141	1	324750968	324751385	0d0887
1	312476716	312482925	1	330719501	330725905	0d0887
4	38899792	38900919	4	41832775	41833907	5c01a6
2	153910371	153916607	2	121652362	121658567	2e0595
1	106289336	106298830	1	110891240	110901191	0d0887
13	12473168	12475098	14	11317342	11319261	ed7953
5	20787448	20787764	5	106476235	106476547	7201a8
14	7530516	7533087	15	7476439	7478684	f58b47
1	96403439	96405553	1	100501747	100503852	0d0887
5	32396830	32398888	5	94008212	94010263	7201a8
5	24228612	24233073	5	102782342	102796222	7201a8
6	26959597	26963541	6	78302715	78306657	8808a6
1	319270179	319272241	1	337540776	337544176	0d0887
5	120881821	120886469	5	1850793	1855304	7201a8
4	60589986	60595013	4	65597214	65602871	5c01a6
1	323739356	323742265	1	342224564	342227424	0d0887
1	104425676	104426087	1	108838790	108839201	0d0887
16	7817504	7822545	16	11243991	11249231	fdb42f
5	52204550	52204916	5	73308091	73308457	7201a8
4	82155016	82157934	4	89262613	89264834	5c01a6
2	220349036	220356184	2	51409390	51416400	2e0595
8	30367199	30368287	8	31521576	31522675	ad2793
4	49827794	49831811	4	53970704	53977448	5c01a6
3	106256617	106266078	3	108965246	108983886	46039f
2	212001426	212014250	2	60143110	60155295	2e0595
5	53239696	53245446	5	72150220	72155783	7201a8
1	156238669	156242371	1	164524563	164527880	0d0887
3	85464619	85469375	3	88039690	88044471	46039f
7	88500198	88500600	7	5012383	5012785	9c179e
4	64131285	64135768	4	69417258	69421740	5c01a6
3	82806809	82808732	3	85229964	85232557	46039f
7	10718007	10729988	7	85490959	85503311	9c179e
19	4787838	4796612	18	8563688	8573004	f0f921
5	57825831	57828510	5	67634973	67637636	7201a8
3	195396208	195409212	3	201566540	201576613	46039f
2	134606778	134607177	2	142858715	142859114	2e0595
1	210673727	210679501	1	225052879	225058293	0d0887
3	166737091	166739283	3	171566420	171568599	46039f
8	38763798	38766675	8	40943231	40946134	ad2793
8	48506126	48512304	8	51632070	51638175	ad2793
1	39032024	39032782	1	40056633	40057391	0d0887
3	172504775	172511632	3	177715849	177722830	46039f
1	249709398	249712782	1	265398031	265401462	0d0887
17	8369986	8371852	19	2946146	2948019	fdca26
1	248287385	248298405	1	263993764	264005529	0d0887
6	97327912	97331841	6	2021652	2026565	8808a6
6	93482686	93494269	6	5923400	5934917	8808a6
1	118977533	118989282	1	123927463	123941244	0d0887
1	88409109	88410491	1	91934158	91935545	0d0887
12	8389944	8391395	13	9859908	9861733	e3685f
7	22248880	22296196	7	73473034	73530922	9c179e
1	12288298	12293595	1	11877086	11882117	0d0887
14	5934523	5942396	15	5957206	5964851	f58b47
1	266726425	266736592	1	282587288	282592045	0d0887
1	29073505	29077594	1	29454995	29462548	0d0887
6	96286443	96294271	6	3059733	3066252	8808a6
4	54685075	54690642	4	59203530	59207426	5c01a6
13	279318	281178	14	20832390	20834205	ed7953
2	86841162	86841525	2	197816081	197816447	2e0595
7	36991717	37000474	7	57614671	57623441	9c179e
3	157148970	157151024	3	161557606	161559608	46039f
17	10543639	10545107	19	804408	805860	fdca26
3	185062139	185064563	3	190876677	190879066	46039f
3	186225710	186227818	3	192023472	192025584	46039f
11	15054643	15063606	10	16957187	16966091	d8576b
2	209537925	209540563	2	62693819	62696114	2e0595
3	100523685	100526085	3	102356571	102358788	46039f
2	164068720	164069173	2	110769608	110770067	2e0595
8	11611309	11614893	8	11262371	11266372	ad2793
2	168036498	168039915	2	106715501	106718931	2e0595
7	93104067	93108901	7	755801	760620	9c179e
1	322547857	322548298	1	340940731	340941172	0d0887
2	156365900	156372211	2	118993968	119047890	2e0595
6	8083988	8092906	6	98255589	98265191	8808a6
12	1611754	1614106	13	16463390	16465743	e3685f
3	113893647	113911728	3	117261067	117283257	46039f
7	28324795	28329215	7	67051754	67056012	9c179e
7	10628098	10637655	7	85574625	85586589	9c179e
16	1383223	1384512	16	2113013	2114312	fdb42f
3	3401289	3455513	3	3337199	3401349	46039f
1	126413735	126425730	1	131747102	131759516	0d0887
2	103359027	103362062	2	180278839	180281840	2e0595
10	6530053	6537478	11	21305719	21312773	cc4778
6	24674724	24680114	6	80763151	80767857	8808a6
7	28859822	28864392	7	66440903	66444888	9c179e
2	160145737	160148994	2	114955267	114958124	2e0595
11	22751172	22751717	10	869288	869835	d8576b
1	53630615	53634490	1	55588221	55592450	0d0887
1	337472712	337478786	1	356177222	356181226	0d0887
1	48974186	48978557	1	50570003	50575028	0d0887
1	50141366	50151571	1	51803717	51812845	0d0887
5	52246562	52246937	5	73251837	73252212	7201a8
19	1180154	1183782	18	12042230	12045583	f0f921
1	44204	44946	1	72865	73592	0d0887
1	227824479	227828950	1	242988220	242997711	0d0887
16	13058278	13059054	16	16377547	16378307	fdb42f
4	49848604	49853876	4	53992244	53998776	5c01a6
1	194781477	194788425	1	208178991	208185974	0d0887
2	72755808	72756183	2	210736914	210737289	2e0595
1	318073214	318075355	1	336388573	336390698	0d0887
1	118663588	118665422	1	123610392	123612619	0d0887
14	984520	985927	15	1056640	1058068	f58b47
11	20703857	20706566	10	2901175	2903950	d8576b
1	272453761	272456263	1	288513622	288516125	0d0887
15	12929485	12932128	12	5185887	5188288	fb9f3a
12	10970210	10973482	13	7408646	7412513	e3685f
5	5606945	5615235	5	122331047	122339859	7201a8
14	1921134	1921806	15	2063580	2064257	f58b47
2	55123649	55130861	2	228603940	228609316	2e0595
6	63839952	63841137	6	39004054	39005246	8808a6
14	5358772	5360700	15	5410372	5412332	f58b47
4	125709916	125711856	4	136572779	136574719	5c01a6
3	89358509	89413474	3	92087010	92139775	46039f
1	285016211	285017666	1	301633002	301634454	0d0887
1	62395777	62397971	1	65052675	65054863	0d0887
14	16413201	16413782	15	19394813	19395375	f58b47
14	9179118	9185857	15	9070790	9076031	f58b47
1	227621079	227625402	1	242776011	242780302	0d0887
8	4151793	4158258	8	3924076	3927834	ad2793
1	71179144	71180970	1	73986101	73987905	0d0887
4	53327749	53330519	4	57736781	57739946	5c01a6
2	157675845	157677107	2	117708729	117710032	2e0595
7	33812889	33814996	7	61194204	61196983	9c179e
11	1213007	1216294	10	31039962	31042918	d8576b
1	233949873	233951686	1	249267674	249269470	0d0887
3	16028281	16032793	3	16545631	16550525	46039f
17	8392822	8393176	19	2923928	2924282	fdca26
17	11002935	11003433	19	346795	347297	fdca26
15	869193	871619	12	25724769	25727250	fb9f3a
1	319413064	319415505	1	337684110	337686519	0d0887
1	273414840	273418676	1	289487703	289491537	0d0887
2	89880601	89880952	2	194859343	194859694	2e0595
8	22954200	22956319	8	23328717	23330897	ad2793
1	55580961	55585355	1	57702280	57708607	0d0887
1	292903506	292906421	1	309978646	309981947	0d0887
1	16705168	16716826	1	16393614	16402830	0d0887
4	82562879	82567375	4	89678740	89683915	5c01a6
1	92008352	92012875	1	95795757	95797435	0d0887
1	295170731	295177119	1	312384171	312390985	0d0887
15	12454052	12454400	12	5675233	5675581	fb9f3a
5	54478616	54493392	5	70910310	70926007	7201a8
1	5384184	5397338	1	4652558	4661551	0d0887
4	29983897	29998908	4	31852098	31860949	5c01a6
1	50867681	50869361	1	52543465	52545109	0d0887
12	9493580	9496263	13	8797653	8799926	e3685f
3	32635268	32637846	3	33681449	33684092	46039f
6	12092910	12096665	6	94080079	94085657	8808a6
3	29770768	29776004	3	30525412	30531495	46039f
3	166609059	166612732	3	171438139	171443568	46039f
1	107647842	107650903	1	112186556	112188902	0d0887
1	8158536	8166056	1	7412650	7421643	0d0887
4	88986060	88986393	4	97478719	97479052	5c01a6
3	29804535	29807669	3	30556750	30559905	46039f
5	30422948	30427726	5	96213885	96218672	7201a8
6	85232501	85248056	6	14550059	14576705	8808a6
3	155389564	155391528	3	159796346	159798317	46039f
14	4774282	4776919	15	4834163	4836827	f58b47
1	177123120	177124503	1	190455587	190456972	0d0887
2	35163893	35165417	2	250208764	250210285	2e0595
15	15792536	15795457	12	2349802	2352802	fb9f3a
3	141639083	141642962	3	145694850	145700038	46039f
6	80676355	80766535	6	21202943	21291750	8808a6
7	20380575	20391431	7	75548859	75558994	9c179e
3	24506215	24508985	3	25128187	25130861	46039f
5	49292822	49298746	5	76350683	76357373	7201a8
3	63571776	63577628	3	65517785	65522830	46039f
1	20880183	20883202	1	20749258	20751677	0d0887
1	100866365	100868635	1	104994822	104997102	0d0887
5	26276636	26276954	5	100627865	100628183	7201a8
1	18589540	18594027	1	18292638	18297069	0d0887
1	246467437	246472655	1	262074923	262078793	0d0887
7	33321806	33326967	7	61645292	61649595	9c179e
5	90516738	90521946	5	32384540	32389239	7201a8
2	84730442	84741187	2	199939127	199950042	2e0595
11	3127183	3127495	10	28440454	28440760	d8576b
1	285066748	285078367	1	301682500	301692916	0d0887
2	85868957	85877213	2	198972780	198981022	2e0595
2	961532	967080	2	285095435	285106769	2e0595
3	16419270	16451687	3	16977059	17007683	46039f
5	21004572	21004878	5	106232150	106232456	7201a8
3	178140422	178142038	3	183730033	183731660	46039f
10	6963319	6968536	11	20870714	20876629	cc4778
4	31829479	31830987	4	33862234	33863751	5c01a6
1	17590709	17595295	1	17274423	17278857	0d0887
13	3757695	3762840	14	19815324	19819571	ed7953
1	214686345	214692140	1	229323550	229328077	0d0887
3	163070613	163070952	3	167725455	167725797	46039f
12	3602946	3603927	13	14519727	14520711	e3685f
8	74980402	74994729	8	82268603	82282760	ad2793
4	2741324	2745950	4	2506460	2510634	5c01a6
1	221497393	221499812	1	236444035	236446438	0d0887
6	1185890	1189649	6	104832351	104835565	8808a6
2	120112681	120114286	2	158961339	158962931	2e0595
1	292797929	292805194	1	309865497	309873169	0d0887
1	165883410	165885884	1	174339831	174342259	0d0887
1	227695965	227697486	1	242850762	242852285	0d0887
7	83874689	83881540	7	9486731	9495714	9c179e
2	97293310	97293601	2	187239512	187239803	2e0595
3	29664628	29666082	3	30424945	30426454	46039f
1	279404367	279416879	1	295632260	295642710	0d0887
2	141081791	141083561	2	135175951	135177763	2e0595
1	50080112	50082055	1	51734374	51735782	0d0887
3	20399559	20405886	3	21018291	21021968	46039f
17	4329867	4339359	19	7505967	7514155	fdca26
1	40389522	40412727	1	41370555	41395252	0d0887
10	4694062	4694341	11	23136210	23136489	cc4778
16	10992921	10994434	16	14324338	14331811	fdb42f
11	6381860	6384765	10	25322759	25326002	d8576b
3	145595470	145598255	3	149854212	149856667	46039f
3	6472656	6473520	3	7013807	7014719	46039f
2	103234791	103238602	2	180941546	180947360	2e0595
13	629866	632952	14	21145423	21147949	ed7953
18	9056294	9056570	17	818926	819202	f8e125
1	328890537	328896414	1	347459303	347465229	0d0887
1	26778437	26782074	1	27109641	27113178	0d0887
3	153948284	153951976	3	158322923	158326586	46039f
1	63365548	63372153	1	66031566	66038384	0d0887
1	228934996	228937770	1	244162981	244166423	0d0887
3	178042139	178042400	3	183623937	183624198	46039f
7	8613359	8613815	7	87618953	87619409	9c179e
5	65920569	65940545	5	58953615	58985174	7201a8
3	81805727	81841619	3	84236326	84279181	46039f
3	26306156	26334502	3	26969170	27003364	46039f
2	212917607	212920737	2	59203277	59206694	2e0595
1	1875011	1875263	1	2025241	2025493	0d0887
3	177914771	177920765	3	183471736	183478977	46039f
14	472981	473233	15	1579220	1579472	f58b47
3	37952335	37957392	3	39251056	39256850	46039f
1	252511787	252513542	1	268251726	268253482	0d0887
15	9361085	9361328	12	17448836	17449079	fb9f3a
6	22232607	22232835	6	83333751	83333979	8808a6
8	28559284	28562626	8	29540367	29543719	ad2793
3	83471032	83474465	3	85916639	85919550	46039f
6	30713790	30715322	6	74212467	74214010	8808a6
3	169678392	169679077	3	174777532	174778214	46039f
1	329104370	329115809	1	347676768	347684401	0d0887
12	18761288	18763391	13	21885661	21887709	e3685f
3	30574796	30576603	3	31511273	31512743	46039f
13	15709697	15711455	14	4069023	4071003	ed7953
2	182396062	182397673	2	91249568	91251175	2e0595
3	23274407	23276212	3	23902838	23904592	46039f
2	27107810	27108035	2	258473105	258473330	2e0595
6	38992139	38994329	6	65442802	65444999	8808a6
3	15563865	15564998	3	16096374	16097469	46039f
2	192136763	192139586	2	80748873	80751078	2e0595
1	51390208	51395001	1	53123043	53127831	0d0887
2	182008946	182009132	2	91643467	91643653	2e0595
1	287014445	287020253	1	303718249	303724057	0d0887
3	146240468	146241259	3	150533053	150533481	46039f
3	23649436	23651663	3	24254943	24257161	46039f
1	41273832	41275831	1	42340018	42342002	0d0887
1	243073411	243073567	1	258668575	258668731	0d0887
