Species_1	Start_1	End_1	Species_2	Start_2	End_2	fill
1	65746531	65838890	1	70893588	70917570	0d0887
1	148936096	149069608	1	154668956	154816789	0d0887
8	42966448	43092062	8	43449784	43574881	ad2793
5	21571446	21593801	5	22115255	22138579	7201a8
1	198202236	198243518	1	208065466	208115889	0d0887
2	191945511	192002093	2	93162866	93238646	2e0595
14	14408711	14503783	14	3061226	3171917	f58b47
4	22456142	22582721	4	23021031	23134452	5c01a6
1	270038753	270125470	1	280735417	280821458	0d0887
1	126070166	126166134	1	131644980	131709826	0d0887
14	5859568	5915779	14	14017908	14081600	f58b47
1	310054045	310226185	1	320586776	320742446	0d0887
7	41879020	42009147	7	48709250	48814864	9c179e
5	24709095	24743371	5	25495725	25533124	7201a8
1	239740195	239799764	1	249656660	249709206	0d0887
3	64068408	64111453	3	69073046	69111175	46039f
3	65933528	65979642	3	71053314	71099088	46039f
2	47369246	47409108	2	241922686	241978937	2e0595
3	197899120	197959211	3	210307379	210356303	46039f
2	198317496	198392263	2	86701062	86773872	2e0595
5	77784247	77837529	5	85721053	85738753	7201a8
12	11705357	11955692	12	10050167	10388051	e3685f
1	40467695	40605557	1	45120592	45252079	0d0887
16	10002106	10041753	15	12846878	12924078	fdb42f
3	153841800	153945808	3	163103488	163229434	46039f
13	13692774	13730122	11	5119002	5160843	ed7953
8	55648999	55715066	8	58039923	58096876	ad2793
17	7820850	7849822	17	2682090	2715688	fdca26
1	227650323	227674007	1	237532173	237554562	0d0887
1	55495909	55568752	1	60407593	60477097	0d0887
17	1875274	1969990	17	12067568	12175175	fdca26
1	337045295	337197606	1	350457518	350623829	0d0887
2	152269843	152317762	2	133785339	133831883	2e0595
1	173115847	173225833	1	180824292	181035265	0d0887
7	88785669	88883444	7	6405783	6503512	9c179e
1	226244444	226301853	1	236198679	236244497	0d0887
7	30649792	30742536	7	59001089	59088604	9c179e
16	13020831	13048086	15	17148352	17177647	fdb42f
1	254251440	254273160	1	264319928	264342260	0d0887
1	340441203	340457170	4	149723054	149739145	0d0887
7	15905138	16030611	7	74457604	74577318	9c179e
1	63230614	63248112	1	68248885	68276556	0d0887
1	139247389	139332755	1	145029350	145069729	0d0887
15	14731807	14746046	13	9223467	9249021	fb9f3a
5	52903400	52945682	5	53155160	53210987	7201a8
4	19829077	19898892	4	20183943	20272770	5c01a6
1	143309865	143409578	1	148960210	149062350	0d0887
2	90211784	90306194	2	199935039	200026962	2e0595
16	8925450	9028643	15	11336082	11478737	fdb42f
2	103475212	103503025	2	186582895	186596223	2e0595
4	57144996	57220345	4	67324135	67559564	5c01a6
6	85593186	85678509	6	22612853	22700622	8808a6
2	243389519	243490749	2	40283675	40389045	2e0595
16	11856908	11882451	15	15837678	15869356	fdb42f
1	333403470	333571816	1	346716506	346891708	0d0887
7	29771975	29948810	7	59712934	59879186	9c179e
14	1843998	1869919	14	19343324	19378464	f58b47
1	270326380	270370401	1	281056348	281097273	0d0887
5	38723730	38762385	5	39384267	39424927	7201a8
1	17345116	17409434	1	20995005	21132255	0d0887
1	276478812	276524718	1	287239972	287285223	0d0887
16	10138522	10204439	15	13085810	13189740	fdb42f
1	217716540	217754577	1	227491542	227531309	0d0887
1	273477741	273804175	1	284259825	284587395	0d0887
6	30925131	30997296	6	73041422	73114577	8808a6
2	67273630	67354026	2	221809346	221887634	2e0595
8	41225517	41275540	8	41888555	41933136	ad2793
15	4578186	4642046	13	21520617	21598523	fb9f3a
2	156393146	156424112	2	129554389	129583936	2e0595
1	71974059	72090517	1	77038870	77103861	0d0887
6	89352107	89457309	6	4514823	4861372	8808a6
3	87273107	87430496	3	93493940	93668235	46039f
8	21681298	21700178	8	22893519	22915073	ad2793
5	119878978	119912385	5	124561881	124593542	7201a8
7	31477671	31525503	7	58228029	58251087	9c179e
1	41301800	41347926	1	45997761	46040171	0d0887
4	93612604	93700625	4	101745926	101829650	5c01a6
6	97386734	97463640	6	13534841	13671320	8808a6
1	130705502	130730074	1	136268929	136297654	0d0887
14	10099259	10150034	14	8534987	8592493	f58b47
1	39647603	39686272	1	44446876	44483311	0d0887
6	70123998	70172573	6	35425691	35471133	8808a6
2	158407906	158505750	2	127491815	127602152	2e0595
2	100057344	100092342	2	190001525	190030272	2e0595
15	6795598	6816406	13	879083	906002	fb9f3a
1	116661377	116673484	1	121859531	121872596	0d0887
2	217968864	218317612	2	66729466	67056048	2e0595
14	14554076	14601311	14	2961816	3006839	f58b47
1	65642528	65680170	1	70734654	70768077	0d0887
1	277621622	277638293	1	288349716	288367463	0d0887
10	16434487	16447306	10	10262962	10274257	cc4778
2	84884676	84975111	2	204979362	205045637	2e0595
15	1758966	1793963	13	16062105	16148644	fb9f3a
7	21239400	21296110	7	68501554	68567553	9c179e
2	155944757	155999368	2	129965257	130022594	2e0595
1	265601318	265694508	1	276113036	276203540	0d0887
7	89923509	89977359	7	7727765	7777807	9c179e
3	57057604	57110484	3	61663907	61721895	46039f
7	46611936	46651584	7	45127540	45171752	9c179e
5	85860881	85961163	5	89623494	89700681	7201a8
14	16075595	16123807	14	1414132	1462269	f58b47
19	5983239	6019948	18	8344593	8379717	f0f921
8	75119664	75143890	8	78327196	78358206	ad2793
17	10092750	10111182	17	1151245	1182035	fdca26
3	25696020	25727393	3	29190122	29222473	46039f
1	18148351	18207975	1	21858661	21924278	0d0887
1	286115006	286261800	1	296950573	297092990	0d0887
8	74273556	74304933	8	77316261	77356177	ad2793
1	116303632	116347770	1	121479548	121526445	0d0887
14	6397046	6421387	14	13350987	13390234	f58b47
13	474334	546105	11	24727585	24767641	ed7953
1	339620078	339678289	4	150374298	150408739	0d0887
2	199267891	199304830	2	85774198	85810991	2e0595
1	340401255	340412468	4	149773571	149785226	0d0887
14	8248162	8293241	14	10895371	10948624	f58b47
1	13668449	13726046	1	16795592	16853159	0d0887
3	152339458	152404353	3	161519406	161597583	46039f
5	8042920	8068159	5	7206493	7229240	7201a8
2	133124550	133156532	2	147516826	147543660	2e0595
12	4882637	4944016	12	19551676	19592079	e3685f
14	9854934	9888403	14	8839403	8877178	f58b47
7	16305383	16355037	7	74071768	74123020	9c179e
3	114830030	114916385	3	122218585	122309283	46039f
5	109376910	109521772	5	112808318	112969081	7201a8
1	255446735	255500403	1	265598673	265655008	0d0887
1	268763022	268834137	1	279406994	279481365	0d0887
2	206213535	206273600	2	78856687	78908714	2e0595
8	60638174	60798671	8	62260090	62376938	ad2793
5	36410076	36467420	5	36941896	37002656	7201a8
1	71525710	71607930	1	76538851	76618013	0d0887
1	62339399	62392219	1	67362558	67409238	0d0887
7	52747782	52867614	7	42067677	42131296	9c179e
1	272654955	272721331	1	283352410	283415810	0d0887
1	166157898	166199410	1	172152362	172200822	0d0887
6	31417461	31463732	6	72570608	72612532	8808a6
17	9549693	9575015	17	2161087	2200393	fdca26
3	152262743	152301892	3	161428720	161472673	46039f
1	64641729	64776176	1	69717297	69846432	0d0887
1	332636091	332794298	1	345979432	346120386	0d0887
19	241781	256145	18	274484	286389	f0f921
2	11596379	11609758	2	2712651	2727578	2e0595
3	49301918	49375407	3	53487458	53575293	46039f
3	142593126	142633794	3	151353470	151394289	46039f
3	66422137	66495018	3	71406449	71482617	46039f
5	70801597	70858812	5	81271844	81300202	7201a8
17	4936784	5003635	17	8113849	8123942	fdca26
1	238870745	238912380	1	248795912	248869053	0d0887
15	1857484	1871877	13	16296347	16327711	fb9f3a
5	50690613	50767089	5	50950611	51030498	7201a8
3	180826430	180940954	3	191133863	191255477	46039f
1	176836776	176918133	1	187395273	187476572	0d0887
3	123249956	123295873	3	131177869	131227804	46039f
5	67763398	67802533	5	78527098	78570859	7201a8
3	39113724	39157371	3	43179099	43228495	46039f
1	53694873	53742432	1	58521947	58569373	0d0887
5	51303523	51358748	5	51568549	51615581	7201a8
1	262199614	262249198	1	272511618	272558358	0d0887
5	91215382	91237293	5	94061945	94089164	7201a8
14	220670	238661	14	21210400	21228579	f58b47
16	1772462	1839689	15	1379184	1427530	fdb42f
2	95579626	95619839	2	194314360	194351550	2e0595
3	130717001	130760659	3	139036861	139084876	46039f
4	90938011	90962116	4	99056032	99091581	5c01a6
5	5528377	5604304	5	4667911	4720365	7201a8
6	69893270	69897716	6	35679499	35683927	8808a6
1	288140427	288174228	1	298936442	298976332	0d0887
8	66446636	66703663	8	68288553	68598972	ad2793
15	11631271	11661660	13	6221328	6256320	fb9f3a
8	25544782	25586932	8	26910062	26950562	ad2793
1	257459716	257510039	1	267684287	267730665	0d0887
6	43290076	43341584	6	61186995	61234614	8808a6
16	6745275	6768804	15	7872426	7911881	fdb42f
2	31532027	31598392	2	257837945	257898321	2e0595
7	65935264	66036415	7	27784816	27888130	9c179e
10	5047427	5106248	10	20401812	20436729	cc4778
11	22591404	22598268	9	9059284	9065712	d8576b
1	55155058	55168832	1	60058458	60072698	0d0887
8	76739548	76786316	8	80181964	80236920	ad2793
1	221445330	221488744	1	231244989	231289529	0d0887
1	277656680	277685325	1	288382372	288408877	0d0887
5	122421188	122467925	5	126997924	127032652	7201a8
3	169968203	170016443	3	179577029	179626587	46039f
2	203692098	203727305	2	81457130	81493620	2e0595
1	159387198	159481033	1	165436526	165535644	0d0887
2	243252377	243294448	2	40502868	40542564	2e0595
7	88174371	88409672	7	5708337	5970635	9c179e
2	194020657	194049214	2	91033866	91065942	2e0595
12	8498031	8517940	12	14676690	14703598	e3685f
11	17532655	17569365	9	2944620	3007206	d8576b
7	56448764	56508055	7	38323646	38401353	9c179e
4	87252174	87311993	4	95295627	95361208	5c01a6
17	3356830	3388473	17	9733078	9778384	fdca26
5	26598873	26708861	5	27421487	27526901	7201a8
1	296534198	296569541	1	307363767	307408113	0d0887
7	37143476	37191008	7	53096912	53151612	9c179e
3	33815248	33870085	3	37595484	37649819	46039f
14	4705538	4723856	14	15569522	15592396	f58b47
4	5290407	5335474	4	4546286	4598299	5c01a6
1	260910412	260955704	1	271301751	271353080	0d0887
1	212036948	212125948	1	221601270	221673083	0d0887
3	63498087	63531695	3	68414864	68443565	46039f
1	222821071	222886448	1	232706966	232791332	0d0887
2	235291097	235552557	2	49031630	49298779	2e0595
13	18053883	18076417	11	742722	767005	ed7953
6	37761343	37834443	6	66391506	66465645	8808a6
15	14152287	14166274	13	8639406	8650258	fb9f3a
1	137800680	137829527	1	143564581	143601918	0d0887
1	64357789	64413404	1	69389187	69444217	0d0887
13	18324394	18342253	11	479823	498184	ed7953
2	9338111	9358535	2	424127	444921	2e0595
1	170590766	170751966	1	176631001	176826458	0d0887
1	114341305	114376522	1	119452289	119487611	0d0887
2	69157800	69205702	2	219908404	219955523	2e0595
1	59090684	59137284	1	64121422	64160459	0d0887
2	203790679	203816443	2	81353319	81381143	2e0595
1	323234194	323353163	1	335060665	335191530	0d0887
8	36952098	36993073	8	37727208	37764455	ad2793
10	6545356	6594373	10	18629333	18686918	cc4778
5	58731851	58784444	5	60455680	60564580	7201a8
7	14501130	14527304	7	76103843	76129017	9c179e
3	7944295	8038861	3	8223314	8345769	46039f
1	226703011	226743012	1	236654320	236694251	0d0887
1	92879617	92922599	1	98030444	98072331	0d0887
2	199901084	199946125	2	85127715	85170057	2e0595
1	62899545	62916979	1	67931820	67951160	0d0887
7	65511714	65600287	7	28226444	28320465	9c179e
2	97487021	97514881	2	192398636	192422301	2e0595
2	141510596	141569048	2	144432240	144490066	2e0595
1	296633681	296728182	1	307475321	307576241	0d0887
3	120154147	120199347	3	127826700	127870089	46039f
1	299037803	299126962	1	309921293	310008450	0d0887
16	5011379	5053912	15	5488930	5541175	fdb42f
1	179138712	179176680	1	189306727	189337107	0d0887
14	7308527	7343068	14	12123173	12167050	f58b47
4	51608750	51641624	4	55809018	55862049	5c01a6
15	1899943	2021609	13	16426408	16657793	fb9f3a
2	190077598	190154079	2	94994671	95073020	2e0595
2	155294036	155338081	2	130643512	130691020	2e0595
1	211828633	211922561	1	221394667	221491119	0d0887
1	256613682	256721885	1	266811449	266930924	0d0887
15	7337377	7389348	13	1572690	1647314	fb9f3a
1	249005722	249048972	1	259193774	259247863	0d0887
2	148811305	149196028	2	136502380	136922266	2e0595
1	225929935	225969758	1	235853883	235891307	0d0887
2	67452584	67521925	2	221639987	221660056	2e0595
8	74792764	74835711	8	77986531	78034243	ad2793
1	164234628	164261118	1	170138149	170156753	0d0887
11	15300587	15321220	9	32280385	32309125	d8576b
14	7214832	7264790	14	12229971	12289466	f58b47
3	71242012	71354018	3	76884749	76997292	46039f
8	67712144	67766246	8	69490020	69558252	ad2793
1	146563261	146611757	1	152256523	152294530	0d0887
19	5532872	5559813	18	5342185	5371798	f0f921
1	65842572	65871978	1	70921251	70953961	0d0887
5	100158559	100311027	5	102588470	102759981	7201a8
3	44699290	44918746	3	48868274	49101120	46039f
1	116607547	116631639	1	121805657	121831387	0d0887
5	23250637	23350957	5	23993703	24110352	7201a8
1	302623759	302655942	1	313497508	313522692	0d0887
1	17650518	17720537	1	21285234	21358826	0d0887
14	719665	740263	14	20689934	20711660	f58b47
4	23612693	23640751	4	24143028	24180797	5c01a6
1	26592420	26654162	1	31127306	31189301	0d0887
2	190353589	190376469	2	94759813	94784785	2e0595
3	147386754	147437623	3	156459177	156510808	46039f
7	31115328	31158679	7	58575574	58592024	9c179e
11	11963727	12054570	9	27678407	27777080	d8576b
2	182712477	182757954	2	102396492	102443247	2e0595
15	3377859	3431258	13	19381160	19473567	fb9f3a
3	58309119	58314897	3	63034219	63040068	46039f
1	269844171	269908809	1	280537648	280594451	0d0887
19	4629440	4672443	18	6440033	6497779	f0f921
6	36540287	36567047	6	67627940	67651044	8808a6
1	259388280	259411447	1	269692939	269721790	0d0887
2	199769794	199872773	2	85193857	85284934	2e0595
13	13059948	13078794	11	5773161	5794256	ed7953
15	6517800	6546048	13	529793	559749	fb9f3a
6	43150111	43198579	6	61322534	61374242	8808a6
4	84273448	84317475	4	92689456	92729610	5c01a6
4	20123778	20131399	4	20497695	20505015	5c01a6
6	45583401	45606589	6	59020055	59044377	8808a6
1	284215054	284224877	1	295045236	295053602	0d0887
15	16761366	16777795	13	11328185	11345373	fb9f3a
15	11707112	11727607	13	6306964	6327163	fb9f3a
6	22656842	22694996	6	81654275	81694413	8808a6
18	9160510	9165550	16	614278	620777	f8e125
3	161020942	161073502	3	170389469	170448506	46039f
3	45471755	45503488	3	49686488	49712374	46039f
19	6412945	6477042	18	8913163	8995514	f0f921
8	48589652	48660041	8	48728120	48783858	ad2793
6	52093880	52121137	6	52704755	52728604	8808a6
3	56826965	56898702	3	61457772	61518852	46039f
1	285975811	286023115	1	296836518	296882594	0d0887
3	177449269	177543844	3	187457417	187568452	46039f
6	42554280	42646994	6	61885656	61974147	8808a6
4	90968442	90998753	4	99100235	99133196	5c01a6
1	270442240	270521068	1	281176560	281255546	0d0887
6	37963864	37993682	6	66235113	66265031	8808a6
13	3419802	3466320	11	17845172	17924452	ed7953
5	99248350	99300338	5	101690638	101752211	7201a8
1	114613967	114655901	1	119711141	119750403	0d0887
1	326092131	326181486	1	338392058	338498406	0d0887
3	91976442	92185402	3	100026115	100131000	46039f
5	86572881	86627955	5	90161201	90199408	7201a8
2	176341799	176368796	2	108912901	108941210	2e0595
1	250866748	250943357	1	261023388	261098011	0d0887
6	254736	281183	6	105375558	105398773	8808a6
3	136578647	136663095	3	145025316	145112774	46039f
5	57009854	57040207	5	57532671	57560460	7201a8
1	65894818	65952585	1	70976667	71029525	0d0887
3	165989207	166012035	3	175573025	175600364	46039f
3	62739178	62843728	3	67618942	67736046	46039f
4	78522802	78869637	4	88258140	88387764	5c01a6
5	122762927	122769705	5	127415688	127423231	7201a8
8	38897809	38919812	8	39588852	39614582	ad2793
3	9518619	9636007	3	10306204	10428597	46039f
4	22196146	22239206	4	22758919	22794071	5c01a6
13	12106485	12265297	11	6493163	6666948	ed7953
8	24695495	24718111	8	26077169	26096427	ad2793
1	157045668	157107335	1	163075302	163136104	0d0887
4	131285596	131325384	4	145874333	145919411	5c01a6
18	1007273	1053613	16	12810214	12867110	f8e125
12	15740445	15919202	12	5432353	5541017	e3685f
7	21399659	21476818	7	68295276	68387533	9c179e
3	42347327	42398999	3	46408884	46458867	46039f
2	228443966	228530724	2	56427068	56532471	2e0595
3	52982617	52986250	3	57394130	57397763	46039f
13	390293	420483	11	24972854	25013012	ed7953
1	135477797	135520808	1	141260111	141305621	0d0887
5	86517313	86569499	5	90136594	90158944	7201a8
3	34738913	34747905	3	38547754	38557164	46039f
15	1336079	1354237	13	12213180	12321682	fb9f3a
6	42747753	42832878	6	61683772	61766433	8808a6
6	48970621	49005507	6	55670486	55706885	8808a6
1	337986849	338039904	1	351354263	351408054	0d0887
4	84333065	84462595	4	92742587	92855976	5c01a6
14	4661495	4685591	14	15612435	15642476	f58b47
1	331136396	331210844	1	344314372	344389872	0d0887
6	10988868	11055278	6	94581306	94640597	8808a6
3	70184883	70231912	3	75788270	75837472	46039f
8	44586934	44675788	8	45070038	45227019	ad2793
6	93129308	93183623	6	9341389	9380379	8808a6
7	75934480	75979747	7	20448169	20484082	9c179e
1	142742239	142855468	1	148537947	148637588	0d0887
1	277887252	277932505	1	288616179	288654030	0d0887
2	160533564	160681251	2	125166385	125310880	2e0595
1	183698300	183978040	1	192906613	193178343	0d0887
1	291813352	291889328	1	302605029	302676491	0d0887
1	154693946	154798106	1	160655064	160692805	0d0887
2	189233669	189514460	2	95652826	95929838	2e0595
8	23358941	23390731	8	24663531	24689566	ad2793
1	42905937	42946244	1	47806429	47844962	0d0887
2	98330260	98352873	2	191588672	191609781	2e0595
1	27644084	27661116	1	32206773	32225472	0d0887
1	200561649	200596682	1	210335541	210363618	0d0887
1	330850821	330895787	1	344002050	344050276	0d0887
1	266503929	266547698	1	277031921	277074155	0d0887
5	55628572	55661714	5	56028118	56056703	7201a8
7	62911398	62963516	7	31882346	31936505	9c179e
6	89930570	89980070	6	5694353	5733808	8808a6
5	40154817	40229061	5	40631010	40719524	7201a8
7	75905235	75908736	7	20504034	20507535	9c179e
14	6269487	6298685	14	13530175	13566445	f58b47
3	105745030	105797379	3	113327271	113387931	46039f
3	152980872	153007086	3	162177567	162204655	46039f
5	31395215	31420786	5	32222829	32243363	7201a8
2	157084301	157111087	2	128947637	128974560	2e0595
15	16934840	17038921	13	11470875	11513650	fb9f3a
8	6900984	7043115	8	6923812	7054469	ad2793
1	216257284	216305951	1	225971268	226004718	0d0887
1	294083175	294103082	1	304942694	304966951	0d0887
11	21320332	21342767	9	7908346	7929835	d8576b
11	15261459	15294596	9	32224847	32271452	d8576b
5	45901162	45904639	5	46350911	46354394	7201a8
2	182360134	182389908	2	102774154	102809016	2e0595
2	66899867	66927113	2	222223851	222252060	2e0595
4	131357993	131385499	4	145969158	146027776	5c01a6
1	100421757	100464644	1	105425388	105477555	0d0887
4	19487277	19532078	4	19874344	19900180	5c01a6
3	13820501	13854005	3	15447143	15487020	46039f
1	113180726	113251416	1	118337580	118406058	0d0887
3	136134953	136176735	3	144629137	144683266	46039f
1	13757420	13812830	1	16893184	16944046	0d0887
1	323748761	323798676	1	335631810	335678887	0d0887
3	155404606	155520328	3	164792189	164924681	46039f
4	61577987	61622891	4	77389094	77444978	5c01a6
1	109788909	109814707	1	114982893	115008645	0d0887
5	39233154	39241767	5	39874889	39884144	7201a8
7	168010	169810	7	91014506	91016233	9c179e
14	2568319	2597280	14	18374169	18415406	f58b47
7	51694396	51773957	7	42371955	42484935	9c179e
1	114668450	114696496	1	119764146	119794026	0d0887
6	56361559	56409865	6	48601699	48641869	8808a6
3	124278032	124301650	3	132244474	132266515	46039f
12	20339340	20432523	12	196991	272553	e3685f
6	16945176	17070086	6	87841858	87976711	8808a6
12	2127838	2147551	12	23062455	23093065	e3685f
3	105944458	105994158	3	113521489	113568652	46039f
4	12758044	12860455	4	12582509	12632976	5c01a6
6	98994434	99039920	6	10315440	10392809	8808a6
3	101673636	101814059	3	109083386	109227501	46039f
7	21934189	21984017	7	67722839	67787623	9c179e
1	257081025	257095445	1	267311655	267326223	0d0887
14	9817803	9859925	14	8886488	8917666	f58b47
6	62235133	62271068	6	43041002	43067992	8808a6
3	165722871	165823291	3	175264502	175386825	46039f
8	44416689	44449583	8	44907750	44942001	ad2793
14	5001756	5071889	14	15169267	15203258	f58b47
1	98860299	98894814	1	103837877	103871835	0d0887
7	23607724	23671416	7	65837746	65913288	9c179e
3	11628522	11738446	3	12798940	12915439	46039f
5	20901514	20947084	5	21403526	21448612	7201a8
2	200499394	200582071	2	84515304	84581847	2e0595
19	346734	353632	18	355866	367251	f0f921
8	25803465	25835695	8	27174629	27215478	ad2793
15	9309410	9354641	13	3867546	3915263	fb9f3a
1	11941280	11972529	1	14854063	14901214	0d0887
1	90344169	90441576	1	95431502	95532522	0d0887
1	25181596	25214292	1	29601620	29633411	0d0887
8	31454788	31462344	8	32756192	32764128	ad2793
2	79989101	80052621	2	209108822	209159693	2e0595
1	95107043	95180475	1	100125466	100200096	0d0887
2	155344224	155435561	2	130528741	130637326	2e0595
8	66913314	66941797	8	68826629	68856560	ad2793
2	52516907	52528520	2	236755251	236768446	2e0595
14	13558291	13599575	14	4134024	4181777	f58b47
1	300028831	300051069	1	310907842	310931129	0d0887
2	140628795	140681990	2	145336576	145396703	2e0595
5	87427724	87474421	5	90741325	90769535	7201a8
3	89622	98181	3	41672	50621	46039f
1	40663527	40702694	1	45306382	45348377	0d0887
2	20104226	20162689	2	270474301	270540898	2e0595
2	172950529	173058112	2	112362388	112464218	2e0595
10	16367918	16376729	10	10338511	10348726	cc4778
2	242936708	242966346	2	40851336	40876945	2e0595
10	6036331	6087106	10	19211667	19270940	cc4778
16	1458758	1512663	15	1039482	1086736	fdb42f
15	3512100	3519644	13	19643916	19656734	fb9f3a
3	183104886	183112716	3	193521320	193529078	46039f
12	5881391	5931910	12	18208740	18269513	e3685f
5	50931435	50966316	5	51189854	51232388	7201a8
11	20986969	21142747	9	7522598	7705064	d8576b
13	3390946	3415351	11	17938015	17992125	ed7953
1	164602503	164652134	1	170495219	170546918	0d0887
6	95976941	96021746	6	16526271	16579338	8808a6
3	59490873	59533755	3	64213462	64253520	46039f
5	30512808	30544920	5	31391925	31426435	7201a8
8	76924163	76973335	8	80408239	80444752	ad2793
8	38784572	38819842	8	39479304	39502643	ad2793
1	174334334	174508676	1	181958458	182281413	0d0887
12	3685720	3707009	12	21120220	21139543	e3685f
7	49393193	49559980	7	43393010	43476288	9c179e
7	20547078	20581194	7	69284163	69323070	9c179e
6	90419595	90554253	6	6247072	6351244	8808a6
1	115839301	115861107	1	120992004	121009141	0d0887
4	89764301	89805546	4	97886849	97929103	5c01a6
16	7562846	7588990	15	9102998	9132054	fdb42f
2	148262245	148349717	2	137409443	137489487	2e0595
5	24202809	24214412	5	24958291	24972738	7201a8
2	193955195	193997336	2	91086184	91125984	2e0595
1	130509289	130565585	1	136081769	136137407	0d0887
6	42088511	42109820	6	62378345	62399747	8808a6
14	8739736	8782728	14	10268933	10324793	f58b47
7	89495486	89513516	7	7225172	7251128	9c179e
1	21034332	21059657	1	24970319	24976580	0d0887
1	200826653	200868823	1	210539175	210575304	0d0887
1	130610177	130673335	1	136177271	136234825	0d0887
1	333579236	333628440	1	346903662	346948471	0d0887
8	28915151	28948715	8	30222416	30251829	ad2793
1	300734952	300763457	1	311571007	311612015	0d0887
6	27562791	27589588	6	76437354	76460785	8808a6
15	10891677	10907414	13	5475238	5493586	fb9f3a
1	89920934	89970006	1	94979512	95028134	0d0887
14	8534423	8555709	14	10571110	10594976	f58b47
4	22319448	22368926	4	22869352	22915160	5c01a6
1	123425656	123603183	1	129003752	129202579	0d0887
13	11353677	11472934	11	7335445	7434626	ed7953
4	73178136	73372373	4	86518658	86595140	5c01a6
2	190458598	190502516	2	94635398	94690264	2e0595
19	1735681	1814915	18	2629604	2652376	f0f921
1	294318319	294331890	1	305153353	305165305	0d0887
3	201472379	201503814	3	213735552	213755551	46039f
1	140049299	140126528	1	145677105	145756283	0d0887
6	89861023	89911025	6	5600981	5652633	8808a6
13	435757	451231	11	24911667	24946869	ed7953
2	232767532	232786603	2	51991279	52007780	2e0595
19	6134582	6155279	18	8528898	8553442	f0f921
16	3961097	3993406	15	4090765	4130866	fdb42f
3	14648598	14678471	3	16389143	16434797	46039f
15	678565	715507	13	14039924	14099729	fb9f3a
12	7948396	8059519	12	15313978	15456060	e3685f
1	299302832	299335169	1	310170812	310200078	0d0887
15	5191455	5400849	13	22472905	22800562	fb9f3a
3	56181601	56184787	3	60806905	60810088	46039f
2	11302081	11313147	2	2442513	2452510	2e0595
3	183724567	183730970	3	194274484	194284686	46039f
11	22717112	22731704	9	9180062	9194462	d8576b
4	10720246	10751018	4	10289831	10321317	5c01a6
3	184776439	184786795	3	195482933	195491054	46039f
16	4137511	4280573	15	4343661	4541218	fdb42f
1	292575819	292667255	1	303367536	303473634	0d0887
3	59602784	59626835	3	64328228	64353749	46039f
5	55718750	55721930	5	56120768	56123942	7201a8
3	59049955	59059932	3	63761485	63773695	46039f
13	2218249	2238089	11	20299483	20359441	ed7953
1	267928775	267953202	1	278566798	278598158	0d0887
2	229844903	230056863	2	54877145	55112697	2e0595
2	101041721	101072046	2	188979348	189017471	2e0595
13	8726782	8758868	11	10292756	10332414	ed7953
4	81860935	81884704	4	90756411	90775611	5c01a6
14	8178794	8200375	14	11015003	11039357	f58b47
2	220716134	220813398	2	64387570	64503553	2e0595
5	32351975	32382292	5	33148520	33180545	7201a8
2	155798704	155864653	2	130102329	130170187	2e0595
6	10677155	10854898	6	94779787	94990423	8808a6
1	335909821	335912974	1	349253010	349256160	0d0887
7	9117484	9211114	7	82097786	82184696	9c179e
8	29579720	29600157	8	30848620	30864924	ad2793
1	40986552	41040908	1	45662758	45736585	0d0887
8	9406373	9455867	8	9532257	9566425	ad2793
4	42642534	42727973	4	44183677	44319391	5c01a6
6	45536726	45556253	6	59072340	59094824	8808a6
1	22987767	23018835	1	27146216	27173440	0d0887
5	32435312	32450522	5	33236589	33254154	7201a8
1	223755001	223848508	1	233673482	233752946	0d0887
1	79303073	79306214	1	84242381	84245519	0d0887
5	120687296	120757748	5	125360235	125415907	7201a8
16	5628984	5701990	15	6445964	6541395	fdb42f
4	27691706	27825097	4	28334090	28495685	5c01a6
2	234696683	234772079	2	49878381	49959235	2e0595
19	4515649	4538096	18	6627993	6659258	f0f921
2	156133189	156173887	2	129791732	129840243	2e0595
1	166537207	166605735	1	172522466	172610080	0d0887
1	274602106	274619816	1	285397377	285416488	0d0887
1	300181577	300298183	1	311069482	311131668	0d0887
8	30578286	30690404	8	31831619	31957465	ad2793
7	84389438	84550855	7	1919106	2062029	9c179e
2	155621514	155667898	2	130301639	130362857	2e0595
7	22029157	22058718	7	67631096	67668456	9c179e
1	10971505	11035747	1	13814122	13885479	0d0887
8	39044291	39111508	8	39715620	39778991	ad2793
3	169179173	169208448	3	178833944	178859875	46039f
5	97053634	97078659	5	99463754	99486993	7201a8
3	159004280	159030514	3	168513496	168536467	46039f
17	9279253	9292979	17	4529740	4547114	fdca26
6	42975125	43002411	6	61519902	61543178	8808a6
2	207561962	207615795	2	77470779	77521416	2e0595
1	155509294	155557402	1	161372195	161420721	0d0887
3	137659573	137686690	3	146112672	146143857	46039f
13	1397056	1423940	11	22560778	22614480	ed7953
3	103681867	103718112	3	110864893	110900202	46039f
15	15609965	15621999	13	10191130	10202478	fb9f3a
5	112851631	112854727	5	116871834	116874930	7201a8
1	109087253	109116937	1	114269780	114301987	0d0887
1	215471967	215499371	1	225134088	225161498	0d0887
14	578422	613969	14	20821614	20859141	f58b47
7	30407939	30452883	7	59258907	59301322	9c179e
7	24099156	24171613	7	65381613	65447614	9c179e
1	176642749	176698074	1	187188300	187240412	0d0887
2	180025322	180077273	2	105131830	105182244	2e0595
6	30143208	30175388	6	73805778	73839409	8808a6
5	88489342	88543009	5	91678079	91718728	7201a8
3	67697820	67720705	3	72813145	72830822	46039f
1	81813416	81891784	1	86807218	86895445	0d0887
5	82296412	82347616	5	87530473	87554718	7201a8
12	506307	517182	12	25086459	25099687	e3685f
5	31892847	31913769	5	32713527	32724708	7201a8
14	1094935	1104790	14	20281601	20292052	f58b47
15	16583080	16595450	13	11146949	11158340	fb9f3a
7	30838053	30882711	7	58831317	58871577	9c179e
6	93452572	93477784	6	9723715	9762722	8808a6
6	96593056	96699135	6	15132869	15303629	8808a6
5	69858617	69910122	5	80804876	80838983	7201a8
14	5701141	5713229	14	14268807	14287166	f58b47
1	17779433	17801489	1	21419245	21444946	0d0887
3	28809924	28828171	3	32488493	32507300	46039f
8	26420749	26465803	8	27822009	27869412	ad2793
6	27604072	27625672	6	76414542	76434739	8808a6
4	80151832	80276918	4	89590563	89661269	5c01a6
1	317744804	317757442	1	328757448	328773007	0d0887
5	5777442	5796329	5	4889729	4910284	7201a8
6	58253800	58279502	6	46912635	46940806	8808a6
2	146008178	146030296	2	139833353	139851449	2e0595
4	2188271	2269676	4	1968301	2031539	5c01a6
1	61112973	61125248	1	66111046	66122579	0d0887
5	20287270	20319090	5	20766491	20814821	7201a8
1	106369866	106442519	1	111605272	111676085	0d0887
7	10889647	10978043	7	80157797	80262211	9c179e
3	169849808	169880295	3	179465153	179493646	46039f
5	57047557	57062227	5	57570219	57587283	7201a8
5	24958998	24972751	5	25723682	25740820	7201a8
13	1517327	1541711	11	22249740	22326955	ed7953
6	44397276	44400195	6	60203854	60206782	8808a6
6	406632	463754	6	105215680	105268432	8808a6
1	93761448	93774546	1	98966894	98980815	0d0887
3	136793771	136824710	3	145235743	145272008	46039f
3	25506899	25527260	3	28997804	29021127	46039f
2	154450557	154504014	2	131480921	131542161	2e0595
19	4543385	4566809	18	6586906	6622790	f0f921
12	14456243	14580018	12	6647200	6843940	e3685f
7	31189914	31212813	7	58497820	58541619	9c179e
16	2000033	2023678	15	1580565	1605978	fdb42f
17	11170933	11193442	17	32440	53243	fdca26
15	8049500	8058039	13	2432044	2444650	fb9f3a
4	36452675	36543388	4	37259253	37358161	5c01a6
15	15962590	15976106	13	10551254	10564405	fb9f3a
8	44244373	44260056	8	44742538	44758581	ad2793
7	51553508	51596133	7	42527779	42561839	9c179e
2	198487399	198505395	2	86588102	86603660	2e0595
7	52942930	53031024	7	41983645	42048283	9c179e
3	21783745	21789463	3	24913169	24920729	46039f
2	149974190	149996811	2	136056886	136078575	2e0595
1	313297447	313322657	1	323746237	323771882	0d0887
4	91962449	92020931	4	100103648	100159327	5c01a6
3	196740665	196774898	3	209108916	209164550	46039f
1	184325975	184377654	1	193486688	193523105	0d0887
1	116744674	116777585	1	121946197	121983695	0d0887
3	88254233	88314594	3	94504178	94567895	46039f
4	93231538	93301803	4	101349498	101440315	5c01a6
17	9279253	9292982	17	4529740	4547117	fdca26
2	140539324	140588275	2	145413200	145502372	2e0595
1	63550054	63561275	1	68572881	68585484	0d0887
4	33458375	33592197	4	34216206	34361773	5c01a6
10	5750384	5771304	10	19597263	19634625	cc4778
5	5616879	5659217	5	4734367	4771615	7201a8
13	8414261	8432425	11	10673974	10697674	ed7953
6	48695776	48769907	6	55912908	55977232	8808a6
3	181137435	181166449	3	191478576	191502140	46039f
8	20541074	20597090	8	21645571	21708993	ad2793
2	40846012	40873029	2	248765618	248789594	2e0595
2	20003899	20070920	2	270564649	270655111	2e0595
2	190382745	190426184	2	94710968	94753250	2e0595
5	9260008	9308628	5	8506976	8561574	7201a8
5	36574361	36581601	5	37110206	37120411	7201a8
11	20286440	20297885	9	6660339	6670504	d8576b
19	4340681	4356124	18	6912778	6942656	f0f921
1	118669676	118704362	1	123933442	123969520	0d0887
2	99349228	99385045	2	190656455	190693638	2e0595
10	175048	196014	10	26433506	26455081	cc4778
5	34168019	34232791	5	34888050	34959553	7201a8
1	293043878	293093933	1	303871689	303916958	0d0887
17	92434	198258	17	13455105	13535835	fdca26
1	39451300	39497196	1	44239862	44287413	0d0887
15	13702501	13723804	13	8190943	8208176	fb9f3a
1	103085952	103136446	1	108254597	108314414	0d0887
1	130481558	130508149	1	136052845	136080726	0d0887
5	39563972	39665180	5	40218720	40292928	7201a8
1	332483509	332525805	1	345792178	345826514	0d0887
1	174200408	174225182	1	183982164	184005364	0d0887
1	85161841	85200393	1	90113906	90150343	0d0887
3	147494076	147533871	3	156565034	156600294	46039f
4	93215841	93301782	4	101349498	101440294	5c01a6
1	242063390	242075412	1	252090757	252106493	0d0887
1	246419710	246461214	1	256507672	256554427	0d0887
1	168776711	168795981	1	174743487	174762750	0d0887
1	96256258	96283671	1	101331176	101348644	0d0887
8	23785905	23829716	8	25118201	25177932	ad2793
1	200800861	200815396	1	210513447	210531623	0d0887
7	6202920	6243137	7	85163308	85207856	9c179e
4	85853986	85880373	4	93962067	93992431	5c01a6
4	50929907	50957802	4	54504583	54588570	5c01a6
13	15774006	15799794	11	2977009	3008049	ed7953
3	168352301	168472129	3	177986157	178121663	46039f
3	86919166	87003259	3	93102036	93172321	46039f
4	24547680	24592992	4	25160670	25284993	5c01a6
13	8814194	8824995	11	10217474	10228051	ed7953
5	30775772	30795526	5	31662332	31681668	7201a8
5	85569428	85595640	5	89427391	89439112	7201a8
1	310260484	310295084	1	320774907	320804697	0d0887
4	23255896	23313588	4	23761387	23800552	5c01a6
8	53201370	53238182	8	53389970	53441703	ad2793
16	12173893	12185611	15	16215774	16228307	fdb42f
1	87111173	87200807	1	92094375	92167276	0d0887
1	279703147	280021428	1	290488890	290791012	0d0887
17	3804622	3823345	17	10321363	10370044	fdca26
15	13684455	13697405	13	8169935	8186563	fb9f3a
1	236609894	236661444	1	246513460	246558815	0d0887
15	16519291	16531218	13	11085408	11096911	fb9f3a
15	11080990	11104701	13	5658682	5678135	fb9f3a
1	340342936	340382075	4	149787880	149807259	0d0887
2	101832610	101866767	2	188204546	188235566	2e0595
16	9429134	9470799	15	12003105	12081170	fdb42f
5	85999461	86093524	5	89737943	89797319	7201a8
1	284284000	284362226	1	295122470	295190959	0d0887
12	13645021	13647820	12	7914688	7917493	e3685f
19	450817	459942	18	489151	502528	f0f921
17	11070721	11097220	17	1047558	1075616	fdca26
4	86435006	86493488	4	94441887	94504886	5c01a6
1	18656041	18672354	1	22426059	22445253	0d0887
14	1089917	1093711	14	20293297	20297117	f58b47
4	88512763	88552041	4	96624740	96664394	5c01a6
8	19573014	19604134	8	20489835	20523659	ad2793
3	70267426	70321482	3	75858513	75919931	46039f
5	91929495	91932462	5	94724402	94727450	7201a8
13	8551471	8569704	11	10528095	10549508	ed7953
11	22975826	23001583	9	9432391	9460519	d8576b
12	8682132	8702781	12	14406972	14438641	e3685f
1	302657167	302693295	1	313523914	313552613	0d0887
1	168452123	168615001	1	174427317	174593014	0d0887
1	238947527	239029884	1	248876705	248949077	0d0887
4	4076299	4105335	4	3475612	3517402	5c01a6
6	49230271	49296983	6	55381053	55444043	8808a6
1	159876070	159929636	1	165926152	165965026	0d0887
4	73065416	73177551	4	86473752	86518253	5c01a6
1	87574714	87622491	1	92563514	92610704	0d0887
7	17676099	17744007	7	72413354	72495176	9c179e
5	100032497	100061378	5	102447570	102476127	7201a8
1	6139098	6179656	1	8620611	8649804	0d0887
2	25191602	25207160	2	264630068	264645181	2e0595
1	242435645	242458332	1	252582915	252610825	0d0887
3	115060351	115094897	3	122454503	122483722	46039f
3	166440949	166479246	3	176047289	176081085	46039f
3	183490588	183557734	3	193987124	194076782	46039f
12	8311466	8329312	12	14962208	14989743	e3685f
14	5975954	6031457	14	13880573	13951444	f58b47
11	15490185	15524820	9	32561877	32623753	d8576b
4	15322490	15358130	4	15356112	15407039	5c01a6
2	189779697	189792787	2	95386820	95405885	2e0595
12	18671557	18702074	12	1726340	1764985	e3685f
3	68286554	68378304	3	73469671	73557674	46039f
4	51728686	51773822	4	55986477	56087292	5c01a6
1	51609739	51624147	1	56483203	56498283	0d0887
6	36175674	36191677	6	68028449	68049464	8808a6
7	16906940	16947714	7	73334783	73384575	9c179e
6	89309700	89342504	6	17556047	17604084	8808a6
5	92597051	92626912	5	95381649	95413013	7201a8
2	100956456	100988530	2	189068715	189105929	2e0595
4	18575322	18714891	4	18940222	19103553	5c01a6
7	43973094	43993795	7	47134258	47165709	9c179e
16	1237957	1259737	15	743303	776103	fdb42f
1	251230943	251248913	1	261427348	261443931	0d0887
14	5658712	5695327	14	14293767	14345031	f58b47
15	6972432	6980370	13	1109797	1117750	fb9f3a
7	38707458	38744386	7	51624160	51644217	9c179e
12	710533	727072	12	24874994	24890528	e3685f
6	91513858	91598858	6	7278915	7364961	8808a6
1	177068372	177071099	1	187592436	187595160	0d0887
7	34217506	34242458	7	55711787	55743814	9c179e
1	90103684	90157997	1	95166298	95217316	0d0887
3	32950139	33090892	3	36711420	36713565	46039f
6	8197532	8238818	6	97693239	97730905	8808a6
4	76129734	76495785	4	87572425	87636311	5c01a6
4	60826505	60950732	4	76114469	76389458	5c01a6
1	18405884	18455044	1	22159140	22209825	0d0887
6	25624808	25649471	6	78525371	78566374	8808a6
4	54990336	55031673	4	63681110	63852662	5c01a6
1	338198137	338209208	1	351570162	351581603	0d0887
3	25950087	25979658	3	29468598	29508603	46039f
6	12224871	12250608	6	93252496	93275738	8808a6
3	113155440	113169168	3	120466576	120481340	46039f
1	46322975	46399520	1	51185961	51250230	0d0887
2	51463784	51509182	2	237826381	237872443	2e0595
8	14608345	14640294	8	15079813	15112985	ad2793
6	54221868	54247433	6	50628446	50651673	8808a6
1	25296888	25319260	1	29715116	29737428	0d0887
2	199041677	199054891	2	86024045	86036751	2e0595
17	9940432	9950621	17	1688666	1708646	fdca26
16	6777891	6794191	15	7921549	7943132	fdb42f
3	127595735	127676603	3	135760445	135824466	46039f
7	28288882	28311193	7	61294214	61318753	9c179e
1	226506770	226593069	1	236454956	236540264	0d0887
3	58531249	58636486	3	63255299	63345480	46039f
1	194735671	194762389	1	204495819	204510649	0d0887
3	131228209	131251739	3	139516012	139539680	46039f
1	237815531	237923775	1	247749328	247851657	0d0887
1	166007450	166027246	1	171993340	172013528	0d0887
2	98283771	98294110	2	191639365	191649283	2e0595
8	43286374	43297331	8	43807570	43817266	ad2793
2	214557334	214588909	2	70486850	70518803	2e0595
8	408689	495249	8	480138	558266	ad2793
3	43592045	43708570	3	47716006	47842988	46039f
1	6619161	6669861	1	9065998	9111668	0d0887
8	67458923	67512188	8	71554628	71613471	ad2793
5	103995949	103998847	5	106853619	106856514	7201a8
1	104279177	104304700	1	109499003	109528477	0d0887
1	274536958	274583633	1	285330491	285369128	0d0887
16	10962176	10990656	15	14394219	14434892	fdb42f
2	83765002	83807799	2	205991722	206032133	2e0595
3	17958954	17999656	3	20471978	20511416	46039f
2	199534420	199563893	2	85505249	85550712	2e0595
2	217449250	217467615	2	67507482	67602627	2e0595
2	117300540	117318630	2	169491569	169512498	2e0595
1	317541292	317572653	1	328462062	328507924	0d0887
14	1035132	1056553	14	20335659	20357539	f58b47
15	1833693	1847385	13	16222036	16266084	fb9f3a
2	32041279	32060929	2	257362809	257379739	2e0595
1	222573211	222707517	1	232244549	232589410	0d0887
12	1067825	1076293	12	24442592	24455402	e3685f
3	169626122	169628756	3	179278431	179281074	46039f
6	46390232	46429145	6	58236903	58263488	8808a6
13	1375866	1390049	11	22631790	22673562	ed7953
15	3378355	3481230	13	19405784	19570547	fb9f3a
8	74060981	74082452	8	77022921	77052101	ad2793
2	103406035	103469712	2	186601260	186669487	2e0595
4	36290662	36330321	4	37105610	37148410	5c01a6
4	31803620	31818120	4	32396484	32418900	5c01a6
8	37430172	37561672	8	38181691	38317972	ad2793
3	106546350	106574481	3	114109177	114134251	46039f
14	7822437	7854781	14	11456954	11489189	f58b47
5	15693573	15839014	5	15793958	15983591	7201a8
3	58720321	58765201	3	63452392	63492788	46039f
15	4771410	4831150	13	21832003	21927880	fb9f3a
10	11268552	11337196	10	13408791	13453567	cc4778
1	245316639	245376171	1	255376951	255468718	0d0887
2	177007178	177120913	2	108218744	108318011	2e0595
17	8039869	8052308	17	2930178	2948519	fdca26
3	132229355	132287895	3	140403835	140460384	46039f
3	127035920	127089573	3	135163034	135198169	46039f
1	50684637	50698583	1	55587820	55602847	0d0887
14	462805	471211	14	20973404	20981905	f58b47
1	40012616	40132599	1	44727536	44786219	0d0887
7	85177219	85200373	7	2649671	2675772	9c179e
8	51860702	51916594	8	51897045	51989768	ad2793
1	18367493	18382647	1	22123108	22136425	0d0887
16	4993712	5008274	15	5464987	5486746	fdb42f
4	6550271	6593361	4	5844720	5887627	5c01a6
3	14630218	14632819	3	16364578	16367173	46039f
6	93948619	93993545	6	1024223	1066709	8808a6
2	182271080	182293047	2	102876135	102898704	2e0595
1	40141480	40202995	1	44798256	44864132	0d0887
1	287659987	287721306	1	298430984	298503163	0d0887
2	195214093	195250278	2	89790677	89880480	2e0595
2	85950719	85978840	2	204175701	204205031	2e0595
11	6211361	6220420	9	18229992	18239221	d8576b
1	298349188	298403629	1	309223170	309269234	0d0887
1	164020763	164063725	1	169938235	169975746	0d0887
16	7703167	7718811	15	9275169	9298591	fdb42f
8	76568065	76592895	8	79987254	80009639	ad2793
6	54475603	54612384	6	50289306	50414821	8808a6
2	129837934	129847360	2	156434297	156442123	2e0595
14	15147651	15187395	14	2320415	2358741	f58b47
1	288101205	288103788	1	298901236	298903810	0d0887
1	68997353	69023508	1	74118145	74146994	0d0887
4	87547774	87580416	4	95590662	95630185	5c01a6
3	124890468	124893042	3	132890927	132893501	46039f
4	24020760	24196219	4	24631478	24786462	5c01a6
1	105496186	105513439	1	110689452	110705853	0d0887
5	19895648	19919032	5	20409722	20430515	7201a8
12	2730103	2732677	12	22318965	22321539	e3685f
19	7488913	7512241	18	10223455	10261560	f0f921
8	30768598	30816935	8	32032581	32061648	ad2793
3	22303381	22335008	3	25517777	25549557	46039f
2	198167013	198181937	2	86842196	86857919	2e0595
2	206464446	206555948	2	78513296	78528176	2e0595
7	48036513	48063826	7	44217696	44238607	9c179e
1	151741036	151806580	1	157490581	157522632	0d0887
1	107673959	107695012	1	112907589	112933439	0d0887
2	56394819	56418743	2	232858730	232882669	2e0595
1	16163405	16184845	1	19638586	19666230	0d0887
11	20235116	20257129	9	6587784	6617609	d8576b
1	163510085	163526771	1	169417039	169433399	0d0887
5	24341221	24362885	5	25102591	25122530	7201a8
4	37534786	37544869	4	38571909	38599782	5c01a6
14	4818117	4827115	14	15433152	15449451	f58b47
15	4843469	4908124	13	22021097	22039360	fb9f3a
8	35886256	35906676	8	36763694	36782037	ad2793
1	195374552	195384759	1	205121261	205131483	0d0887
3	46033115	46056697	3	50261636	50277171	46039f
5	13646855	13677363	5	13243810	13283435	7201a8
6	47508441	47560686	6	57127352	57187167	8808a6
1	302318657	302389417	1	313170633	313245011	0d0887
2	153958436	154014237	2	132039976	132072730	2e0595
3	10731146	10909995	3	11717234	11905250	46039f
4	26575	46561	4	27123	54250	5c01a6
13	11714072	11723284	11	7068161	7080873	ed7953
16	11094973	11105498	15	14897472	14910284	fdb42f
6	4613566	4711673	6	100889484	100997208	8808a6
4	90493366	90545489	4	98635231	98671573	5c01a6
6	27039371	27082326	6	76963087	76992762	8808a6
7	13766859	13801584	7	76801135	76928735	9c179e
2	12093136	12107872	2	2982875	2991467	2e0595
2	212328001	212439163	2	72742656	72857650	2e0595
2	30425345	30465865	2	258934365	258964338	2e0595
6	67181465	67243493	6	38412643	38468365	8808a6
1	279364270	279399877	1	290151565	290187789	0d0887
7	6332775	6481577	7	84890845	85061024	9c179e
7	21186477	21217275	7	68586223	68631355	9c179e
2	215173939	215264053	2	69863609	69949534	2e0595
6	88106031	88141747	6	19286076	19328635	8808a6
13	1842561	1855971	11	21399624	21448198	ed7953
3	82025879	82071402	3	88063971	88099617	46039f
19	1426642	1437522	18	2134579	2150727	f0f921
2	21106444	21129370	2	269206385	269245018	2e0595
5	105016344	105018867	5	107926831	107929354	7201a8
1	115753136	115799004	1	120911874	120950808	0d0887
5	32463054	32479811	5	33266148	33279243	7201a8
17	379482	468879	17	13181405	13285696	fdca26
3	41973738	42017682	3	46013897	46073361	46039f
5	69112721	69122002	5	80165454	80173204	7201a8
1	63078687	63114592	1	68122690	68155187	0d0887
13	18730071	18745642	11	90763	104288	ed7953
4	53637819	53652169	4	60282934	60308122	5c01a6
4	95176195	95226825	4	103327299	103383203	5c01a6
17	5699679	5705478	17	7199819	7209100	fdca26
2	199004552	199024977	2	86056159	86076036	2e0595
1	23957571	23994732	1	28227968	28272810	0d0887
8	35832137	35864093	8	36710516	36741030	ad2793
2	156087984	156121126	2	129852436	129877807	2e0595
7	40977993	41107856	7	49516703	49624966	9c179e
16	12848617	12853599	15	16954295	16959262	fdb42f
19	5347758	5362868	18	5572958	5594962	f0f921
1	65501385	65525222	1	70598740	70624119	0d0887
1	64493247	64546650	1	69549775	69612612	0d0887
13	15858817	15876415	11	2899241	2917644	ed7953
12	14782046	14794669	12	6455032	6470504	e3685f
14	2517303	2524944	14	18477514	18491006	f58b47
14	3919063	3946017	14	16586265	16612739	f58b47
2	142578060	142623645	2	143368705	143417146	2e0595
6	24188386	24292386	6	79991476	80122999	8808a6
3	14716784	14719184	3	16473205	16475599	46039f
4	54832468	54884122	4	63209373	63325506	5c01a6
13	8499997	8513921	11	10590357	10606214	ed7953
1	242493410	242529914	1	252654140	252693888	0d0887
1	278845073	278878385	1	289572289	289616229	0d0887
1	318862190	318907731	1	330053154	330099824	0d0887
1	149186625	149212937	1	154932822	154955599	0d0887
1	48995712	49030159	1	53856699	53896004	0d0887
1	99672147	99714640	1	104653339	104687404	0d0887
4	15247752	15320366	4	15270897	15352848	5c01a6
6	52941382	52969338	6	51898081	51925637	8808a6
2	140903549	140943209	2	145076195	145115531	2e0595
1	250796316	250831360	1	260952867	260987454	0d0887
11	15344429	15362792	9	32345625	32374528	d8576b
7	13303961	13372968	7	77369104	77460568	9c179e
1	237650734	237663057	1	247563645	247575898	0d0887
2	105233991	105311649	2	184512116	184588044	2e0595
2	18579085	18601940	2	272148424	272177432	2e0595
3	69414086	69438341	3	74830013	74900669	46039f
1	141722764	141786135	1	147480674	147556428	0d0887
1	116782679	116810003	1	121988827	122013537	0d0887
1	229124061	229164749	1	239027774	239065922	0d0887
1	183318460	183349493	1	192536235	192591455	0d0887
3	186289204	186304781	3	197339417	197357465	46039f
6	46068338	46070786	6	58581801	58584246	8808a6
1	36624156	36639839	1	41269891	41290843	0d0887
1	233857288	233876608	1	243760119	243772968	0d0887
3	202793831	202847079	3	214850288	214899470	46039f
1	28423353	28445523	1	32969495	32990131	0d0887
11	22531101	22539181	9	9001053	9008488	d8576b
5	67377364	67424757	5	78106967	78162363	7201a8
1	233889702	233935422	1	243785723	243831392	0d0887
2	183991532	184202764	2	101127527	101197038	2e0595
1	335766239	335839158	1	349124803	349185124	0d0887
2	179321993	179365287	2	105826252	105870985	2e0595
1	37176000	37178034	1	41802786	41804805	0d0887
8	76446153	76455808	8	79852111	79862938	ad2793
5	49665274	49708802	5	49925828	49973381	7201a8
13	2723755	2794594	11	19121814	19251374	ed7953
12	601462	617229	12	24986246	25001574	e3685f
6	3595193	3724203	6	101983641	102111092	8808a6
2	46937396	46972623	2	242426180	242459356	2e0595
3	119672205	119690427	3	127298683	127332245	46039f
1	66610876	66638694	1	71630701	71660162	0d0887
3	61902946	61925328	3	66713480	66735936	46039f
14	6466388	6485693	14	13265503	13293349	f58b47
3	88189274	88232883	3	94434022	94480380	46039f
3	63047379	63058983	3	67938141	67950870	46039f
13	766846	781207	11	24235210	24259098	ed7953
1	217604610	217612034	1	227366634	227378157	0d0887
1	36410002	36470024	1	41034267	41097287	0d0887
3	64404405	64436845	3	69427674	69467981	46039f
6	2639274	2703796	6	103053838	103117680	8808a6
7	58262313	58281626	7	36564299	36591158	9c179e
15	15267835	15347089	13	9822013	9845515	fb9f3a
3	69533262	69560529	3	75116610	75151828	46039f
1	5925046	5973728	1	8412968	8463655	0d0887
2	163636166	163660163	2	122004975	122026107	2e0595
3	23582895	23604935	3	26905861	26923218	46039f
3	157716787	157734761	3	167182848	167202830	46039f
8	20598915	20647587	8	21712443	21770167	ad2793
16	9662466	9678411	15	12317579	12356011	fdb42f
8	4071589	4073980	8	3881794	3884197	ad2793
17	10070731	10077097	17	1127177	1133589	fdca26
5	65136728	65164518	5	74144488	74256601	7201a8
1	56142156	56195708	1	61050412	61097486	0d0887
7	27457170	27459582	7	62140500	62142915	9c179e
2	154830577	154864480	2	131139235	131171819	2e0595
5	91355020	91367211	5	94185083	94197716	7201a8
14	5726242	5743861	14	14237519	14253416	f58b47
1	272418100	272438404	1	283117842	283140801	0d0887
12	10072732	10086824	12	12619306	12633659	e3685f
11	22470078	22479205	9	8946711	8956632	d8576b
1	9541340	9588013	1	12091385	12157071	0d0887
3	160109997	160146606	3	169512191	169547299	46039f
7	14698004	14720050	7	75919921	75931929	9c179e
7	28488254	28510823	7	61086603	61108481	9c179e
1	159744629	159771310	1	165791237	165818582	0d0887
12	19552262	19624079	12	770879	897404	e3685f
5	122207969	122225285	5	126778101	126796604	7201a8
1	180597383	180633813	1	190456134	190482469	0d0887
1	248194628	248235475	1	258396928	258441019	0d0887
3	125015084	125023599	3	133011631	133019729	46039f
1	264596762	264669333	1	275044619	275128618	0d0887
3	135173765	135192612	3	143504233	143516344	46039f
3	125065037	125069237	3	133058329	133063213	46039f
4	55486412	55515170	4	65036598	65103123	5c01a6
3	50522524	50547211	3	54741195	54763853	46039f
7	33640740	33718164	7	56229975	56292626	9c179e
6	2878147	2913707	6	102835805	102860168	8808a6
15	1163141	1176722	13	12917659	12961754	fb9f3a
6	44584137	44604395	6	60026406	60042943	8808a6
1	40221714	40237732	1	44886661	44901814	0d0887
18	8943646	8953328	16	850614	862190	f8e125
2	55453734	55466315	2	233841906	233854061	2e0595
14	2053351	2055739	14	19112975	19115369	f58b47
5	53482944	53508988	5	53807770	53855884	7201a8
3	114823759	114826180	3	122212411	122214898	46039f
6	89550321	89599259	6	4952357	5102973	8808a6
2	140628846	140681282	14	914088	937495	2e0595
13	7755391	7765029	11	11536427	11548852	ed7953
1	340331640	340342392	4	149807785	149820888	0d0887
2	79862189	79889400	2	209238034	209267100	2e0595
1	156046673	156071967	1	161984533	162014105	0d0887
11	4908415	4918745	9	17029763	17045209	d8576b
3	85562443	85594745	3	91719236	91766016	46039f
3	5973063	6000024	3	5909278	5937624	46039f
5	64812075	64824746	5	73437794	73455134	7201a8
1	205729197	205759994	1	215329022	215358107	0d0887
6	71304593	71322530	6	34298030	34315800	8808a6
4	56354737	56439151	4	65914946	66179672	5c01a6
8	14354701	14356984	8	14758300	14760613	ad2793
13	6687882	6723156	11	12936663	12982500	ed7953
1	125778152	125803398	1	131358482	131382488	0d0887
1	237305639	237330706	1	247202021	247225842	0d0887
1	46260460	46292962	1	51137548	51162342	0d0887
1	309546482	309691210	1	320071956	320073963	0d0887
1	115727812	115742916	1	120888933	120902304	0d0887
7	91369237	91386502	7	9693475	9718937	9c179e
15	16989266	17001326	13	11522880	11532662	fb9f3a
5	55566062	55596983	5	55964059	55993925	7201a8
1	19247830	19254699	1	23020246	23027715	0d0887
7	60399844	60447909	7	34833289	34947843	9c179e
7	27048886	27075486	7	62541749	62570225	9c179e
5	81962024	82011983	5	87349241	87364550	7201a8
3	91492460	91574413	3	99295117	99406549	46039f
13	11063368	11078990	11	7730812	7744270	ed7953
1	160098186	160119118	1	166139091	166150874	0d0887
1	252005157	252016813	1	262191425	262202150	0d0887
6	32525718	32545665	6	71508761	71532082	8808a6
5	23187801	23240871	5	23914821	23984030	7201a8
1	192743763	192751708	1	202358318	202364351	0d0887
2	150029839	150086444	2	135968877	136024228	2e0595
3	52012381	52104300	3	56280413	56389714	46039f
15	16634093	16661140	13	11195710	11215839	fb9f3a
3	146244948	146263220	3	155211084	155225475	46039f
3	70091631	70111239	3	75695341	75714113	46039f
3	5893230	5940219	3	5843926	5877927	46039f
4	52608599	52638301	4	57959688	58003244	5c01a6
6	30288051	30305896	6	73673880	73691576	8808a6
1	228882924	228931547	1	238802493	238853657	0d0887
7	30983320	31016144	7	58708496	58742266	9c179e
14	412935	420696	14	21023966	21032239	f58b47
1	181602825	181636603	1	191258752	191278932	0d0887
3	40532203	40541125	3	44743772	44752269	46039f
2	211124016	211138917	2	74005903	74018151	2e0595
17	10998407	11002777	3	2370061	2379528	fdca26
14	9327947	9340104	14	9542637	9559475	f58b47
19	3912406	3945764	18	7528261	7574583	f0f921
3	102039885	102098657	3	109414713	109486499	46039f
3	141787358	141923005	3	150478547	150631949	46039f
3	130559669	130654553	3	138856195	138966613	46039f
3	137583554	137592606	3	146035982	146044512	46039f
7	89683716	89726628	7	7460460	7497144	9c179e
10	8381028	8401202	10	16701775	16712045	cc4778
3	177659440	177674838	3	187705345	187721481	46039f
1	335035357	335044655	1	348419567	348427605	0d0887
1	10724589	10758801	1	13451013	13491147	0d0887
2	206317391	206336911	2	78786369	78808332	2e0595
7	30374911	30403439	7	59305351	59324552	9c179e
14	5400900	5418474	14	14662974	14683075	f58b47
3	170614275	170634623	3	180280788	180311707	46039f
16	6896387	6907997	15	8084287	8103554	fdb42f
2	241663560	241683350	2	42139561	42158809	2e0595
1	16331011	16341193	1	19827711	19837578	0d0887
18	8802060	8865215	16	973741	975713	f8e125
2	188118139	188156270	2	96969712	97006822	2e0595
1	20951264	20973804	1	24888666	24908394	0d0887
2	176040392	176070108	2	109215852	109251871	2e0595
5	13118308	13120594	5	12704558	12706835	7201a8
1	336895643	336919122	1	350305847	350333022	0d0887
1	190959887	190974713	1	200371426	200387411	0d0887
1	328017774	328123511	1	340709404	340851070	0d0887
8	77286157	77326597	8	80835305	80865592	ad2793
6	54341760	54365907	6	50521812	50542711	8808a6
7	22819550	22839162	7	66785696	66810744	9c179e
6	18055910	18085045	6	86682209	86719056	8808a6
6	12257018	12275286	6	93224939	93245955	8808a6
3	113349643	113497158	3	120680947	120870715	46039f
8	40922070	40948703	8	41582049	41611835	ad2793
14	15267830	15290875	14	2192892	2217783	f58b47
1	46450273	46504842	1	51297446	51341922	0d0887
4	119763564	119844637	4	128952414	128958859	5c01a6
4	67666547	67771090	4	83271264	83352923	5c01a6
11	5039398	5088875	9	17243463	17346854	d8576b
7	83814472	83843885	7	1468592	1490412	9c179e
3	163567015	163575289	3	173022681	173037964	46039f
4	6483352	6532583	4	5777472	5833508	5c01a6
1	232245665	232280519	1	242230653	242260059	0d0887
17	10021716	10028484	17	145016	156453	fdca26
1	106580604	106632789	1	111828806	111864553	0d0887
1	257847511	257898060	1	268074847	268124517	0d0887
1	266742900	266767040	1	277277994	277301125	0d0887
5	39095584	39129103	5	39722751	39846087	7201a8
2	100909659	100922789	2	189148738	189160090	2e0595
1	172716022	172767232	1	179890819	179995229	0d0887
1	282268967	282346846	1	293026075	293099126	0d0887
3	119964900	119973407	3	127622243	127631115	46039f
5	53110445	53144445	5	53419999	53454674	7201a8
10	6346572	6365282	10	18896951	18916882	cc4778
11	2248786	2268135	9	12720792	12757988	d8576b
8	79090748	79099292	8	83126068	83141748	ad2793
8	13856940	13877267	8	14154788	14178290	ad2793
17	5377996	5420692	17	7590419	7644990	fdca26
2	104103350	104135518	2	186056141	186079760	2e0595
2	221716428	221732724	2	63419717	63436126	2e0595
8	76512381	76542712	8	79923937	79958289	ad2793
15	4433486	4441153	13	21300607	21311727	fb9f3a
1	202104566	202130697	1	211989426	212013983	0d0887
2	100754989	100767370	2	189340681	189355589	2e0595
3	146265041	146288831	3	155226945	155244380	46039f
7	16617209	16669643	7	73661366	73732784	9c179e
1	306743574	306761478	1	317341946	317358245	0d0887
5	57704259	57753792	5	58590426	58643894	7201a8
5	50364522	50375600	5	50632615	50642976	7201a8
3	202896188	202902216	3	214958001	214972865	46039f
3	34760720	34776705	3	38568774	38584411	46039f
2	183616685	183758237	2	101428069	101558033	2e0595
3	44260511	44321927	3	48410858	48467526	46039f
6	71680208	71718998	6	33947119	33980869	8808a6
1	276391933	276418337	1	287158531	287187499	0d0887
1	54091939	54322255	1	58951133	59172971	0d0887
3	106091652	106188593	3	113663750	113763243	46039f
7	47012740	47102735	7	44846470	44925218	9c179e
7	89230210	89265177	7	6915054	6951853	9c179e
15	15537972	15558696	13	10115484	10139141	fb9f3a
1	149223736	149239837	1	154967090	154992109	0d0887
1	255417593	255420854	1	265568689	265571656	0d0887
15	8733937	8742505	13	3251076	3261026	fb9f3a
3	98170120	98218103	3	106309217	106341638	46039f
1	169579394	169651189	1	175552765	175617471	0d0887
1	55758980	55782926	1	60668966	60686509	0d0887
8	11346139	11366633	8	11432010	11450359	ad2793
1	160479228	160514389	1	166523392	166563587	0d0887
3	107876217	107934681	3	115116844	115170608	46039f
1	180637665	180655805	1	190486613	190505476	0d0887
3	13986511	14139700	3	15625809	15799244	46039f
14	13852178	13867461	14	3810035	3824153	f58b47
4	43439703	43522968	4	45146243	45242458	5c01a6
3	168497283	168506902	3	178146194	178149243	46039f
6	43008988	43028207	6	61502359	61516897	8808a6
2	215700458	215827157	2	69250905	69379497	2e0595
3	196918123	196954792	3	209357166	209390669	46039f
5	92219301	92275501	5	95005245	95048501	7201a8
1	160431378	160468142	1	166474809	166512744	0d0887
6	32602963	32632607	6	71421309	71452814	8808a6
1	323582222	323600191	1	335432232	335454941	0d0887
2	41189648	41225575	2	248415031	248448177	2e0595
3	200442583	200467322	3	212761803	212774773	46039f
14	97554	106047	14	21356722	21364826	f58b47
3	123022639	123040509	3	130942285	130959231	46039f
1	252446964	252487698	1	262653680	262697835	0d0887
1	145869421	145871659	1	151579541	151581779	0d0887
5	85620567	85638336	5	89455194	89475443	7201a8
3	199957800	200005234	3	212247030	212283985	46039f
6	72750233	72782840	6	33050648	33081704	8808a6
1	143613209	143645881	1	149299827	149321827	0d0887
1	130427210	130458126	1	136006295	136029467	0d0887
5	31719102	31735567	5	32548016	32565663	7201a8
1	118898521	118952578	1	124183041	124241109	0d0887
7	83677813	83721974	7	1378697	1398485	9c179e
6	23631385	23673138	6	80669076	80714061	8808a6
11	936520	942414	9	10555187	10564247	d8576b
3	131079722	131097042	3	139352548	139376811	46039f
7	48249681	48289994	7	44085627	44111936	9c179e
10	1631518	1642727	10	25859081	25877477	cc4778
5	98259540	98304742	5	100668180	100715016	7201a8
2	153652587	153695920	2	132350052	132388392	2e0595
4	21957183	21959391	4	22465896	22468110	5c01a6
1	265979758	265989463	1	276491102	276501600	0d0887
7	9512545	9942610	7	81309258	81775515	9c179e
2	137768360	137799558	2	152378121	152407746	2e0595
3	66714719	66820708	3	71718160	71829524	46039f
1	267042108	267056522	1	277633351	277649273	0d0887
11	21293448	21302107	9	7871615	7886576	d8576b
18	978867	1007023	16	12772342	12805629	f8e125
1	125689672	125755134	1	131266136	131329377	0d0887
19	192456	197653	18	211722	217867	f0f921
7	30759242	30790237	7	58937192	58980918	9c179e
1	137938181	137968690	1	143711390	143745183	0d0887
1	40925044	40943268	1	45602507	45620649	0d0887
8	39153821	39186877	8	39824642	39863061	ad2793
14	149102	153570	14	21303866	21310069	f58b47
6	24575	45742	6	105676321	105702692	8808a6
4	22382850	22414817	4	22936955	22965968	5c01a6
13	17942288	17954276	11	865719	878884	ed7953
5	4739637	4750492	5	4113816	4121576	7201a8
1	294050625	294062592	1	304906115	304918889	0d0887
3	167271448	167313591	3	176831452	176878737	46039f
5	30073736	30092213	5	30883519	30897532	7201a8
1	332870976	332903402	1	346205325	346240189	0d0887
8	29055582	29124585	8	30347700	30409487	ad2793
2	204504323	204564734	2	80600070	80652972	2e0595
7	51003783	51105799	7	42756757	42770689	9c179e
10	8116633	8172327	10	16928689	16984722	cc4778
1	315806017	315830083	1	326566870	326588789	0d0887
8	68480375	68552992	8	70368903	70473372	ad2793
4	21783919	21801259	4	22287826	22305626	5c01a6
17	7398842	7420285	17	4971664	4990565	fdca26
2	33290204	33302497	2	256065063	256080482	2e0595
1	25417066	25420564	1	29822778	29826249	0d0887
3	155853209	155860822	3	165278989	165286123	46039f
1	42852354	42887848	1	47748777	47775603	0d0887
2	214663548	214800498	2	70304949	70418459	2e0595
1	293016018	293039238	1	303845436	303869451	0d0887
2	169717403	169737288	2	115677150	115704281	2e0595
1	239233260	239258897	1	249173064	249200591	0d0887
7	5203543	5271619	7	86157185	86223192	9c179e
4	30284394	30313562	4	30957093	30978004	5c01a6
2	48219522	48262306	2	241022494	241062708	2e0595
1	168847594	168873900	1	174790421	174825367	0d0887
7	40143617	40169164	7	50334195	50360953	9c179e
3	193296561	193326436	3	205339763	205370349	46039f
3	151008978	151031151	3	160043711	160071174	46039f
1	306974594	307004182	1	317566612	317596880	0d0887
1	323455755	323488282	1	335317421	335350278	0d0887
1	288286767	288300578	1	299087035	299101451	0d0887
5	12926141	12980483	5	12473634	12540484	7201a8
13	8219798	8231022	11	10938165	10949269	ed7953
17	8347709	8365554	17	3321261	3347297	fdca26
1	286732618	286760073	1	297473955	297496902	0d0887
1	12575220	12601740	1	15608784	15634758	0d0887
14	5095423	5111418	14	15052452	15077123	f58b47
17	9419637	9432600	17	2356800	2400093	fdca26
2	140778051	140830650	2	145183799	145239289	2e0595
11	1720059	1731883	9	11805020	11825324	d8576b
1	6754463	6756350	1	9204420	9206328	0d0887
1	227784396	227820607	1	237661765	237695012	0d0887
5	56602697	56611665	5	57012643	57020939	7201a8
6	20709303	20712195	6	83731199	83734091	8808a6
3	114023954	114044983	3	121363715	121381458	46039f
13	421344	434979	11	24950311	24971996	ed7953
5	66595718	66631045	5	76828238	76856341	7201a8
1	80041066	80120586	1	85016727	85089950	0d0887
1	111308671	111310855	1	116622510	116625483	0d0887
15	10625778	10633834	13	5207481	5214318	fb9f3a
1	191124621	191189069	1	200560652	200627239	0d0887
14	3125655	3136285	14	17642842	17658861	f58b47
11	18491829	18504101	9	4255924	4271625	d8576b
1	292080507	292137011	1	302848891	302903813	0d0887
4	11760994	11775773	4	11453581	11471898	5c01a6
14	7419723	7440789	14	12000555	12026033	f58b47
8	50041348	50119433	8	49957065	50010218	ad2793
1	75049816	75110933	1	80270681	80335195	0d0887
2	89999830	90063266	2	200166040	200240962	2e0595
5	55676704	55701335	5	56075764	56101936	7201a8
2	182468487	182470344	2	102689641	102691480	2e0595
6	24913648	24940704	6	79284849	79316042	8808a6
2	103259514	103315350	2	186812539	186817795	2e0595
13	7716567	7732475	11	11577992	11600048	ed7953
1	274165805	274188228	1	284958888	284984260	0d0887
3	24443573	24461576	3	27799499	27820899	46039f
11	22480558	22485831	9	8957964	8962523	d8576b
2	226309896	226312044	2	58719939	58722087	2e0595
1	267488790	267510119	1	278099076	278118491	0d0887
2	160574976	160578661	2	125265117	125268802	2e0595
17	5988864	5990796	17	6800552	6802496	fdca26
4	56957150	57001300	4	66884308	67020653	5c01a6
14	5247934	5261747	14	14845231	14869723	f58b47
5	52073852	52075985	5	52322700	52324833	7201a8
14	3338985	3355378	14	17356025	17378147	f58b47
7	79429587	79441703	7	16459317	16470753	9c179e
8	37656214	37658377	8	38399059	38401219	ad2793
6	33022946	33053583	6	70998099	71028526	8808a6
4	21165269	21186348	4	21620296	21656366	5c01a6
3	181186276	181212748	3	191521219	191546403	46039f
7	36349630	36358372	7	53842794	53851841	9c179e
2	32251051	32269975	2	257152598	257174341	2e0595
1	107119915	107131353	1	112340879	112352601	0d0887
2	208838297	208888736	2	76258590	76315172	2e0595
12	13743077	13764157	12	7782224	7802205	e3685f
10	9252137	9273147	10	15715780	15746551	cc4778
16	6817002	6832310	15	7975931	7995117	fdb42f
6	5749027	5810286	6	99967250	100045058	8808a6
3	86019211	86042321	3	92235541	92261592	46039f
3	22730272	22748181	3	25992827	26011901	46039f
5	97291013	97323002	5	99696319	99725555	7201a8
4	64164224	64166258	4	80122751	80124785	5c01a6
11	21154272	21173694	9	7717598	7742402	d8576b
6	2463214	2474449	6	103308121	103322514	8808a6
7	60957800	60959930	7	33621840	33623970	9c179e
2	214901462	214934696	2	70156636	70187275	2e0595
6	61604426	61645481	6	43634047	43686326	8808a6
7	85815569	85840053	7	3335052	3355902	9c179e
1	267426003	267465367	1	278033823	278078171	0d0887
1	29805675	29807799	1	34451230	34453357	0d0887
1	299957968	299978675	1	310844301	310864416	0d0887
1	26903201	26906925	1	31441336	31445926	0d0887
15	7157139	7227663	13	1358438	1441438	fb9f3a
6	51787914	51809061	6	53023577	53044768	8808a6
6	38612353	38640982	6	65606408	65686343	8808a6
3	46418073	46431624	3	50634651	50648540	46039f
12	4312006	4315339	12	20339737	20343465	e3685f
6	45153207	45164675	6	59467424	59478607	8808a6
10	1413933	1424699	10	27764728	27781571	cc4778
1	25876478	25896785	1	30312652	30339381	0d0887
3	202570433	202578919	3	214601874	214609584	46039f
14	5069027	5087072	14	15086362	15113296	f58b47
4	53783926	53808500	4	60705717	60741045	5c01a6
2	18899355	18922142	2	271803261	271826043	2e0595
3	119809001	119836363	3	127442318	127471334	46039f
3	107619582	107636339	3	114875862	114892774	46039f
3	135699719	135721423	3	144103365	144125449	46039f
10	5334389	5354566	10	20105184	20130329	cc4778
12	10425316	10453835	12	12086869	12112993	e3685f
2	201952037	202036528	2	83165341	83249976	2e0595
1	151438976	151447941	1	157165184	157174838	0d0887
7	62223587	62244025	7	32532500	32558179	9c179e
7	6039489	6068063	7	85349722	85381447	9c179e
11	12919108	12930530	9	28877893	28890958	d8576b
3	99343622	99353077	3	107056041	107065164	46039f
13	3489110	3539839	11	17725677	17807643	ed7953
3	104317282	104372808	3	111840018	111886619	46039f
7	37753906	37772295	7	52503171	52524092	9c179e
10	9338784	9358860	10	15619587	15645063	cc4778
4	27828410	27949756	4	28498967	28608798	5c01a6
1	276174601	276212676	1	286987362	287023495	0d0887
1	125941679	125972003	1	131511327	131546650	0d0887
1	75132112	75151198	1	80355101	80387467	0d0887
7	30813374	30825818	7	58889349	58909404	9c179e
1	154378000	154414117	1	160236634	160276096	0d0887
3	68090248	68106212	3	73242733	73266912	46039f
5	61863009	61872181	5	67164196	67198471	7201a8
6	19292408	19349616	6	85218936	85291860	8808a6
6	3799348	3822245	6	101841785	101857077	8808a6
15	10535260	10553339	13	5119060	5134126	fb9f3a
16	6638905	6663554	15	7739457	7774215	fdb42f
3	158380427	158382521	3	167855389	167857483	46039f
1	26298500	26344136	1	30791050	30839583	0d0887
5	78539546	78541637	5	86088803	86090888	7201a8
1	256973326	256992255	1	267188603	267204146	0d0887
1	303239497	303312151	1	313961735	314051270	0d0887
6	90780463	90802658	6	6536258	6553716	8808a6
1	178086714	178108728	1	188453872	188484013	0d0887
1	51576826	51584596	1	56446495	56454440	0d0887
14	15294804	15307434	14	2174501	2185873	f58b47
7	28886776	28904523	7	60726449	60744694	9c179e
15	3674274	3694956	13	19946679	19983144	fb9f3a
1	104470487	104508888	1	109689084	109730433	0d0887
1	277555437	277584143	1	288287454	288321836	0d0887
5	106181144	106183202	5	109205731	109207789	7201a8
6	1565163	1644185	6	104101628	104169833	8808a6
5	56751200	56770397	5	57178413	57195408	7201a8
12	16081471	16109931	12	5234959	5270177	e3685f
3	175819175	175847480	3	185777569	185807642	46039f
5	21723301	21772953	5	22281471	22340197	7201a8
5	108587871	108608774	5	111941030	111964161	7201a8
10	6009711	6021040	10	19287691	19296238	cc4778
1	38997309	39026644	1	43743636	43778249	0d0887
6	39025962	39042138	6	65224983	65237837	8808a6
3	87663629	87681163	3	93858927	93876481	46039f
14	2346156	2355076	14	18717337	18727135	f58b47
6	22177860	22182565	6	82168948	82190966	8808a6
1	205908500	205924970	1	215391308	215408802	0d0887
8	59050664	59062013	8	61021649	61032644	ad2793
5	22851896	22868430	5	23537655	23560881	7201a8
2	204610022	204625246	2	80539733	80553686	2e0595
12	8162204	8178711	12	15163240	15186119	e3685f
12	1026031	1045074	12	24481508	24501058	e3685f
7	23253420	23269120	7	66276968	66293948	9c179e
2	99098184	99120335	2	190900509	190937831	2e0595
3	25986930	25989228	3	29516830	29519149	46039f
7	26577078	26591845	7	63029490	63042722	9c179e
1	51173462	51175484	1	56042944	56044966	0d0887
1	252500153	252586063	1	262762933	262790445	0d0887
14	5421400	5426391	14	14651594	14656537	f58b47
7	73703274	73712064	7	22972088	22980896	9c179e
5	108179688	108204221	5	111527869	111544848	7201a8
4	42129131	42152342	4	43571129	43595652	5c01a6
6	38460978	38468666	6	65813366	65817199	8808a6
5	31924295	31948433	5	32736152	32756091	7201a8
1	224840678	224860871	1	234736180	234749497	0d0887
1	63741051	63752681	1	68762380	68775339	0d0887
15	3762358	3810332	13	20136762	20252709	fb9f3a
3	183906201	183920031	3	194464236	194481744	46039f
1	165196606	165294594	1	171086557	171197564	0d0887
13	1449839	1459379	11	22502803	22516411	ed7953
1	208840728	208908407	1	218430858	218498703	0d0887
5	66662905	66784378	5	76946273	77240459	7201a8
7	74596691	74627661	7	22040495	22068343	9c179e
5	5807841	5863742	5	4927474	4971147	7201a8
12	4410499	4412533	12	20216799	20218833	e3685f
1	158148691	158163760	1	164231266	164245987	0d0887
3	48369482	48440599	3	52532293	52602393	46039f
1	127265797	127311346	1	132881569	132917158	0d0887
3	156829284	156836721	3	166312650	166322630	46039f
1	300807653	300845326	1	311659158	311691542	0d0887
1	192939460	192986400	1	202545131	202585986	0d0887
14	13711897	13745447	14	3969555	4005585	f58b47
16	11519761	11540819	15	15394900	15420424	fdb42f
2	68303553	68335008	2	220827296	220854289	2e0595
1	69985824	70027742	1	75104008	75135083	0d0887
17	7967694	7971107	17	2848695	2852762	fdca26
8	76966852	76988365	8	80456668	80482479	ad2793
6	26944218	26948019	6	77066673	77070296	8808a6
5	79299714	79305837	5	86348368	86355862	7201a8
2	98207390	98228996	2	191696465	191717237	2e0595
2	191734979	191765888	2	93412048	93444018	2e0595
13	3807246	3809657	11	17341988	17346750	ed7953
2	100871946	100890291	2	189211986	189232755	2e0595
6	42133525	42183111	6	62314335	62361454	8808a6
6	81732579	81754460	6	22934757	22951823	8808a6
17	3219629	3253592	17	9576944	9621026	fdca26
13	1794461	1806478	11	21487575	21566367	ed7953
5	22490364	22494039	5	23141938	23145965	7201a8
2	141174238	141202811	2	144823986	144846412	2e0595
5	110440385	110474533	5	114004763	114032485	7201a8
2	156642611	156682926	2	129382741	129437750	2e0595
3	147716809	147764538	3	156782359	156833697	46039f
1	242690408	242719292	1	252857557	252882209	0d0887
14	8977538	8992230	14	10009691	10029717	f58b47
1	2393884	2421574	1	642564	663469	0d0887
3	141669456	141688815	3	150352062	150371103	46039f
15	13442619	13464273	13	8056875	8078611	fb9f3a
3	46377981	46401201	3	50595887	50620570	46039f
4	84536506	84584852	4	92907527	92939403	5c01a6
3	23660683	23665880	3	26968081	26972862	46039f
1	251290581	251314335	1	261477858	261510599	0d0887
1	192817189	192837384	1	202431396	202447161	0d0887
13	14847741	14870565	11	4024692	4049272	ed7953
19	3029259	3051627	18	4404765	4431314	f0f921
14	14086228	14124886	14	3520502	3565431	f58b47
6	24584050	24613693	6	79624438	79653110	8808a6
1	62637726	62663444	1	67652104	67680878	0d0887
2	133202140	133228758	2	147584884	147613778	2e0595
7	55088506	55139210	7	39680551	39714805	9c179e
3	192503100	192536146	3	204521121	204550043	46039f
2	99391377	99416032	2	190632939	190648585	2e0595
8	35702137	35722667	8	36607606	36614898	ad2793
1	332409042	332443729	1	345705100	345744859	0d0887
7	71769248	71815482	7	24833081	24867038	9c179e
7	46464416	46515335	7	45253919	45283523	9c179e
4	84989915	85020894	4	93252451	93267191	5c01a6
3	20336981	20374339	3	23338128	23395800	46039f
17	10153359	10160715	17	1243126	1254634	fdca26
17	6668703	6698380	17	5911872	5943606	fdca26
8	7887896	7925263	8	7917808	7946023	ad2793
13	2969322	2994221	11	18673248	18722870	ed7953
4	86594670	86637716	4	94593435	94633973	5c01a6
4	6782576	6815028	4	6075695	6099497	5c01a6
5	91973527	91993430	5	94763053	94780344	7201a8
6	93832371	93863244	6	874137	920578	8808a6
10	7486274	7529399	10	17580954	17625566	cc4778
7	27955049	27984528	7	61639806	61658748	9c179e
1	88345235	88347221	1	93363605	93365594	0d0887
8	4043067	4050313	8	3853662	3859721	ad2793
13	18720326	18722306	11	108982	110971	ed7953
2	76130319	76197140	2	212697277	212764780	2e0595
2	173064567	173087225	2	112333239	112357361	2e0595
13	2605139	2625199	11	19444721	19473522	ed7953
11	8329387	8351147	9	21277622	21300097	d8576b
4	21437446	21464421	4	21908711	21937876	5c01a6
7	92765029	92785142	7	12031101	12067313	9c179e
1	50352555	50367427	1	55289665	55321529	0d0887
1	44304223	44306212	1	49235133	49237122	0d0887
1	238854191	238864806	1	248777817	248787925	0d0887
5	51042224	51070414	5	51315484	51342684	7201a8
13	8587675	8610232	11	10467371	10496008	ed7953
12	17023730	17081666	12	4220643	4282381	e3685f
3	70137077	70155399	3	75740136	75759674	46039f
4	92341892	92353509	4	100503302	100530069	5c01a6
6	10913750	10940124	6	94695882	94721232	8808a6
13	14750270	14772578	11	4114118	4135278	ed7953
1	187386399	187414397	1	196588796	196616993	0d0887
1	82853155	82880989	1	87901918	87941554	0d0887
1	280656639	280765480	1	291433052	291546787	0d0887
7	10650204	10670668	7	80533553	80550054	9c179e
15	8484689	8498860	13	2928009	2949400	fb9f3a
2	157533851	157547077	2	128470849	128488980	2e0595
15	16791579	16885398	13	11358236	11419233	fb9f3a
1	267199755	267223821	1	277807909	277831901	0d0887
1	6742690	6744661	1	9195735	9197700	0d0887
19	4485279	4498901	18	6679993	6701579	f0f921
8	40993642	41010012	8	41665627	41680582	ad2793
3	146453069	146478667	3	155437974	155469918	46039f
3	86007855	86016312	3	92223282	92231090	46039f
19	7525352	7541629	18	10275314	10295245	f0f921
1	322413830	322431842	1	334147890	334164929	0d0887
16	2818971	2827957	15	2422428	2431950	fdb42f
1	114858261	114867187	1	119968683	119977147	0d0887
1	99041624	99057412	1	104009914	104033479	0d0887
7	89769446	89793019	7	7541742	7568393	9c179e
1	147068889	147148267	1	152745267	152817973	0d0887
14	15332763	15341106	14	2136590	2145574	f58b47
15	4681819	4736864	13	21668271	21766090	fb9f3a
13	12620550	12636546	11	6201125	6220079	ed7953
6	25575903	25609549	6	78581622	78621576	8808a6
17	4305069	4319996	17	9039168	9059969	fdca26
1	189031107	189033051	1	198290689	198292633	0d0887
12	139269	143657	12	25502007	25506863	e3685f
1	205604055	205641011	1	215189025	215232283	0d0887
12	9934418	9994213	12	12744029	12792651	e3685f
1	215016454	215044251	1	224675001	224704324	0d0887
6	5498541	5523888	6	100288649	100308776	8808a6
16	2085637	2140164	15	1661852	1704023	fdb42f
16	12123123	12128197	15	16157697	16163123	fdb42f
15	3586863	3602538	13	19777449	19799019	fb9f3a
3	35895379	35907861	3	39764518	39769314	46039f
1	339876493	339901042	4	150202148	150226361	0d0887
3	173972661	173986473	3	183769642	183789408	46039f
3	200347600	200378899	3	212667868	212702443	46039f
2	156761734	156804323	2	129261157	129307892	2e0595
1	316979802	317003236	1	327779173	327799516	0d0887
12	8371088	8384512	12	14873149	14891829	e3685f
14	3584079	3589731	14	17036018	17043791	f58b47
1	83968339	84026997	1	88966427	89027425	0d0887
1	187427525	187508310	1	196631804	196718037	0d0887
17	1769547	1825787	17	12247666	12264521	fdca26
7	36135064	36154646	7	54014700	54037749	9c179e
6	41046556	41070802	6	63396358	63419751	8808a6
1	153564488	153566495	1	159376435	159378439	0d0887
15	615328	634618	13	14157311	14190460	fb9f3a
7	89189125	89217896	7	6876596	6906141	9c179e
1	73092780	73125118	1	78151993	78183504	0d0887
6	25657645	25696495	6	78466380	78516106	8808a6
7	25899762	25915322	7	63679202	63691385	9c179e
3	107122323	107132137	3	114358243	114369905	46039f
3	119368106	119385867	3	127010262	127030018	46039f
1	239834566	239859774	1	249747807	249761526	0d0887
14	4962005	4976400	14	15231970	15246684	f58b47
1	66066018	66096837	1	71132924	71160852	0d0887
3	47313647	47326889	3	51332812	51347301	46039f
1	204912027	204949717	1	214511205	214544289	0d0887
6	56069654	56126986	6	48874658	48932451	8808a6
1	277813024	277830382	1	288542266	288561226	0d0887
13	7545770	7557490	11	11816224	11829683	ed7953
15	15599732	15605616	13	10180663	10187469	fb9f3a
3	50629654	50645262	3	54852002	54866750	46039f
16	1144925	1162051	15	653528	669913	fdb42f
2	190653840	190678006	2	94473895	94499908	2e0595
15	8265911	8276334	13	2691575	2706402	fb9f3a
14	389153	401353	14	21042776	21055477	f58b47
5	4147975	4179947	5	3556908	3583031	7201a8
2	177571989	177580763	2	107709363	107721973	2e0595
2	11280998	11299131	2	2427405	2440381	2e0595
3	23426112	23438338	3	26761296	26773097	46039f
1	50515460	50520954	1	55471193	55476489	0d0887
6	38731727	38785467	6	65482378	65539149	8808a6
13	3651811	3664641	11	17556882	17578404	ed7953
14	6541196	6563813	14	13158653	13191160	f58b47
6	93625338	93627003	6	655480	657184	8808a6
5	18082782	18085040	5	18431132	18433333	7201a8
2	205376374	205394974	2	79758468	79769558	2e0595
6	31816202	31818119	6	72224059	72225967	8808a6
2	133676320	133800936	2	148043008	148069355	2e0595
1	77310533	77312441	1	82473676	82475584	0d0887
11	22499388	22508049	9	8975196	8981448	d8576b
1	215075059	215087155	1	224733112	224744117	0d0887
1	40294343	40313049	1	44951568	44970727	0d0887
1	159783942	159787447	1	165826860	165833403	0d0887
12	740925	747660	12	24852931	24860684	e3685f
1	27942839	27958970	1	32477861	32494678	0d0887
2	195352896	195388075	2	89696357	89741724	2e0595
8	55041225	55058536	8	55921313	55967004	ad2793
16	2187264	2211752	15	1743612	1771209	fdb42f
1	111410788	111438357	1	116739603	116752492	0d0887
5	26156373	26169504	5	26966472	26980174	7201a8
1	66651694	66666731	1	71674668	71690321	0d0887
4	50490751	50522083	4	53651420	53725877	5c01a6
6	45310155	45329743	6	59296402	59318085	8808a6
1	55710135	55757126	1	60613921	60660293	0d0887
2	28663235	28689030	2	260833222	260856849	2e0595
16	7960094	7976163	15	9640771	9662934	fdb42f
1	319234287	319260116	1	330392018	330420119	0d0887
6	86009206	86027263	6	22242485	22258666	8808a6
8	43238262	43259373	8	43753293	43775784	ad2793
1	227713155	227727986	1	237594181	237610904	0d0887
2	152511667	152550859	2	133554154	133594947	2e0595
6	93919580	93928190	6	985706	999497	8808a6
1	336396964	336429115	1	349750871	349795715	0d0887
3	164297061	164320082	3	173832198	173851200	46039f
6	32863814	32865629	6	71179496	71181311	8808a6
8	21804074	21833125	8	23040694	23074134	ad2793
1	254653653	254681658	1	264729290	264753685	0d0887
8	69758963	69798107	8	71704103	71748767	ad2793
4	2616169	2636530	4	2325941	2342664	5c01a6
2	217368933	217412554	2	67638424	67667938	2e0595
1	259637474	259655383	1	269924575	269943035	0d0887
15	9032792	9065306	13	3566352	3605301	fb9f3a
7	33058257	33081253	7	56827712	56849801	9c179e
1	181514667	181528618	1	191207570	191219490	0d0887
8	19207512	19253844	8	20035157	20089924	ad2793
3	131049597	131073748	3	139324411	139346559	46039f
11	7692819	7694370	9	20398270	20399821	d8576b
4	9153652	9171600	4	8501560	8516256	5c01a6
2	21138398	21189555	2	269130542	269196900	2e0595
1	236791516	236832009	1	246687563	246736255	0d0887
5	119346617	119401107	5	124093189	124131031	7201a8
4	86378	92021	4	97746	103154	5c01a6
1	104159522	104231367	1	109387129	109401002	0d0887
3	17301378	17316037	3	19719944	19733671	46039f
3	114923396	114930964	3	122317302	122328247	46039f
2	212895695	212912720	2	72248997	72270796	2e0595
3	194934037	195003133	3	207197442	207269892	46039f
2	191642585	191683670	2	93509035	93545745	2e0595
19	2885873	2898232	18	4612960	4629295	f0f921
1	179015947	179051668	1	189198817	189237621	0d0887
3	123198904	123223578	3	131129232	131155760	46039f
3	64614252	64643193	3	69705008	69730965	46039f
6	51598703	51624092	6	53175377	53205310	8808a6
3	168967006	168991231	3	178616281	178645108	46039f
1	8854688	8898018	1	11326778	11372903	0d0887
5	56080699	56114605	5	56407343	56429621	7201a8
3	159153667	159216358	3	168652319	168714014	46039f
11	20578512	20581864	9	7031930	7035116	d8576b
14	4834247	4851514	14	15403867	15423508	f58b47
3	63662055	63739870	3	68592617	68684040	46039f
5	30255138	30298051	5	31131195	31170977	7201a8
2	220680735	220705365	2	64512982	64537097	2e0595
1	119023463	119043568	1	124411438	124429841	0d0887
2	217116870	217164118	2	67887467	67944769	2e0595
17	8626861	8630354	17	3688378	3692443	fdca26
7	90675268	90700028	7	8705130	8738530	9c179e
6	219349	236098	6	105419637	105438306	8808a6
5	20753608	20780597	5	21256491	21278967	7201a8
1	35823694	35902139	1	40500379	40604109	0d0887
3	92220291	92452865	3	102752559	103035212	46039f
1	68963381	68977297	1	74081722	74095107	0d0887
1	229377961	229408027	1	239312112	239346728	0d0887
4	5243910	5257733	4	4489578	4500346	5c01a6
11	15402863	15414290	9	32429807	32442588	d8576b
14	6511294	6523354	14	13214041	13232663	f58b47
1	126052168	126067625	1	131622725	131637902	0d0887
2	156468600	156484408	2	129501448	129514206	2e0595
16	11012189	11019694	15	14490326	14508047	fdb42f
3	27369474	27376557	3	30999462	31006867	46039f
3	157822405	157838351	3	167283605	167303203	46039f
1	184067595	184150763	1	193265101	193345828	0d0887
13	15839662	15845438	11	2930067	2938144	ed7953
6	18412489	18423650	6	86260884	86268566	8808a6
8	76328783	76346073	8	79712760	79739205	ad2793
6	56036037	56063656	6	48939383	48959367	8808a6
11	8485569	8511649	9	21467486	21487247	d8576b
4	58149573	58193921	4	70830350	70914317	5c01a6
1	165595561	165612962	1	171556239	171571699	0d0887
3	160649964	160682193	3	170044300	170068919	46039f
6	58221307	58246547	6	46944766	46965269	8808a6
1	73260286	73290399	1	78332624	78369233	0d0887
1	233605389	233628171	1	243504774	243527526	0d0887
15	14336425	14338267	13	8815493	8817335	fb9f3a
11	10562621	10567401	9	26126377	26132119	d8576b
5	34099014	34147642	5	34749668	34862807	7201a8
1	340309939	340331299	4	149821216	149846522	0d0887
8	25493162	25516035	8	26850800	26874262	ad2793
2	214825719	214836982	2	70264069	70276351	2e0595
3	175624518	175653282	3	185570311	185588983	46039f
3	155741986	155766935	3	165153267	165192034	46039f
16	11838015	11843820	15	15818500	15823851	fdb42f
6	44444388	44463329	6	60161417	60180908	8808a6
4	24403869	24426836	4	25011383	25028727	5c01a6
4	73907481	73935381	4	86743197	86765448	5c01a6
2	179470086	179498426	2	105722024	105748604	2e0595
6	38421591	38427460	6	65848431	65856147	8808a6
11	20216916	20229271	9	6564865	6581753	d8576b
15	13299243	13312449	13	7911086	7924470	fb9f3a
2	21669356	21685370	2	268578023	268594207	2e0595
2	68278635	68285811	2	220872496	220881604	2e0595
1	287210371	287231053	1	297988697	298003884	0d0887
2	147672991	147723432	2	138119736	138163317	2e0595
19	7319111	7344918	18	10001033	10034910	f0f921
14	7067819	7069625	14	12469083	12470895	f58b47
1	72170070	72192852	1	77186280	77211084	0d0887
2	99917309	99931627	2	190165301	190182895	2e0595
3	25652516	25685149	3	29139786	29177029	46039f
3	95039472	95109661	3	104246508	104295857	46039f
14	9437963	9462171	14	9358924	9391007	f58b47
10	627084	637812	10	27122609	27133594	cc4778
1	314335973	314346419	1	324829088	324840835	0d0887
1	13323015	13350861	1	16429586	16458237	0d0887
3	123636865	123666471	3	131573020	131602145	46039f
8	35463358	35492728	8	36398150	36411635	ad2793
15	11793579	11806467	13	6395110	6410213	fb9f3a
5	16437473	16447415	5	16650833	16659155	7201a8
5	79507345	79539153	5	86435431	86449065	7201a8
4	9552705	9576166	4	8944059	8963007	5c01a6
3	119151451	119208276	3	126683522	126743585	46039f
2	212855477	212864660	2	72298984	72311424	2e0595
1	149168312	149180477	1	154917127	154926346	0d0887
2	80519096	80520914	2	208781326	208783144	2e0595
1	250242810	250251958	1	260373680	260384155	0d0887
1	317241862	317255699	1	328111543	328128841	0d0887
3	184909490	184954954	3	195645966	195700178	46039f
3	141125752	141228375	3	149791729	149842376	46039f
1	194063525	194082722	1	203746499	203766965	0d0887
3	179579713	179621224	3	189893448	189942924	46039f
1	265781759	265815390	1	276282217	276317248	0d0887
1	195064456	195097211	1	204811145	204839979	0d0887
5	64873578	64887517	5	73566804	73579791	7201a8
13	3231649	3240306	11	18252552	18262171	ed7953
1	335179739	335207323	1	348559298	348580237	0d0887
6	53388279	53601497	6	51265537	51463332	8808a6
2	61550665	61573377	2	227780743	227809375	2e0595
12	3471024	3487830	12	21374628	21392020	e3685f
1	42227314	42252118	1	47107316	47129449	0d0887
12	13108326	13132001	12	8516970	8541630	e3685f
3	144660198	144687093	3	153453728	153488909	46039f
2	1810342	1824508	2	281813689	281822446	2e0595
1	11485536	11497538	1	14346016	14359563	0d0887
2	189731869	189751404	2	95427473	95446526	2e0595
1	122925250	122944613	1	128504421	128522824	0d0887
8	38335773	38340948	8	39065941	39072420	ad2793
16	9644456	9655587	15	12286160	12307623	fdb42f
3	100078431	100116554	3	107629880	107655959	46039f
17	261493	276175	17	13365163	13384996	fdca26
2	234423899	234435922	2	50244987	50254515	2e0595
16	11784848	11792140	15	15744446	15755401	fdb42f
6	67288079	67311123	6	38347690	38371134	8808a6
3	131113922	131145715	3	139395127	139431422	46039f
2	147348718	147364328	2	138376896	138394607	2e0595
1	336132016	336161346	1	349458062	349500156	0d0887
1	113199	118670	1	899351	906786	0d0887
6	38828008	38850928	6	65410465	65435106	8808a6
3	32622240	32628257	3	36371918	36378332	46039f
6	20407055	20437691	6	84008406	84051072	8808a6
19	3008338	3018296	18	4445508	4463428	f0f921
1	271836579	271838373	1	282485944	282487738	0d0887
3	107039223	107054104	3	114277008	114288030	46039f
4	20613571	20655223	4	21009995	21065235	5c01a6
1	1949424	1972083	1	274263	292795	0d0887
7	33913366	33937095	7	56016691	56036104	9c179e
8	28954937	28974395	8	30257387	30275202	ad2793
5	3998839	4081979	5	3409047	3485703	7201a8
4	44439047	44451214	4	46233622	46241036	5c01a6
17	11015219	11025585	17	985677	999010	fdca26
1	301552530	301565588	1	312435620	312451045	0d0887
2	67036979	67070254	2	222108017	222142027	2e0595
3	140120971	140156402	3	148658026	148695646	46039f
14	8419143	8449534	14	10715188	10746643	f58b47
17	10696587	10701778	17	588735	593850	fdca26
3	45504036	45525355	3	49712926	49735384	46039f
5	74541862	74668493	5	82987734	83029920	7201a8
3	169040500	169063314	3	178711982	178729188	46039f
2	133234377	133264465	2	147619466	147644412	2e0595
1	251660397	251675799	1	261842818	261859534	0d0887
2	30004920	30043650	2	259354218	259393392	2e0595
2	152161450	152178871	2	133923435	133938856	2e0595
6	55934118	55962245	6	49039220	49067263	8808a6
10	11464076	11511550	10	13270864	13310564	cc4778
3	62066597	62098907	3	66898317	66931306	46039f
3	186248096	186254310	3	197286250	197294727	46039f
6	85459466	85469273	6	22821644	22833000	8808a6
12	16542351	16547035	12	4784128	4788535	e3685f
1	129332858	129716183	1	134934026	135448887	0d0887
14	10156425	10167203	14	8508350	8528830	f58b47
2	101021629	101033175	2	189026728	189040544	2e0595
13	7897418	7899366	11	11358891	11361752	ed7953
1	273423470	273432459	1	284191127	284200697	0d0887
2	133043230	133084339	2	147431558	147473100	2e0595
2	214943016	214952176	2	70147385	70152188	2e0595
8	30861702	30897105	8	32103292	32137655	ad2793
1	260861429	260884234	1	271251361	271275839	0d0887
2	198855826	198877724	2	86214985	86241292	2e0595
1	94572924	94592623	1	99631971	99652583	0d0887
13	12483339	12500266	11	6351563	6366460	ed7953
7	71840461	71853070	7	24794897	24808954	9c179e
8	75223828	75240148	8	78437827	78461416	ad2793
8	70317262	70337824	8	72188572	72240987	ad2793
17	10882680	10885901	17	842255	845509	fdca26
3	197297025	197349323	3	209747942	209798474	46039f
1	17531440	17542199	1	21189322	21203781	0d0887
12	982787	994294	12	24544337	24560288	e3685f
1	116556674	116569222	1	121754007	121768488	0d0887
19	3889509	3902841	18	7593315	7607449	f0f921
1	267883849	267890766	1	278526015	278533794	0d0887
15	5126166	5127933	13	22363492	22365259	fb9f3a
13	18047069	18053331	11	767529	774433	ed7953
11	19495646	19524242	9	5532355	5576561	d8576b
2	32321588	32323355	2	257093317	257095084	2e0595
17	10131528	10138826	17	1209666	1220158	fdca26
1	195499238	195503521	1	205222060	205226474	0d0887
13	16975555	16985609	11	1766141	1775917	ed7953
5	35241311	35257611	5	35890769	35910394	7201a8
6	62415695	62522939	6	42786018	42881601	8808a6
1	173068176	173109692	1	180721515	180808265	0d0887
14	992487	1001882	14	20396308	20404535	f58b47
1	6055681	6086855	1	8548925	8574647	0d0887
6	26996007	27013964	6	77017954	77031500	8808a6
3	20409143	20441020	3	23429413	23448849	46039f
6	80858695	80885112	6	27872619	27889284	8808a6
1	142507090	142642933	1	148305842	148412949	0d0887
8	7702023	7753255	8	7715560	7771320	ad2793
1	334753133	334818459	1	348126414	348175664	0d0887
3	201629447	201739908	3	213838925	213918944	46039f
2	25954031	25961169	2	263790810	263798568	2e0595
1	284098536	284122410	1	294921381	294945000	0d0887
3	137969465	138060651	3	146453473	146543798	46039f
1	64006165	64025695	1	69048733	69067456	0d0887
5	65998036	65999788	5	75456158	75457895	7201a8
13	17690890	17725094	11	1040097	1077185	ed7953
15	14796425	14821547	13	9301689	9329258	fb9f3a
3	188734513	188754497	3	200157190	200180797	46039f
1	75641562	75657505	1	80849368	80863620	0d0887
5	22067757	22090552	5	22663850	22685073	7201a8
8	29462365	29486035	8	30723549	30747483	ad2793
1	327545809	327588880	1	340162583	340211723	0d0887
1	23678791	23706015	1	27914655	27946930	0d0887
3	147164245	147177339	3	156211220	156223964	46039f
6	52344711	52364582	6	52459727	52485641	8808a6
2	168092553	168108271	2	117366765	117381094	2e0595
3	50573972	50600844	3	54792663	54817899	46039f
7	13003250	13052407	7	77752816	77804113	9c179e
7	47664049	47684437	7	44432008	44444194	9c179e
1	108428	110252	1	894457	896272	0d0887
1	312096940	312125730	1	322468623	322493992	0d0887
16	10814396	10822355	15	14136295	14151478	fdb42f
8	48091017	48117555	8	48273619	48293127	ad2793
4	73619236	73705552	4	86617435	86694858	5c01a6
6	86301607	86402555	6	21750508	21896880	8808a6
6	18341279	18378763	6	86309074	86320649	8808a6
6	42351421	42365591	6	62129944	62144412	8808a6
1	244878381	244896471	1	254993700	255011022	0d0887
14	1491669	1497561	14	19824900	19830358	f58b47
3	14457778	14470832	3	16180295	16187895	46039f
3	142364452	142376090	3	151085071	151106873	46039f
2	212498068	212523024	2	72651031	72676807	2e0595
2	177137148	177149805	2	108190542	108202504	2e0595
16	11768037	11774111	15	15723876	15732987	fdb42f
4	20240117	20257089	4	20618225	20631388	5c01a6
4	50744472	50746206	4	54228543	54230277	5c01a6
3	134725636	134739849	3	143039102	143054058	46039f
4	98973992	99045246	4	107332118	107403653	5c01a6
5	81606318	81689224	5	87175155	87214449	7201a8
14	15884627	15895783	14	1596011	1604942	f58b47
17	8564620	8577562	17	3602677	3625211	fdca26
5	94021260	94048685	5	96594349	96624763	7201a8
8	24737535	24752363	8	26114782	26131916	ad2793
2	61253659	61255342	2	228131900	228133583	2e0595
2	168862454	169019274	2	116378527	116546022	2e0595
17	10390491	10396167	17	218531	224395	fdca26
1	86777462	86796300	1	91810917	91837536	0d0887
5	91102570	91128332	5	93958667	93983043	7201a8
7	80176112	80196066	7	15746204	15766039	9c179e
2	152842661	152859025	2	133214761	133224764	2e0595
1	70919357	70979978	1	75897976	75948556	0d0887
3	115307260	115335352	3	122721282	122757430	46039f
13	13475904	13553844	11	5308657	5384445	ed7953
5	9547918	9596543	5	8644787	8699171	7201a8
2	216844410	217005297	2	68050478	68210898	2e0595
13	1928773	1947336	11	21170080	21194796	ed7953
3	115230212	115243642	3	122630497	122647523	46039f
7	23119574	23149674	7	66403652	66435693	9c179e
16	7868196	7869906	15	9508518	9510228	fdb42f
3	140078906	140103855	3	148609370	148640344	46039f
5	68174538	68271797	5	79069146	79173220	7201a8
3	171522617	171540388	3	181144644	181162847	46039f
2	212535270	212568319	2	72613641	72638676	2e0595
3	165866680	165875687	3	175434050	175448286	46039f
2	190883362	190891257	2	94251957	94258836	2e0595
2	206281362	206296011	2	78833950	78845933	2e0595
13	3838939	3859343	11	17243364	17289356	ed7953
6	10258474	10292530	6	95364321	95401245	8808a6
11	6901554	6944970	9	19217204	19282582	d8576b
1	190801953	190812705	1	200166934	200181336	0d0887
8	37738626	37750539	8	38487700	38497189	ad2793
16	7518755	7535132	15	9047055	9065673	fdb42f
8	25249079	25263785	8	26618687	26641776	ad2793
6	48555080	48676754	6	55997000	56113812	8808a6
3	177870010	177894900	3	187930173	187956921	46039f
1	319426974	319443584	1	330596195	330616759	0d0887
3	175702374	175768378	3	185655949	185726332	46039f
12	8211060	8225087	12	15094130	15119271	e3685f
1	20896966	20904052	1	24840530	24849030	0d0887
8	75837281	75866453	8	79154697	79185453	ad2793
6	93933343	93940987	6	1007692	1014430	8808a6
3	89052558	89113961	3	95486734	95553674	46039f
4	7745120	7755079	4	6994087	7006720	5c01a6
6	33123045	33156662	6	70909181	70942196	8808a6
1	247177383	247199231	1	257292286	257314300	0d0887
19	5970695	5977401	18	8332695	8338803	f0f921
15	13757791	13763621	13	8244276	8249213	fb9f3a
11	13127830	13135807	9	29038267	29047674	d8576b
1	51212066	51238331	1	56077033	56101303	0d0887
2	51195843	51235086	2	238113768	238160663	2e0595
5	32497015	32509560	5	33301850	33310449	7201a8
11	20561910	20576841	9	7011183	7028634	d8576b
3	159756320	159761710	3	169294812	169300013	46039f
14	3096014	3115083	14	17671678	17695771	f58b47
1	28093433	28098926	1	32615854	32621196	0d0887
3	13857990	13886416	3	15490498	15520136	46039f
1	55664479	55681342	1	60574679	60586125	0d0887
7	33574648	33606763	7	56334436	56366908	9c179e
1	259707479	259732881	1	269997119	270031907	0d0887
8	8015552	8033904	8	8015655	8034995	ad2793
1	34175503	34207769	1	38882958	38909377	0d0887
1	116879232	116905917	1	122088624	122120453	0d0887
16	12318399	12328534	15	16380751	16392327	fdb42f
1	340024789	340030876	4	150115902	150121868	0d0887
3	2801656	2826662	3	2738496	2766132	46039f
7	85859042	85874646	7	3374491	3393969	9c179e
1	45900	70338	1	824869	841621	0d0887
16	1331938	1363363	15	909133	934208	fdb42f
2	28625774	28641421	2	260880880	260895988	2e0595
16	11443845	11449189	15	15324094	15333211	fdb42f
7	23492757	23522678	7	66005785	66036058	9c179e
13	740114	741857	11	24303487	24305230	ed7953
15	14766585	14776516	13	9270248	9278956	fb9f3a
15	11175533	11205848	13	5753164	5789255	fb9f3a
17	8082730	8092146	17	2988011	3000208	fdca26
3	124083269	124102498	3	132045340	132061916	46039f
8	77201254	77224642	8	80753985	80771690	ad2793
1	195986243	196071918	1	205668609	205762351	0d0887
1	259218322	259261335	1	269501957	269547645	0d0887
1	8277153	8317455	1	10706795	10755806	0d0887
16	6881592	6891441	15	8063136	8077817	fdb42f
12	777109	785002	12	24811446	24821047	e3685f
15	13201806	13239611	13	7816138	7848202	fb9f3a
3	89784691	89801397	3	96498903	96515267	46039f
4	31615429	31627733	4	32241290	32255175	5c01a6
1	150153694	150175936	1	155892986	155911280	0d0887
4	89314525	89327299	4	97476470	97488291	5c01a6
2	206172754	206202470	2	78920378	78955562	2e0595
1	277591492	277606952	1	288329076	288338271	0d0887
2	133967763	133991502	2	148390983	148413977	2e0595
1	16762580	16788990	1	20309127	20334362	0d0887
2	135044506	135089976	2	149543768	149600853	2e0595
6	60845603	60863166	6	44410048	44426904	8808a6
7	31876739	31907054	7	57885422	57916928	9c179e
2	165129374	165148329	2	120560672	120581245	2e0595
11	6187196	6237257	9	18253228	18261697	d8576b
1	73193739	73210337	1	78269124	78282518	0d0887
5	61898419	61937877	5	67233268	67379233	7201a8
4	86341768	86362690	4	94361946	94383056	5c01a6
2	61430968	61480765	2	227882625	227949543	2e0595
15	1288276	1293872	13	12373195	12389989	fb9f3a
1	292677507	292684846	1	303486667	303494950	0d0887
1	4383886	4396165	1	7299485	7309553	0d0887
7	2508999	2527777	7	88582085	88602482	9c179e
8	20888170	20897417	8	22009814	22019052	ad2793
15	6178649	6187689	13	23997064	24008818	fb9f3a
1	94502716	94536856	1	99577182	99598128	0d0887
10	11045210	11056578	10	13641270	13652795	cc4778
6	31537668	31569830	6	72478950	72512673	8808a6
14	8109539	8118866	14	11113414	11123345	f58b47
1	293364573	293384390	1	304179089	304191040	0d0887
6	91655350	91657958	6	7424546	7427804	8808a6
5	51669894	51691318	5	51914382	51931408	7201a8
5	84167307	84328048	5	88592760	88656736	7201a8
8	60406268	60414289	8	62041241	62051287	ad2793
1	37568	42424	1	816874	820977	0d0887
7	19961185	19983299	7	70020632	70041447	9c179e
6	38178162	38190372	6	66032453	66046204	8808a6
19	443921	509425	18	479940	483356	f0f921
2	41528097	41540924	2	248082971	248095693	2e0595
2	199061766	199071091	2	86011572	86021566	2e0595
1	265703753	265740803	1	276212979	276252065	0d0887
2	203684905	203686573	2	81498738	81500406	2e0595
18	418464	425968	16	13932135	13940922	f8e125
8	20783779	20798247	8	21897566	21932720	ad2793
3	110839883	110850552	3	118108600	118123494	46039f
3	178648784	178662058	3	188861614	188873927	46039f
11	2204763	2217296	9	12649225	12667767	d8576b
1	215154216	215247936	1	224802530	224886496	0d0887
3	37272072	37347501	3	41109260	41193437	46039f
2	73875944	73903463	2	214988293	215010809	2e0595
3	194413321	194422436	3	206607109	206615975	46039f
7	47826812	47842732	7	44330521	44341993	9c179e
1	149268449	149276773	1	155023383	155028631	0d0887
6	49197784	49199431	6	55480351	55481992	8808a6
2	154816321	154821743	2	131176073	131183070	2e0595
2	152049744	152138674	2	133988396	134025072	2e0595
2	217347122	217348760	2	67684080	67685742	2e0595
7	48577911	48579504	7	43896676	43898269	9c179e
1	285510326	285672795	1	296417062	296571927	0d0887
2	40877522	40895184	2	248738400	248760329	2e0595
1	72262731	72286442	1	77287471	77308788	0d0887
16	2736803	2772751	15	2336993	2373895	fdb42f
2	16065664	16087186	2	275246609	275275734	2e0595
1	81679581	81707178	1	86682246	86709426	0d0887
1	337944991	337975105	1	351306413	351348117	0d0887
4	71430569	71496111	4	85887161	85941011	5c01a6
16	11911553	11924553	15	15911371	15919303	fdb42f
7	26602347	26612505	7	63008187	63021416	9c179e
3	160695819	160706308	3	170081483	170087448	46039f
6	84258148	84297751	6	25854819	25893234	8808a6
6	81129328	81164238	6	27620076	27655694	8808a6
1	262068372	262091396	1	272376089	272409271	0d0887
3	48174822	48176499	3	52322891	52324565	46039f
2	18236430	18259940	2	272567017	272592703	2e0595
17	7071690	7078733	17	5402851	5415335	fdca26
3	68247674	68267179	3	73427571	73444664	46039f
1	98903455	98929935	1	103879240	103894064	0d0887
7	55816197	55840577	7	38990023	39021768	9c179e
2	232700706	232710029	2	52062396	52078303	2e0595
3	179652495	179658131	3	189984173	189991096	46039f
2	96982759	96994689	2	192931479	192944676	2e0595
7	25928515	25947720	7	63645905	63665096	9c179e
3	99034228	99171484	3	106774250	106911476	46039f
3	139954718	140055148	3	148486682	148586895	46039f
14	9769511	9801962	14	8931313	8960618	f58b47
6	46703015	46719441	6	57955899	57976069	8808a6
7	15321228	15359438	7	75213643	75263267	9c179e
6	71057720	71074858	6	34534629	34552768	8808a6
1	48653011	48665925	1	53490306	53503278	0d0887
1	79341420	79351108	1	84285069	84299874	0d0887
3	91219638	91235950	3	99100216	99163092	46039f
10	16577847	16587472	10	10119496	10131589	cc4778
6	30678227	30706391	6	73332940	73361122	8808a6
2	167987471	167989085	2	117499360	117500968	2e0595
7	47274316	47302423	7	44679057	44704608	9c179e
1	239375047	239391788	1	249309877	249324509	0d0887
5	10859323	10933178	5	10053254	10120797	7201a8
1	226302809	226316478	1	236245449	236262672	0d0887
5	13251398	13267060	5	12851428	12865234	7201a8
5	36490524	36516237	5	37047720	37054555	7201a8
1	127319799	127333454	1	132927559	133008933	0d0887
7	28444222	28449256	7	61155390	61161813	9c179e
1	159689026	159695829	1	165741767	165748693	0d0887
16	12457578	12466576	15	16537647	16547527	fdb42f
8	57632596	57785238	8	59254217	59562989	ad2793
7	27086594	27108372	7	62500596	62521595	9c179e
4	21532010	21574661	4	22023079	22069442	5c01a6
1	302229078	302248388	1	313082226	313107096	0d0887
8	60316742	60344586	8	61979662	61994855	ad2793
1	72606591	72608040	1	77608628	77610077	0d0887
3	202721066	202725806	3	214772705	214778151	46039f
5	30438361	30448413	5	31311237	31322180	7201a8
1	227748285	227771504	1	237631734	237653543	0d0887
8	64570186	64589052	8	65821827	65835425	ad2793
11	20339119	20346335	9	6730376	6742666	d8576b
2	243048515	243144239	2	40679776	40770024	2e0595
6	95917166	95937150	6	16626867	16659563	8808a6
4	80687972	80697360	4	89932146	89956610	5c01a6
5	68331092	68340767	5	79225534	79249883	7201a8
1	32921016	32988014	1	37628291	37707351	0d0887
4	86638654	86679636	4	94634885	94667162	5c01a6
1	107608999	107633048	1	112849650	112867686	0d0887
14	5761021	5773640	14	14206814	14220326	f58b47
11	20651509	20657958	9	7123724	7133516	d8576b
1	339430157	339434718	4	150543855	150548207	0d0887
3	123162573	123195126	3	131089735	131125637	46039f
2	93280545	93314738	2	196834510	196866618	2e0595
1	176709540	176748026	1	187277774	187294992	0d0887
17	9868357	9883571	17	1740888	1763740	fdca26
19	6994265	7003631	18	9607767	9622127	f0f921
2	54762332	54763892	2	234583935	234585495	2e0595
2	103303772	103329908	2	186741192	186769349	2e0595
7	41677704	41709687	7	48952803	48989698	9c179e
13	7579502	7581110	11	11777740	11779345	ed7953
7	72004564	72037875	7	24673615	24680799	9c179e
5	51596381	51626215	5	51856289	51871126	7201a8
17	8296076	8302327	17	3250308	3259881	fdca26
3	83288874	83314405	3	89310191	89330862	46039f
1	267659791	267693894	1	278280153	278308061	0d0887
1	18622917	18639867	1	22396663	22409771	0d0887
1	226640267	226677700	1	236601945	236631085	0d0887
8	17218546	17235424	8	17863024	17883122	ad2793
14	1082173	1087103	14	20300542	20307455	f58b47
2	33942814	33964610	2	255485899	255499696	2e0595
8	4553653	4575723	8	4395094	4425069	ad2793
2	72682165	72697596	2	216257633	216274669	2e0595
3	25932833	25934441	3	29447209	29448817	46039f
2	232797021	232820599	2	51951289	51980877	2e0595
2	33627711	33655058	2	255711226	255747071	2e0595
13	721452	729247	11	24324063	24334102	ed7953
1	124021603	124180242	1	129614818	129775684	0d0887
3	150895092	150914611	3	159901519	159917383	46039f
4	134295215	134306179	4	149370001	149381507	5c01a6
3	54076244	54077843	3	58528860	58530459	46039f
1	316970512	316976229	1	327768792	327776086	0d0887
1	194607517	194609062	1	204364793	204366338	0d0887
4	8990078	9120186	4	8317732	8460684	5c01a6
2	189683490	189700644	2	95485021	95492388	2e0595
3	197448638	197459666	3	209901597	209911874	46039f
2	159714299	159745125	2	126140324	126160528	2e0595
4	49086020	49114837	4	51644542	51678859	5c01a6
7	71865780	71874592	7	24773275	24783071	9c179e
1	241868124	241917533	1	251907172	251965571	0d0887
1	319333087	319345305	1	330492280	330502786	0d0887
3	179882707	179951014	3	190202251	190269834	46039f
3	55025967	55108733	3	59572799	59662986	46039f
1	321099250	321118180	1	332590057	332619726	0d0887
14	15931527	15967050	14	1528279	1550291	f58b47
3	197822092	197846713	3	210245396	210264325	46039f
7	8073025	8269598	7	83138703	83317483	9c179e
1	165819870	165852109	1	171797249	171833938	0d0887
5	90604962	90628104	5	93487584	93508794	7201a8
12	15249096	15277577	12	6167688	6197190	e3685f
2	216332758	216342296	2	68739180	68749249	2e0595
1	298617699	298619280	1	309484933	309486514	0d0887
1	273133711	273135277	1	283854060	283855626	0d0887
15	10937490	10953979	13	5522481	5537595	fb9f3a
3	139113223	139138606	3	147683456	147710170	46039f
4	86550225	86571058	4	94553874	94570579	5c01a6
2	90679868	90693781	2	199522950	199539617	2e0595
3	2461247	2502534	3	2393659	2421646	46039f
1	68737845	68838220	1	73848740	73953144	0d0887
14	3214759	3223924	14	17519610	17531670	f58b47
1	239107038	239107911	1	249039951	249040824	0d0887
2	201236857	201259151	2	83814289	83840421	2e0595
1	205486740	205491838	1	215070668	215074164	0d0887
3	142387077	142412612	3	151117785	151145679	46039f
1	61817478	61819065	1	66803017	66804604	0d0887
3	193729741	193740045	3	205838954	205851016	46039f
8	43191114	43217808	8	43710572	43737434	ad2793
3	87784301	87834256	3	93975796	94030814	46039f
1	309958272	309979149	1	320496509	320512942	0d0887
14	12711570	12740939	14	5194249	5222796	f58b47
16	8767562	8820073	15	11108700	11170499	fdb42f
8	78942785	78948350	8	82952702	82958608	ad2793
1	16273906	16293668	1	19765547	19789489	0d0887
1	172151289	172267097	1	178587833	178730942	0d0887
5	31971071	31984719	5	32779605	32792110	7201a8
7	2774262	2788439	7	88333290	88346508	9c179e
10	6266624	6279988	10	18988551	19009756	cc4778
7	151677	157074	7	91028690	91034603	9c179e
5	30887377	30893854	5	31792548	31803975	7201a8
8	77139481	77156963	8	80663489	80684730	ad2793
13	871522	882775	11	24053421	24070093	ed7953
6	47754782	47803930	6	56878021	56927461	8808a6
1	166482056	166506619	1	172467480	172489441	0d0887
2	142977593	142985896	2	142977872	142985747	2e0595
1	71766528	71784061	1	76773855	76789490	0d0887
3	160081247	160107046	3	169487244	169508774	46039f
1	79291421	79292969	1	84224078	84225632	0d0887
19	3215735	3228802	18	4149501	4163576	f0f921
7	24311074	24321048	7	65226632	65239208	9c179e
3	150771840	150773379	3	159768173	159769712	46039f
3	182008892	182012441	3	192399205	192402180	46039f
17	10088221	10089790	17	1146037	1147606	fdca26
16	974962	983365	15	426233	447571	fdb42f
1	169109336	169119330	1	175054779	175066120	0d0887
18	6898519	6910390	16	4190700	4208192	f8e125
19	4292680	4305208	18	6996510	7012604	f0f921
2	104902949	104935811	2	185106081	185137301	2e0595
3	49724760	49741234	3	53952875	53968013	46039f
5	100567962	100584886	5	103025020	103046780	7201a8
7	38205520	38257640	7	52044102	52081553	9c179e
8	5424007	5425573	8	5361130	5362696	ad2793
3	45241696	45259648	3	49438304	49461195	46039f
3	147779777	147788886	3	156849663	156860555	46039f
8	135426	146942	8	228018	230626	ad2793
18	885485	897938	16	12551041	12574896	f8e125
5	71306689	71363948	5	81622727	81647331	7201a8
6	87672400	87693766	6	19761042	19788150	8808a6
1	277952427	277959657	1	288675558	288682688	0d0887
7	55511510	55513049	7	39336976	39338515	9c179e
2	207100920	207129103	2	77929161	77953792	2e0595
5	31383763	31390117	5	32209886	32215996	7201a8
19	860473	870747	18	1096998	1115495	f0f921
7	47696276	47705036	7	44413785	44420098	9c179e
1	64466064	64467486	1	69522013	69523435	0d0887
12	4926267	4935241	12	19521153	19535594	e3685f
17	8675425	8747875	17	3756601	3843842	fdca26
1	237549383	237561329	1	247452778	247467992	0d0887
5	2111909	2117300	5	1799293	1842910	7201a8
10	16060814	16095969	10	10530077	10547311	cc4778
2	150264374	150286483	2	135759519	135782435	2e0595
16	13051056	13057693	15	17181055	17186805	fdb42f
2	31887847	31910484	2	257514557	257542122	2e0595
17	8459011	8473763	17	3473192	3490283	fdca26
1	119166064	119278583	1	124512205	124621934	0d0887
2	18536069	18562416	2	272201317	272231863	2e0595
2	202167779	202186931	2	83037570	83051628	2e0595
11	8707370	8714578	9	21708458	21715109	d8576b
1	305952616	305990776	1	316570824	316600259	0d0887
6	45612934	45639681	6	58991279	59008332	8808a6
17	2325204	2340190	17	11625488	11646843	fdca26
1	71171336	71178188	1	76175867	76180409	0d0887
15	1811253	1816895	13	16160831	16179145	fb9f3a
7	23588362	23598818	7	65922048	65933255	9c179e
15	8630718	8643520	13	3103364	3118617	fb9f3a
12	3242941	3249450	12	21675200	21683277	e3685f
3	115101629	115112113	3	122492507	122511660	46039f
5	120753678	120767420	5	125425935	125439548	7201a8
2	34015956	34017465	2	255427778	255429284	2e0595
7	89411240	89424430	7	7110670	7124840	9c179e
7	32014190	32033182	7	57756708	57770013	9c179e
4	91651824	91692101	4	99793594	99835433	5c01a6
5	59708578	59732606	5	63349573	63451893	7201a8
1	51486100	51496765	1	56350118	56358736	0d0887
4	38587794	38616757	4	39777133	39804900	5c01a6
7	30150215	30182450	7	59508796	59533613	9c179e
15	3632915	3648523	13	19839530	19884377	fb9f3a
3	160034295	160062267	3	169441798	169468491	46039f
6	30876763	30884462	6	73154227	73163628	8808a6
4	42158200	42160965	4	43607212	43610067	5c01a6
1	195806490	195833648	1	205502111	205527485	0d0887
15	11514822	11533016	13	6088215	6117398	fb9f3a
1	222721174	222747529	1	232602743	232622860	0d0887
1	79363320	79398696	1	84314093	84359892	0d0887
7	14641519	14663790	7	75976942	76000404	9c179e
7	20858796	20874674	7	68950652	68976028	9c179e
13	11214105	11226522	11	7564770	7577243	ed7953
8	59937722	59970903	8	61609088	61643218	ad2793
7	29303649	29318276	7	60315599	60326480	9c179e
15	6860841	6872909	13	958522	974030	fb9f3a
4	82162629	82174093	4	91120291	91126452	5c01a6
3	37449686	37457430	3	41294249	41302611	46039f
1	257780166	257785391	1	267994817	267998526	0d0887
1	164325463	164349710	1	170219627	170253896	0d0887
8	4586426	4623895	8	4440988	4493329	ad2793
5	24399445	24445855	5	25157897	25214484	7201a8
1	697036	701625	1	1476223	1478315	0d0887
2	151348363	151370671	2	134664955	134682264	2e0595
11	4166653	4182874	9	15729357	15751094	d8576b
2	28649538	28658977	2	260863280	260874381	2e0595
3	27388794	27400847	3	31014802	31028196	46039f
10	724444	732554	10	27352426	27370363	cc4778
16	10531484	10553685	15	13690267	13723665	fdb42f
2	151803150	151815999	2	134225964	134237839	2e0595
1	287609974	287647241	1	298377542	298417328	0d0887
2	98048985	98056031	2	191871266	191874696	2e0595
1	48783232	48792262	1	53612591	53632877	0d0887
17	7222291	7228291	17	5202086	5211394	fdca26
2	32874584	32889468	2	256522588	256537226	2e0595
3	105997369	106020543	3	113571981	113589931	46039f
13	2263450	2273981	11	20207515	20247947	ed7953
5	50248537	50256710	5	50526084	50535853	7201a8
8	77091336	77108502	8	80619393	80635207	ad2793
7	89171701	89179230	7	6853874	6864536	9c179e
3	156705184	156713631	3	166184207	166194229	46039f
13	13885816	13944399	11	4915192	4956429	ed7953
16	12116020	12120316	15	16150272	16154930	fdb42f
11	22784574	22788090	9	9256534	9259775	d8576b
1	142244742	142270940	1	148047655	148074177	0d0887
6	57011482	57038377	6	48124893	48153470	8808a6
6	67627045	67628536	6	38023409	38024900	8808a6
6	47712568	47731326	6	56952611	56971039	8808a6
3	183220754	183230288	3	193619306	193624974	46039f
4	21266610	21377503	4	21741490	21840253	5c01a6
5	8071273	8097140	5	7240074	7259478	7201a8
4	2540787	2552693	4	2229147	2240335	5c01a6
6	91260218	91269523	6	6939035	6947818	8808a6
3	89812469	89823801	3	96524742	96536023	46039f
17	4678011	4718031	17	8507354	8559153	fdca26
11	22654203	22657848	9	9120506	9124158	d8576b
1	328926418	329054569	1	341825604	341943723	0d0887
3	151178778	151189621	3	160219311	160232248	46039f
6	30522871	30571649	6	73454586	73487844	8808a6
8	105887	108536	8	190473	201720	ad2793
7	71889504	71914799	7	24739822	24756531	9c179e
16	12132631	12140072	15	16167483	16175455	fdb42f
17	3990963	3996010	17	10562450	10577138	fdca26
1	269950920	269975039	1	280647265	280670240	0d0887
1	332468806	332470315	1	345779699	345781208	0d0887
7	89083749	89099921	7	6755014	6776229	9c179e
6	48170407	48178833	6	56502152	56514448	8808a6
1	340458136	340520752	4	149653537	149662957	0d0887
16	12512962	12522549	15	16596373	16606452	fdb42f
3	20279917	20287937	3	23252436	23265269	46039f
2	205160461	205174902	2	79974359	79985454	2e0595
2	232150544	232200585	2	52605079	52681618	2e0595
3	159049902	159070752	3	168555048	168578385	46039f
15	1371003	1377120	13	12142860	12149219	fb9f3a
1	63454650	63486521	1	68476450	68507580	0d0887
3	135266218	135292734	3	143597561	143624915	46039f
7	24247941	24257883	7	65285572	65296666	9c179e
3	150400716	150405633	3	159350162	159355867	46039f
7	83915170	83929972	7	1536971	1553365	9c179e
6	42072009	42073506	6	62415304	62416798	8808a6
16	1400303	1415455	15	975655	991608	fdb42f
7	89573946	89594616	7	7339931	7354917	9c179e
2	164759402	164782340	2	120967921	120987175	2e0595
14	1252701	1273360	14	20091589	20107721	f58b47
6	98746494	98775786	6	10838703	10906441	8808a6
12	3760238	3769202	12	21042420	21050827	e3685f
15	16414047	16423780	13	10994965	11003102	fb9f3a
4	5218551	5237267	4	4460508	4483074	5c01a6
15	13133094	13145093	13	7759688	7770131	fb9f3a
4	77812405	77870271	4	87921596	87945073	5c01a6
14	9305370	9312390	14	9578561	9587148	f58b47
2	37405185	37428516	2	252226104	252250274	2e0595
7	78874520	78905948	7	17031171	17060329	9c179e
6	22256648	22276496	6	82093506	82114370	8808a6
3	138743001	138838524	3	147281682	147373538	46039f
1	68582396	68666762	1	73743282	73778388	0d0887
2	222953486	223041392	2	62058157	62178289	2e0595
19	1365254	1369128	18	1874944	1879982	f0f921
5	40639766	40650784	5	41149362	41161149	7201a8
1	293396311	293426262	1	304209884	304223814	0d0887
3	100136495	100145272	3	107678080	107683117	46039f
8	31123612	31183394	8	32370514	32434019	ad2793
1	192805519	192812611	1	202418625	202425936	0d0887
1	126639066	126660995	1	132229188	132254562	0d0887
3	86281857	86292337	3	92497995	92509042	46039f
14	2532856	2538054	14	18454584	18464020	f58b47
2	26869853	26896729	2	262792210	262824687	2e0595
3	137082394	137102691	3	145535119	145555951	46039f
2	221952529	221968214	2	63194468	63210760	2e0595
3	202548014	202557723	3	214582998	214590028	46039f
1	323919442	323944750	1	335778196	335827407	0d0887
1	293253416	293259122	1	304076733	304082598	0d0887
5	22591640	22607680	5	23260874	23274387	7201a8
1	239720261	239726305	1	249643315	249649803	0d0887
1	184298693	184324289	1	193465429	193485003	0d0887
13	18785390	18834098	11	33970	46281	ed7953
4	50101450	50119220	4	53072279	53087509	5c01a6
1	261808084	261838754	1	272106787	272136031	0d0887
3	35338549	35453699	3	39188604	39297293	46039f
1	160200686	160250943	1	166250908	166291854	0d0887
7	20672581	20696256	7	69119231	69167724	9c179e
3	165372891	165386262	3	174863303	174878201	46039f
3	37981339	37983327	3	41866144	41868129	46039f
5	86655407	86718129	5	90221319	90252441	7201a8
16	8141946	8173148	15	9955383	9978395	fdb42f
13	7930077	7955605	11	11292765	11317623	ed7953
2	198524957	198542509	2	86556671	86572053	2e0595
7	29412199	29413702	7	60226097	60227600	9c179e
2	152215152	152233525	2	133868531	133884372	2e0595
3	169378216	169380777	3	179032523	179035098	46039f
3	33969893	33989036	3	37744627	37762440	46039f
14	2463496	2483302	14	18545770	18574371	f58b47
1	101790939	101869848	1	106858040	106952693	0d0887
15	12147592	12154359	13	6771014	6778511	fb9f3a
2	104625702	104655579	2	185522448	185570704	2e0595
2	154332734	154401100	2	131600158	131674066	2e0595
5	56026694	56040771	5	56314312	56355520	7201a8
1	116634708	116641299	1	121835319	121841975	0d0887
17	9770233	9790928	17	1875647	1903745	fdca26
1	319580289	319617211	1	330762958	330790678	0d0887
17	10714757	10724867	17	608819	621712	fdca26
8	26375659	26409279	8	27774970	27809094	ad2793
4	58738276	58834185	4	72327220	72549692	5c01a6
19	204192	207331	18	225158	229109	f0f921
19	3197703	3204087	18	4176368	4188058	f0f921
15	11428066	11443359	13	5999731	6016845	fb9f3a
5	50258174	50269291	5	50537452	50547297	7201a8
15	16664767	16670180	13	11219836	11230046	fb9f3a
2	143096696	143125858	2	142848413	142875982	2e0595
17	1102644	1121279	17	12447527	12467243	fdca26
1	90060946	90069435	1	95124142	95133394	0d0887
2	132837282	132851091	2	147224553	147235385	2e0595
8	64549386	64562309	8	65802593	65814249	ad2793
16	13060170	13066601	15	17189270	17194914	fdb42f
8	53344889	53366608	8	53547492	53606743	ad2793
1	200747053	200748538	1	210453397	210454882	0d0887
4	13868545	13899774	4	13724332	13761770	5c01a6
8	58633111	58639351	8	60776179	60781470	ad2793
2	101870383	101887631	2	188179327	188200238	2e0595
6	70702522	70714580	6	34903078	34917828	8808a6
3	79390398	79401857	3	85380821	85399527	46039f
6	96369695	96390159	6	15786141	15817794	8808a6
5	13974214	13993676	5	13628654	13656486	7201a8
1	269976209	269998441	1	280671381	280698113	0d0887
5	119015218	119049120	5	123709384	123745861	7201a8
4	89644671	89667076	4	97781546	97805098	5c01a6
8	74953910	74968567	8	78138226	78154300	ad2793
13	2113558	2119442	11	20743590	20757057	ed7953
7	91420665	91422144	7	9766027	9767506	9c179e
14	3764003	3800173	14	16772434	16816804	f58b47
1	34398002	34526957	1	39103437	39219726	0d0887
4	49998157	50002961	4	52921651	52926484	5c01a6
1	100792276	100817853	1	105803740	105833951	0d0887
13	8662509	8680142	11	10389791	10408903	ed7953
3	79778114	79883812	3	85768488	85888527	46039f
3	195446949	195507308	3	207752253	207802270	46039f
7	18011785	18047139	7	72080644	72124451	9c179e
2	153813558	153860003	2	132180347	132233201	2e0595
1	48821548	48843822	1	53658125	53679496	0d0887
3	46350278	46374336	3	50574440	50592089	46039f
2	92150619	92167421	2	198083835	198099613	2e0595
12	9055709	9068512	12	13928784	13949337	e3685f
15	13771713	13777324	13	8258177	8264261	fb9f3a
1	248560000	248561482	1	258759764	258761240	0d0887
16	7991379	7996006	15	9689032	9693745	fdb42f
5	17103502	17178725	5	17311932	17379397	7201a8
1	257060310	257071969	1	267285322	267300653	0d0887
2	53437341	53460752	2	235809050	235832873	2e0595
1	62318377	62334374	1	67329206	67349281	0d0887
1	246483574	246505820	1	256575335	256600838	0d0887
6	38391499	38418904	6	65858778	65887430	8808a6
6	70902649	70919282	6	34698325	34715352	8808a6
14	430052	433425	14	21010147	21013195	f58b47
2	155013575	155029526	2	130971032	130981643	2e0595
13	12522593	12539146	11	6310706	6332310	ed7953
3	188199115	188207271	3	199578454	199588493	46039f
2	241505881	241534330	2	42291557	42318517	2e0595
2	209758424	209768887	2	75353895	75362078	2e0595
15	7778235	7783188	13	2100909	2105709	fb9f3a
5	121153354	121236202	5	125782497	125870715	7201a8
5	24058736	24088573	5	24822254	24854732	7201a8
3	170644533	170650537	3	180333695	180339977	46039f
7	16278205	16294815	7	74130800	74149406	9c179e
1	71228506	71239249	1	76223986	76240132	0d0887
1	204805478	204806939	1	214416069	214417530	0d0887
1	126438286	126446742	1	132012491	132025360	0d0887
1	316938971	316945958	1	327741617	327743888	0d0887
2	141418412	141431114	2	144593971	144603805	2e0595
3	28840255	28846237	3	32518486	32525934	46039f
15	82106	93232	13	15034839	15045106	fb9f3a
8	39114042	39131753	8	39781449	39796590	ad2793
4	49144334	49224645	4	51711160	51810786	5c01a6
8	70047896	70069531	8	71928449	71939898	ad2793
7	39547895	39560614	7	50899177	50910597	9c179e
7	75870213	75901269	7	20511832	20532218	9c179e
2	207490900	207521822	2	77555758	77583696	2e0595
1	250661891	250670886	1	260806578	260816496	0d0887
7	51171047	51218942	7	42715529	42737468	9c179e
4	23327525	23331595	4	23810293	23815452	5c01a6
4	91890939	91898909	4	100039547	100049718	5c01a6
4	86095253	86125494	4	94182285	94219042	5c01a6
3	95528443	95553065	3	104692208	104716755	46039f
1	335962376	336056818	1	349303839	349398276	0d0887
8	75194258	75203441	8	78410368	78415821	ad2793
10	884452	892627	10	27685021	27693333	cc4778
1	123229624	123264358	1	128815897	128857404	0d0887
7	56209690	56279515	7	38525781	38617397	9c179e
2	152242801	152263541	2	133840922	133859252	2e0595
3	147052100	147058576	3	156102995	156111337	46039f
7	19872263	19897661	7	70119877	70146001	9c179e
7	91461931	91463326	7	9833851	9835255	9c179e
19	2262229	2268611	18	3050859	3058295	f0f921
2	219864289	219898652	2	65338589	65369504	2e0595
1	339949426	340019966	4	150125335	150128647	0d0887
13	931879	940999	11	23922592	23940619	ed7953
3	47290376	47311370	3	51307450	51330643	46039f
7	30343317	30362941	7	59335116	59356074	9c179e
8	68554402	68587821	8	70474548	70515737	ad2793
14	4628631	4650364	14	15658381	15692832	f58b47
6	35016646	35043471	6	69221472	69237836	8808a6
3	200395791	200398180	3	212718363	212723292	46039f
1	2050889	2073379	1	357876	376718	0d0887
14	16444792	16456610	14	1047709	1066735	f58b47
2	140872681	140878862	2	145135410	145142015	2e0595
1	317072497	317080805	1	327888037	327901218	0d0887
5	51837826	51870465	5	52104940	52125255	7201a8
1	4465066	4500055	1	7380144	7411664	0d0887
1	288519760	288548290	1	299336492	299372072	0d0887
8	35769226	35780746	8	36664391	36676917	ad2793
1	199086110	199108625	1	208698892	208732939	0d0887
1	158016596	158020998	1	164092591	164097822	0d0887
13	17561407	17583482	11	1177162	1211711	ed7953
11	22607990	22617887	9	9075978	9086870	d8576b
1	288323475	288341639	1	299124889	299137772	0d0887
1	166878980	166907957	1	172892371	172916206	0d0887
3	83326608	83365746	3	89343323	89377780	46039f
1	99000343	99015298	1	103964002	103979512	0d0887
1	165944189	165958040	1	171922160	171934168	0d0887
1	130681895	130701394	1	136244602	136266730	0d0887
6	12804291	12809908	6	92581734	92586847	8808a6
4	86379812	86410957	4	94399167	94425060	5c01a6
1	146488572	146542087	1	152188093	152238621	0d0887
1	222787557	222807764	1	232670185	232697277	0d0887
2	80285002	80298885	2	208954231	208969600	2e0595
1	279215099	279216542	1	289994137	289995580	0d0887
1	128857256	128880227	1	134583176	134610753	0d0887
3	158268143	158297990	3	167738414	167762766	46039f
1	34056739	34139945	1	38740921	38827654	0d0887
4	11668635	11722401	4	11359448	11403418	5c01a6
1	92027338	92049214	1	97150670	97170396	0d0887
1	314054969	314077011	1	324512167	324535863	0d0887
4	101153350	101198429	4	109647379	109674725	5c01a6
7	54664118	54722321	7	40896131	40935015	9c179e
11	14784045	14790670	9	31496492	31507053	d8576b
1	281160548	281190599	1	291907514	291938409	0d0887
5	53829786	53846782	5	54194186	54212282	7201a8
1	25727981	25749243	1	30159164	30183160	0d0887
3	92818128	92835876	3	102175682	102283955	46039f
7	92429376	92434751	7	11481010	11486140	9c179e
3	162948368	162974272	3	172376926	172418723	46039f
1	143273951	143297035	1	148928232	148950935	0d0887
2	225498217	225511122	2	59579507	59597075	2e0595
3	148922370	148926489	3	158021557	158027261	46039f
5	122087517	122101529	5	126663448	126676624	7201a8
3	24297763	24299194	3	27640769	27642200	46039f
1	277976349	277989462	1	288695671	288718456	0d0887
14	15259398	15263439	14	2224121	2228182	f58b47
3	201133014	201154780	3	213442847	213457306	46039f
4	34791836	34884657	4	35513276	35611855	5c01a6
14	10182074	10201228	14	8455125	8476644	f58b47
8	57045461	57167268	8	58926313	58987703	ad2793
1	31309005	31310433	1	35956349	35957777	0d0887
7	16860795	16904845	7	73387817	73429214	9c179e
1	116591184	116603895	1	121790939	121801645	0d0887
2	89916718	89928763	2	200326894	200339096	2e0595
5	56062128	56074332	5	56378795	56397442	7201a8
3	38883837	38908035	3	42905193	42922676	46039f
3	22379475	22389074	3	25596889	25611135	46039f
1	73985391	74003859	1	79085094	79111267	0d0887
1	158385804	158428126	1	164468359	164503804	0d0887
16	12404908	12414828	15	16478755	16489432	fdb42f
1	276761272	276789272	1	287452793	287475034	0d0887
1	329752108	329782063	1	342724611	342755888	0d0887
1	274442970	274477540	1	285237404	285267690	0d0887
1	104579710	104614076	1	109806875	109839466	0d0887
7	22727519	22746830	7	66892232	66913045	9c179e
1	240057305	240070942	1	249970882	249982309	0d0887
12	863418	872220	12	24702062	24712892	e3685f
2	91855614	91863311	2	198384953	198394884	2e0595
15	4003058	4004905	13	20585179	20587304	fb9f3a
16	2315239	2326995	15	1883226	1944975	fdb42f
16	9681340	9684266	15	12358724	12364342	fdb42f
12	109736	126012	12	25525536	25543624	e3685f
2	182246818	182256696	2	102910371	102918951	2e0595
3	45533719	45544575	3	49746125	49757981	46039f
10	16040089	16046236	10	10561029	10568481	cc4778
1	296577548	296606000	1	307416519	307441141	0d0887
1	43165127	43183991	1	48042008	48065376	0d0887
7	47967513	47992692	7	44267410	44281131	9c179e
3	192022617	192071736	3	204033529	204086619	46039f
1	134436990	134535526	1	140159716	140260308	0d0887
3	193859570	193893189	3	205977601	205992665	46039f
12	8189375	8194756	12	15143447	15152021	e3685f
14	5219785	5230822	14	14899512	14911435	f58b47
1	315776560	315794427	1	326533053	326555380	0d0887
7	5976760	5994566	7	85437050	85455170	9c179e
1	228142749	228144168	1	238021733	238023152	0d0887
1	36012510	36022786	1	40704195	40718337	0d0887
16	12142675	12149408	15	16178110	16185828	fdb42f
2	221230325	221245481	2	63922320	63935602	2e0595
15	4228535	4273866	13	20969777	21026634	fb9f3a
14	4780342	4793197	14	15482825	15497975	f58b47
1	307225049	307397669	1	317806025	317963154	0d0887
5	51872243	51884955	5	52127060	52135916	7201a8
17	8387489	8391113	17	3379757	3386066	fdca26
16	11847794	11855489	15	15827566	15833756	fdb42f
2	18523751	18534374	2	272234332	272251331	2e0595
14	260286	273505	14	21173393	21187408	f58b47
1	177075470	177086152	1	187599382	187609717	0d0887
2	208827417	208828863	2	76325713	76327162	2e0595
17	8273988	8280760	17	3223001	3229720	fdca26
1	151905143	151924083	1	157625439	157644792	0d0887
1	339399770	339414610	4	150562423	150622697	0d0887
1	296873807	296911740	1	307690311	307724514	0d0887
3	117403172	117421978	3	124971640	124986771	46039f
3	64597510	64603063	3	69684711	69690137	46039f
5	13734949	13746614	5	13350743	13366685	7201a8
4	23989702	23994712	4	24596461	24601898	5c01a6
16	12675188	12681579	15	16771781	16778609	fdb42f
15	10426810	10454999	13	5010381	5039417	fb9f3a
12	9217744	9230450	12	13710747	13725009	e3685f
1	316938381	316942276	1	327736870	327740582	0d0887
1	227299803	227327717	1	237158882	237188843	0d0887
19	4775132	4786570	18	6294726	6309664	f0f921
7	10674606	10692704	7	80509331	80528508	9c179e
2	20978175	20993700	2	269367357	269384083	2e0595
7	81839808	81856598	7	13688761	13706008	9c179e
3	118464898	118529638	3	126102797	126166505	46039f
14	15217405	15225300	14	2262348	2271007	f58b47
1	40887882	40903821	1	45548080	45567397	0d0887
4	26399239	26420242	4	27028385	27049347	5c01a6
1	98837603	98853931	1	103815590	103831535	0d0887
1	249669156	249696465	1	259831165	259875964	0d0887
7	8515810	8523367	7	82852865	82866835	9c179e
1	340480389	340492486	4	149687812	149700959	0d0887
1	329415245	329431728	1	342388976	342403665	0d0887
11	6995812	7020122	9	19355093	19389810	d8576b
2	154890802	154913522	2	131091738	131116340	2e0595
1	247695402	247713723	1	257825030	257842390	0d0887
1	130769559	130815481	1	136334752	136391690	0d0887
5	26300172	26316273	5	27142891	27156661	7201a8
1	104795261	104801774	1	110021916	110027947	0d0887
1	11982275	11996916	1	14914947	14926433	0d0887
6	72640400	72660749	6	33133857	33153535	8808a6
1	215370584	215416932	1	225034606	225078958	0d0887
11	280494	294247	9	10309971	10319540	d8576b
4	20289371	20307143	4	20663080	20681597	5c01a6
2	191530232	191552573	2	93657549	93679400	2e0595
14	5048972	5053127	14	15136536	15142492	f58b47
3	141081237	141082635	3	149745301	149746648	46039f
7	14437459	14459346	7	76175511	76195084	9c179e
7	19387077	19388481	7	70734523	70735930	9c179e
13	15801031	15810904	11	2968386	2975749	ed7953
10	9042415	9051662	10	15985117	15997841	cc4778
1	22932854	22946179	1	27087999	27101827	0d0887
8	54368250	54457203	8	54759641	54949131	ad2793
1	9800662	9893116	1	12379878	12474579	0d0887
1	63972848	63984814	1	69014709	69025604	0d0887
7	93118961	93131152	7	12653582	12671806	9c179e
7	29432837	29435517	7	60195731	60198205	9c179e
6	59730069	59763982	6	45473262	45497182	8808a6
2	201998995	202012636	2	83197043	83200800	2e0595
3	156493667	156506003	3	165975591	165985510	46039f
2	182417111	182418898	2	102745017	102746811	2e0595
2	234353709	234379702	2	50304777	50331393	2e0595
1	238331589	238384838	1	248238359	248300699	0d0887
1	177094100	177120898	1	187618909	187645984	0d0887
6	58136088	58141055	6	47041197	47047829	8808a6
19	1217378	1219105	18	1627856	1630053	f0f921
2	192165835	192185321	2	92963245	92979782	2e0595
3	168581571	168627188	3	178219509	178258733	46039f
2	152434464	152439475	2	133661328	133667835	2e0595
4	49662164	49676423	4	52449752	52464685	5c01a6
3	163149100	163160118	3	172588075	172598131	46039f
2	43743435	43758643	2	245757208	245768763	2e0595
5	121350800	121385071	5	125987911	126022714	7201a8
1	155562391	155592550	1	161426105	161456987	0d0887
3	137505455	137516626	3	145957402	145969654	46039f
16	12361776	12363831	15	16429103	16431385	fdb42f
1	129055588	129244680	1	134673178	134840392	0d0887
18	5106865	5115656	16	6942542	6953734	f8e125
5	45680854	45685540	5	46156896	46161558	7201a8
1	71689142	71712878	1	76683593	76708373	0d0887
2	232746978	232765992	2	52013910	52028802	2e0595
6	3503104	3510711	6	102205142	102217458	8808a6
3	148612712	148653313	3	157700921	157742101	46039f
6	83378691	83426934	6	24740474	24790152	8808a6
12	1416682	1457451	12	23966794	24021244	e3685f
3	147770883	147773951	3	156839733	156842864	46039f
1	279132924	279137009	1	289899927	289904989	0d0887
1	286982706	286999457	1	297726242	297744061	0d0887
13	637120	643363	11	24503031	24511074	ed7953
2	100839834	100849117	2	189249768	189266849	2e0595
17	7533284	7540956	17	4816662	4824180	fdca26
1	254691570	254702318	1	264764321	264774058	0d0887
4	42072117	42117486	4	43509527	43583571	5c01a6
4	29466019	29496618	4	30165133	30194630	5c01a6
2	198572373	198618203	2	86479133	86526019	2e0595
12	554121	559384	12	25044142	25048787	e3685f
8	21788047	21800365	8	23019831	23035049	ad2793
5	38765438	38773988	5	39429130	39437067	7201a8
5	23407434	23417099	5	24166526	24176220	7201a8
16	2280445	2307751	15	1839412	1875114	fdb42f
2	209524640	209537027	2	75590550	75602545	2e0595
6	36950455	37147177	6	67042136	67266619	8808a6
15	3558357	3559743	13	19732988	19734371	fb9f3a
2	75926705	75937330	2	212930194	212941377	2e0595
5	45717110	45775592	5	46188450	46241345	7201a8
6	82508490	82512910	6	23794164	23800558	8808a6
7	56107083	56116951	7	38706001	38715374	9c179e
4	46682196	46685336	4	48882479	48886564	5c01a6
7	28336550	28360487	7	61244644	61269262	9c179e
1	205008691	205014445	1	214594492	214602561	0d0887
8	43714267	43727322	8	44216481	44231708	ad2793
3	33887357	33894796	3	37666911	37673440	46039f
1	274485762	274503268	1	285277469	285293391	0d0887
3	119357644	119367922	3	126999996	127010015	46039f
7	79460689	79467306	7	16436632	16442334	9c179e
1	149916901	149937838	1	155640205	155665752	0d0887
1	252548783	252554279	1	262740399	262752458	0d0887
7	36686302	36689043	7	53539419	53542173	9c179e
11	12565062	12568140	9	28359931	28363360	d8576b
1	115386481	115396186	1	120550616	120560319	0d0887
1	265410784	265430625	1	275889399	275917370	0d0887
14	5056433	5065454	14	15118263	15131652	f58b47
1	160126051	160141155	1	166157878	166170661	0d0887
19	137502	142064	18	143686	151282	f0f921
13	8101585	8105910	11	11095480	11102355	ed7953
1	51403826	51419686	1	56260234	56274448	0d0887
3	97916337	97986300	3	106161855	106209959	46039f
2	100505034	100513127	2	189588992	189598185	2e0595
3	10667846	10705254	3	11637756	11682496	46039f
5	69078318	69101082	5	80136449	80153603	7201a8
2	217323437	217346454	2	67686431	67714852	2e0595
4	28173431	28204663	4	28850403	28879416	5c01a6
2	217011707	217031415	2	68018121	68043198	2e0595
17	10053815	10060053	17	1102628	1109246	fdca26
1	333238263	333254108	1	346563851	346584376	0d0887
1	286779910	286797195	1	297516028	297532392	0d0887
2	199791159	199792512	2	85263780	85265133	2e0595
1	257014175	257030637	1	267226258	267243477	0d0887
2	92107211	92135357	2	198111903	198139066	2e0595
17	10685720	10699961	17	577168	591728	fdca26
13	18762078	18767276	11	67002	72626	ed7953
2	32174526	32175900	2	257264888	257266240	2e0595
1	63208526	63211678	1	68236065	68239145	0d0887
3	119331469	119344139	3	126973244	126987646	46039f
5	49303793	49324911	5	49549513	49561837	7201a8
1	153365541	153372226	1	159164920	159170787	0d0887
1	267479379	267484178	1	278090961	278096232	0d0887
6	41829826	41848225	6	62646542	62662666	8808a6
2	18851159	18866637	2	271855900	271873490	2e0595
2	189945508	189954748	2	95204371	95213492	2e0595
1	313087002	313127139	1	323513181	323561940	0d0887
2	31181684	31204423	2	258150687	258171868	2e0595
2	85934076	85939415	2	204216419	204222997	2e0595
17	7546469	7552839	17	4790605	4806765	fdca26
1	340299884	340301168	4	149855806	149857135	0d0887
1	66671459	66681791	1	71693046	71703048	0d0887
8	66727384	66734356	8	68616376	68622217	ad2793
2	155583189	155592900	2	130382749	130393862	2e0595
6	73064743	73078299	6	32707334	32729292	8808a6
3	178263835	178286449	3	188404310	188429017	46039f
8	11380664	11397936	8	11465763	11480094	ad2793
1	179406121	179410032	1	189558885	189563792	0d0887
12	13986464	14011979	12	7489309	7516419	e3685f
15	16903214	16908629	13	11436401	11441874	fb9f3a
2	179204059	179205418	2	105989053	105990406	2e0595
3	191919393	191952940	3	203918928	203951446	46039f
16	3912112	3933480	15	4025029	4055597	fdb42f
5	119478761	119490816	5	124201598	124223762	7201a8
1	339838642	339848053	4	150254141	150260721	0d0887
7	62277820	62327924	7	32494548	32499847	9c179e
1	182591147	182631811	1	192066584	192112300	0d0887
1	306056789	306058307	1	316672708	316674226	0d0887
1	279237679	279245003	1	290019950	290029226	0d0887
2	195286493	195303048	2	89792122	89809705	2e0595
11	22557070	22561374	9	9023570	9028664	d8576b
3	13892063	13893596	3	15530169	15531702	46039f
3	179562322	179564227	3	189874632	189876587	46039f
3	89774104	89775427	3	96465700	96467020	46039f
10	16040101	16046146	10	10561113	10568466	cc4778
3	147256104	147349674	3	156324013	156415942	46039f
3	22823132	22839040	3	26097801	26113600	46039f
1	324697143	324719411	1	336665999	336686657	0d0887
7	33194899	33207002	7	56695994	56702001	9c179e
1	33264247	33265597	1	37992983	37994333	0d0887
15	8662272	8670464	13	3140081	3149755	fb9f3a
1	307032265	307069546	1	317625754	317665080	0d0887
8	69671732	69701655	8	71329632	71365855	ad2793
14	355113	360749	14	21084138	21091152	f58b47
11	14633471	14722868	9	31272587	31410155	d8576b
5	91451630	91472431	5	94278808	94301437	7201a8
1	214882090	214898479	1	224560207	224575641	0d0887
1	49734787	49767443	1	54697113	54741405	0d0887
1	301938466	301946931	1	312804703	312813063	0d0887
1	288042912	288065295	1	298822822	298860677	0d0887
12	2078750	2086640	12	23154424	23177800	e3685f
13	18711571	18713714	11	115419	118597	ed7953
3	47949566	47950907	3	52054387	52055728	46039f
2	154774479	154783814	2	131213945	131225960	2e0595
14	13425821	13445546	14	4303387	4325941	f58b47
1	204860981	204875402	1	214467672	214479587	0d0887
17	4899551	4930306	17	8217468	8234491	fdca26
1	242392145	242404248	1	252536251	252547738	0d0887
5	92366842	92386334	5	95150552	95164011	7201a8
1	234239549	234260779	1	244152563	244168677	0d0887
7	51650676	51657543	7	42503678	42509894	9c179e
2	18225679	18227023	2	272603057	272604404	2e0595
2	157687514	157707292	2	128302925	128329629	2e0595
11	21192930	21198499	9	7762510	7770388	d8576b
12	8485544	8490159	12	14714230	14722762	e3685f
3	107640936	107663506	3	114896594	114918375	46039f
7	34782150	34812213	7	55214055	55232466	9c179e
14	2325717	2333349	14	18744909	18755770	f58b47
2	30403033	30418059	2	258972352	258981817	2e0595
5	59916222	59921298	5	64064002	64071904	7201a8
3	25022713	25050816	3	28448533	28471593	46039f
3	22676168	22693750	3	25939964	25957902	46039f
3	20814150	20834324	3	23781324	23803880	46039f
3	62981577	62990205	3	67866959	67876801	46039f
7	81548859	81599609	7	13977729	14026372	9c179e
8	7771699	7773022	8	7789643	7790960	ad2793
1	279084830	279102631	1	289849885	289871223	0d0887
3	79475689	79482130	3	85470548	85482686	46039f
4	94399984	94441500	4	102588284	102614421	5c01a6
2	84796832	84807664	2	205115511	205129987	2e0595
1	321132898	321152962	1	332643223	332667386	0d0887
3	155807244	155819386	3	165231435	165241069	46039f
3	169651136	169670556	3	179296304	179308701	46039f
15	15293825	15300584	13	9830938	9854197	fb9f3a
7	61853651	61952432	7	34685486	34796400	9c179e
1	96044933	96087137	1	101084377	101121328	0d0887
1	331274424	331327920	1	344448467	344508182	0d0887
15	13749545	13753806	13	8235485	8240469	fb9f3a
1	302106912	302123749	1	312970676	312990191	0d0887
1	250284367	250291010	1	260412883	260419265	0d0887
3	24598524	24608375	3	27961458	27972295	46039f
7	90888674	90898260	7	8987379	8998641	9c179e
4	68002454	68013256	4	83475499	83488193	5c01a6
1	334708563	334731889	1	348082650	348098337	0d0887
18	9651194	9657416	16	65035	71310	f8e125
6	5829286	5854411	6	99920375	99944254	8808a6
16	593047	633361	15	111840	149260	fdb42f
4	89700636	89715150	4	97837793	97849137	5c01a6
18	2895946	2909228	16	9812700	9828683	f8e125
3	50688940	50699907	3	54912608	54926415	46039f
16	7600530	7620113	15	9151506	9178953	fdb42f
2	199239972	199253986	2	85824904	85836416	2e0595
7	52601027	52706084	7	42151817	42193624	9c179e
7	79917786	79950209	7	15906759	15936839	9c179e
11	926241	934509	9	10541107	10552053	d8576b
8	76365399	76377728	8	79758144	79770773	ad2793
5	52873799	52884170	5	53121627	53131195	7201a8
7	22386944	22425577	7	67239222	67278588	9c179e
1	340231323	340253011	4	149902395	149935029	0d0887
8	59283879	59311468	8	61159915	61173687	ad2793
1	104886450	104900072	1	110118294	110129324	0d0887
11	20120297	20129186	9	6425017	6438756	d8576b
6	61173520	61188801	6	44081330	44100283	8808a6
1	329592180	329593497	1	342564599	342565916	0d0887
3	159698446	159705021	3	169236785	169243534	46039f
7	44768409	44775191	7	46537221	46543961	9c179e
4	84482886	84503738	4	92868912	92888184	5c01a6
5	5718216	5737810	5	4828391	4843809	7201a8
3	34621155	34633004	3	38441431	38452259	46039f
6	96318502	96339086	6	15856936	15889140	8808a6
5	119459066	119469851	5	124182401	124194784	7201a8
10	14571234	14590861	10	11775337	11799671	cc4778
7	52007836	52025496	7	42323957	42335101	9c179e
1	81079231	81088175	1	86106211	86115487	0d0887
4	25559300	25574093	4	26216904	26232805	5c01a6
1	115932809	115950647	1	121083666	121103523	0d0887
2	16986560	17004801	2	274175161	274193779	2e0595
1	189312257	189334663	1	198613697	198645643	0d0887
3	153673231	153679158	3	162916230	162923813	46039f
5	7907643	7925457	5	7055304	7068169	7201a8
1	72223582	72253414	1	77242678	77273235	0d0887
8	60415418	60423115	8	62052422	62059873	ad2793
2	53342598	53403569	2	235857322	235906929	2e0595
19	1668943	1678460	18	2521795	2536376	f0f921
1	194034524	194057501	1	203703199	203736336	0d0887
6	99056773	99069765	6	10224067	10238489	8808a6
3	51147321	51156160	3	55316751	55325045	46039f
1	25225921	25227223	1	29644622	29645927	0d0887
12	9474063	9487593	12	13371164	13388380	e3685f
10	1613620	1620538	10	25926836	25936811	cc4778
16	8843129	8860957	15	11206940	11239219	fdb42f
6	3883645	3890997	6	101757850	101765703	8808a6
1	29783630	29786388	1	34422377	34425654	0d0887
2	21757251	21761319	2	268481498	268485896	2e0595
1	291493811	291582011	1	302306049	302382965	0d0887
4	30525475	30538311	4	31203419	31215479	5c01a6
3	172676473	172694550	3	182386147	182405893	46039f
5	10024765	10026067	5	9148408	9149710	7201a8
5	30869545	30879903	5	31772010	31783039	7201a8
7	31425718	31431328	7	58299192	58306809	9c179e
6	3136029	3147946	6	102570469	102586993	8808a6
4	60710220	60775760	4	75904614	75994488	5c01a6
5	30922694	30954058	5	31838895	31876458	7201a8
2	199598946	199607209	2	85460463	85468057	2e0595
5	64991784	65007484	5	73815329	73888057	7201a8
13	12807006	12825640	11	6021841	6036226	ed7953
2	234014009	234208683	2	50488282	50667101	2e0595
1	286810628	286819209	1	297546403	297556136	0d0887
7	81445999	81491370	7	14088421	14144668	9c179e
10	139758	149429	10	26390253	26398758	cc4778
19	3074461	3088427	18	4357649	4367990	f0f921
5	32405916	32407101	5	33201660	33202815	7201a8
5	64677228	64699089	5	72990561	73026729	7201a8
3	159663227	159686645	3	169199559	169223591	46039f
2	103871544	103901182	2	186196407	186222323	2e0595
5	120621595	120629324	5	125296175	125306283	7201a8
1	116089222	116128026	1	121252640	121291663	0d0887
15	8921977	8965697	13	3448080	3490367	fb9f3a
7	2424844	2440025	7	88669072	88683751	9c179e
15	16237900	16239169	13	10827567	10828848	fb9f3a
8	64511389	64518468	8	65761360	65780263	ad2793
2	241551515	241560027	2	42273358	42279423	2e0595
4	75324109	75354273	4	87364662	87393451	5c01a6
1	33629882	33635234	1	38290533	38296312	0d0887
1	283303008	283321709	1	294075874	294086191	0d0887
14	3195325	3205256	14	17551322	17562477	f58b47
17	1567989	1575446	17	12267159	12277929	fdca26
16	8119868	8129326	15	9900107	9909240	fdb42f
1	61019845	61028222	1	66025780	66031315	0d0887
5	14055038	14064582	5	13726077	13733854	7201a8
1	99821454	99893729	1	104802071	104905052	0d0887
4	40636274	40639900	4	42020149	42023789	5c01a6
1	340043920	340049550	4	150097743	150103904	0d0887
8	60353387	60372745	8	62002639	62014581	ad2793
5	30800905	30810066	5	31687290	31696538	7201a8
14	12652368	12664806	14	5284478	5301508	f58b47
7	92926791	92940356	7	12308644	12345890	9c179e
2	222496841	222513723	2	62595956	62606806	2e0595
14	6529227	6536075	14	13197462	13206961	f58b47
16	12469165	12472783	15	16550116	16553696	fdb42f
7	65802764	65853735	7	27958524	27994676	9c179e
4	24896917	24925388	4	25507653	25530189	5c01a6
2	93505418	93521026	2	196620423	196638896	2e0595
5	13370059	13400044	5	12965038	13001833	7201a8
3	79758955	79766291	3	85749151	85759583	46039f
3	170510964	170525970	3	180160734	180182602	46039f
6	38339249	38343614	6	65911313	65917093	8808a6
1	74029708	74054316	1	79130746	79156918	0d0887
6	95169298	95243722	6	3184515	3451782	8808a6
4	31912210	31958622	4	32541940	32578743	5c01a6
8	3290201	3338318	8	3148700	3197196	ad2793
5	21083681	21157733	5	21583652	21645848	7201a8
19	2559848	2564479	18	3688434	3694627	f0f921
10	844367	850185	10	27600207	27610259	cc4778
13	16468162	16478169	11	2276878	2288396	ed7953
1	336365921	336386741	1	349723842	349740848	0d0887
1	51437650	51453643	1	56299381	56316451	0d0887
13	18356319	18358701	11	462205	464609	ed7953
12	9007553	9018802	12	14002751	14014124	e3685f
3	140994058	140999287	3	149638333	149644025	46039f
8	44192194	44218561	8	44683422	44718052	ad2793
5	57419697	57446781	5	58119920	58155087	7201a8
7	27166553	27167807	7	62443104	62444340	9c179e
1	36087514	36102059	1	40780463	40797805	0d0887
4	4110673	4118271	4	3522604	3530595	5c01a6
3	134623379	134647147	3	142935795	142954548	46039f
11	22804769	22813342	9	9272282	9288852	d8576b
2	64231923	64233198	2	225011662	225012937	2e0595
1	181310451	181343278	1	191093227	191123455	0d0887
15	838530	840777	13	13755858	13760403	fb9f3a
17	8537390	8538614	17	3569705	3570935	fdca26
1	280988810	281066195	1	291761374	291819776	0d0887
4	51238706	51254593	4	55024673	55044312	5c01a6
4	63637609	63638848	4	79708564	79709803	5c01a6
1	195278638	195291210	1	205027331	205069317	0d0887
16	10801898	10803672	15	14108772	14112379	fdb42f
19	5921398	5927000	18	8270812	8278216	f0f921
15	654434	662283	13	14126838	14136436	fb9f3a
1	166685588	166708183	1	172700830	172720661	0d0887
6	38119812	38133864	6	66097253	66112112	8808a6
12	1158867	1166855	12	24313801	24329885	e3685f
10	5017380	5024915	10	20484525	20492347	cc4778
11	18913833	18925817	9	4822814	4839982	d8576b
2	47455806	47473002	2	241843440	241859372	2e0595
12	9200484	9215104	12	13727233	13744294	e3685f
2	159770554	159842150	2	126043027	126116615	2e0595
1	51455735	51467344	1	56318547	56328737	0d0887
7	28694916	28696194	7	60910394	60911672	9c179e
15	9387493	9393947	13	3953851	3962630	fb9f3a
2	215613580	215620026	2	69467787	69474322	2e0595
1	106517467	106549278	1	111764330	111799812	0d0887
17	10298452	10301733	17	1417196	1423652	fdca26
4	62510600	62522352	4	78616738	78631920	5c01a6
19	3105684	3116569	18	4313918	4326754	f0f921
7	14677630	14687138	7	75951910	75961183	9c179e
13	11159674	11170615	11	7627624	7642741	ed7953
6	47282144	47293590	6	57408517	57420659	8808a6
10	10332413	10344985	10	14434426	14441761	cc4778
13	3362049	3368876	11	18048036	18058058	ed7953
6	42405476	42417171	6	62081908	62096763	8808a6
3	71220739	71238976	3	76865076	76881621	46039f
5	44519636	44540146	5	44988300	45004406	7201a8
8	70105921	70131894	8	71968517	72000368	ad2793
6	42882611	42896667	6	61627306	61637940	8808a6
6	24338207	24355795	6	79934475	79949843	8808a6
4	22873092	23004751	4	23422661	23567135	5c01a6
3	160251067	160256505	3	169645488	169649705	46039f
6	41821492	41822731	6	62670125	62671364	8808a6
3	110940929	110942192	3	118206178	118207444	46039f
11	17596780	17605342	9	3042519	3058146	d8576b
3	194617436	194657443	3	206854606	206888643	46039f
10	3231306	3259372	10	23137068	23188041	cc4778
5	91952454	91971115	5	94745994	94758569	7201a8
2	209546491	209560287	2	75569110	75583910	2e0595
13	645993	651656	11	24489160	24498338	ed7953
7	80021645	80036740	7	15823182	15837256	9c179e
2	191512196	191520908	2	93686149	93694946	2e0595
8	27950969	27982180	8	29302235	29331869	ad2793
7	8872015	8874436	7	82466206	82468753	9c179e
11	12552542	12555670	9	28343128	28346445	d8576b
1	185173902	185194586	1	194300281	194320354	0d0887
3	16184797	16193661	3	18488811	18503961	46039f
12	664848	668627	12	24935447	24939105	e3685f
13	1828917	1859387	11	21459774	21477027	ed7953
1	63404924	63415450	1	68423814	68434648	0d0887
11	21362443	21367736	9	7958637	7965635	d8576b
11	20274638	20281337	9	6640886	6649705	d8576b
3	172848198	172849889	3	182574153	182575874	46039f
1	232359832	232361086	1	242354286	242355540	0d0887
19	7306176	7316693	18	9980746	9995391	f0f921
8	78840183	78846594	8	82840513	82849725	ad2793
2	243612639	243629516	2	40126788	40148374	2e0595
5	122752270	122755460	5	127405277	127408651	7201a8
1	116646586	116655867	1	121843893	121852447	0d0887
4	4128805	4141761	4	3545966	3563738	5c01a6
2	159526696	159561244	2	126329261	126363763	2e0595
1	251162305	251199329	1	261351133	261394126	0d0887
3	34788980	34798456	3	38598589	38608517	46039f
1	117132222	117145892	1	122353959	122370864	0d0887
3	125114560	125132482	3	133108251	133124414	46039f
7	27236416	27253535	7	62353453	62373337	9c179e
5	27016061	27030575	5	27811331	27825667	7201a8
13	17050601	17098710	11	1658119	1699766	ed7953
15	7110245	7123064	13	1287152	1303776	fb9f3a
3	65793206	65817379	3	70909404	70938131	46039f
12	9253953	9291131	12	13606695	13679581	e3685f
1	104196069	104219802	1	109422961	109446978	0d0887
3	145768783	145781091	3	154634428	154647371	46039f
2	55263839	55292514	2	234008085	234034412	2e0595
14	2377473	2378727	14	18684100	18685354	f58b47
2	225644397	225648425	2	59427084	59431177	2e0595
4	4659586	4660846	4	4053758	4055015	5c01a6
7	85526691	85536785	7	2975450	2982132	9c179e
17	8228748	8233813	17	3170244	3176987	fdca26
3	141627877	141636550	3	150304584	150313163	46039f
1	152579539	152627768	1	158348228	158393819	0d0887
19	5275867	5278780	18	5669753	5673286	f0f921
1	254556653	254566410	1	264626856	264635885	0d0887
2	197259444	197271027	2	87718326	87730845	2e0595
6	98696126	98708310	6	10986204	11016842	8808a6
6	18392184	18405832	6	86273760	86291650	8808a6
7	20642117	20653076	7	69190044	69200708	9c179e
1	38767805	38790192	1	43500216	43523092	0d0887
4	93141032	93175523	4	101267294	101305107	5c01a6
1	335050408	335066890	1	348432604	348445079	0d0887
15	12081624	12097815	13	6703081	6717648	fb9f3a
5	88278427	88299753	5	91547971	91561588	7201a8
1	150352278	150384868	1	156083763	156112774	0d0887
1	119094903	119136102	1	124479161	124496958	0d0887
5	10438610	10469460	5	9595245	9619407	7201a8
5	32715205	32751510	5	33536323	33579870	7201a8
2	204370296	204391429	2	80773724	80796232	2e0595
3	25062277	25069164	3	28476488	28484678	46039f
1	50482327	50504036	1	55435226	55457151	0d0887
1	2606632	2635830	1	2847104	2863865	0d0887
15	16980886	16988119	13	11515241	11521684	fb9f3a
3	147859923	147872119	3	156942364	156954977	46039f
4	44943075	45092049	4	46892982	47076374	5c01a6
1	1909854	1940693	1	243795	270033	0d0887
2	149900275	149904739	2	136147826	136153451	2e0595
10	5301126	5316982	10	20154472	20170236	cc4778
11	3055001	3077368	9	13936692	13969134	d8576b
2	154574260	154595519	2	131396037	131412393	2e0595
2	40569154	40584452	2	249052723	249065341	2e0595
5	110420843	110434971	5	113965116	113987582	7201a8
4	7824002	7841224	4	7072079	7097203	5c01a6
1	302251649	302274691	1	313110160	313128548	0d0887
1	289257526	289274939	1	300031970	300041270	0d0887
2	133171209	133190918	2	147559930	147577940	2e0595
6	10636752	10645618	6	95032675	95038533	8808a6
13	2305286	2306531	11	20122863	20124108	ed7953
6	36724562	36744851	6	67461315	67480180	8808a6
18	9592318	9594662	16	145782	147976	f8e125
2	157655419	157669865	2	128346702	128359794	2e0595
15	6760763	6776292	13	834833	861755	fb9f3a
5	88672206	88684822	5	91822952	91832120	7201a8
4	87588588	87592201	4	95643702	95644932	5c01a6
4	41991657	42005476	4	43409575	43423185	5c01a6
6	60120205	60130619	6	45127295	45137838	8808a6
5	55301516	55323112	5	55755062	55768132	7201a8
5	91395276	91405649	5	94226508	94246151	7201a8
17	8234614	8249651	17	3179018	3184685	fdca26
3	153958094	153979193	3	163241060	163259615	46039f
2	143169237	143194226	2	142772226	142799006	2e0595
7	2539795	2556962	7	88550520	88568829	9c179e
3	55568939	55586899	3	60149498	60170798	46039f
1	99729872	99752471	1	104703971	104724147	0d0887
11	14481119	14507320	9	31067171	31101801	d8576b
1	283287055	283296985	1	294059585	294069090	0d0887
8	27908440	27916250	8	29265295	29275863	ad2793
11	1149395	1152428	9	10885618	10888704	d8576b
11	8283986	8286080	9	21221284	21223441	d8576b
6	74749577	74766045	6	31423799	31439101	8808a6
1	269824774	269836833	1	280513029	280524832	0d0887
1	226486080	226487319	1	236429397	236430633	0d0887
14	5240166	5244118	14	14872842	14877677	f58b47
3	29977109	30007468	3	33753263	33786685	46039f
13	7785189	7797590	11	11481562	11499205	ed7953
5	30246305	30250433	5	31117896	31124252	7201a8
3	10347067	10372912	3	11260864	11290188	46039f
6	44940788	44946270	6	59702636	59709317	8808a6
1	289720032	289804798	1	300456772	300540867	0d0887
2	230185698	230210865	2	54701885	54725920	2e0595
5	93956284	93991435	5	96527921	96557512	7201a8
7	28216147	28218982	7	61383516	61386491	9c179e
5	30206004	30216562	5	31075333	31088277	7201a8
8	38038564	38054209	8	38771375	38785386	ad2793
11	1853057	1863028	9	12192413	12194804	d8576b
12	8393503	8402068	12	14845447	14860206	e3685f
2	103625697	103670889	2	186433727	186476555	2e0595
1	29211370	29212522	1	33822505	33823657	0d0887
3	59078219	59138377	3	63792453	63854824	46039f
8	830064	834994	8	885675	890416	ad2793
1	106652072	106688546	1	111888161	111919342	0d0887
17	2225653	2231714	17	11698756	11704553	fdca26
1	328494019	328528184	1	341337590	341370286	0d0887
1	268304749	268308602	1	278920260	278924834	0d0887
3	157850582	157873982	3	167314613	167339097	46039f
4	91315492	91335893	4	99483568	99509920	5c01a6
3	67646737	67664262	3	72768573	72782406	46039f
4	81391032	81401533	4	90563287	90572974	5c01a6
3	3783724	3784951	3	3605468	3606695	46039f
2	132881813	132955703	2	147266583	147336563	2e0595
2	144170999	144172262	2	141779801	141781055	2e0595
2	138015879	138024571	2	152621129	152628395	2e0595
3	21456200	21462824	3	24528424	24536210	46039f
14	7512030	7520866	14	11894299	11903806	f58b47
3	131412743	131505074	3	139697739	139797975	46039f
1	267612655	267645963	1	278227616	278265377	0d0887
3	59682219	59703050	3	64410478	64423741	46039f
2	10966939	10982575	2	2142549	2152359	2e0595
4	59421577	59437157	4	73664309	73710429	5c01a6
1	22959732	22971485	1	27111302	27125048	0d0887
3	157879892	157889329	3	167345472	167354407	46039f
2	86876523	86885410	2	203421234	203422413	2e0595
13	10198576	10208345	11	8650508	8662586	ed7953
1	258626692	258631281	1	268863870	268868262	0d0887
17	10035169	10040955	17	126323	134213	fdca26
7	10563162	10598296	7	80611980	80654069	9c179e
2	12362763	12363987	2	279848136	279849360	2e0595
15	14100081	14120664	13	8586367	8607878	fb9f3a
1	8323843	8324986	1	10763955	10765098	0d0887
3	192083165	192098891	3	204099158	204114358	46039f
2	132856276	132872347	2	147240269	147254104	2e0595
4	30319595	30343163	4	30983177	31004125	5c01a6
6	56264290	56276862	6	48711181	48722194	8808a6
11	11518647	11574664	9	27239393	27296479	d8576b
6	71090532	71108085	6	34500211	34517601	8808a6
7	36050627	36070542	7	54092324	54107763	9c179e
3	50661089	50680215	3	54884423	54904452	46039f
1	237996840	238041316	1	247915508	247962386	0d0887
2	204257682	204258900	2	80908188	80909406	2e0595
5	64720762	64753816	5	73079281	73171330	7201a8
1	103156396	103253365	1	108321588	108426268	0d0887
1	170421444	170439833	1	176441387	176466524	0d0887
1	125436893	125441485	1	131023043	131027866	0d0887
10	6881559	6904308	10	18273647	18298297	cc4778
1	22975793	22986434	1	27130981	27145020	0d0887
6	38203204	38223406	6	66008929	66025089	8808a6
15	10286432	10298323	13	4857624	4873316	fb9f3a
3	123363747	123368958	3	131292130	131297306	46039f
3	172527237	172551776	3	182212602	182246650	46039f
5	3899937	3905349	5	3313791	3320031	7201a8
5	38787822	38807597	5	39442930	39457133	7201a8
10	7435711	7457041	10	17656491	17684342	cc4778
14	5812431	5823534	14	14132290	14148750	f58b47
17	10704232	10708069	17	597148	600926	fdca26
2	66727476	66741783	2	222417085	222430133	2e0595
2	226648401	226656239	2	58361208	58368818	2e0595
1	63319538	63352542	1	68342101	68372747	0d0887
4	83092716	83151716	4	91868576	91900638	5c01a6
1	221779863	221786211	1	231591620	231597820	0d0887
5	9662719	9682365	5	8753605	8773015	7201a8
6	26517838	26543915	6	77514990	77525441	8808a6
8	23620235	23633652	8	24957754	24971254	ad2793
2	220102069	220116009	2	65111579	65122967	2e0595
7	5906446	5925026	7	85516866	85537484	9c179e
8	69802819	69814737	8	71754445	71766787	ad2793
17	7856370	7862510	17	2725649	2733632	fdca26
1	125841861	125864379	1	131422790	131445076	0d0887
1	24716510	24720377	1	29089951	29093728	0d0887
1	317311379	317328295	1	328204301	328219452	0d0887
1	75299111	75366983	1	80539440	80606427	0d0887
3	191822989	191848784	3	203832533	203860835	46039f
3	131865605	132052863	3	140004778	140195064	46039f
12	13291994	13307363	12	8298666	8320107	e3685f
5	40233227	40240127	5	40723605	40730048	7201a8
8	41017459	41035100	8	41688541	41707436	ad2793
7	27924663	27931778	7	61682984	61689751	9c179e
1	51815404	51823093	1	56719361	56720528	0d0887
13	2310292	2323971	11	20068205	20114824	ed7953
3	186968090	186988603	3	198190436	198212529	46039f
2	133863967	133880865	2	148254497	148276333	2e0595
7	62013897	62071171	7	32814049	32830135	9c179e
2	53463921	53477784	2	235793534	235800145	2e0595
12	1719166	1724436	12	23649405	23654601	e3685f
3	147792756	147793962	3	156863507	156864713	46039f
7	34250667	34258550	7	55693312	55701595	9c179e
2	205434691	205454672	2	79697455	79720978	2e0595
2	220364814	220376685	2	64855698	64863879	2e0595
1	98105879	98107076	1	103090296	103091424	0d0887
19	2764352	2777310	18	3984876	4001193	f0f921
3	192657984	192696657	3	204682021	204726686	46039f
4	98105702	98110883	4	106374754	106379978	5c01a6
18	6964344	6971761	16	4093178	4108915	f8e125
7	15887952	15898967	7	74585835	74604990	9c179e
5	40605165	40606401	5	41112157	41113393	7201a8
6	24373758	24428937	6	79836985	79856511	8808a6
15	8437390	8445816	13	2878233	2888987	fb9f3a
3	25494836	25505825	3	28985754	28996785	46039f
7	22788841	22799924	7	66833675	66846651	9c179e
1	23138575	23148333	1	27297438	27311002	0d0887
3	141601879	141609345	3	150280255	150286094	46039f
1	28558267	28570635	1	33075007	33112316	0d0887
15	72934	76711	13	15053336	15057351	fb9f3a
11	6391468	6403950	9	18521523	18537993	d8576b
5	21684206	21700253	5	22226745	22246155	7201a8
4	89674840	89681798	4	97812253	97818721	5c01a6
4	9182305	9205235	4	8529866	8554786	5c01a6
1	149153918	149164749	1	154899698	154913147	0d0887
3	50430330	50440201	3	54651907	54661834	46039f
1	36594640	36616942	1	41241929	41257826	0d0887
3	196644077	196651289	3	209003176	209009541	46039f
1	180163269	180298778	1	190115940	190237684	0d0887
5	30895653	30905607	5	31805260	31811197	7201a8
12	3718154	3752530	12	21063087	21107574	e3685f
2	95526034	95531982	2	194405623	194409424	2e0595
6	99133884	99137080	6	10046629	10054514	8808a6
3	91154270	91186375	3	98936885	99052167	46039f
1	71252897	71263347	1	76253487	76265958	0d0887
10	6209821	6235907	10	19041638	19067953	cc4778
7	23867628	23868813	7	65663709	65664888	9c179e
1	91661668	91670901	1	96804719	96817140	0d0887
1	183538644	183539835	1	192753601	192754792	0d0887
7	74766391	74794005	7	21843720	21875035	9c179e
1	53783106	53798166	1	58605424	58620535	0d0887
12	1709853	1713533	12	23663248	23667752	e3685f
3	120468352	120474931	3	128164098	128173776	46039f
6	32752955	32762355	6	71274594	71285939	8808a6
3	160223923	160236143	3	169623957	169635850	46039f
1	239678521	239700943	1	249609849	249629124	0d0887
2	232666880	232677071	2	52103032	52115528	2e0595
1	187292300	187297588	1	196491960	196498625	0d0887
1	261571279	261587414	1	271991898	272007852	0d0887
2	242211705	242212905	2	41536132	41537323	2e0595
1	195677912	195688281	1	205350299	205363366	0d0887
2	15864376	15879642	2	275482472	275502395	2e0595
7	90732658	90745520	7	8773628	8785696	9c179e
1	98707768	98787775	1	103687830	103759882	0d0887
16	2712067	2717779	15	2308779	2317623	fdb42f
1	15465783	15476743	1	18804913	18818603	0d0887
15	16909575	16912469	13	11443402	11446523	fb9f3a
2	33838007	33853347	2	255587293	255599423	2e0595
1	89907928	89920163	1	94965936	94978751	0d0887
8	41280316	41298346	8	41941160	41958752	ad2793
3	123513730	123531410	3	131445075	131464305	46039f
3	44345405	44372364	3	48505413	48528780	46039f
1	80235279	80274545	1	85203222	85246842	0d0887
1	11718483	11721735	1	14589638	14593022	0d0887
11	22367739	22371912	9	8852774	8857244	d8576b
2	160156607	160207305	2	125652829	125705795	2e0595
2	176008935	176014335	2	109282035	109288971	2e0595
1	73577823	73579080	1	78630671	78631928	0d0887
6	91204917	91230952	6	6902311	6920458	8808a6
1	185121890	185152087	1	194242651	194267967	0d0887
1	60969078	60994265	1	65960004	65988703	0d0887
4	93096521	93105268	4	101218893	101227468	5c01a6
3	166029432	166036132	3	175616144	175622546	46039f
6	23568731	23581035	6	80773518	80784493	8808a6
7	44339136	44358504	7	46847661	46872963	9c179e
3	168681485	168723227	3	178325502	178366122	46039f
6	22650110	22651286	6	81698620	81702620	8808a6
13	11186733	11195663	11	7601163	7611597	ed7953
5	73591831	73626800	5	82625528	82641459	7201a8
1	71276755	71286040	1	76276475	76283253	0d0887
5	100522658	100532458	5	102977321	102987879	7201a8
1	18210023	18213356	1	21926271	21929447	0d0887
6	42318128	42328987	6	62165286	62175651	8808a6
1	25470473	25484355	1	29875461	29895152	0d0887
7	6286342	6310070	7	85094055	85113249	9c179e
13	14896628	14900924	11	3995297	3997601	ed7953
15	16385513	16398937	13	10971797	10982270	fb9f3a
2	157477900	157486181	2	128537339	128547080	2e0595
7	70586025	70599230	7	26050644	26062573	9c179e
4	85023886	85037971	4	93271756	93289894	5c01a6
5	40305840	40329675	5	40810094	40827142	7201a8
3	59630106	59638361	3	64357991	64366493	46039f
2	101916169	101917330	2	188152331	188153492	2e0595
6	57370131	57371175	6	47799590	47800692	8808a6
5	18956322	18979727	5	19431636	19456291	7201a8
5	849936	858398	5	834673	841290	7201a8
5	92366833	92384571	5	95150543	95161802	7201a8
12	1782532	1787233	12	23557528	23563706	e3685f
3	115245821	115256669	3	122650942	122660377	46039f
3	103333442	103347764	3	110553027	110561210	46039f
12	18621840	18642996	12	1789721	1812207	e3685f
7	36182614	36193136	7	53977540	53986588	9c179e
8	20459426	20473259	8	21540604	21559114	ad2793
6	24207905	24214295	6	80099327	80106289	8808a6
17	7006855	7019271	17	5498438	5505065	fdca26
3	134675615	134692210	3	142986552	143003063	46039f
1	49920614	49936197	1	54882540	54896168	0d0887
1	315587663	315591288	1	326331472	326335814	0d0887
1	333311025	333336275	1	346632777	346652461	0d0887
19	4848851	4892058	18	6147717	6207526	f0f921
1	253849257	253864682	1	264038595	264057079	0d0887
10	116220	129839	10	26358328	26376428	cc4778
1	324671831	324687172	1	336629081	336650721	0d0887
1	115436056	115457470	1	120611222	120628863	0d0887
1	123324771	123395681	1	128905465	128974084	0d0887
1	319366495	319385742	1	330519335	330545143	0d0887
17	523940	538347	17	13117844	13134953	fdca26
5	68649448	68730353	5	79614533	79669249	7201a8
10	14090920	14103538	10	12102451	12120238	cc4778
2	190317660	190318818	2	94827872	94829030	2e0595
2	12078587	12092616	2	2964313	2982690	2e0595
14	5614038	5620062	14	14388320	14395013	f58b47
8	74702985	74709251	8	77839562	77847920	ad2793
3	82202712	82223190	3	88264191	88275817	46039f
6	3390661	3404982	6	102306933	102320916	8808a6
19	323204	329557	18	330959	336074	f0f921
7	20018233	20048313	7	69942455	69974185	9c179e
2	230226644	230238753	2	54674917	54685998	2e0595
6	16804307	16827846	6	88090491	88104653	8808a6
1	18469065	18471129	1	22221663	22223820	0d0887
2	105667225	105718678	2	183983531	184078821	2e0595
1	195390791	195415556	1	205138763	205158227	0d0887
15	11110900	11116938	13	5683533	5692037	fb9f3a
6	70503282	70506235	6	35119489	35122755	8808a6
8	8613730	8640792	8	8672479	8707200	ad2793
8	19380518	19401038	8	20212710	20242538	ad2793
2	68999205	69011161	2	220107288	220120076	2e0595
1	36861002	36876734	1	41471817	41482451	0d0887
2	205210992	205222181	2	79920345	79932654	2e0595
1	176931298	176966692	1	187492157	187505857	0d0887
13	8083811	8087249	11	11118490	11121722	ed7953
2	130427991	130429050	2	155917959	155919018	2e0595
1	270232202	270252432	1	280952161	280970860	0d0887
8	77115662	77128524	8	80641203	80656353	ad2793
1	324078825	324129057	1	335984582	336043280	0d0887
5	32454307	32460114	5	33257459	33262552	7201a8
3	103465226	103493784	3	110677406	110691433	46039f
8	62352775	62354072	8	63821090	63822350	ad2793
6	12509455	12526827	6	92904660	92922722	8808a6
7	14071104	14092451	7	76547341	76561199	9c179e
3	84508048	84510505	3	90597369	90599835	46039f
12	11161621	11162773	12	11145196	11146348	e3685f
4	53711662	53731136	4	60422716	60540560	5c01a6
6	52396823	52398014	6	52426841	52428032	8808a6
19	294008	312731	18	317501	323536	f0f921
3	179023461	179028636	3	189303874	189322637	46039f
1	2645349	2680666	1	2891034	2910628	0d0887
1	321346111	321360368	1	332878249	332890022	0d0887
1	299140585	299159013	1	310021239	310034288	0d0887
8	2583448	2603375	8	2487191	2503726	ad2793
14	1170822	1179155	14	20197858	20206770	f58b47
2	159383780	159384905	2	126521372	126522497	2e0595
1	244526275	244527421	1	254631531	254632677	0d0887
8	51753503	51758774	8	51798823	51803694	ad2793
1	27724383	27735863	1	32272978	32285682	0d0887
2	230885118	230886270	2	54002516	54003668	2e0595
8	7675390	7685364	8	7686086	7696052	ad2793
7	89297763	89299059	7	6987304	6988600	9c179e
7	44588718	44597154	7	46691238	46698774	9c179e
1	299829672	299872524	1	310727750	310756454	0d0887
1	312418298	312423239	1	322800884	322807251	0d0887
1	39106749	39107862	1	43859951	43861064	0d0887
4	84630618	84648174	4	92988209	93003269	5c01a6
6	26707334	26708339	6	77355557	77356562	8808a6
12	8571059	8582193	12	14581550	14596778	e3685f
3	38972730	38986824	3	42991742	43006431	46039f
2	202193331	202204937	2	83019144	83029841	2e0595
3	157196363	157207303	3	166664250	166676961	46039f
3	169897077	169914897	3	179510264	179530484	46039f
3	183039293	183054830	3	193452528	193463040	46039f
5	90411010	90450200	5	93315524	93339937	7201a8
3	122726061	122759200	3	130615318	130660142	46039f
13	7739746	7747712	11	11558411	11566202	ed7953
3	202891868	202893530	3	214953500	214954903	46039f
15	13254957	13263718	13	7865335	7874518	fb9f3a
2	96457650	96478669	2	193390504	193409051	2e0595
2	100681884	100685190	2	189434420	189437723	2e0595
1	277726108	277730925	1	288454749	288462333	0d0887
8	22634610	22642988	8	23900753	23909751	ad2793
3	118938001	118939138	3	126472128	126473265	46039f
8	19703112	19730197	8	20633681	20653257	ad2793
1	40821004	40878772	1	45490926	45538846	0d0887
7	74686494	74701154	7	21949179	21963581	9c179e
2	156272378	156287159	2	129689447	129702088	2e0595
15	13729178	13733561	13	8214639	8219476	fb9f3a
4	82140761	82149422	4	91017106	91107183	5c01a6
11	8363782	8368472	9	21311128	21314895	d8576b
8	48379630	48396352	8	48567875	48586756	ad2793
3	92566390	92748571	3	102318522	102646793	46039f
6	10778697	10779828	6	94869689	94870820	8808a6
1	300062570	300082209	1	310940876	310959164	0d0887
7	91043327	91063435	7	9183215	9200713	9c179e
13	2282873	2285768	11	20176930	20180895	ed7953
4	38284140	38289388	4	39406383	39411045	5c01a6
7	13125744	13174610	7	77613992	77670353	9c179e
7	88891501	88917188	7	6516590	6546542	9c179e
3	186991590	187001230	3	198219115	198226314	46039f
2	101207105	101213454	2	188819492	188824666	2e0595
4	83176947	83187807	4	91913206	91919255	5c01a6
1	286883799	286889263	1	297620381	297625708	0d0887
2	165114188	165122268	2	120588239	120598585	2e0595
1	237683575	237770807	1	247599151	247687487	0d0887
16	5711651	5718918	15	6558160	6564829	fdb42f
2	56548012	56549140	2	232726030	232727161	2e0595
1	225099251	225111691	1	234983982	234996489	0d0887
5	3618808	3621498	5	3055165	3056218	7201a8
7	9229352	9260935	7	82037306	82068638	9c179e
4	87490493	87491672	4	95524710	95525889	5c01a6
12	14278970	14335915	12	7009628	7120053	e3685f
1	159966107	159977232	1	166015656	166023102	0d0887
1	285246481	285289373	1	296117630	296173748	0d0887
5	53795571	53796690	5	54159969	54161094	7201a8
3	33682601	33690688	3	37460942	37470281	46039f
8	69292882	69306539	8	70967726	70983072	ad2793
3	191794921	191807483	3	203806449	203817308	46039f
1	330587511	330605480	1	343729802	343760404	0d0887
11	8525113	8526909	9	21502464	21504165	d8576b
1	15622474	15628986	1	18983669	18990691	0d0887
1	337862003	337885689	1	351220119	351246574	0d0887
1	28456355	28463009	1	33000936	33007933	0d0887
3	149070272	149260652	3	158130289	158308342	46039f
1	160021449	160068682	1	166061682	166108869	0d0887
7	2449357	2461054	7	88649103	88662477	9c179e
2	152493129	152501588	2	133603964	133612115	2e0595
7	64984531	65006465	7	28908254	28936776	9c179e
8	25858811	25884374	8	27242743	27265618	ad2793
16	1940688	1956314	15	1502067	1540175	fdb42f
8	67423922	67430779	8	69356005	69361734	ad2793
1	194829453	194840695	1	204581864	204593383	0d0887
3	81885676	81935218	3	87974454	87988874	46039f
1	254542856	254553655	1	264609453	264623048	0d0887
1	312063751	312070997	1	322430495	322439796	0d0887
5	9920685	9921801	5	9041822	9042938	7201a8
2	23972473	23975909	2	265990656	265995254	2e0595
5	86454681	86455797	5	90089293	90090409	7201a8
6	45558737	45565146	6	59063858	59069912	8808a6
5	120773034	120789889	5	125444820	125457814	7201a8
17	9737566	9749505	17	1928107	1943454	fdca26
2	206297940	206306020	2	78821489	78831838	2e0595
6	45404819	45420330	6	59208708	59223292	8808a6
13	16247709	16254254	11	2510638	2518005	ed7953
1	152743364	152746193	1	158513992	158516847	0d0887
2	145979206	145980322	2	139890903	139892019	2e0595
8	13972108	13986645	8	14316486	14335642	ad2793
2	207600450	207615795	2	77470779	77486612	2e0595
3	191860243	191869494	3	203874545	203880042	46039f
1	62945850	62965980	1	67977624	68000869	0d0887
7	62549995	62551105	7	32311282	32312392	9c179e
8	11616102	11628646	8	11725880	11737841	ad2793
5	97257590	97268163	5	99657816	99669840	7201a8
2	100121453	100122572	2	189975949	189977083	2e0595
5	40545880	40546981	5	41055046	41056147	7201a8
5	51739722	51740835	5	51994761	51995874	7201a8
5	46731037	46745619	5	47091265	47101865	7201a8
1	191934916	191988004	1	201455449	201499228	0d0887
4	95236237	95269002	4	103392872	103420897	5c01a6
2	85286506	85323767	2	204732903	204756642	2e0595
1	242890718	242992647	1	253065911	253182787	0d0887
3	37533380	37534490	3	41382966	41384076	46039f
3	61881098	61895686	3	66695849	66707897	46039f
14	13334858	13335950	14	4435902	4436994	f58b47
2	63668762	63685941	2	225614893	225630394	2e0595
5	100540780	100556378	5	102998475	103012657	7201a8
1	309984921	309992893	1	320520649	320531364	0d0887
3	168056225	168061949	3	177671040	177678152	46039f
3	157335905	157342583	3	166806903	166813734	46039f
2	134827672	134889599	2	149331919	149391889	2e0595
1	153875253	153882502	1	159719917	159727512	0d0887
3	65590375	65607059	3	70701610	70715969	46039f
6	74295814	74364807	6	31709873	31762227	8808a6
6	57811051	57818632	6	47361029	47371182	8808a6
2	176538799	176539906	2	108791352	108792459	2e0595
7	28183370	28196561	7	61420200	61435411	9c179e
15	14780820	14790086	13	9284902	9293538	fb9f3a
8	11527314	11542694	8	11620287	11638520	ad2793
11	2451134	2452238	9	13002278	13003376	d8576b
15	14914426	14918020	13	9429761	9433762	fb9f3a
10	1677187	1683711	10	25744786	25751673	cc4778
3	161493829	161510864	3	170897802	170909510	46039f
8	30902217	30904757	8	32143565	32147196	ad2793
7	2944764	2950970	7	88231675	88237935	9c179e
1	242730034	242739413	1	252890721	252899639	0d0887
15	4145087	4175276	13	20833351	20875231	fb9f3a
6	2774712	2792550	6	102963988	102983127	8808a6
1	46413028	46428597	1	51271852	51285984	0d0887
6	69966400	69971437	6	35609284	35615228	8808a6
7	23011792	23104885	7	66455296	66573620	9c179e
3	196180972	196227080	3	208910906	208959902	46039f
4	50443862	50452450	4	53556250	53571579	5c01a6
17	7219230	7220337	17	5213181	5214288	fdca26
1	240047278	240055900	1	249965044	249969518	0d0887
11	14733759	14734875	9	31425316	31426432	d8576b
6	42601816	42603757	6	61938759	61940683	8808a6
6	10648551	10665497	6	95006979	95027837	8808a6
12	1488379	1493807	12	23927238	23932595	e3685f
6	45172766	45179457	6	59451583	59458474	8808a6
5	2812789	2827870	5	2340492	2364391	7201a8
13	3815620	3823886	11	17324229	17334596	ed7953
5	110280203	110312088	5	113833507	113862377	7201a8
3	82964901	82973316	3	89020703	89028497	46039f
18	3103488	3108974	16	9573266	9579739	f8e125
5	97554525	97555599	5	99955794	99956874	7201a8
16	12156854	12164487	15	16194133	16203071	fdb42f
8	70178495	70220260	8	72044309	72102530	ad2793
10	8266030	8268589	10	16832065	16835045	cc4778
1	154293222	154355248	1	160141074	160208283	0d0887
2	121899787	121916221	2	164870236	164881675	2e0595
6	53078855	53091907	6	51762020	51772441	8808a6
17	10376880	10381976	17	201858	209347	fdca26
1	256837192	256898454	1	267035007	267097435	0d0887
6	90685521	90699448	6	6456065	6467698	8808a6
13	18704680	18710384	11	119784	124757	ed7953
5	30415167	30416245	5	31281320	31282343	7201a8
15	2041717	2054251	13	16702893	16734487	fb9f3a
3	119307887	119323480	3	126949435	126966104	46039f
19	3006219	3007299	18	4469700	4470780	f0f921
1	65985418	65990096	1	71050861	71057041	0d0887
1	227615404	227616496	1	237494599	237495691	0d0887
15	13332415	13336053	13	7944015	7949418	fb9f3a
7	20000496	20009868	7	69984055	69997270	9c179e
1	210967143	210968226	1	220463854	220464937	0d0887
3	152921202	152951406	3	162124910	162155928	46039f
1	175698088	175699180	1	185995154	185996246	0d0887
7	8992462	9003253	7	82315964	82328098	9c179e
1	71144410	71145508	1	76147363	76148467	0d0887
5	37412182	37430820	5	37976271	37994383	7201a8
3	168250532	168262281	3	177872943	177887760	46039f
5	40929882	40944111	5	41479275	41494950	7201a8
6	48947338	48963579	6	55713949	55728412	8808a6
7	84594525	84628425	7	2096135	2131712	9c179e
3	130849038	130858480	3	139155145	139164883	46039f
1	320908235	320911136	1	332368012	332371635	0d0887
2	199143447	199150556	2	85914550	85923895	2e0595
4	79253433	79308557	4	88762869	88811013	5c01a6
4	2679161	2685981	4	2382108	2386598	5c01a6
3	146019090	146026765	3	154913143	154923081	46039f
14	1227461	1232576	14	20136018	20142714	f58b47
5	96920838	96934325	5	99330061	99347152	7201a8
3	79372640	79377950	3	85357044	85364348	46039f
6	74396666	74410369	6	31667275	31684089	8808a6
2	31570211	31571285	2	257858988	257860140	2e0595
1	126295354	126306505	1	131867328	131897473	0d0887
1	63156755	63157826	1	68200262	68201395	0d0887
2	153831814	153842036	2	132203574	132212958	2e0595
8	13578035	13593154	8	13850609	13860988	ad2793
16	12339288	12340380	15	16401118	16402189	fdb42f
15	8213506	8248246	13	2622483	2670099	fb9f3a
7	29446131	29447343	7	60179050	60180267	9c179e
2	11313486	11321927	2	2452940	2458522	2e0595
5	82483695	82500125	5	87612853	87618882	7201a8
1	286487022	286499578	1	297310836	297323280	0d0887
6	26040451	26041534	6	78072311	78073394	8808a6
8	10512709	10524537	8	10618353	10628449	ad2793
8	6816876	6831109	8	6843444	6864307	ad2793
6	18314309	18330498	6	86368797	86385528	8808a6
2	223463537	223491923	2	61569251	61600069	2e0595
5	56258537	56268621	5	56592014	56602310	7201a8
5	79420407	79421481	5	86406961	86408035	7201a8
5	40690980	40692087	5	41212546	41213653	7201a8
3	57351371	57367422	3	61957141	61974830	46039f
3	179291050	179301708	3	189566792	189576340	46039f
3	103388042	103401220	3	110598673	110611145	46039f
16	12653790	12656037	15	16749863	16752271	fdb42f
2	188287571	188294187	2	96841307	96847262	2e0595
4	21380182	21387286	4	21842935	21851687	5c01a6
2	175210004	175234493	2	110105164	110134569	2e0595
6	27831079	27832165	6	76205672	76206743	8808a6
1	130902505	130903552	1	136495322	136496366	0d0887
15	14885801	14889280	13	9398604	9403763	fb9f3a
3	34452795	34477699	3	38257011	38288106	46039f
11	461330	471917	9	10135237	10143596	d8576b
3	168186835	168195714	3	177796426	177807223	46039f
8	62300651	62309001	8	63761097	63770116	ad2793
10	216830	226192	10	26489225	26496588	cc4778
7	34750224	34754037	7	55254785	55258450	9c179e
14	1641499	1642567	14	19640903	19641971	f58b47
2	12276284	12333906	2	3226466	3236751	2e0595
16	12575131	12580087	15	16666833	16671956	fdb42f
15	16534294	16541023	13	11099912	11104942	fb9f3a
1	232125605	232126679	1	242120592	242121666	0d0887
1	150707857	150724984	1	156428762	156442197	0d0887
1	69933612	69947560	1	75053392	75066351	0d0887
1	114825369	114832665	1	119930049	119937576	0d0887
1	178832845	178847041	1	189051373	189065931	0d0887
2	96484880	96500692	2	193368168	193385133	2e0595
5	87185037	87192813	5	90535718	90543834	7201a8
15	6373584	6379027	13	325429	331627	fb9f3a
1	274587568	274598593	1	285383925	285392626	0d0887
19	708567	723194	18	892526	914034	f0f921
1	101581055	101612782	1	106629785	106653398	0d0887
7	37704930	37731574	7	52556106	52581341	9c179e
3	69864816	69884731	3	75434285	75455654	46039f
17	8186912	8189617	17	3120044	3122755	fdca26
1	237533323	237546527	1	247426251	247449456	0d0887
2	104348720	104369986	2	185800571	185850978	2e0595
1	101445679	101469732	1	106497606	106521021	0d0887
7	33152643	33156310	7	56739557	56746397	9c179e
10	25601506	25612832	10	1686541	1699966	cc4778
14	7044276	7050003	14	12499498	12504570	f58b47
2	51777595	51867192	2	237428646	237523512	2e0595
4	86687040	86689642	4	94675918	94678348	5c01a6
15	3845666	3851902	13	20324904	20347327	fb9f3a
5	25176159	25196169	5	25971416	25995163	7201a8
1	306897527	306917314	1	317495667	317510412	0d0887
3	38423298	38442766	3	42383614	42409289	46039f
19	2792875	2801458	18	4748306	4755148	f0f921
2	92085531	92092639	2	198157602	198165496	2e0595
3	119084713	119116858	3	126618782	126650716	46039f
1	40710120	40719936	1	45356131	45377893	0d0887
3	127185274	127198117	3	135301267	135313459	46039f
12	8344775	8354483	12	14928759	14941260	e3685f
3	5735204	5736212	3	5706795	5707827	46039f
2	101232333	101248355	2	188782823	188800984	2e0595
13	2290247	2294200	11	20144148	20158624	ed7953
3	199700458	199732038	3	212002802	212032851	46039f
4	55095381	55096449	2	26105895	26106957	5c01a6
13	16874131	16878438	11	1870186	1875835	ed7953
1	315732401	315755449	1	326472421	326497838	0d0887
11	20638902	20644515	9	7106795	7114622	d8576b
3	36722694	36755363	3	40646148	40686397	46039f
13	5011155	5039502	11	15495172	15542024	ed7953
12	4174115	4177343	12	20523669	20529969	e3685f
6	81713985	81721119	6	22901054	22918919	8808a6
6	85110559	85216589	6	26800770	26918010	8808a6
17	10574896	10579730	17	451296	457174	fdca26
1	170512787	170537560	1	176537560	176570970	0d0887
5	31481378	31503100	5	32310324	32330229	7201a8
7	30526882	30549073	7	59179549	59196568	9c179e
15	1238662	1249751	13	12581606	12603412	fb9f3a
2	109259836	109264771	2	177962968	177966719	2e0595
1	181559202	181560261	1	191227150	191228209	0d0887
15	7403952	7405008	13	1666094	1667150	fb9f3a
17	10742478	10743501	17	641246	643795	fdca26
10	4655782	4656829	10	21019390	21020437	cc4778
6	26745818	26746826	6	77314385	77315396	8808a6
15	10470413	10485837	13	5057141	5069750	fb9f3a
3	144179471	144197948	3	152982012	153002885	46039f
5	40518394	40527191	5	41033033	41041274	7201a8
2	33095055	33097085	2	256290711	256292809	2e0595
5	4482352	4483405	5	3869901	3870954	7201a8
8	44137456	44153320	8	44634342	44653059	ad2793
17	10850980	10856412	17	722059	728566	fdca26
6	27658233	27673582	6	76362408	76378265	8808a6
12	651407	656584	12	24908138	24951245	e3685f
1	246966841	246967885	1	257072007	257073051	0d0887
4	55112136	55113192	4	58849232	58850282	5c01a6
16	12195638	12198321	15	16239964	16242533	fdb42f
2	203171883	203232113	2	81955401	82006517	2e0595
4	22191292	22193214	4	22750761	22752711	5c01a6
2	148554949	148577373	2	137164762	137187213	2e0595
1	292918321	292933376	1	303745107	303768119	0d0887
1	23339863	23352822	1	27504182	27515738	0d0887
7	22802270	22811673	7	66821500	66831457	9c179e
18	7929755	7933699	16	3439128	3444364	f8e125
1	165776481	165782646	1	171749251	171758317	0d0887
15	1818425	1827654	13	16184427	16207250	fb9f3a
5	26390841	26407335	5	27215202	27234978	7201a8
1	286904018	286909364	1	297641475	297645794	0d0887
6	40891531	40902924	6	63553061	63564861	8808a6
5	90116861	90148061	5	93024089	93051896	7201a8
7	13182195	13194826	7	77583879	77600128	9c179e
2	151907185	151930343	2	134131587	134151738	2e0595
1	168914063	168915107	1	174852497	174853547	0d0887
3	159354965	159364977	3	168864982	168875143	46039f
10	8219226	8238068	10	16865831	16882083	cc4778
1	247102038	247116464	1	257214314	257232323	0d0887
17	3168216	3169311	17	9513145	9514198	fdca26
19	7583064	7586003	18	10361103	10364854	f0f921
3	171580715	171676640	3	181210530	181304137	46039f
16	11355438	11358751	15	15196828	15201444	fdb42f
1	249208199	249210919	1	259409995	259413230	0d0887
12	3251726	3260188	12	21657973	21663496	e3685f
15	11545058	11552206	13	6124982	6131881	fb9f3a
6	88229504	88239466	6	19170008	19183183	8808a6
14	2436510	2453800	14	18585681	18608512	f58b47
19	5397167	5401590	18	5528512	5533795	f0f921
4	25172690	25189378	4	25790841	25811467	5c01a6
1	115994796	116043148	1	121142731	121200166	0d0887
10	16118497	16119487	10	10519607	10520600	cc4778
14	16668093	16706982	14	807179	830417	f58b47
1	4752312	4767364	1	7663798	7683049	0d0887
3	146230987	146237163	3	155187028	155195413	46039f
1	98960514	98993027	1	103926266	103955801	0d0887
1	181485529	181508256	1	191182628	191201311	0d0887
3	37997277	37998318	3	41880089	41881127	46039f
5	22800263	22809336	5	23473974	23482061	7201a8
5	97767546	97851713	5	100174161	100260600	7201a8
4	64092570	64112905	4	80065041	80075234	5c01a6
1	100468055	100469090	1	105479652	105480699	0d0887
6	7906992	7921273	6	98048913	98061148	8808a6
1	72292973	72294268	1	77315384	77316672	0d0887
16	12450941	12454586	15	16530735	16534324	fdb42f
1	259656140	259686908	1	269943786	269971148	0d0887
6	85369993	85389622	6	27105873	27128112	8808a6
5	10091701	10243402	5	9354137	9386079	7201a8
3	141492894	141508735	3	150172836	150187410	46039f
3	63554607	63566648	3	68474750	68486706	46039f
1	299712479	299713295	1	310611722	310612553	0d0887
2	142247982	142262794	2	143783181	143799582	2e0595
6	38438824	38441419	6	65834754	65837365	8808a6
8	8720737	8730157	8	8781236	8791177	ad2793
6	94005393	94017885	6	1078144	1089091	8808a6
13	14918967	14928791	11	3969130	3978893	ed7953
1	115219047	115226720	1	120374027	120383364	0d0887
3	29635480	29645612	3	33353697	33372156	46039f
5	13953037	13967716	5	13603220	13620049	7201a8
3	153708633	153722086	3	162958160	162971614	46039f
10	7979158	7980214	10	17112942	17114001	cc4778
2	31440124	31455602	2	257995153	258008641	2e0595
2	193499973	193502451	2	91586903	91589921	2e0595
6	26756781	26757792	6	77298729	77299755	8808a6
2	65514418	65525927	2	223679146	223691703	2e0595
17	10936614	10939518	17	902795	905617	fdca26
1	43130180	43131234	1	47999298	48000294	0d0887
6	45210897	45225296	6	59406753	59420600	8808a6
5	18069851	18071657	5	18419185	18422283	7201a8
12	17351071	17360706	12	3944271	3949196	e3685f
8	44019960	44041888	8	44535360	44561672	ad2793
1	241074763	241087590	1	250973943	250983822	0d0887
10	11607353	11673005	10	13193118	13219082	cc4778
1	52919816	52929393	1	57855772	57865566	0d0887
6	80636656	80654417	6	27978101	27986448	8808a6
1	107575401	107584405	1	112819419	112830198	0d0887
6	43123975	43124989	6	61400803	61401817	8808a6
4	23149425	23165175	4	23706252	23726835	5c01a6
5	31430278	31438997	5	32257517	32265335	7201a8
7	30950073	30951090	7	58766758	58767775	9c179e
6	94274749	94297383	6	1599751	1625442	8808a6
7	92448677	92454371	7	11500784	11506590	9c179e
14	1067489	1072517	14	20316693	20321809	f58b47
3	34606462	34616096	3	38426136	38435617	46039f
6	113899	125887	6	105554898	105561363	8808a6
2	29978167	30001392	2	259397160	259416019	2e0595
6	48142383	48152762	6	56535087	56545732	8808a6
1	311773962	311778046	1	322145525	322149122	0d0887
1	334980758	335028448	1	348358498	348410096	0d0887
1	332339419	332417893	1	345634924	345645534	0d0887
14	13838678	13850408	14	3825723	3832183	f58b47
3	10201406	10226645	3	11109585	11135777	46039f
3	123377319	123386776	3	131306407	131314510	46039f
1	142142418	142150841	1	147935282	147945526	0d0887
12	11429861	11430905	12	10744057	10745101	e3685f
15	6499082	6506384	13	502412	512718	fb9f3a
8	40908888	40913919	8	41567754	41575424	ad2793
1	24947510	24957265	1	29342691	29352435	0d0887
6	2797527	2812506	6	102937907	102958522	8808a6
5	21777201	21780650	5	22346504	22352251	7201a8
16	12837685	12839617	15	16943290	16945275	fdb42f
1	48806835	48817831	1	53646186	53651399	0d0887
1	177219791	177220814	1	187729593	187730616	0d0887
1	215695383	215733238	1	225370524	225415289	0d0887
1	239348027	239362240	1	249292333	249301830	0d0887
19	269788	271723	18	307232	310047	f0f921
13	18379496	18381111	11	439805	441370	ed7953
1	301798784	301812911	1	312681602	312696902	0d0887
17	4468326	4476514	17	8828745	8839942	fdca26
6	68199933	68210861	6	37451196	37459079	8808a6
10	9019741	9034292	10	16008871	16020888	cc4778
6	85796610	85801274	6	22476335	22480692	8808a6
7	85093412	85121781	7	2576355	2595554	9c179e
6	40460725	40463178	6	63992373	63994990	8808a6
2	236743327	236756600	2	47748239	47755804	2e0595
10	6421558	6428193	10	18844036	18850848	cc4778
3	45424599	45447385	3	49634079	49663312	46039f
6	80963915	80976890	6	27775090	27792924	8808a6
6	18265398	18266391	6	86480083	86481073	8808a6
2	59953119	59961933	2	229477042	229483695	2e0595
1	311739196	311750665	1	322110870	322120779	0d0887
2	177691433	177707665	2	107573669	107590642	2e0595
7	82004330	82011548	7	13494500	13504072	9c179e
1	36180669	36225900	1	40824131	40854714	0d0887
3	185021943	185031865	3	195774295	195789959	46039f
2	150247392	150248997	2	135797669	135799261	2e0595
1	302021737	302045398	1	312883877	312903103	0d0887
3	179199049	179202984	3	189446809	189457401	46039f
3	131022712	131030811	3	139304618	139313022	46039f
1	63254576	63265150	1	68283196	68293058	0d0887
10	9001174	9006792	10	16033070	16039730	cc4778
3	126299235	126322880	3	134361034	134380240	46039f
8	9471639	9477303	8	9578021	9582603	ad2793
5	58816304	58822278	5	60596755	60615272	7201a8
4	53143261	53144284	4	59053291	59054326	5c01a6
6	48529315	48532129	6	56142434	56144991	8808a6
5	40625389	40632745	5	41136242	41144842	7201a8
16	6799455	6805076	15	7949535	7956635	fdb42f
1	166655328	166663398	1	172662505	172673567	0d0887
13	16996488	17010329	11	1741340	1755241	ed7953
5	97516027	97604230	5	99914115	100003170	7201a8
1	177055086	177056097	1	187582974	187583985	0d0887
2	215469359	215485677	2	69585463	69609370	2e0595
2	156003969	156013292	2	129953440	129961516	2e0595
1	198330841	198427605	1	208222315	208315089	0d0887
6	60592461	60616584	6	44647623	44674225	8808a6
8	23434267	23444860	8	24730888	24738529	ad2793
4	57600660	57601671	4	68985188	68986196	5c01a6
1	335940169	335947598	1	349282813	349288934	0d0887
15	15305426	15310955	13	9861319	9867318	fb9f3a
2	190026298	190046905	2	95105655	95133181	2e0595
7	46562417	46577740	7	45205099	45218388	9c179e
12	417825	421254	12	25185983	25190479	e3685f
6	26714190	26715198	6	77347821	77348829	8808a6
3	119432198	119441271	3	127069173	127079026	46039f
3	82000186	82011624	3	88039565	88050922	46039f
2	97227252	97228263	2	192694689	192695700	2e0595
19	4389416	4395881	18	6835074	6845411	f0f921
1	96023668	96030340	1	101059785	101067737	0d0887
10	8634194	8645957	10	16418714	16432320	cc4778
3	99964448	99990170	3	107510155	107544965	46039f
10	3107957	3143016	10	23337724	23366342	cc4778
3	10376394	10383208	3	11294746	11304032	46039f
3	196142225	196143230	3	43062394	43063387	46039f
3	134478656	134495571	3	142803243	142821798	46039f
15	3521919	3527178	13	19660637	19675476	fb9f3a
6	48062593	48083886	6	56594606	56612791	8808a6
7	25968736	25977768	7	63611992	63620089	9c179e
1	66104448	66113669	1	71167522	71180462	0d0887
3	127432890	127441699	3	135580882	135592471	46039f
1	257105049	257111603	1	267334806	267341856	0d0887
4	70513076	70646611	4	85606196	85648530	5c01a6
6	45446264	45450552	6	59173145	59176729	8808a6
5	22630984	22631989	5	23295065	23296070	7201a8
3	35023569	35032019	3	38836644	38846373	46039f
7	80788133	80806299	7	15100861	15119841	9c179e
12	13265518	13275612	12	8344539	8363741	e3685f
11	22739175	22747703	9	9201404	9205384	d8576b
6	45476737	45484572	6	59140382	59147464	8808a6
2	33105203	33110394	2	256277577	256280550	2e0595
6	71953692	71963230	6	33722640	33732003	8808a6
15	10978212	10987968	13	5565573	5572382	fb9f3a
14	1622077	1623076	14	19664069	19665068	f58b47
13	15758635	15766412	11	3011862	3023151	ed7953
2	94404702	94412044	2	195575255	195588839	2e0595
16	7665985	7670494	15	9220257	9225825	fdb42f
2	215072870	215081627	2	70028132	70034587	2e0595
1	71786686	71929521	1	76792135	76937805	0d0887
1	215580216	215588672	1	225249640	225263233	0d0887
8	38251932	38286341	8	38957238	39012293	ad2793
1	17881551	17887590	1	21558361	21565668	0d0887
7	74360800	74381073	7	22292754	22317373	9c179e
2	154625358	154642439	2	131354613	131370863	2e0595
2	152806093	152807089	2	133266063	133267059	2e0595
2	99466194	99482470	2	190557873	190573308	2e0595
3	15817555	15823516	3	17856918	17864609	46039f
1	311754508	311762199	1	322124153	322133261	0d0887
2	59228271	59244585	2	230252326	230271717	2e0595
7	39920602	39950738	7	50550895	50590111	9c179e
3	71159361	71160357	3	76773084	76774080	46039f
5	94963732	94990436	5	97492954	97521727	7201a8
1	332545097	332545961	1	345852231	345853095	0d0887
4	96535076	96544445	4	104735397	104748689	5c01a6
2	222434095	222439839	2	62667499	62672133	2e0595
2	64714528	64727374	2	224529582	224542321	2e0595
1	246362746	246375312	1	256455107	256468243	0d0887
3	147481140	147491566	3	156552619	156562020	46039f
3	179095038	179126174	3	189378660	189395216	46039f
8	19264187	19271602	8	20102736	20108289	ad2793
8	59623501	59720428	8	61388663	61453413	ad2793
11	12387946	12392991	9	28141501	28147478	d8576b
1	69953916	69963537	1	75076110	75084507	0d0887
4	64250360	64260216	4	80180154	80188955	5c01a6
13	2924971	2930390	11	18785377	18793420	ed7953
1	293908991	293913669	1	304731586	304736482	0d0887
1	148428908	148429898	1	154130892	154131882	0d0887
6	91359143	91373926	6	7095915	7111135	8808a6
3	132711035	132717901	3	140880959	140888610	46039f
2	120330037	120331024	2	166493975	166494962	2e0595
8	51820274	51838115	8	51870328	51880105	ad2793
2	34867920	34871732	2	254614210	254620539	2e0595
5	92499893	92532502	5	95286527	95312888	7201a8
3	160946859	160987000	3	170319637	170366203	46039f
6	52985988	52998077	6	51864969	51877888	8808a6
3	126790650	126792297	3	134889602	134891209	46039f
3	172445741	172456238	3	182116311	182127940	46039f
8	48525711	48569928	8	48675303	48709438	ad2793
1	274144535	274156679	1	284935397	284944709	0d0887
16	7227402	7242107	15	8615909	8641201	fdb42f
3	119347024	119356910	3	126990647	126998882	46039f
3	169446630	169452803	3	179104810	179110455	46039f
1	22903176	22905372	1	27057224	27062261	0d0887
2	33377753	33392644	2	255968126	255982984	2e0595
1	55347149	55400678	1	60255295	60309390	0d0887
6	88269513	88289152	6	19112700	19128068	8808a6
1	104450761	104456803	1	109669081	109674847	0d0887
4	23363527	23366401	4	23839153	23842796	5c01a6
16	2514259	2523986	15	2080045	2089545	fdb42f
1	12049101	12061974	1	14984841	15002342	0d0887
4	99374311	99390487	4	107749507	107766826	5c01a6
17	4671641	4675810	17	8561550	8566672	fdca26
1	48687679	48700814	1	53512857	53518478	0d0887
12	11380850	11381783	12	10822306	10823233	e3685f
5	3498002	3498959	5	2948508	2949465	7201a8
17	8077435	8081002	17	2981096	2986311	fdca26
7	22154035	22171499	7	67525983	67545164	9c179e
4	17270867	17299256	4	17536578	17563125	5c01a6
5	18900991	18918557	5	19360657	19379700	7201a8
1	11727876	11744240	1	14602978	14622952	0d0887
3	98099868	98100693	3	106277290	106278112	46039f
1	199249441	199253659	1	208894330	208898371	0d0887
6	60252237	60261588	6	44990245	44999792	8808a6
7	58593933	58618025	7	36139941	36165161	9c179e
2	76096608	76111979	2	212787744	212805473	2e0595
6	26767234	26797119	6	77287548	77288490	8808a6
1	149672	155534	1	936129	945736	0d0887
3	51177085	51178060	3	55345086	55346061	46039f
1	314390842	314398302	1	324865620	324871560	0d0887
2	174997999	175006219	2	110384460	110394829	2e0595
1	150441371	150483117	1	156159466	156207552	0d0887
3	148888426	148894060	3	157981799	157987382	46039f
6	33159067	33175965	6	70881753	70901298	8808a6
2	222363462	222366450	2	62742206	62748730	2e0595
13	2243892	2246984	11	20279128	20286606	ed7953
6	46547831	46617732	6	58060486	58124426	8808a6
13	12874237	12877062	11	5971958	5975558	ed7953
3	89851761	89854122	3	96520141	96574266	46039f
15	3624575	3630448	13	19829347	19837474	fb9f3a
8	30025396	30036760	8	31285719	31297601	ad2793
2	91871230	91882399	2	198362527	198376570	2e0595
15	15798952	15806293	13	10388086	10395032	fb9f3a
2	199763133	199767804	2	85286915	85291486	2e0595
7	20911338	20935409	7	68872355	68911502	9c179e
1	225156754	225193736	1	235035501	235081013	0d0887
5	94056574	94076334	5	96633873	96651672	7201a8
7	30501244	30516615	7	59208340	59221583	9c179e
19	829217	832626	18	1059278	1064517	f0f921
3	141419523	141468921	3	149958665	150148340	46039f
3	153507475	153528272	3	162747228	162771042	46039f
17	10166811	10181895	17	1263355	1281640	fdca26
16	2034870	2040464	15	1610670	1616750	fdb42f
7	31709098	31721617	7	58043071	58058082	9c179e
2	104966617	104996491	2	185033271	185059599	2e0595
5	97525550	97526501	5	99932319	99933270	7201a8
11	22519435	22523265	9	8991570	8995074	d8576b
6	48537921	48539978	6	56128657	56137156	8808a6
3	91703783	91751360	3	99447799	99578150	46039f
2	217206043	217299946	2	67739071	67842909	2e0595
2	2823163	2849783	2	282958996	282993131	2e0595
4	26385379	26393306	4	27013650	27022197	5c01a6
1	28124513	28151774	1	32647052	32672141	0d0887
1	121908789	121913597	1	127501729	127506760	0d0887
16	11072844	11076446	15	14937577	14943960	fdb42f
19	4474789	4478947	18	6715215	6720977	f0f921
3	17334551	17407264	3	19761960	19834708	46039f
4	4675358	4680752	4	4063259	4067410	5c01a6
19	2837316	2856557	18	4675929	4700294	f0f921
2	101819937	101830245	2	188238216	188245456	2e0595
2	152024709	152031327	2	134048622	134056331	2e0595
1	272334026	272337620	1	283021157	283024530	0d0887
7	3763048	3779418	7	87781652	87796878	9c179e
3	141942355	141959035	3	150648655	150655727	46039f
1	184800152	184801109	1	193911640	193912597	0d0887
1	257043414	257056255	1	267263122	267281195	0d0887
3	79962025	79969244	3	85974645	85982620	46039f
15	11609747	11618912	13	6193471	6206139	fb9f3a
1	144511717	144549675	1	150216186	150252636	0d0887
1	317795713	317812693	1	328816281	328826690	0d0887
8	49388035	49404591	8	49448674	49457045	ad2793
1	69852085	69863721	1	74975222	74989376	0d0887
4	37394578	37398648	4	38422572	38426392	5c01a6
3	69648377	69668230	3	75226334	75246950	46039f
5	108115640	108133694	5	111457808	111494468	7201a8
2	155167769	155174808	2	130815135	130822621	2e0595
14	3870911	3884291	14	16656050	16672632	f58b47
1	287745968	287758239	1	298532416	298546268	0d0887
3	65819961	65906645	3	70940832	71032502	46039f
6	48513056	48514975	6	56156612	56158990	8808a6
15	14877942	14884938	13	9393018	9397533	fb9f3a
1	340059424	340068864	4	150074952	150086930	0d0887
10	10108212	10125620	10	14660733	14687300	cc4778
3	119133293	119142106	3	126666658	126673146	46039f
10	14476890	14486215	10	11866047	11876656	cc4778
15	7946286	7955549	13	2314819	2325894	fb9f3a
1	41279587	41294517	1	45974962	45992298	0d0887
12	8111226	8125959	12	15232814	15251755	e3685f
3	182323002	182344915	3	192714968	192733332	46039f
16	4663984	4695482	15	5007911	5048029	fdb42f
2	21470521	21476403	2	268791440	268798123	2e0595
1	121492982	121513649	1	127078040	127101078	0d0887
3	186156678	186157644	3	197177389	197178358	46039f
3	147836535	147850924	3	156921365	156936966	46039f
1	227733392	227744622	1	237616672	237627075	0d0887
8	28814723	28819444	8	30107148	30112102	ad2793
1	164369013	164387476	1	170270565	170305847	0d0887
7	37778918	37798059	7	52474110	52493142	9c179e
10	1405811	1410656	10	27784266	27789774	cc4778
15	13837458	13847179	13	8320483	8331156	fb9f3a
3	63020543	63034800	3	67903925	67923983	46039f
5	122563566	122580856	5	127147281	127165237	7201a8
16	11156062	11158103	15	14816906	14819372	fdb42f
3	125142861	125167978	3	133136624	133159765	46039f
1	221882984	221902693	1	231711696	231730383	0d0887
5	2974603	2985468	5	2485951	2495659	7201a8
6	71592159	71593104	6	34054951	34055896	8808a6
5	82056582	82064033	5	87398014	87403408	7201a8
10	298389	301813	10	26617151	26620728	cc4778
2	11752417	11764056	2	2835567	2846277	2e0595
6	35104468	35130549	6	69111399	69127476	8808a6
1	292731010	292744256	1	303546717	303559822	0d0887
1	14125200	14137674	1	17295256	17310992	0d0887
1	313567755	313577900	1	324021175	324032950	0d0887
3	2605286	2626636	3	2513700	2532961	46039f
5	56788980	56826916	5	57222592	57275242	7201a8
1	233800614	233818295	1	243714823	243730922	0d0887
4	84622798	84629302	4	92978532	92986398	5c01a6
1	323533029	323534405	1	335403268	335413623	0d0887
6	26490304	26491246	6	77553535	77554477	8808a6
8	13828119	13834483	8	14116869	14125517	ad2793
6	85705415	85727789	6	22567237	22583845	8808a6
1	101633646	101641005	1	106686469	106695273	0d0887
1	71679862	71684213	1	76674386	76679838	0d0887
5	107887894	107888836	5	111200592	111201534	7201a8
16	10043039	10046825	15	12926814	12934621	fdb42f
1	15592279	15604451	1	18944186	18958835	0d0887
2	104042525	104059359	2	186132917	186149166	2e0595
15	8695926	8710301	13	3184809	3198355	fb9f3a
15	4451449	4469383	13	21326982	21346778	fb9f3a
2	86800470	86833265	2	203463336	203494401	2e0595
14	2546099	2552067	14	18437329	18445769	f58b47
3	49925440	49934898	3	54152587	54165027	46039f
5	82528919	82535125	5	87652657	87662503	7201a8
12	1652769	1656295	12	23745717	23750076	e3685f
2	186547442	186579677	2	98646584	98676908	2e0595
2	18283311	18295325	2	272508597	272536663	2e0595
12	4418644	4429502	12	20195579	20209322	e3685f
3	139030504	139031446	3	147584393	147585335	46039f
2	104067627	104078661	2	186113490	186125146	2e0595
1	214774649	214785046	1	224452033	224465463	0d0887
18	659655	663393	16	13688883	13692328	f8e125
4	70131447	70147180	4	85132315	85141381	5c01a6
2	205187647	205204276	2	79945070	79963205	2e0595
8	41180666	41206715	8	41848009	41868783	ad2793
12	15293995	15296354	12	6147862	6150715	e3685f
16	1599566	1610956	15	1179133	1189444	fdb42f
2	32893468	32901883	2	256506360	256515019	2e0595
4	8620652	8640261	4	7905485	7927457	5c01a6
4	82413763	82426076	4	91300835	91315052	5c01a6
1	13630224	13639966	1	16757737	16767147	0d0887
13	1732697	1741356	11	21744201	21765764	ed7953
1	94721140	94731038	1	99762299	99770348	0d0887
3	27315336	27321928	3	30933738	30942273	46039f
2	30103829	30130485	2	259269173	259295996	2e0595
1	61861450	61874189	1	66840186	66851558	0d0887
3	94801863	94802799	3	103994743	103995679	46039f
2	37061664	37073579	2	252571235	252583923	2e0595
3	142635885	142642822	3	151396401	151404567	46039f
3	45126652	45141829	3	49324849	49340354	46039f
16	7539106	7548036	15	9069689	9083539	fdb42f
6	65615466	65632840	6	39896098	39911785	8808a6
3	141483280	141488786	3	150161644	150166647	46039f
16	11215413	11218082	15	14998632	15001830	fdb42f
2	155865948	155902677	2	130064299	130100825	2e0595
2	153879467	153891812	2	132148551	132159878	2e0595
2	182792656	182800050	2	102340083	102347611	2e0595
3	135474273	135485518	3	143844149	143855444	46039f
14	6719342	6740259	14	12936977	12961259	f58b47
1	156246797	156253137	1	162190074	162196925	0d0887
1	324298228	324311674	1	336237905	336252419	0d0887
4	55056982	55070409	4	64069694	64105044	5c01a6
1	27365871	27372522	1	31909642	31914621	0d0887
1	302294552	302302252	1	313150888	313158661	0d0887
5	92281210	92319137	5	95054906	95093330	7201a8
3	177031604	177032585	3	187036951	187037926	46039f
3	51088470	51098062	3	55245205	55258062	46039f
15	8829368	8833665	13	3354030	3357131	fb9f3a
6	43228006	43249193	6	61272864	61292884	8808a6
3	105487727	105504020	3	113070981	113091419	46039f
13	1658227	1664196	11	21927329	21938673	ed7953
3	24389512	24422317	3	27742986	27773181	46039f
3	20679431	20680349	3	23634724	23635651	46039f
8	22037766	22051484	8	23299765	23315000	ad2793
1	33354425	33472724	1	38089631	38138325	0d0887
1	121545686	121546607	1	127146113	127147034	0d0887
1	195297942	195308820	1	205050889	205057146	0d0887
14	3731889	3737295	14	16844640	16851858	f58b47
3	160639541	160645780	3	170031760	170039698	46039f
1	27966154	28090505	1	32503256	32612358	0d0887
3	201427806	201471143	4	88136843	88210962	46039f
8	54922949	54991038	8	55666967	55787482	ad2793
16	7806978	7812998	15	9420939	9429366	fdb42f
10	8994439	8998852	10	16043364	16049047	cc4778
3	62041679	62052045	3	66864492	66882738	46039f
1	68676045	68692101	1	73791135	73806513	0d0887
1	289180686	289190944	1	299957495	299969101	0d0887
1	63373764	63403644	1	68390280	68422484	0d0887
3	159976874	159985553	3	169372149	169383225	46039f
1	124214390	124224961	1	129817030	129828384	0d0887
3	189513228	189514140	3	201005247	201006165	46039f
14	336453	338778	14	21108095	21110363	f58b47
10	805704	807885	10	27494593	27505881	cc4778
2	126771460	126773979	2	159823115	159825600	2e0595
11	22770616	22772916	9	9232934	9240235	d8576b
1	276224083	276235439	1	287036082	287048810	0d0887
3	31300980	31301889	3	35042182	35043088	46039f
1	36056342	36066725	1	40755492	40769076	0d0887
7	8457513	8472566	7	82918148	82930683	9c179e
14	5390029	5392411	14	14693989	14697364	f58b47
2	182132373	182133261	2	103033171	103034059	2e0595
2	100256038	100266185	2	189842858	189854032	2e0595
12	14838725	14843475	12	6379836	6389664	e3685f
5	30969792	30995175	5	31888794	31910732	7201a8
4	74321715	74322618	4	87031140	87032043	5c01a6
1	259113679	259117601	1	269395885	269401922	0d0887
6	38534346	38539448	6	65744945	65751308	8808a6
14	12784717	12793065	14	5132617	5144804	f58b47
1	51271444	51293521	1	56136347	56157946	0d0887
7	30904032	30912490	7	58803124	58811989	9c179e
1	258637818	258644559	1	268875768	268880045	0d0887
3	168881849	168889416	3	178533079	178539980	46039f
17	8622770	8625967	17	3683727	3687494	fdca26
10	9590942	9591821	10	15333339	15334218	cc4778
8	48898159	48917381	8	48981056	49003865	ad2793
6	1489671	1523508	6	104202176	104226621	8808a6
3	154025595	154040479	3	163312619	163326318	46039f
10	16559312	16572061	10	10135994	10151226	cc4778
5	36229103	36241061	5	36730388	36750211	7201a8
1	239597428	239613525	1	249544147	249561804	0d0887
2	28693817	28705324	2	260814361	260827797	2e0595
15	7243547	7258702	13	1460332	1470778	fb9f3a
6	90809904	90821646	6	6561550	6572534	8808a6
3	141656682	141664134	3	150337237	150345508	46039f
3	161145744	161147918	3	170511069	170513238	46039f
1	299206745	299248879	1	310079079	310119804	0d0887
3	37935328	37948512	3	41814081	41824968	46039f
12	9318350	9319265	12	13583937	13584849	e3685f
1	53464921	53467932	1	58324383	58327284	0d0887
3	98656478	98668829	3	106571448	106577068	46039f
8	48050796	48065468	8	48229652	48248570	ad2793
14	16730789	16739389	14	786949	799042	f58b47
19	7205815	7215199	18	9862718	9874567	f0f921
1	63987933	63994024	1	69028875	69096012	0d0887
1	253998669	254022257	1	264070121	264100545	0d0887
2	219842510	219848119	2	65389717	65394158	2e0595
16	2171687	2183856	15	1730786	1741282	fdb42f
3	156999424	157008551	3	166474026	166482065	46039f
1	233842059	233858179	1	243745544	243750636	0d0887
19	1248471	1253320	18	1670863	1680144	f0f921
1	115872850	115886494	1	121021282	121038619	0d0887
1	195725915	195736238	1	205401945	205412019	0d0887
2	73961960	73976454	2	214914354	214929649	2e0595
5	69797733	69853268	5	80770310	80799790	7201a8
1	116729582	116740120	1	121932257	121941841	0d0887
3	44029873	44035617	3	48177484	48184192	46039f
2	192072143	192084492	2	93070087	93082710	2e0595
4	82214165	82226647	4	91150215	91156851	5c01a6
1	64064259	64065051	1	69099733	69100522	0d0887
1	116548997	116553394	1	121742735	121750074	0d0887
14	13453037	13483032	14	4267721	4293293	f58b47
14	6490429	6495376	14	13252616	13259754	f58b47
3	186825677	186847069	3	198036220	198055539	46039f
2	152011920	152012820	2	134063601	134064501	2e0595
5	109130339	109133803	5	112494503	112500053	7201a8
2	98247086	98253857	2	191677036	191680328	2e0595
3	147191074	147235651	3	156239477	156293987	46039f
3	1802393	1814558	3	1814832	1825116	46039f
12	17471151	17511633	12	3801899	3842242	e3685f
2	141642582	141656661	2	144339900	144355601	2e0595
17	3069160	3075355	17	9381554	9385747	fdca26
3	197530097	197538082	3	209975639	209979879	46039f
17	9529587	9532221	17	2224539	2229118	fdca26
1	269941830	269943612	1	280637585	280639442	0d0887
1	138347527	138362693	1	144072969	144080388	0d0887
7	6312509	6320160	7	85078889	85091182	9c179e
1	153890669	153908381	1	159740716	159752849	0d0887
8	24570268	24594920	8	25941444	25963307	ad2793
11	8316991	8324157	9	21265643	21273618	d8576b
1	56722420	56723320	1	61662444	61663344	0d0887
1	274508300	274514686	1	285299043	285309444	0d0887
1	169200022	169266649	1	175157637	175227327	0d0887
1	202598687	202599560	1	212510635	212511499	0d0887
2	25533048	25542415	2	264274741	264284472	2e0595
2	18265919	18272655	2	272550739	272557910	2e0595
7	2582891	2595838	7	88504600	88521454	9c179e
1	257144325	257160403	1	267373363	267389979	0d0887
1	102545557	102563787	1	107708974	107727153	0d0887
3	48554490	48555384	3	52731498	52732392	46039f
11	12557737	12561263	9	28349858	28353883	d8576b
8	22606094	22614125	8	23875223	23884721	ad2793
1	98491722	98497212	1	103480370	103486028	0d0887
2	167951333	167972473	2	117517340	117537786	2e0595
1	285003644	285004535	1	295867121	295868012	0d0887
16	11899647	11911538	15	15889463	15904842	fdb42f
3	37424175	37432021	3	41262689	41271258	46039f
19	5338339	5345652	18	5599322	5608513	f0f921
19	5461109	5463039	18	5454030	5456485	f0f921
12	8361177	8363588	12	14917071	14919321	e3685f
1	187074360	187083196	1	196270441	196280384	0d0887
4	55036367	55039935	4	63856094	63859651	5c01a6
6	1125099	1153463	6	104522776	104540449	8808a6
14	15080029	15094819	14	2401463	2417517	f58b47
4	38904472	38925812	4	40086707	40106761	5c01a6
1	238839123	238849542	1	248763114	248772953	0d0887
1	194990387	195006042	1	204751054	204761147	0d0887
1	34707649	34708534	1	39403450	39404335	0d0887
2	169697580	169702537	2	115719358	115724598	2e0595
2	18948703	18960143	2	271759566	271773373	2e0595
17	6459442	6471181	17	6210364	6221271	fdca26
3	94212603	94213455	3	103509236	103510088	46039f
7	29130364	29142922	7	60475310	60485852	9c179e
1	50404155	50409130	1	55356006	55360591	0d0887
1	281347005	281359181	1	292092741	292103974	0d0887
17	8196851	8201116	17	3132813	3135944	fdca26
1	192757757	192769849	1	202369814	202384744	0d0887
1	193436955	193447570	1	203081581	203097735	0d0887
5	69036122	69054615	5	80036880	80068100	7201a8
1	64785259	64796625	1	69853302	69862081	0d0887
4	51164164	51169535	4	54921527	54932883	5c01a6
1	224964945	224989821	1	234872739	234896444	0d0887
2	208938691	209015672	2	76129288	76203943	2e0595
15	13928487	13940701	13	8417268	8428155	fb9f3a
8	76054681	76079630	8	79357355	79380712	ad2793
3	153399497	153416303	3	162630685	162647904	46039f
5	46764623	46772155	5	47120228	47125251	7201a8
3	25732166	25736330	3	29227341	29239026	46039f
2	207650944	207663239	2	77420287	77431451	2e0595
3	63642884	63653336	3	68578204	68586082	46039f
4	119628464	119636862	4	128777207	128783444	5c01a6
3	100068641	100072049	3	107620563	107625018	46039f
2	22475030	22484261	2	267760137	267766586	2e0595
19	224084	224975	18	253946	254825	f0f921
13	13758293	13766618	11	5079781	5091705	ed7953
1	71419570	71430767	1	76429867	76441858	0d0887
2	215428801	215442696	2	69659331	69679536	2e0595
1	207170940	207187765	1	216672436	216687952	0d0887
1	283509210	283551242	1	294295352	294346320	0d0887
19	80743	83638	18	47342	49778	f0f921
7	27999693	28012565	7	61604594	61620132	9c179e
5	68350783	68360219	5	79260138	79268619	7201a8
3	61708029	61735276	3	66616720	66653738	46039f
5	50227586	50230754	5	50507804	50510447	7201a8
3	202903178	202906836	3	214975875	215000150	46039f
6	81185630	81224383	6	27563667	27586280	8808a6
5	37380061	37380940	5	37939560	37940439	7201a8
1	226319786	226322115	1	236267064	236270427	0d0887
6	24977235	24983952	6	79244675	79250841	8808a6
1	53801186	53808430	1	58624498	58631010	0d0887
12	9031999	9037567	12	13975707	14062377	e3685f
1	257309801	257322769	1	267539412	267550172	0d0887
12	4397666	4402933	12	20231242	20239911	e3685f
17	4122556	4127757	17	9290008	9299723	fdca26
14	10207303	10219373	14	8437205	8446946	f58b47
18	9348056	9348860	16	417209	418016	f8e125
5	39259869	39270425	5	39900528	39915471	7201a8
6	16886085	16907394	6	88014485	88037931	8808a6
1	131988055	132010362	1	137612835	137631868	0d0887
6	89181616	89188838	6	17740742	17745971	8808a6
1	268348600	268362906	1	278956920	278969237	0d0887
6	12889795	12899786	6	92476978	92495764	8808a6
2	97289388	97323679	2	192590056	192620227	2e0595
1	265268174	265285136	1	275746173	275823249	0d0887
12	10114266	10124525	12	12569461	12580323	e3685f
1	25288528	25293982	1	29707104	29712318	0d0887
1	49401635	49416134	1	54333743	54339407	0d0887
1	150193679	150203047	1	155929064	155932558	0d0887
19	2110888	2113774	18	3273852	3278870	f0f921
1	319558202	319564842	1	330737488	330747054	0d0887
1	26170786	26178960	1	30646631	30655534	0d0887
15	11815975	11822204	13	6422158	6428377	fb9f3a
7	14137997	14149147	7	76479453	76490522	9c179e
8	55327899	55353461	8	56368115	56369808	ad2793
19	4614832	4619523	18	6513412	6520928	f0f921
2	194804017	194977216	2	90138702	90331338	2e0595
16	12251298	12253216	15	16300279	16302520	fdb42f
6	85821213	85832662	6	22449645	22463849	8808a6
1	194892286	194897795	1	204641721	204648404	0d0887
18	8524843	8546272	16	1503705	1529901	f8e125
1	254741484	254742348	1	264814888	264815752	0d0887
4	89849200	89866806	4	97981155	97990549	5c01a6
1	73176751	73186162	1	78252227	78262636	0d0887
11	18850891	18854159	9	4742188	4747480	d8576b
1	165481809	165493405	1	171435553	171446210	0d0887
1	287728898	287731961	1	298507352	298513646	0d0887
3	156906888	156911165	3	166367765	166376093	46039f
15	16678785	16687782	13	11232828	11241938	fb9f3a
5	99744196	99758457	5	102205400	102213323	7201a8
2	207667909	207676090	2	77408729	77416882	2e0595
1	211793548	211799708	1	221361798	221366663	0d0887
2	97826616	97827474	2	192084391	192085249	2e0595
1	92855404	92877105	1	98008413	98027694	0d0887
6	84882667	84893085	6	26531471	26548012	8808a6
1	319354887	319362939	1	330507230	330515265	0d0887
2	89832874	89865248	2	200392116	200429362	2e0595
16	8077546	8082426	15	9823680	9837191	fdb42f
1	261844406	261845264	1	272139872	272176357	0d0887
14	8207536	8217960	14	10988501	11007988	f58b47
1	61673109	61687240	1	66648558	66755622	0d0887
1	88472720	88476126	1	93486413	93492852	0d0887
10	7938831	7949914	10	17143500	17155112	cc4778
2	199317794	199326674	2	85751897	85760989	2e0595
3	68068687	68083691	3	73216091	73236814	46039f
4	58287057	58315955	4	71145007	71201614	5c01a6
1	223400365	223405759	1	233312037	233317658	0d0887
1	69660684	69678740	1	74799387	74813470	0d0887
13	1668403	1675124	11	21902707	21920181	ed7953
2	185787637	185789688	2	99439633	99441695	2e0595
1	295461490	295499022	1	306290168	306328789	0d0887
1	87683757	87697409	1	92667910	92682544	0d0887
1	53171958	53190608	1	58103425	58118006	0d0887
6	59442253	59450323	6	45773246	45781198	8808a6
3	148005459	148007004	3	157035035	157036570	46039f
1	276994812	276998550	1	287686932	287691194	0d0887
3	119046249	119078625	3	126572739	126612864	46039f
7	9014680	9028964	7	82286938	82302832	9c179e
7	80722813	80741705	7	15183652	15208937	9c179e
2	100379433	100393837	2	189721244	189735963	2e0595
2	126799428	126801676	2	159794047	159796255	2e0595
2	15390910	15398178	2	276063889	276072295	2e0595
4	42487466	42503701	4	44011756	44036741	5c01a6
10	5322758	5327764	10	20136735	20146543	cc4778
16	11435811	11438545	15	15311094	15316614	fdb42f
2	76957364	76973634	2	211923176	211947395	2e0595
19	5611251	5613803	18	7887447	7892363	f0f921
14	5035577	5039948	14	15153254	15158286	f58b47
3	103231650	103239597	3	110467304	110473510	46039f
1	31053813	31054665	1	35724147	35724999	0d0887
3	40899701	40932452	3	45048261	45066712	46039f
17	2250934	2255267	17	11677210	11682128	fdca26
6	76203661	76233911	6	30348418	30372043	8808a6
1	6557554	6567057	1	9012038	9020248	0d0887
19	333186	336380	18	340848	344364	f0f921
5	31957318	31967013	5	32766619	32775625	7201a8
3	50472232	50481034	3	54695269	54705412	46039f
8	44083195	44092397	8	44592237	44600592	ad2793
2	100320966	100328681	2	189774212	189781957	2e0595
11	8475153	8481049	9	21453918	21461347	d8576b
7	70475989	70515393	7	26132768	26198471	9c179e
1	8722367	8763204	1	11165573	11213987	0d0887
1	340579600	340589603	4	149516732	149528063	0d0887
3	150231919	150240488	3	159171701	159188499	46039f
1	49090090	49103329	1	53966472	53984520	0d0887
8	44452280	44455259	8	44945071	44948366	ad2793
3	14154856	14165120	3	15817914	15830396	46039f
5	94010238	94015502	5	96583468	96588413	7201a8
2	158393782	158394406	2	127615702	127616326	2e0595
4	53231249	53248016	4	59289418	59301678	5c01a6
3	64534972	64544898	3	69620965	69630699	46039f
6	93898467	93909308	6	955498	974684	8808a6
2	12300639	12312436	2	3167824	3188241	2e0595
2	226021126	226089532	2	58945362	59001898	2e0595
2	160856716	160880936	2	124936460	124968290	2e0595
14	16514005	16520638	14	976621	983827	f58b47
3	57118807	57147850	3	61732693	61764494	46039f
2	31871776	31875803	2	257557780	257563002	2e0595
14	1445313	1447456	14	19889112	19890832	f58b47
4	93191241	93198507	4	101323242	101332529	5c01a6
8	75330020	75339231	8	78556678	78564971	ad2793
6	99223327	99226167	6	9907280	9910366	8808a6
3	35040490	35054858	3	38857223	38872486	46039f
16	12050693	12051503	15	16072247	16073066	fdb42f
15	1460130	1465592	13	15132554	15145337	fb9f3a
3	66233328	66239918	3	71212392	71217724	46039f
4	24446558	24447386	4	25050183	25051011	5c01a6
12	584630	585467	12	25019571	25020408	e3685f
2	159633883	159645863	2	126248839	126258096	2e0595
1	337194032	337216063	1	350631295	350641216	0d0887
5	59054258	59068081	5	61198252	61217600	7201a8
6	36192078	36196198	6	68023803	68028037	8808a6
14	1242175	1244960	14	20122671	20125697	f58b47
2	32241488	32245485	2	257177968	257182104	2e0595
7	47659691	47660504	7	44448657	44449476	9c179e
10	16001659	16012408	10	10595780	10606646	cc4778
6	62301339	62307337	6	43002324	43008611	8808a6
10	10428399	10430480	10	14345599	14348384	cc4778
17	10734880	10738314	17	632799	635962	fdca26
8	49368224	49373582	8	49424897	49438744	ad2793
5	1412073	1450046	5	1211418	1247984	7201a8
7	72249386	72250202	7	24434591	24435407	9c179e
7	38550743	38583893	7	51731332	51750857	9c179e
15	15693886	15712644	13	10277090	10297865	fb9f3a
4	32331641	32332445	4	32963376	32964180	5c01a6
3	202734335	202740733	3	214784095	214789323	46039f
3	10482896	10497758	3	11411050	11434006	46039f
19	361721	365011	18	374034	377865	f0f921
8	38029180	38036778	8	38762389	38769224	ad2793
14	9733441	9756565	14	8981094	9004032	f58b47
2	18508678	18515240	2	272263135	272269902	2e0595
14	9620754	9621606	14	9162081	9162930	f58b47
3	16072733	16094258	3	18353326	18384680	46039f
3	199171788	199190098	3	211531619	211546280	46039f
6	70311337	70318933	6	35282282	35290707	8808a6
1	115679516	115686260	1	120840812	120846744	0d0887
8	76349326	76357359	8	79742887	79749869	ad2793
3	51125888	51133530	3	55288496	55303350	46039f
1	237365545	237396932	1	247257906	247295100	0d0887
1	317159486	317191045	1	327995500	328028415	0d0887
2	216252706	216260225	2	68809681	68815503	2e0595
6	95282177	95307831	6	3547724	3618389	8808a6
4	33981601	33986652	4	34743518	34748280	5c01a6
2	129567894	129585846	2	156733439	156752944	2e0595
13	711571	713925	11	24348891	24351214	ed7953
3	49527192	49538011	3	53751665	53762475	46039f
6	72847179	72848007	6	32932100	32932934	8808a6
6	44858433	44861567	6	59792264	59795154	8808a6
17	2125357	2140485	17	11858979	11876998	fdca26
2	163305303	163390545	2	122289293	122366724	2e0595
14	4831418	4833734	14	15424019	15426839	f58b47
2	150997574	150999717	2	135031474	135035066	2e0595
17	10369657	10373524	17	191611	197258	fdca26
8	78955207	78961560	8	82964974	82970136	ad2793
3	167342435	167371330	3	176908204	176939813	46039f
1	142118263	142124614	1	147901484	147910883	0d0887
6	1266697	1270821	6	104426647	104430351	8808a6
1	178268392	178271854	1	188623089	188630334	0d0887
2	240869385	240875968	2	43035589	43042007	2e0595
3	187292758	187301915	3	198619313	198631235	46039f
11	219179	231491	9	10363961	10372888	d8576b
2	106016739	106030166	2	181357014	181385079	2e0595
1	22908179	22909007	1	27065912	27066740	0d0887
3	122826208	122862881	3	130733763	130761611	46039f
1	178424222	178427669	1	188757668	188760763	0d0887
1	34766406	34770451	1	39464657	39473317	0d0887
6	23681373	23700502	6	80641061	80663330	8808a6
8	62417900	62472583	8	63882722	63937346	ad2793
4	21969591	21973580	4	22484068	22489540	5c01a6
3	40179286	40181999	3	44384399	44387084	46039f
4	6363320	6372653	4	5645409	5653802	5c01a6
12	301006	304935	12	25318875	25323150	e3685f
1	318090156	318098825	1	329144430	329153850	0d0887
2	241466255	241487402	2	42346443	42375751	2e0595
6	31572528	31576764	6	72472435	72476015	8808a6
1	104368096	104398614	1	109566977	109600715	0d0887
6	22510653	22555382	6	81795381	81853920	8808a6
6	3222482	3242582	6	102444486	102461448	8808a6
10	11136651	11144432	10	13529651	13538448	cc4778
8	67442160	67451290	8	69374760	69388228	ad2793
3	120330781	120334766	3	128007111	128012180	46039f
1	52533412	52596679	1	57451346	57526390	0d0887
8	8114356	8121267	8	8146521	8147262	ad2793
1	36032237	36037826	1	40725301	40732599	0d0887
7	17486564	17492128	7	72689317	72694542	9c179e
6	61226730	61364743	6	43929801	44047815	8808a6
3	62847104	62877785	3	67739358	67772747	46039f
3	61952450	61953263	3	66763056	66763869	46039f
1	208667373	208682150	1	218261864	218275111	0d0887
2	236974860	236997731	2	47495515	47520877	2e0595
1	104618577	104628266	1	109843940	109855297	0d0887
2	200143860	200150933	2	84921386	84928839	2e0595
5	32052606	32066785	5	32845157	32853949	7201a8
15	14089309	14093707	13	8576265	8581917	fb9f3a
1	226188701	226221860	1	236149702	236177328	0d0887
4	76943826	77008791	4	87710773	87732088	5c01a6
1	251522801	251568642	1	261704373	261746215	0d0887
7	17494320	17512618	7	72676000	72687299	9c179e
2	3300991	3310946	2	283460323	283466465	2e0595
1	313470792	313482485	1	323908390	323917941	0d0887
8	22657135	22679235	8	23927135	23946030	ad2793
3	67298402	67306292	3	72392694	72400253	46039f
5	40947318	40952515	5	41497701	41500989	7201a8
17	9475873	9481164	17	2289694	2295826	fdca26
15	6148725	6154184	13	23954045	23960653	fb9f3a
3	15994668	16001382	3	18071432	18082873	46039f
2	195304687	195315620	2	89781124	89790402	2e0595
2	97037993	97059033	2	192867803	192889084	2e0595
3	47595947	47598342	3	51671607	51674169	46039f
6	62277019	62295533	6	43017740	43036303	8808a6
1	277972325	277974700	1	288690737	288694024	0d0887
2	191498295	191507330	2	93699427	93708853	2e0595
3	28762959	28770011	3	32443355	32450984	46039f
13	10271083	10271890	11	8588449	8589256	ed7953
4	5930537	5963779	4	5247373	5287803	5c01a6
13	7419475	7426028	11	11985936	12018776	ed7953
8	22254053	22313554	8	23490559	23550313	ad2793
5	31367810	31375888	5	32193651	32200965	7201a8
1	11781105	11799406	1	14661594	14680243	0d0887
8	76701902	76710293	8	80136577	80147130	ad2793
6	71016541	71034314	6	34578151	34600409	8808a6
1	249458028	249487122	1	259654616	259687807	0d0887
1	81063247	81067862	1	86090528	86095212	0d0887
4	98708621	98710938	4	107024029	107027158	5c01a6
6	68040762	68163630	6	37496463	37612917	8808a6
17	2149170	2166597	17	11824587	11849043	fdca26
2	184933753	184935532	2	100281862	100283870	2e0595
2	190589678	190624297	2	94528170	94556406	2e0595
2	160127119	160132411	2	125727675	125733196	2e0595
3	37908290	37915933	3	41789139	41797931	46039f
8	11144088	11160918	8	11216730	11234215	ad2793
17	10015948	10017796	17	159766	164032	fdca26
1	27115016	27122130	1	31629490	31638972	0d0887
7	50864174	50903716	7	42818965	42845573	9c179e
3	168519057	168536899	3	178156350	178175881	46039f
16	1377895	1380509	15	955410	959136	fdb42f
1	80525011	80542438	1	85489693	85505165	0d0887
15	3493631	3499096	13	19592077	19600467	fb9f3a
17	9847119	9849507	17	1791536	1794888	fdca26
8	49302252	49328278	8	49345783	49385714	ad2793
7	26101433	26103857	7	63467550	63470876	9c179e
12	17319478	17339336	12	3957813	3980169	e3685f
4	69913924	69954851	4	85038552	85053915	5c01a6
17	11032907	11033699	17	1006673	1007471	fdca26
16	9386969	9391256	15	11937132	11942430	fdb42f
14	7060443	7065364	14	12473691	12482724	f58b47
2	226101434	226102199	2	58930818	58931589	2e0595
4	9780398	9782105	4	9182062	9183793	5c01a6
2	84049990	84050728	2	205803425	205804142	2e0595
5	5487818	5492862	5	4630873	4641119	7201a8
3	32830483	32848615	3	36582560	36600046	46039f
1	255366356	255393761	1	265508223	265535066	0d0887
4	82101492	82110494	4	90961585	90972016	5c01a6
5	99301871	99307606	5	101753960	101760730	7201a8
3	28420127	28431937	3	32085786	32097260	46039f
1	74651681	74686215	1	79835205	79876169	0d0887
1	25794889	25809798	1	30229024	30240408	0d0887
16	11042279	11043038	15	14986470	14987220	fdb42f
2	33727580	33737460	2	255631211	255639964	2e0595
10	6283376	6296776	10	18975707	18985576	cc4778
1	51596797	51605799	1	56467325	56478705	0d0887
8	44525644	44526313	8	45008988	45009657	ad2793
3	159044633	159045422	3	168549447	168550212	46039f
6	4179096	4198833	6	101449388	101460642	8808a6
2	51317079	51328272	2	238020474	238031435	2e0595
2	128176973	128183577	2	158227723	158234624	2e0595
8	11096794	11104635	8	11162949	11170331	ad2793
13	2705636	2710424	11	19277089	19285100	ed7953
5	20647869	20648658	5	21135670	21136459	7201a8
13	1479235	1490881	11	22418757	22453345	ed7953
3	200799305	200819571	3	213070151	213092867	46039f
8	38837171	38864901	8	39525486	39550621	ad2793
10	7618070	7660576	10	17444424	17493068	cc4778
4	78031489	78037150	4	88012642	88015614	5c01a6
1	239572300	239583146	1	249520859	249530501	0d0887
13	7564835	7570230	11	11798656	11806244	ed7953
1	152880150	152901618	1	158634531	158696299	0d0887
5	419600	425789	5	520615	525727	7201a8
1	292770892	292785058	1	303588084	303602681	0d0887
6	71967399	71983249	6	33695403	33719204	8808a6
3	120613146	120624580	3	128295385	128304847	46039f
16	7151948	7156727	15	8509720	8516874	fdb42f
1	126232140	126237010	1	131806461	131813153	0d0887
3	63537420	63545510	3	68455176	68465028	46039f
17	8207204	8210759	17	3143702	3147966	fdca26
2	127968619	127974571	2	158449434	158454279	2e0595
3	27289407	27310453	3	30907194	30928619	46039f
10	9013538	9016333	10	16025046	16027765	cc4778
5	86165063	86167974	5	89857906	89863249	7201a8
5	36370568	36376605	5	36879320	36885125	7201a8
6	98662098	98666984	6	11080687	11091003	8808a6
19	154746	155935	18	167900	169680	f0f921
3	173517467	173524569	3	183270242	183279152	46039f
2	199947706	199959287	2	85113963	85126254	2e0595
8	19664213	19682718	8	20589490	20606867	ad2793
15	13736575	13744051	13	8223591	8229830	fb9f3a
14	15795426	15799596	14	1648950	1652824	f58b47
17	9955066	9958290	17	1602740	1607480	fdca26
3	50648363	50656778	3	54869378	54878582	46039f
2	247707900	247720483	2	35834166	35849150	2e0595
18	9668407	9674040	16	47103	52061	f8e125
1	191921613	191929563	1	201439741	201450960	0d0887
19	2994619	3004044	18	4473839	4487679	f0f921
5	56422293	56427023	5	56784955	56789517	7201a8
2	21461974	21467661	2	268801909	268807911	2e0595
1	195844793	195856504	1	205543144	205554324	0d0887
5	26719362	26736431	5	27537586	27551740	7201a8
4	91750572	91751352	4	99893559	99894339	5c01a6
1	199863926	199867354	1	209530741	209535323	0d0887
1	68487294	68496616	1	73645600	73657541	0d0887
3	28658183	28675400	3	32334761	32456250	46039f
17	10505894	10510309	17	369986	378390	fdca26
1	16134541	16150103	1	19598706	19622811	0d0887
2	2377968	2392987	2	282402308	282418692	2e0595
19	855269	856461	18	1091700	1093502	f0f921
19	7196561	7200345	18	9843709	9853294	f0f921
5	120603322	120607312	5	125279050	125283580	7201a8
16	11350294	11353897	15	15189323	15193963	fdb42f
2	203325022	203331644	2	81864276	81870753	2e0595
3	32382143	32399501	3	36125212	36140802	46039f
1	323520687	323523204	1	335381783	335384729	0d0887
7	14011553	14021577	7	76628200	76637994	9c179e
4	47009866	47010640	4	49281515	49282289	5c01a6
8	38599633	38603721	8	39312626	39316051	ad2793
8	78419544	78426717	8	82301962	82311713	ad2793
1	27662686	27666939	1	32227093	32232484	0d0887
14	13373083	13375836	14	4379413	4383732	f58b47
10	4637058	4637811	10	21052497	21053259	cc4778
13	10296015	10301671	11	8550411	8559407	ed7953
2	34372735	34379845	2	255124916	255130563	2e0595
5	120842534	120843314	5	125507481	125508255	7201a8
4	98808814	98819920	4	107126931	107139394	5c01a6
12	1737246	1743880	12	23620028	23632014	e3685f
7	33508222	33508735	7	56428182	56428692	9c179e
8	62976284	62987406	8	64417754	64429164	ad2793
3	35936966	35943526	3	39814133	39820165	46039f
1	96290330	96296583	1	101355129	101360972	0d0887
4	131327812	131337848	4	145922055	145938403	5c01a6
3	147656426	147661498	3	156717711	156724126	46039f
5	96993879	96999990	5	99409137	99415838	7201a8
2	747341	757961	2	280617040	280634196	2e0595
3	88131677	88144999	3	94366407	94381730	46039f
2	92024807	92031833	2	198223645	198233142	2e0595
2	97611829	97612606	2	192298469	192299249	2e0595
6	38481516	38485403	6	65795357	65799898	8808a6
19	2864200	2868137	18	4660731	4666434	f0f921
15	4758677	4765434	13	21812421	21821589	fb9f3a
1	291903114	291917870	1	302688926	302702596	0d0887
4	83226179	83233981	4	91937762	91945536	5c01a6
1	276900305	276901073	1	287586887	287587655	0d0887
3	163289993	163296818	3	172735562	172742537	46039f
8	23446127	23452768	8	24739771	24746904	ad2793
2	181240681	181249336	2	103920170	103924957	2e0595
1	18691347	18700150	1	22466177	22475438	0d0887
13	11081951	11089776	11	7720322	7726641	ed7953
1	246918795	246942915	1	257016256	257042447	0d0887
5	30400036	30407851	5	31265806	31273085	7201a8
7	70741667	70744028	7	25917438	25919786	9c179e
3	172890251	172896884	3	182613063	182618412	46039f
5	74781124	74822154	5	83253827	83264772	7201a8
3	150548369	150552248	3	159513620	159519041	46039f
7	19486662	19520378	7	70591590	70610064	9c179e
1	324259902	324269439	1	336190334	336201000	0d0887
4	29177610	29185843	4	29875684	29883812	5c01a6
3	42043216	42059794	3	46104357	46116061	46039f
3	147023874	147039666	3	156043916	156052402	46039f
7	24466378	24472728	7	65079216	65085243	9c179e
14	5233574	5238663	14	14879549	14886292	f58b47
2	73754069	73755520	2	215136645	215138136	2e0595
1	104104595	104124960	1	109321065	109345122	0d0887
5	41018979	41024704	5	41575309	41579309	7201a8
1	18305097	18310616	1	22045483	22053428	0d0887
1	179472307	179557235	1	189608513	189655499	0d0887
3	64216301	64232809	3	69223637	69244507	46039f
16	11642444	11644982	15	15557559	15561098	fdb42f
5	119964889	119977752	5	124647678	124657225	7201a8
1	269236436	269238997	1	279910687	279911726	0d0887
1	292690304	292712093	1	303503499	303532690	0d0887
1	33172154	33186649	1	37900638	37918348	0d0887
11	5248668	5267255	9	17658713	17690770	d8576b
3	178919263	178948745	3	189178335	189215022	46039f
3	147063390	147064919	3	156117471	156119326	46039f
2	90311999	90326213	2	199911275	199927798	2e0595
6	40515661	40524632	6	63932589	63941329	8808a6
3	191812422	191821978	3	203822336	203831352	46039f
1	336576769	336588187	1	349948066	349965381	0d0887
10	6918159	6935391	10	18240919	18257369	cc4778
2	191808132	191821247	2	93359420	93368875	2e0595
11	320756	323927	9	10285267	10288777	d8576b
2	76065372	76069847	2	212820559	212826483	2e0595
3	25364648	25365395	3	28827145	28827892	46039f
2	177513342	177532222	2	107761295	107782174	2e0595
5	16493132	16551046	5	16715792	16765538	7201a8
1	89992833	90005669	1	95049519	95063930	0d0887
3	30225208	30228152	3	34006105	34009680	46039f
18	7048308	7051747	16	3990996	3999415	f8e125
1	102033226	102045079	1	107129620	107137182	0d0887
16	1384889	1392249	15	963198	971277	fdb42f
7	21861268	21866449	7	67860810	67867370	9c179e
1	67819677	67827706	1	72900266	72908801	0d0887
12	1730096	1740888	12	23633102	23642522	e3685f
3	92470809	92492839	3	102713291	102736066	46039f
3	61934861	61946767	3	66741927	66758816	46039f
17	4423788	4428916	17	8902609	8908658	fdca26
2	100664161	100669765	2	189445863	189454627	2e0595
2	180411887	180417725	2	104789743	104795335	2e0595
5	122487215	122506047	5	127054442	127074454	7201a8
3	32854132	32863269	3	36605578	36613417	46039f
14	5441897	5444492	14	14625311	14627611	f58b47
3	197178831	197205346	3	209632162	209663487	46039f
1	331334723	331346378	1	344514017	344520823	0d0887
10	6509375	6514097	10	18731513	18743179	cc4778
1	31008833	31009577	1	35681070	35681814	0d0887
6	4998962	5025052	6	100665877	100692394	8808a6
5	18092663	18108022	5	18441520	18456953	7201a8
8	68755661	68760650	8	70735849	70741574	ad2793
1	87289048	87289786	1	92257379	92258117	0d0887
2	131330801	131338909	2	155331814	155341186	2e0595
3	62156572	62157310	3	67012433	67013171	46039f
11	2942685	2952434	9	13768795	13778553	d8576b
3	29681367	29684479	3	33407934	33414039	46039f
6	57457845	57489327	6	47694442	47729070	8808a6
1	322475354	322480233	1	334214531	334221309	0d0887
5	87232760	87249097	5	90582570	90591161	7201a8
1	178307659	178319494	1	188658184	188671641	0d0887
7	33225792	33226469	7	56679646	56680333	9c179e
1	80456980	80480485	1	85416867	85435881	0d0887
11	8840002	8845704	9	21860981	21867290	d8576b
14	327515	331421	14	21114296	21117320	f58b47
18	7919843	7925107	16	3417939	3425187	f8e125
4	23141536	23142271	4	23698725	23699460	5c01a6
1	207245286	207253447	1	216748181	216759916	0d0887
2	18501506	18505536	2	272273135	272280238	2e0595
3	100512890	100519898	3	108006707	108011709	46039f
1	279153707	279160029	1	289920855	289927129	0d0887
2	216284890	216292693	2	68776606	68782511	2e0595
4	36102970	36111085	4	36897977	36906915	5c01a6
2	149346299	149351211	2	136314991	136320194	2e0595
8	77252959	77253589	8	80785758	80786394	ad2793
5	20794147	20798629	5	21297401	21304296	7201a8
5	13434865	13437159	5	13047263	13051388	7201a8
17	10147267	10149575	17	1232557	1237028	fdca26
7	55042979	55085689	7	39716384	39743023	9c179e
12	157890	159264	12	25477003	25478312	e3685f
1	139229602	139242245	1	145011485	145024230	0d0887
3	166916586	166917306	3	176525889	176526600	46039f
1	300006988	300012757	1	310887196	310893123	0d0887
5	51274813	51285179	5	51548986	51554851	7201a8
5	29311547	29342158	5	30102414	30133704	7201a8
14	387112	388605	14	21055995	21057455	f58b47
1	280489106	280524600	1	291263469	291305202	0d0887
2	105008369	105033742	2	184984566	185026407	2e0595
14	2316993	2319943	14	18765239	18769411	f58b47
19	3364951	3369142	18	4759647	4767576	f0f921
6	57198996	57222766	7	51827702	51828416	8808a6
3	104457457	104466397	3	111965839	111975384	46039f
1	284082576	284089228	1	294907366	294911001	0d0887
6	42661157	42663899	6	61867202	61870233	8808a6
4	51950937	51984709	4	56694101	56769502	5c01a6
7	51229128	51271509	7	42669303	42706394	9c179e
3	183179571	183189550	3	193585027	193596708	46039f
14	16041545	16065113	14	1467805	1477863	f58b47
1	51085563	51098424	1	55955354	55972551	0d0887
1	149261527	149262250	1	155014597	155015320	0d0887
5	9685378	9689614	5	8776091	8780141	7201a8
4	91346138	91360617	4	99518726	99526570	5c01a6
6	24987950	25001538	6	79227420	79237859	8808a6
5	30819616	30826776	5	31706231	31722393	7201a8
1	12266487	12282527	1	15255829	15258253	0d0887
2	195539	196259	17	13621990	13622710	2e0595
1	94914839	94941081	1	99934276	99972472	0d0887
1	69922636	69927827	1	75046211	75050334	0d0887
1	63936136	63942006	1	68974667	68979330	0d0887
14	15051660	15057318	14	2440154	2446597	f58b47
5	13227899	13233721	5	12829880	12834184	7201a8
11	22658948	22660578	9	9125238	9126922	d8576b
4	63645357	63653831	4	79715753	79725257	5c01a6
11	17589335	17594438	9	3025522	3036184	d8576b
2	182204474	182214344	2	102949351	102962119	2e0595
14	3806376	3810458	14	16757327	16764371	f58b47
15	7433967	7438643	13	1704097	1710368	fb9f3a
4	29877062	29882229	1	164614664	164628074	5c01a6
1	117197797	117208471	1	122418546	122431212	0d0887
13	8616442	8619434	11	10456838	10460867	ed7953
6	51923820	51931579	6	52892002	52900998	8808a6
2	84998724	85002095	2	204954275	204957858	2e0595
2	105840084	105856932	2	183739157	183769168	2e0595
1	65717172	65721586	1	70795266	70799643	0d0887
3	188400294	188407827	3	199811489	199817959	46039f
4	81125543	81126182	4	90306699	90307338	5c01a6
8	69338074	69344254	8	71015399	71020786	ad2793
1	99111041	99113958	1	104092553	104095218	0d0887
8	52249197	52273735	8	52280407	52310929	ad2793
1	216326628	216336173	1	226033958	226045422	0d0887
13	8721370	8722081	11	10338802	10339513	ed7953
3	25478344	25483648	3	28967821	28971933	46039f
3	200126125	200131413	3	212405209	212420584	46039f
14	1478287	1480312	14	19843981	19847208	f58b47
16	11925471	11928140	15	15920250	15924089	fdb42f
12	18418858	18423955	12	2766619	2771872	e3685f
3	152419510	152423207	3	161614630	161618656	46039f
8	69408206	69421057	8	71078853	71091222	ad2793
3	146512858	146526210	3	155507575	155523438	46039f
2	103844406	103866151	2	186230797	186251015	2e0595
5	53027669	53028374	5	53317909	53318611	7201a8
12	3569181	3574819	12	21270978	21280372	e3685f
6	12960884	12993324	6	92359599	92407824	8808a6
14	8710333	8715082	14	10367315	10376442	f58b47
4	85811429	85828384	4	93932364	93946873	5c01a6
2	134135503	134136160	2	148577548	148578205	2e0595
12	497000	497879	12	25107555	25108434	e3685f
15	14125645	14132312	13	8611586	8617547	fb9f3a
2	197177592	197190918	2	87814471	87824923	2e0595
3	110415462	110432302	3	117665186	117681317	46039f
15	902349	905505	13	13644061	13647682	fb9f3a
2	134571607	134587889	2	149043173	149057030	2e0595
10	16031542	16036249	10	10572701	10578660	cc4778
15	1010527	1013672	13	13394474	13398230	fb9f3a
8	11129158	11138353	8	11201102	11210815	ad2793
13	18267143	18331559	11	550372	552682	ed7953
5	69536191	69586943	5	80620927	80644425	7201a8
5	88692701	88708053	5	91843313	91857192	7201a8
4	96607021	96611629	4	104832446	104841646	5c01a6
8	37570576	37584179	8	38326334	38344731	ad2793
1	104440976	104446146	1	109657547	109662568	0d0887
2	209734113	209744781	2	75371728	75383670	2e0595
7	5187243	5188310	7	86239246	86252379	9c179e
1	100921256	100928467	1	105955429	105963461	0d0887
8	54811734	54812379	8	55579634	55580279	ad2793
1	205764075	205768391	1	215362038	215368649	0d0887
1	75268083	75285794	1	80510852	80526624	0d0887
10	6393568	6410029	10	18858951	18870191	cc4778
19	7191943	7227968	18	9839298	9842654	f0f921
1	31741757	31750166	1	36407389	36420969	0d0887
5	32415328	32418633	5	33214528	33218499	7201a8
11	1020650	1027644	9	10674425	10681082	d8576b
5	59968952	59970169	10	13583893	13586466	7201a8
6	40905813	40911000	6	63544650	63550070	8808a6
3	119978668	119983476	3	127636060	127642227	46039f
3	147105442	147109622	3	156159336	156163281	46039f
3	45553782	45577076	3	49767475	49784906	46039f
12	163559	164234	12	25470976	25471654	e3685f
5	16258378	16283585	5	16473090	16500770	7201a8
3	30547002	30555281	3	34249886	34261026	46039f
1	93942873	93949163	1	99149411	99155790	0d0887
3	199864182	199919825	3	212161601	212211444	46039f
5	13685211	13704781	5	13293954	13311355	7201a8
2	195055021	195055711	2	90031365	90032055	2e0595
3	59537065	59553351	3	64255231	64271578	46039f
14	16369146	16391466	14	1142410	1173092	f58b47
4	2795099	2802582	4	2465169	2469201	5c01a6
3	142422610	142430719	3	151153886	151166602	46039f
11	3239511	3300787	9	14251933	14365279	d8576b
16	12841718	12843326	15	16947484	16949077	fdb42f
3	49426346	49439463	3	53630525	53641654	46039f
8	75815269	75827986	8	79133652	79143875	ad2793
7	31165169	31170919	7	58563630	58570182	9c179e
3	126932515	126951797	3	135027328	135045524	46039f
1	270290847	270302642	1	281022689	281035367	0d0887
5	59571175	59594761	5	62888978	62958988	7201a8
11	10452585	10454415	9	25895026	25897028	d8576b
4	87824927	87833354	4	95900464	95908420	5c01a6
6	40969049	40973392	6	63491890	63496528	8808a6
3	60372043	60381837	3	65152755	65163626	46039f
1	69969412	69980037	1	75090831	75098162	0d0887
1	199439305	199452790	1	209087160	209098934	0d0887
3	150505749	150506418	3	159470408	159471077	46039f
11	22448612	22451129	9	8925896	8928328	d8576b
1	148764468	148776398	1	154488533	154501379	0d0887
3	163301658	163314364	3	172748987	172756158	46039f
11	20370448	20375915	9	6774756	6782548	d8576b
15	8171234	8177467	13	2568705	2576000	fb9f3a
13	5066412	5070426	11	15457692	15463133	ed7953
3	23483458	23492224	3	26826666	26835999	46039f
1	1555380	1560605	1	2650736	2653524	0d0887
5	31740701	31752830	5	32570013	32584045	7201a8
2	230507557	230593904	2	54298979	54374400	2e0595
1	227684312	227684963	1	237564528	237565179	0d0887
6	26827192	26839895	6	77203559	77216874	8808a6
6	63687037	63694191	6	41708755	41718766	8808a6
13	2633208	2641374	11	19407847	19421907	ed7953
13	17025722	17032591	11	1716874	1726796	ed7953
3	105389507	105419792	3	112946984	112977807	46039f
2	195323663	195327891	2	89770411	89773196	2e0595
4	13832853	13836668	4	13697082	13701361	5c01a6
7	41317539	41322158	7	49310354	49312404	9c179e
1	243228894	243234314	1	253393813	253398892	0d0887
12	11361865	11365399	12	10843264	10847113	e3685f
14	7377559	7399236	14	12050554	12080597	f58b47
2	176023651	176029320	2	109263554	109269245	2e0595
7	14464643	14475292	7	76155586	76167604	9c179e
11	20456183	20459427	9	6870455	6874903	d8576b
6	23639699	23648508	6	80696751	80705473	8808a6
1	319300526	319309361	1	330463006	330471980	0d0887
6	36609536	36614202	6	67580055	67584464	8808a6
1	116356323	116377862	1	121539963	121563622	0d0887
6	49100059	49103870	6	55584121	55585945	8808a6
15	6877981	6882286	13	981598	986243	fb9f3a
7	74443948	74450668	7	22239342	22247314	9c179e
3	193845767	193849200	3	205946040	205949599	46039f
17	3752583	3779174	17	10264504	10296064	fdca26
6	186136	188124	6	105485999	105489272	8808a6
4	87586630	87587689	4	95636976	95640084	5c01a6
15	16426883	16429018	13	11006522	11008305	fb9f3a
6	30118608	30119343	6	73873047	73873782	8808a6
4	77673821	77764181	4	87898154	87916428	5c01a6
4	40135286	40158527	4	41468751	41493678	5c01a6
16	8445098	8449619	15	10567598	10573646	fdb42f
17	10783014	10785145	17	682528	684626	fdca26
16	11776449	11778594	15	15735513	15737785	fdb42f
3	86273216	86277271	3	92489698	92493568	46039f
4	123759470	123773233	4	135892753	135916347	5c01a6
7	91879097	91909625	7	10468856	10511882	9c179e
16	13068473	13069415	15	17196954	17197911	fdb42f
5	67306286	67355624	5	78060920	78076916	7201a8
4	98496765	98503296	4	106793606	106799598	5c01a6
8	55892387	56072923	8	57576280	57907814	ad2793
1	340613237	340615678	4	149501186	149504542	0d0887
6	8820396	8824699	6	97035547	97042641	8808a6
16	10500906	10504677	15	13643821	13649112	fdb42f
3	88359509	88366204	3	94627047	94634122	46039f
1	207270472	207277559	1	216780942	216794244	0d0887
6	89667964	89676713	6	5267654	5288092	8808a6
1	180699246	180716990	1	190512362	190522727	0d0887
1	216317714	216319044	1	226021408	226022758	0d0887
2	34004911	34008932	2	255435635	255439593	2e0595
4	61503512	61504974	4	77219814	77221230	5c01a6
7	17310802	17324398	7	72878933	72894944	9c179e
1	64130014	64137006	1	69164412	69170755	0d0887
3	153734284	153742180	3	162985684	162992771	46039f
13	8712093	8714153	11	10348843	10354156	ed7953
2	163988528	163989209	2	121692323	121692989	2e0595
5	98232132	98232597	5	100626483	100626948	7201a8
1	153883459	153889403	1	159728449	159733763	0d0887
1	65531945	65548530	1	70631016	70644806	0d0887
1	302176729	302182645	1	313031470	313037512	0d0887
5	64843885	64851100	5	73472174	73494090	7201a8
7	22848039	22854945	7	66768635	66777410	9c179e
1	373899	377571	1	1203838	1210826	0d0887
7	29066180	29080756	7	60538983	60556018	9c179e
6	44188021	44209152	6	60407042	60419427	8808a6
4	60681732	60695113	4	75850969	75864976	5c01a6
5	56450314	56465277	5	56838957	56857060	7201a8
3	28872364	28897209	3	32549492	32580270	46039f
1	300929692	300937390	1	311780340	311798667	0d0887
17	3468	28393	17	13605155	13614493	fdca26
15	15313755	15316006	13	9871572	9874348	fb9f3a
3	79437325	79460674	3	85435818	85455902	46039f
1	208689948	208697562	1	218284060	218291666	0d0887
4	78347909	78414406	4	88112788	88119805	5c01a6
2	76704248	76718060	2	212227064	212241488	2e0595
1	298523514	298544047	1	309396256	309415623	0d0887
7	5539862	5556215	7	85821793	85832096	9c179e
1	71157221	71164959	1	76162197	76170354	0d0887
12	9503000	9507645	12	13339340	13349007	e3685f
17	4270974	4279616	17	9091891	9099980	fdca26
2	19652649	19662226	2	271013260	271024916	2e0595
1	183620600	183630740	1	192848830	192852765	0d0887
6	58548555	58625877	6	46557706	46627505	8808a6
1	289446176	289450516	1	300200504	300204042	0d0887
16	5126817	5130460	15	5649256	5652716	fdb42f
6	60094046	60098006	6	45159263	45164322	8808a6
1	10772773	10785542	1	13504897	13513592	0d0887
4	86699799	86705099	4	94689061	94694285	5c01a6
2	155184353	155236173	2	130751187	130802906	2e0595
2	198914125	198917228	2	86160440	86164832	2e0595
4	20587268	20589924	4	20983450	20986450	5c01a6
8	22054936	22056332	8	23317015	23318823	ad2793
7	58360986	58388411	7	36384536	36431248	9c179e
6	53094814	53232352	6	51534936	51759111	8808a6
1	211244265	211262636	1	220756036	220778314	0d0887
4	88429057	88442522	4	96530456	96540467	5c01a6
1	96183401	96190216	1	101260338	101265922	0d0887
7	80970608	80998761	7	14891645	14916188	9c179e
11	10454717	10459376	9	25897327	25901918	d8576b
8	2607522	2613758	8	2508050	2514419	ad2793
1	292759061	292767239	1	303576896	303583991	0d0887
7	13691892	13695517	7	77003803	77014647	9c179e
1	48896629	48911911	1	53740507	53759016	0d0887
6	12647375	12654676	6	92753411	92760324	8808a6
11	18159149	18185362	9	3815397	3828138	d8576b
1	190080565	190082706	1	199394376	199396176	0d0887
2	21856531	21863415	2	268366863	268371028	2e0595
10	93483	105631	10	26334261	26347718	cc4778
5	92451926	92466680	5	95234433	95249769	7201a8
6	70948738	70954713	6	34656868	34667228	8808a6
8	62399927	62411446	8	63865218	63877964	ad2793
1	261554129	261560281	1	271974853	271982936	0d0887
2	159507744	159508374	2	126389803	126390433	2e0595
16	8862864	8867015	15	11241853	11247296	fdb42f
16	8747996	8761696	15	11080211	11101194	fdb42f
16	12168178	12170042	15	16207450	16209289	fdb42f
3	166763976	166815126	3	176366170	176422115	46039f
1	193529368	193595726	1	203177436	203258945	0d0887
6	38152316	38174546	6	66050078	66072264	8808a6
3	20381191	20392822	3	23401921	23411404	46039f
3	126976863	126978751	3	135068586	135071580	46039f
2	155146105	155149897	2	130846514	130850241	2e0595
1	149325196	149332024	1	155055404	155062300	0d0887
1	48869365	48872563	1	53706599	53709135	0d0887
1	311964523	311971635	1	322339574	322349238	0d0887
4	100695135	100698589	4	109142481	109146303	5c01a6
15	11002502	11003138	13	5586126	5586759	fb9f3a
7	20657072	20660694	7	69180587	69184631	9c179e
6	19556540	19574147	6	84984806	85000178	8808a6
4	4598152	4608126	4	3982462	3994750	5c01a6
2	24838046	24843015	2	265021058	265027769	2e0595
12	10890271	10910985	12	11458961	11488285	e3685f
3	171749336	171753625	3	181383822	181387735	46039f
5	13190977	13194495	5	12790481	12795422	7201a8
2	188317565	188322880	2	96816760	96822043	2e0595
14	557385	557991	14	20882447	20883053	f58b47
14	16128136	16134458	14	1396885	1410153	f58b47
11	13200153	13211874	9	29138949	29154298	d8576b
1	192793004	192797407	1	202404343	202408491	0d0887
10	1580773	1586475	10	25976756	25984020	cc4778
1	167342601	167349240	1	173316399	173320106	0d0887
19	7595033	7604135	18	10388007	10398809	f0f921
1	323826794	323841896	1	335707172	335715392	0d0887
12	4499014	4502746	12	20103224	20107775	e3685f
2	64671214	64685424	2	224575448	224590890	2e0595
8	75025323	75032966	8	78220686	78229406	ad2793
1	46892089	46892662	1	51721925	51722501	0d0887
2	16634066	16645688	2	274626382	274649132	2e0595
3	155884611	155888417	3	165315734	165320132	46039f
6	61511096	61517538	6	43780437	43787327	8808a6
1	322447973	322448585	1	334187048	334187660	0d0887
10	15982980	15983598	10	10623701	10624319	cc4778
7	31683448	31698236	7	58065952	58070752	9c179e
8	38562587	38570043	8	39278385	39285042	ad2793
2	154320436	154326209	2	131681552	131688415	2e0595
16	2340275	2348154	15	1909373	1916685	fdb42f
3	69338878	69342612	3	74539698	74543277	46039f
3	88037252	88041658	3	94266520	94272290	46039f
4	77567455	77614326	4	87835088	87867187	5c01a6
3	148910475	148916573	3	158005452	158013375	46039f
11	22758390	22761345	9	9224256	9227511	d8576b
4	85226435	85238516	4	93469952	93481998	5c01a6
2	47063191	47067528	2	242334034	242339486	2e0595
5	9237075	9243630	5	8478195	8484418	7201a8
4	35905701	35909208	4	36722372	36726166	5c01a6
1	164314990	164319213	1	170209611	170213353	0d0887
14	3729322	3729838	14	16854227	16854743	f58b47
13	2348193	2370130	11	19985799	20022816	ed7953
1	322403588	322409111	1	334132237	334141909	0d0887
6	22932687	22946958	6	81377156	81394851	8808a6
2	18871153	18878659	2	271837337	271851242	2e0595
6	18097288	18113782	6	86648012	86668153	8808a6
3	163183721	163195801	3	172618006	172624838	46039f
1	226696650	226698708	1	236647796	236649672	0d0887
2	154924588	154927276	2	131078908	131082357	2e0595
1	82136437	82147210	1	87135066	87145204	0d0887
13	7625153	7629411	11	11716583	11721916	ed7953
15	12888118	12890977	13	7516016	7584525	fb9f3a
7	33749014	33759374	7	56198117	56203219	9c179e
8	74370634	74379033	8	77429790	77437647	ad2793
6	98746494	98752454	6	10891156	10906441	8808a6
3	148395538	148465222	3	157443340	157530463	46039f
8	25625821	25660689	8	26987502	27015997	ad2793
4	81468746	81472958	4	90613202	90617090	5c01a6
3	200705348	200724359	3	212986899	212994566	46039f
5	68906581	68970386	5	79910433	79937901	7201a8
2	38680823	38683861	2	250965216	250968165	2e0595
1	268963445	268967264	1	279620082	279623253	0d0887
7	49668921	49679773	7	43362760	43369165	9c179e
6	12681175	12687137	6	92725763	92732507	8808a6
2	157171646	157174902	2	128880691	128883738	2e0595
1	336767970	336771341	1	350161768	350164872	0d0887
1	185089536	185094365	1	194213174	194216965	0d0887
16	9961984	9971100	15	12784552	12799831	fdb42f
4	25301754	25325846	4	25936083	25965002	5c01a6
8	25925588	25934084	8	27306265	27315145	ad2793
15	10366916	10391522	13	4949711	4973884	fb9f3a
11	19447931	19451204	9	5477433	5481112	d8576b
1	318755328	318758376	1	329915262	329917987	0d0887
8	8840174	8849433	8	8910568	8919126	ad2793
5	109554079	109558939	5	113002110	113007965	7201a8
4	41101387	41148805	4	42511245	42562968	5c01a6
14	5920384	5928631	14	14004647	14013334	f58b47
1	321024235	321051239	1	332487391	332519220	0d0887
14	15790508	15794341	14	1653996	1657219	f58b47
6	31158077	31217270	6	72816201	72862653	8808a6
6	46621653	46635071	6	58045018	58056504	8808a6
2	151844557	151848514	2	134197390	134201217	2e0595
7	28874984	28880756	7	60751023	60756353	9c179e
2	99803811	99812984	2	190257753	190267754	2e0595
19	3100736	3102682	18	4329470	4332572	f0f921
16	10086006	10098203	15	13006758	13032180	fdb42f
3	89943451	89984166	3	96772573	96852653	46039f
8	28984128	29009467	8	30282162	30306766	ad2793
3	92638879	92748571	3	102318522	102439560	46039f
3	168486132	168490813	3	178130373	178136486	46039f
7	28765478	28772025	7	60841943	60849192	9c179e
1	267352175	267356463	1	277955612	277959474	0d0887
1	178233275	178238945	1	188605375	188608748	0d0887
6	41118769	41130002	6	63329763	63342584	8808a6
3	197470157	197491490	3	209915711	209931399	46039f
1	294068159	294072790	1	304925002	304931409	0d0887
6	38445950	38448441	6	65830627	65831850	8808a6
6	38370194	38381342	6	65899199	65904642	8808a6
3	92865791	92880368	3	102109723	102166801	46039f
1	71147734	71151892	1	76150720	76155703	0d0887
8	622855	624529	8	697758	699337	ad2793
6	44846683	44851891	6	59801704	59807249	8808a6
1	12263218	12264739	1	15243029	15245215	0d0887
2	174393185	174399553	2	110975800	110981602	2e0595
11	20678536	20682749	9	7157248	7162385	d8576b
1	61844510	61852462	1	66825443	66831131	0d0887
15	8853369	8881253	13	3379440	3405971	fb9f3a
7	33385247	33394321	7	56514377	56524009	9c179e
1	267155047	267161513	1	277762772	277769443	0d0887
7	22097499	22109116	7	67586138	67605306	9c179e
1	205928129	205933669	1	215413190	215421863	0d0887
2	209838299	209838896	2	75298313	75298904	2e0595
3	64043598	64048280	3	69038561	69045725	46039f
3	160191995	160202484	3	169592985	169600899	46039f
2	122908565	122919621	2	163690118	163704321	2e0595
5	36383699	36396095	5	36909900	36920710	7201a8
17	7885402	7896967	17	2758746	2777645	fdca26
5	50189852	50192716	5	50466498	50470035	7201a8
2	185867117	185870823	2	99363462	99366968	2e0595
8	59322029	59327780	8	61177266	61184954	ad2793
1	23846941	23860676	1	28087896	28106488	0d0887
3	110567946	110574702	3	117822608	117828678	46039f
4	100716346	100720665	4	109168458	109172855	5c01a6
2	214892170	214894185	2	70194129	70197289	2e0595
5	122190876	122201105	5	126762664	126772076	7201a8
5	31100818	31113028	5	32006640	32021761	7201a8
5	7958738	7965841	5	7106233	7112770	7201a8
16	12477456	12479296	15	16558487	16560551	fdb42f
19	199729	201396	18	220403	221889	f0f921
8	35445055	35457194	8	36378533	36385542	ad2793
1	238179295	238193291	1	248088528	248103412	0d0887
10	7409053	7413226	10	17711099	17715493	cc4778
7	29455189	29457452	7	60170681	60173502	9c179e
12	11216472	11221791	12	11037328	11045439	e3685f
1	33080674	33082257	1	37812583	37814263	0d0887
19	1556365	1565033	18	2319839	2331024	f0f921
1	263487983	263526400	1	273808772	273872794	0d0887
7	48309406	48312633	7	44062372	44066081	9c179e
1	50655444	50664485	1	55572718	55577945	0d0887
16	3999798	4004101	15	4140339	4146145	fdb42f
2	59111734	59120363	2	230370365	230377263	2e0595
16	11431729	11434606	15	15305141	15309171	fdb42f
4	28599399	28599993	4	29284138	29284732	5c01a6
1	331222761	331223355	1	344402604	344403198	0d0887
11	10397447	10401520	9	25823015	25826351	d8576b
2	168112725	168116182	2	117356572	117361178	2e0595
2	175999424	176004892	2	109292785	109297006	2e0595
1	211131841	211142373	1	220620182	220621605	0d0887
3	99938674	99954935	3	107485963	107500622	46039f
8	44781156	44808001	8	45276308	45301771	ad2793
15	12917227	12917722	13	7545722	7546324	fb9f3a
12	13089754	13096225	12	8553566	8561379	e3685f
2	151545378	151549078	2	134475306	134480373	2e0595
1	116575158	116582178	1	121774322	121779569	0d0887
1	293333588	293335195	1	304153431	304156303	0d0887
3	153472864	153489230	3	162711611	162733367	46039f
13	11128549	11132938	11	7674273	7676767	ed7953
2	103535565	103538813	2	186558586	186562151	2e0595
19	2105305	2108879	18	3281865	3287662	f0f921
3	32653728	32666002	3	36408224	36418137	46039f
14	7292621	7296124	14	12175561	12184807	f58b47
14	14512812	14518860	14	3044457	3048016	f58b47
6	86036079	86049920	6	22220418	22233203	8808a6
1	195014176	195046733	1	204768340	204794865	0d0887
2	40922808	40924102	2	248714669	248717829	2e0595
3	59778572	59780239	3	64507916	64509770	46039f
7	26836755	26843506	7	62762274	62769504	9c179e
14	5784980	5788035	14	14183986	14189278	f58b47
5	56125128	56129180	5	56437270	56449312	7201a8
1	315475279	315481141	1	326184071	326191035	0d0887
1	81780158	81782288	1	86788160	86790432	0d0887
1	164281373	164288985	1	170171902	170181250	0d0887
19	3246394	3274868	18	4086810	4123121	f0f921
16	2150657	2162132	15	1713816	1724738	fdb42f
16	11700227	11702583	15	15626057	15631850	fdb42f
17	4287121	4294277	17	9074777	9082764	fdca26
7	28313833	28318761	7	61284838	61291366	9c179e
1	204536239	204539119	1	214140751	214143650	0d0887
2	105867471	105874549	2	181635782	181645111	2e0595
1	62482691	62507511	1	67514451	67535435	0d0887
4	52972743	52975149	4	58663355	58665710	5c01a6
6	22587987	22588557	6	81762962	81763532	8808a6
8	74931641	74938369	8	78113694	78118269	ad2793
1	199053374	199053962	1	208673320	208673908	0d0887
1	33255276	33259888	1	37984730	37986974	0d0887
3	91098395	91111919	3	98810448	98830423	46039f
6	41586434	41589323	6	62903682	62907186	8808a6
3	120529465	120563748	3	128218870	128256093	46039f
7	28176456	28177032	7	61446328	61446904	9c179e
3	182021886	182026648	3	192413050	192417593	46039f
6	149559	154613	6	105519020	105527918	8808a6
8	75170946	75171519	8	78390229	78390802	ad2793
12	177179	178728	12	25456286	25458328	e3685f
4	89623283	89627054	4	97757330	97762378	5c01a6
13	18022612	18024637	11	796194	798280	ed7953
16	11735261	11739465	15	15670247	15674676	fdb42f
10	603838	607173	10	27077806	27083991	cc4778
11	13162938	13163457	9	29082759	29083275	d8576b
3	167153583	167159846	3	176715138	176719469	46039f
1	167293200	167297016	1	173264365	173267969	0d0887
3	98813394	98830919	3	106667833	106678353	46039f
19	1681013	1682925	18	2539049	2540854	f0f921
1	23840621	23843673	1	28082441	28084664	0d0887
3	49251114	49261783	3	53431727	53442155	46039f
17	9035673	9045654	17	4193723	4208775	fdca26
2	159587367	159592375	2	126299849	126306322	2e0595
10	16173361	16195767	10	10488686	10498204	cc4778
1	83769912	83773204	1	88751671	88755333	0d0887
15	1145896	1147654	13	13032879	13034307	fb9f3a
3	22705593	22709741	3	25971568	25974905	46039f
7	28234864	28248584	7	61361267	61367751	9c179e
1	187088522	187093738	1	196286346	196292060	0d0887
4	40088847	40092503	4	41416588	41420077	5c01a6
5	23919832	23929318	5	24632191	24643726	7201a8
6	40613771	40614491	6	63835844	63836564	8808a6
16	8412259	8415477	15	10517474	10522497	fdb42f
2	157326340	157367227	2	128678715	128720211	2e0595
7	24228582	24229149	7	65322502	65323069	9c179e
6	31780069	31783858	6	72260373	72263819	8808a6
3	181239658	181248038	3	191579294	191589169	46039f
2	206312767	206314127	2	78812371	78813374	2e0595
2	185851117	185851681	2	99383143	99383707	2e0595
1	79452355	79462724	1	84411837	84430322	0d0887
8	23502756	23507601	8	24828711	24833096	ad2793
18	8910413	8911678	16	895469	896783	f8e125
17	8379266	8382612	17	3371892	3374759	fdca26
3	193754875	193760309	3	205867224	205872495	46039f
1	268266310	268272656	1	278886037	278892482	0d0887
5	90202176	90205339	5	93107740	93111611	7201a8
3	126108751	126116539	3	134145352	134153080	46039f
2	24774570	24780509	2	265094456	265102425	2e0595
4	60566125	60573573	4	75634032	75645332	5c01a6
19	1210317	1213611	18	1620452	1625402	f0f921
5	30697166	30704283	5	31577194	31584171	7201a8
4	72691225	72815375	4	86372250	86409314	5c01a6
1	101719766	101745499	1	106784853	106810563	0d0887
3	142757363	142761344	3	151515197	151519865	46039f
8	24598863	24599397	8	25968375	25968912	ad2793
2	212033475	212047872	2	73117765	73131152	2e0595
6	8804492	8815200	6	97048003	97059200	8808a6
3	17320955	17321901	3	19746449	19747397	46039f
1	5413909	5414467	1	7910092	7910650	0d0887
14	15248799	15257220	14	2230641	2240282	f58b47
2	194055655	194059974	2	91021044	91057316	2e0595
5	38685548	38698669	5	39342041	39357196	7201a8
16	10580870	10582641	15	13759118	13763045	fdb42f
4	45737004	45738792	4	47820245	47822375	5c01a6
3	105339387	105347124	3	112891002	112897859	46039f
3	141618144	141623395	3	150295585	150302250	46039f
1	266707151	266707709	1	277249948	277250506	0d0887
2	106042885	106076534	2	181271173	181292810	2e0595
3	24886662	24895714	3	28292390	28302442	46039f
1	246126786	246144862	1	256270870	256285870	0d0887
8	79079921	79089534	8	83115328	83125095	ad2793
1	101555113	101561050	1	106601958	106609467	0d0887
4	7169003	7175437	4	6492109	6500330	5c01a6
3	65754757	65765094	3	70872555	70880050	46039f
7	50587469	50685748	7	42936513	42975980	9c179e
6	3412910	3414949	6	102294503	102300507	8808a6
2	50265408	50265969	2	239103295	239103856	2e0595
2	212086917	212092190	2	73075867	73081223	2e0595
1	321179041	321180076	1	332692735	332694974	0d0887
3	30124036	30130691	3	33909760	33917405	46039f
1	252381705	252397773	1	262592217	262602675	0d0887
1	27354175	27359765	1	31898473	31902843	0d0887
3	178074973	178083873	3	188171513	188182620	46039f
1	210842605	210847118	1	220332558	220336734	0d0887
2	95571485	95577922	2	194354395	194363839	2e0595
13	17957670	17960411	11	860251	862387	ed7953
1	49837866	49841125	1	54812153	54815281	0d0887
1	250230558	250235686	1	260361622	260367211	0d0887
3	145504745	145513820	3	154342598	154350339	46039f
16	7416060	7416609	15	8882302	8882848	fdb42f
18	2515673	2519173	16	10449125	10464218	f8e125
1	258541098	258543520	1	268766953	268769428	0d0887
14	3574049	3578102	14	17052513	17057289	f58b47
5	52018373	52022151	5	52267446	52271182	7201a8
1	238278914	238286144	1	248185597	248193498	0d0887
3	63482492	63486970	3	68401985	68405944	46039f
1	24218518	24224537	1	28505880	28513045	0d0887
4	50920485	50923711	4	54490140	54498078	5c01a6
2	9742015	9742516	2	856015	856516	2e0595
19	7571279	7575270	18	10318502	10326729	f0f921
10	5571064	5573175	10	19841537	19843810	cc4778
1	166863518	166873559	1	172876960	172887149	0d0887
1	179259976	179265416	1	189378866	189382677	0d0887
4	38560611	38562938	4	39719809	39721801	5c01a6
7	90750501	90755828	7	8790261	8797286	9c179e
3	32616629	32619941	3	36366667	36369529	46039f
15	17031019	17032222	13	11550204	11551381	fb9f3a
1	340431137	340437972	4	149747080	149756854	0d0887
6	84698964	84796369	6	26339379	26451743	8808a6
16	8017452	8019893	15	9729615	9734224	fdb42f
1	292833834	292837246	1	303660709	303664757	0d0887
1	118632127	118647636	1	123907891	123917095	0d0887
2	264193506	264201395	4	88024178	88032777	2e0595
1	26697362	26703558	1	31234342	31244840	0d0887
4	88913780	88918079	4	97017775	97022505	5c01a6
1	99189258	99204084	1	104168066	104181186	0d0887
1	97593787	97596548	1	102751353	102753201	0d0887
1	16992333	16995949	1	20588747	20592731	0d0887
19	3142931	3151531	18	4267320	4282677	f0f921
11	20594962	20597881	9	7050305	7052726	d8576b
6	70940998	70945238	6	34670343	34675389	8808a6
3	17147722	17168394	3	19531585	19556807	46039f
1	126202841	126211126	1	131779763	131787754	0d0887
8	19686141	19689297	8	20610172	20615883	ad2793
7	46532084	46541419	7	45234677	45239029	9c179e
2	191870363	191877412	2	93298340	93306501	2e0595
2	148765021	148773868	2	136958636	136967237	2e0595
17	8308933	8310835	17	3266698	3269682	fdca26
6	12638486	12644703	6	92764730	92770583	8808a6
1	138150304	138167181	1	143916672	143930018	0d0887
6	81966757	81981004	6	23133626	23143698	8808a6
3	186310325	186314428	3	197364464	197371290	46039f
1	187098340	187106336	1	196296668	196314070	0d0887
1	71289688	71314887	1	76286739	76313501	0d0887
7	92368255	92382374	7	11364886	11385425	9c179e
2	33936823	33938013	2	255503985	255505206	2e0595
13	7655240	7659992	11	11678929	11683438	ed7953
7	79453578	79456679	7	16445269	16447778	9c179e
5	2052233	2058663	5	1747132	1750868	7201a8
4	84590487	84594798	4	92945603	92948766	5c01a6
7	48353218	48357186	7	44018581	44023128	9c179e
7	51640696	51648916	7	42512396	42516948	9c179e
17	8263894	8269610	17	3213047	3218639	fdca26
3	119707701	119718686	3	127341743	127352171	46039f
1	317085010	317092436	1	327903667	327910311	0d0887
15	7042018	7045744	13	1197128	1203309	fb9f3a
2	16036317	16042855	2	275304746	275312542	2e0595
17	10514639	10516489	17	383068	384830	fdca26
10	2902080	2908265	10	23677176	23683920	cc4778
1	336987839	337011828	1	350400621	350418898	0d0887
1	61165030	61165546	1	66166476	66166995	0d0887
17	202833	209340	17	13428732	13450272	fdca26
3	160864958	160871886	3	170233884	170239331	46039f
3	14145687	14152665	3	15806807	15813806	46039f
7	39597002	39611348	7	50858768	50872460	9c179e
3	25403569	25410900	3	28878249	28886787	46039f
3	141590542	141598240	3	150264832	150272123	46039f
2	185197476	185213320	2	100010258	100020793	2e0595
1	322451562	322455298	1	334191171	334196375	0d0887
1	242095080	242107856	1	252126505	252138285	0d0887
7	58527235	58528975	7	36222297	36234415	9c179e
10	5891086	5911039	10	19429785	19452983	cc4778
3	110679055	110681532	3	117935815	117938573	46039f
14	507974	509271	14	20916967	20933388	f58b47
7	18665682	18681274	7	71552147	71577012	9c179e
1	333057085	333057601	1	346364745	346365261	0d0887
2	209719475	209721161	2	75395497	75396653	2e0595
1	30639189	30647763	1	35319861	35329574	0d0887
16	11254551	11255625	15	15050412	15051735	fdb42f
5	64972091	64977976	5	73776885	73786125	7201a8
19	3235425	3241623	18	4131289	4141154	f0f921
16	11440711	11442788	15	15319632	15322274	fdb42f
12	4180441	4184585	12	20513144	20517805	e3685f
1	13015273	13018879	1	16066246	16072686	0d0887
2	155039138	155041755	2	130959145	130961631	2e0595
7	2355498	2365420	7	88744786	88756189	9c179e
13	16505055	16507805	11	2250449	2253685	ed7953
7	85566800	85579852	7	3177900	3181365	9c179e
3	41926571	41943810	3	45965912	45980356	46039f
3	178192776	178196994	3	188316062	188320348	46039f
2	48694049	48703094	2	240644094	240654369	2e0595
1	138299566	138310972	1	144035570	144046689	0d0887
7	31073007	31082972	7	58645679	58656103	9c179e
11	3482847	3487746	9	14658785	14669074	d8576b
1	315627317	315643957	1	326376891	326388863	0d0887
4	82003746	82009136	4	90877903	90882234	5c01a6
14	4696230	4696707	14	15601857	15602337	f58b47
2	178194373	178228232	2	107028531	107061757	2e0595
12	8266548	8270141	12	15040560	15046033	e3685f
1	272062027	272062531	1	282718732	282719236	0d0887
3	103669014	103674758	3	110850609	110857942	46039f
16	12474271	12474894	15	16555331	16555969	fdb42f
2	9791569	9796019	2	909062	913303	2e0595
1	10884822	10887772	1	13610908	13613776	0d0887
10	6374000	6381634	10	18882518	18888821	cc4778
10	6319377	6327094	10	18942818	18948684	cc4778
7	80083328	80091049	7	15769920	15773750	9c179e
6	95373060	95377294	6	3772096	3778502	8808a6
5	36557387	36557882	5	37095398	37095893	7201a8
1	69695670	69696171	1	74834318	74834819	0d0887
5	86466440	86470749	5	90099824	90103069	7201a8
14	666536	669576	14	20765877	20769217	f58b47
7	31110519	31111782	7	58620968	58623071	9c179e
10	14489620	14498977	10	11858040	11861182	cc4778
1	50306395	50320330	1	55272636	55284553	0d0887
1	299748754	299750375	1	310643169	310644770	0d0887
7	12209731	12214316	7	78727299	78733032	9c179e
1	301782685	301784771	1	312667287	312668804	0d0887
7	22214712	22217902	7	67487392	67490111	9c179e
3	167424399	167429692	3	176996213	177001623	46039f
19	1156780	1157848	18	1513825	1516047	f0f921
2	230925956	230939172	2	53954295	53962374	2e0595
1	200780994	200781492	1	210493409	210493934	0d0887
1	165769195	165772532	1	171741909	171745191	0d0887
3	168953431	168960511	3	178603684	178610520	46039f
7	92731491	92733674	7	11974759	11978811	9c179e
1	89207154	89219583	1	94232486	94251439	0d0887
3	155105752	155111151	3	164466275	164472118	46039f
3	46554650	46563831	3	50751087	50752817	46039f
10	817518	821440	10	27517254	27523836	cc4778
4	22268525	22275115	4	22825116	22831998	5c01a6
1	319224489	319227410	1	330382397	330387566	0d0887
2	146031074	146034113	2	139829669	139832570	2e0595
15	7394520	7396190	13	1654015	1655950	fb9f3a
11	21569852	21574071	9	8189106	8193450	d8576b
7	36977299	36978925	7	53293533	53295199	9c179e
4	74561731	74593944	4	87079346	87095792	5c01a6
13	17480936	17483427	11	1287317	1289709	ed7953
6	58037356	58046370	6	47140467	47151484	8808a6
3	143079293	143083335	3	151857660	151861387	46039f
6	32994229	32994733	6	71052657	71053161	8808a6
6	38475849	38477030	6	65804643	65806270	8808a6
4	64331948	64342983	4	80240685	80275905	5c01a6
1	195744255	195747193	1	205419876	205422439	0d0887
2	202225587	202229657	2	82991389	82995605	2e0595
3	64275503	64280378	3	69286321	69291156	46039f
7	14427614	14430493	7	76201879	76203201	9c179e
15	15593186	15594374	13	10174274	10183623	fb9f3a
13	17557106	17559442	11	1213516	1215281	ed7953
12	169662	170504	12	25464442	25465284	e3685f
17	8192052	8194335	17	3126686	3129308	fdca26
1	187167284	187172418	1	196372775	196379536	0d0887
6	93663914	93677454	6	689091	703751	8808a6
7	32950974	32967871	7	56931498	56942426	9c179e
5	5502835	5506854	5	4649879	4656581	7201a8
10	11104666	11107634	10	13569313	13572488	cc4778
2	96579574	96586021	2	193292976	193296461	2e0595
2	154958033	154962078	2	131039327	131045452	2e0595
1	261799247	261806490	1	272097373	272101282	0d0887
2	197229986	197236230	2	87750764	87761172	2e0595
1	97882598	97889880	1	103036500	103043336	0d0887
14	8303822	8315966	14	10870362	10883168	f58b47
1	287652432	287655955	1	298422522	298426754	0d0887
12	8455230	8457771	12	14763906	14768608	e3685f
4	53703613	53706064	4	60381617	60386565	5c01a6
1	287506118	287581938	1	298265712	298333651	0d0887
16	12571768	12573395	15	16662962	16664930	fdb42f
7	47592816	47597950	7	44494295	44498115	9c179e
1	50179619	50182630	1	55137613	55140723	0d0887
2	97461149	97468662	2	192443089	192449445	2e0595
16	11059030	11062174	15	14957794	14962335	fdb42f
4	68152377	68253676	4	83554974	83583044	5c01a6
8	7783033	7803716	8	7808671	7811190	ad2793
14	4050310	4062511	14	16433393	16449255	f58b47
14	16017040	16027198	14	1487251	1493734	f58b47
12	8131734	8137250	12	15220385	15226581	e3685f
5	23394563	23401529	5	24154911	24161315	7201a8
3	66627561	66650336	3	71542104	71561936	46039f
3	32604713	32612146	3	36353725	36363436	46039f
2	191058677	191063842	2	94068747	94073605	2e0595
2	186416452	186424135	2	98794427	98802212	2e0595
16	12647938	12648751	15	16743886	16744712	fdb42f
5	3018411	3024949	5	2532845	2535297	7201a8
3	50494106	50496866	3	54715948	54717985	46039f
1	260740393	260753304	1	271120128	271137123	0d0887
2	220412610	220414564	2	64822317	64826162	2e0595
13	4996071	4998427	11	15558789	15561892	ed7953
14	1403840	1419992	14	19920813	19940250	f58b47
13	7478642	7487287	11	11899652	11909531	ed7953
8	29957069	29962309	8	31226675	31233719	ad2793
4	87038756	87040852	4	95121805	95123902	5c01a6
14	2321286	2323726	14	18759289	18762703	f58b47
13	1920599	1925202	11	21203976	21215732	ed7953
14	5269420	5272956	14	14832376	14839799	f58b47
2	130846420	130854731	2	155605164	155612212	2e0595
12	3269425	3270958	12	21644664	21646941	e3685f
1	224660827	224663976	1	234537818	234540456	0d0887
13	16540489	16542615	11	2211797	2214733	ed7953
1	210825645	210836058	1	220316354	220325630	0d0887
2	24114877	24120448	2	265823184	265828798	2e0595
6	88258559	88265626	6	19140107	19145418	8808a6
16	7553981	7554806	15	9091403	9092725	fdb42f
2	155055081	155067278	2	130938360	130947486	2e0595
7	12967529	12971481	7	77847116	77850694	9c179e
1	246146416	246153076	1	256287418	256293908	0d0887
1	336749677	336753679	1	350142339	350146862	0d0887
7	26137628	26148066	7	63424514	63433698	9c179e
14	156874	158286	14	21294471	21302354	f58b47
7	31031674	31041268	7	58679734	58687596	9c179e
16	2552102	2553686	15	2121600	2122798	fdb42f
7	84046690	84054452	7	1650136	1657004	9c179e
2	222397432	222399353	2	62709689	62711858	2e0595
1	300849133	300858735	1	311696102	311709013	0d0887
19	5670720	5672207	18	7969990	7971038	f0f921
11	20674090	20676727	9	7152783	7155084	d8576b
7	71824126	71827494	7	24820211	24823583	9c179e
1	50883329	50887935	1	55769208	55771778	0d0887
6	44577242	44578996	6	60048188	60050803	8808a6
4	50851606	50858172	4	54338011	54344584	5c01a6
3	156404462	156408308	3	165883666	165887123	46039f
15	3563191	3568025	13	19739253	19749513	fb9f3a
14	13661587	13671643	14	4036358	4048836	f58b47
2	189803121	189820477	2	95362056	95377466	2e0595
5	66488780	66497100	5	76550767	76560991	7201a8
6	85851838	85852267	6	22427539	22427968	8808a6
2	207409440	207417512	2	77662885	77666907	2e0595
2	100835201	100837573	2	189268433	189271718	2e0595
3	137864584	137872004	3	146337964	146347096	46039f
1	97779034	97783809	1	102942348	102946374	0d0887
13	1231663	1232113	11	23014144	23014594	ed7953
6	27388070	27391391	6	76632735	76636158	8808a6
7	62120784	62130137	7	32733663	32782875	9c179e
2	47423769	47425809	2	241902353	241904235	2e0595
3	59015670	59020796	3	63728958	63734246	46039f
3	193622216	193631215	3	205722840	205728350	46039f
2	24607066	24607504	2	265280951	265281389	2e0595
1	280775957	280782344	1	291560255	291566128	0d0887
19	3122065	3124346	18	4303423	4308318	f0f921
1	317041423	317043989	1	327844171	327847818	0d0887
5	22722967	22725738	5	23403791	23406761	7201a8
1	129245080	129271085	1	134840795	134868420	0d0887
13	14970970	14974587	11	3930816	3934534	ed7953
14	12632318	12640609	14	5312772	5324071	f58b47
2	9374537	9375754	2	458712	460485	2e0595
1	323497750	323506795	1	335357723	335363807	0d0887
8	22960639	22965490	8	24254967	24260638	ad2793
2	97104712	97108777	2	192808130	192813559	2e0595
1	165495973	165502391	1	171449086	171456796	0d0887
3	155077355	155081592	3	164430825	164436151	46039f
4	98508898	98516015	4	106807286	106813182	5c01a6
17	11013697	11014108	17	984354	984765	fdca26
1	208737150	208749780	1	218334416	218343228	0d0887
8	53385711	53392192	8	53633417	53644910	ad2793
3	110490889	110495191	3	117743026	117747959	46039f
1	317414750	317416436	1	328320642	328321805	0d0887
2	69111528	69117425	2	220004578	220011405	2e0595
4	84866770	84868689	4	93152170	93154329	5c01a6
14	481563	482197	14	20960551	20961237	f58b47
2	101937373	101943570	2	188128930	188136447	2e0595
7	36938411	36942899	7	53318310	53323538	9c179e
1	89175274	89206887	1	94202296	94232208	0d0887
17	6657043	6663635	17	5949504	5958025	fdca26
10	1647823	1649569	10	25848043	25850901	cc4778
1	339538498	339542480	4	150454851	150459516	0d0887
5	7972810	7974582	5	7125437	7128230	7201a8
7	36535127	36539709	7	53656038	53660736	9c179e
5	100064100	100067486	5	102479408	102483131	7201a8
6	45467807	45471356	6	59152400	59156358	8808a6
13	17586505	17588454	11	1172587	1174319	ed7953
2	177537602	177541309	2	107752086	107755704	2e0595
3	65739564	65743649	3	70856373	70859447	46039f
1	242764701	242769078	1	252932220	252937219	0d0887
4	38714990	38724301	4	39928904	39938420	5c01a6
15	8679307	8682071	13	3161290	3163859	fb9f3a
3	94999229	95031724	3	104213350	104234987	46039f
14	3581603	3582990	14	17044878	17046242	f58b47
14	5194885	5196656	14	14941218	14943922	f58b47
1	298683200	298691812	1	309553591	309556714	0d0887
15	7027018	7036768	13	1177846	1188228	fb9f3a
1	335732773	335739881	1	349097448	349101432	0d0887
1	82074448	82087388	1	87082097	87095578	0d0887
3	55463244	55467680	3	60048682	60052087	46039f
17	11106516	11107623	17	1086982	1088974	fdca26
2	61378402	61381460	2	227994893	227998778	2e0595
7	16095294	16155461	7	74301270	74306006	9c179e
1	152141770	152148989	1	157866361	157874347	0d0887
7	33125856	33128379	7	56775502	56777246	9c179e
13	15828967	15835780	11	2943665	2951092	ed7953
3	58978685	58986699	3	63695990	63703399	46039f
2	24354390	24379722	2	265521072	265551331	2e0595
6	43217633	43220988	6	61299508	61304340	8808a6
1	72620233	72623024	1	77624329	77627580	0d0887
1	104566145	104568656	1	109793918	109796998	0d0887
5	50297369	50337869	5	50567094	50599737	7201a8
1	255738651	255740872	1	265955729	265959605	0d0887
2	177885194	177893091	2	107388126	107393342	2e0595
12	13722843	13728549	12	7815735	7824151	e3685f
7	26519875	26534917	7	63049248	63063441	9c179e
4	81370530	81374435	4	90543282	90547199	5c01a6
1	82198386	82204454	1	87204217	87209622	0d0887
13	1910005	1916937	11	21222849	21237941	ed7953
10	6504131	6504545	10	18747978	18748392	cc4778
5	69915893	69924416	5	80842305	80850555	7201a8
2	94358585	94364804	2	195621142	195626731	2e0595
1	55403936	55405794	1	60313900	60318213	0d0887
19	7465773	7468057	18	10202649	10205522	f0f921
17	10426748	10427165	17	267287	267704	fdca26
1	306769724	306770141	1	317365232	317365640	0d0887
4	38899792	38900919	4	40080832	40082178	5c01a6
2	153910371	153916607	2	132127597	132134754	2e0595
1	106289336	106298830	1	111536375	111545128	0d0887
13	12473168	12475098	11	6374545	6378308	ed7953
5	20787448	20787764	5	21286343	21286646	7201a8
14	7530516	7533087	14	11881154	11885233	f58b47
1	96403439	96405553	1	101468389	101470663	0d0887
5	32396830	32398888	5	33196243	33198190	7201a8
5	24228612	24233073	5	24981976	24994485	7201a8
6	26959597	26963541	6	77051890	77054850	8808a6
1	319270179	319272241	1	330433351	330435666	0d0887
5	120881821	120886469	5	125547547	125551093	7201a8
4	60589986	60595013	4	75671755	75672744	5c01a6
1	323739356	323742265	1	335623060	335625040	0d0887
1	104425676	104426087	1	109640856	109641267	0d0887
16	7817504	7822545	15	9437641	9444574	fdb42f
5	52204550	52204916	5	52441320	52441686	7201a8
4	82155016	82157934	4	91113987	91116177	5c01a6
2	220349036	220356184	2	64871596	64880836	2e0595
8	30367199	30368287	8	31604276	31605388	ad2793
4	49827794	49831811	4	52688534	52692361	5c01a6
3	106256617	106266078	3	113828753	113835210	46039f
2	212001426	212014250	2	73153336	73163903	2e0595
5	53239696	53245446	5	53552855	53556798	7201a8
1	156238669	156242371	1	162180492	162183876	0d0887
3	85464619	85469375	3	91628493	91634652	46039f
7	88500198	88500600	7	6065863	6066265	9c179e
4	64131285	64135768	4	80085163	80090880	5c01a6
3	82806809	82808732	3	88845664	88847912	46039f
7	10718007	10729988	7	80460337	80476181	9c179e
19	4787838	4796612	18	6283527	6292364	f0f921
5	57825831	57828510	5	58741938	58744967	7201a8
3	195396208	195409212	3	207683541	207691304	46039f
2	134606778	134607177	2	149081940	149082339	2e0595
1	210673727	210679501	1	220152136	220158552	0d0887
3	166737091	166739283	3	176339587	176380086	46039f
8	38763798	38766675	8	39466517	39469617	ad2793
8	48506126	48512304	8	48661867	48667465	ad2793
1	39032024	39032782	1	43784485	43785256	0d0887
3	172504775	172511632	3	182182784	182190935	46039f
1	249709398	249712782	1	259884028	259887946	0d0887
17	8369986	8371852	17	3353378	3356136	fdca26
1	248287385	248298405	1	258500065	258510900	0d0887
6	97327912	97331841	6	13760263	13764867	8808a6
6	93482686	93494269	6	9774231	9787591	8808a6
1	88409109	88410491	1	93433881	93435238	0d0887
12	8389944	8391395	12	14862870	14865182	e3685f
7	22248880	22296196	7	67391669	67443763	9c179e
1	12288298	12293595	1	15265709	15271287	0d0887
1	266726425	266736592	1	277270031	277273361	0d0887
1	29073505	29077594	1	33702161	33705714	0d0887
4	54685075	54690642	4	62757695	62763031	5c01a6
13	279318	281178	11	25611405	25627114	ed7953
2	86841162	86841525	2	203455174	203455552	2e0595
7	36991717	37000474	7	53268542	53278337	9c179e
3	157148970	157151024	3	166624239	166626180	46039f
17	10543639	10545107	17	415802	417852	fdca26
3	185062139	185064563	3	195819593	195821846	46039f
3	186225710	186227818	3	197255489	197258517	46039f
11	15054643	15063606	9	31916939	31929579	d8576b
2	209537925	209540563	2	75587254	75589641	2e0595
3	100523685	100526085	3	108014393	108016148	46039f
2	164068720	164069173	2	121607856	121608309	2e0595
8	11611309	11614893	8	11721544	11725088	ad2793
2	168036498	168039915	2	117437829	117444140	2e0595
7	93104067	93108901	7	12633532	12642099	9c179e
1	322547857	322548298	1	334296050	334296490	0d0887
2	156365900	156372211	2	129600776	129608226	2e0595
6	8083988	8092906	6	97866237	97874188	8808a6
12	1611754	1614106	12	23806400	23811026	e3685f
3	113893647	113911728	3	121238885	121257793	46039f
7	28324795	28329215	7	61276148	61279742	9c179e
7	10628098	10637655	7	80559697	80569515	9c179e
16	1383223	1384512	15	961583	962855	fdb42f
3	3401289	3455513	3	3224670	3249136	46039f
1	126413735	126425730	1	131984579	132000120	0d0887
2	103359027	103362062	2	186713421	186718054	2e0595
10	6530053	6537478	10	18695548	18698500	cc4778
6	24674724	24680114	6	79564728	79569707	8808a6
7	28859822	28864392	7	60768690	60773259	9c179e
2	160145737	160148994	2	125714075	125716899	2e0595
11	22751172	22751717	9	9213751	9214292	d8576b
1	53630615	53634490	1	58456044	58460088	0d0887
1	337472712	337478786	1	350869815	350877400	0d0887
1	48974186	48978557	1	53833820	53839427	0d0887
1	50141366	50151571	1	55105512	55117066	0d0887
5	52246562	52246937	5	52494285	52494660	7201a8
19	1180154	1183782	18	1569199	1573689	f0f921
1	44204	44946	1	823239	824010	0d0887
1	227824479	227828950	1	237698762	237701359	0d0887
16	13058278	13059054	15	17187330	17188100	fdb42f
4	49848604	49853876	4	52712549	52728260	5c01a6
1	194781477	194788425	1	204532448	204538172	0d0887
2	72755808	72756183	2	216209181	216209556	2e0595
3	3582266	3587826	3	3352833	3359446	46039f
1	318073214	318075355	1	329118394	329120839	0d0887
1	118663588	118665422	1	123926879	123928745	0d0887
14	984520	985927	14	20411660	20413204	f58b47
11	20703857	20706566	9	7204234	7207150	d8576b
1	272453761	272456263	1	283153790	283156258	0d0887
15	12929485	12932128	13	7559428	7561550	fb9f3a
12	10970210	10973482	12	11381007	11386599	e3685f
5	5606945	5615235	5	4722748	4729621	7201a8
14	1921134	1921806	14	19278451	19279769	f58b47
2	55123649	55130861	2	234195702	234202670	2e0595
6	63839952	63841137	6	41548269	41549467	8808a6
14	5358772	5360700	14	14728416	14734008	f58b47
4	125709916	125711856	4	138173434	138179965	5c01a6
3	89358509	89413474	3	95893178	95929284	46039f
1	285016211	285017666	1	295879472	295880695	0d0887
1	62395777	62397971	1	67412151	67415231	0d0887
14	16413201	16413782	14	1116366	1117311	f58b47
14	9179118	9185857	14	9745004	9751594	f58b47
1	227621079	227625402	1	237503811	237509183	0d0887
8	4151793	4158258	8	3959355	3962845	ad2793
1	71179144	71180970	1	76181361	76183106	0d0887
4	53327749	53330519	4	59473948	59476602	5c01a6
2	157675845	157677107	2	128339528	128341090	2e0595
7	33812889	33814996	7	56138115	56141968	9c179e
11	1213007	1216294	9	10981546	10986075	d8576b
1	233949873	233951686	1	243850781	243851508	0d0887
3	16028281	16032793	3	18295028	18302463	46039f
17	8392822	8393176	17	3389060	3389414	fdca26
17	11002935	11003433	3	2368747	2369930	fdca26
15	869193	871619	13	13693020	13697366	fb9f3a
1	319413064	319415505	1	330578822	330582206	0d0887
1	273414840	273418676	1	284180767	284185996	0d0887
2	89880601	89880952	2	200376326	200376677	2e0595
8	22954200	22956319	8	24246554	24248885	ad2793
1	55580961	55585355	1	60487381	60492281	0d0887
1	292903506	292906421	1	303739092	303741584	0d0887
1	16705168	16716826	1	20253997	20263770	0d0887
4	82562879	82567375	4	91433380	91437671	5c01a6
1	92008352	92012875	1	97135312	97136960	0d0887
1	295170731	295177119	1	305983701	305991376	0d0887
15	12454052	12454400	13	7115426	7115774	fb9f3a
5	54478616	54493392	5	54969902	54981088	7201a8
1	5384184	5397338	1	7884264	7892212	0d0887
4	29983897	29998908	4	30667402	30672431	5c01a6
1	50867681	50869361	1	55753542	55755207	0d0887
12	9493580	9496263	12	13357892	13360588	e3685f
3	32635268	32637846	3	36385960	36388703	46039f
6	12092910	12096665	6	93396394	93400856	8808a6
3	29770768	29776004	3	33505052	33511658	46039f
3	166609059	166612732	3	176204182	176209190	46039f
1	107647842	107650903	1	112876105	112878491	0d0887
1	8158536	8166056	1	10587275	10594699	0d0887
4	88986060	88986393	4	97114606	97114939	5c01a6
3	29804535	29807669	3	33571281	33577753	46039f
5	30422948	30427726	5	31293265	31298709	7201a8
6	85232501	85248056	6	26942452	26959088	8808a6
3	155389564	155391528	3	164782487	164784406	46039f
14	4774282	4776919	14	15503015	15508380	f58b47
1	177123120	177124503	1	187648139	187649772	0d0887
2	35163893	35165417	2	254333000	254334380	2e0595
15	15792536	15795457	13	10380951	10383771	fb9f3a
3	141639083	141642962	3	150315880	150321589	46039f
6	80676355	80766535	6	27949399	27964703	8808a6
7	20380575	20391431	7	69482968	69491969	9c179e
3	24506215	24508985	3	27859695	27862609	46039f
3	63571776	63577628	3	68492164	68499420	46039f
1	166473103	166476487	1	172453234	172459430	0d0887
1	20880183	20883202	1	24825671	24828713	0d0887
1	100866365	100868635	1	105891775	105894769	0d0887
5	26276636	26276954	5	27115122	27115443	7201a8
1	18589540	18594027	1	22360289	22363185	0d0887
1	246467437	246472655	1	256561010	256565596	0d0887
7	33321806	33326967	7	56589106	56593857	9c179e
19	5308331	5311325	18	5626485	5631586	f0f921
5	90516738	90521946	5	93397047	93402330	7201a8
2	84730442	84741187	2	205206270	205217698	2e0595
11	3127183	3127495	9	14046534	14046840	d8576b
1	285066748	285078367	1	295930380	295943713	0d0887
2	85868957	85877213	2	204256610	204268312	2e0595
2	961532	967080	2	280881200	280886411	2e0595
3	16419270	16451687	3	18630779	18678078	46039f
5	21004572	21004878	5	21511241	21511547	7201a8
3	178140422	178142038	3	188247092	188249100	46039f
10	6963319	6968536	10	18210970	18215427	cc4778
4	31829479	31830987	4	32434439	32435963	5c01a6
1	17590709	17595295	1	21238732	21241551	0d0887
13	3757695	3762840	11	17420659	17424683	ed7953
1	214686345	214692140	1	224359680	224367964	0d0887
3	163070613	163070952	3	172510774	172511110	46039f
12	3602946	3603927	12	21245947	21249317	e3685f
8	74980402	74994729	8	78170670	78187018	ad2793
4	2741324	2745950	4	2426949	2430260	5c01a6
1	221497393	221499812	1	231297404	231299945	0d0887
6	1185890	1189649	6	104491944	104495893	8808a6
2	120112681	120114286	2	166731485	166732937	2e0595
1	292797929	292805194	1	303618259	303623166	0d0887
1	165883410	165885884	1	171876676	171878066	0d0887
1	227695965	227697486	1	237577638	237579216	0d0887
7	83874689	83881540	7	1512223	1515061	9c179e
2	97293310	97293601	2	192615927	192616218	2e0595
3	29664628	29666082	3	33392663	33394087	46039f
1	279404367	279416879	1	290192244	290201973	0d0887
2	141081791	141083561	2	144941478	144944061	2e0595
1	50080112	50082055	1	55037484	55038959	0d0887
3	20399559	20405886	3	23418386	23425229	46039f
17	4329867	4339359	17	9015034	9025224	fdca26
1	40389522	40412727	1	45046691	45068081	0d0887
10	4694062	4694341	10	20941236	20941515	cc4778
16	10992921	10994434	15	14440374	14442974	fdb42f
11	6381860	6384765	9	18509736	18512793	d8576b
3	145595470	145598255	3	154444871	154449620	46039f
3	6472656	6473520	3	6334685	6335555	46039f
2	103234791	103238602	2	186823608	186825603	2e0595
13	629866	632952	11	24551982	24554986	ed7953
18	9056294	9056570	16	741239	741515	f8e125
1	328890537	328896414	1	341797116	341803594	0d0887
1	26778437	26782074	1	31318426	31321945	0d0887
3	153948284	153951976	3	163231735	163233857	46039f
1	63365548	63372153	1	68382439	68388712	0d0887
1	228934996	228937770	1	238857977	238860940	0d0887
3	178042139	178042400	3	188123648	188123909	46039f
7	8613359	8613815	7	82754994	82755440	9c179e
5	65920569	65940545	5	75334043	75344765	7201a8
3	81805727	81841619	3	87923444	87958295	46039f
3	26306156	26334502	3	29856972	29894667	46039f
2	212917607	212920737	2	72240719	72243300	2e0595
1	1875011	1875263	1	208081	208333	0d0887
3	177914771	177920765	3	187979491	187983756	46039f
14	472981	473233	14	20971411	20971663	f58b47
3	37952335	37957392	3	41833290	41841282	46039f
1	252511787	252513542	1	262712705	262715113	0d0887
15	9361085	9361328	13	3921406	3921649	fb9f3a
6	22232607	22232835	6	82122801	82123029	8808a6
8	28559284	28562626	8	29881427	29884712	ad2793
3	83471032	83474465	3	89492488	89494292	46039f
6	30713790	30715322	6	73317952	73319176	8808a6
3	169678392	169679077	3	179316131	179316953	46039f
1	329104370	329115809	1	342001818	342007094	0d0887
12	18761288	18763391	12	1647497	1650180	e3685f
3	30574796	30576603	3	34281543	34283168	46039f
13	15709697	15711455	11	3080282	3082164	ed7953
2	182396062	182397673	2	102765983	102767597	2e0595
3	23274407	23276212	3	26606768	26608128	46039f
2	27107810	27108035	2	262582586	262582811	2e0595
6	38992139	38994329	6	65270477	65271841	8808a6
3	15563865	15564998	3	17554397	17556905	46039f
2	192136763	192139586	2	93021944	93023215	2e0595
1	51390208	51395001	1	56245499	56250713	0d0887
2	182008946	182009132	2	103154682	103154868	2e0595
1	287014445	287020253	1	297770132	297774902	0d0887
3	146240468	146241259	3	155206708	155207140	46039f
3	23649436	23651663	3	26961148	26962393	46039f
1	41273832	41275831	1	45968566	45970896	0d0887
1	243073411	243073567	1	253255574	253255730	0d0887
