Species_1	Start_1	End_1	Species_2	Start_2	End_2	fill
1	65746531	65838890	1	283163239	283189835	0d0887
1	148936096	149069608	1	197470078	197617486	0d0887
8	42966448	43092062	8	37203829	37343263	ad2793
5	21571446	21593801	5	22233017	22258267	7201a8
1	198202236	198243518	1	145865535	145910125	0d0887
2	191945511	192002093	2	198292943	198356122	2e0595
14	14408711	14503783	14	4120095	4265209	f58b47
4	22456142	22582721	4	23261290	23389270	5c01a6
1	270038753	270125470	1	72806232	72889103	0d0887
1	126070166	126166134	1	221204697	221279539	0d0887
14	5859568	5915779	14	11667946	11722672	f58b47
1	310054045	310226185	1	31418595	31568906	0d0887
7	41879020	42009147	7	42429264	42563841	9c179e
5	24709095	24743371	5	25450350	25482822	7201a8
1	239740195	239799764	1	103568988	103645219	0d0887
4	56879587	56937975	4	60230166	60302756	5c01a6
3	64068408	64111453	3	142199850	142239338	46039f
3	65933528	65979642	3	140275470	140314186	46039f
2	47369246	47409108	2	47966423	48014991	2e0595
3	197899120	197959211	3	4942743	5007231	46039f
2	198317496	198392263	2	204804988	204841094	2e0595
5	77784247	77837529	5	77623948	77667957	7201a8
12	11705357	11955692	10	9911980	10175522	e3685f
1	40467695	40605557	1	309434917	309572005	0d0887
16	10002106	10041753	17	10513721	10556226	fdb42f
3	153841800	153945808	3	50332827	50448464	46039f
13	13692774	13730122	11	14256215	14293581	ed7953
8	55648999	55715066	8	25078274	25147952	ad2793
17	7820850	7849822	18	3333695	3360888	fdca26
1	227650323	227674007	1	115458076	115486463	0d0887
1	55495909	55568752	1	293901496	293988336	0d0887
17	1875274	1969990	18	9577911	9675884	fdca26
1	337045295	337197606	1	3626551	3785700	0d0887
2	152269843	152317762	2	156896390	156941267	2e0595
1	173115847	173225833	1	172281000	172404109	0d0887
7	88785669	88883444	7	83318076	83419099	9c179e
1	226244444	226301853	1	116792562	116856667	0d0887
7	30649792	30742536	7	30803220	30904610	9c179e
16	13020831	13048086	17	13578709	13606766	fdb42f
1	254251440	254273160	1	89123970	89144562	0d0887
1	340441203	340457170	1	197785	213925	0d0887
7	15905138	16030611	7	15815697	15938296	9c179e
1	63230614	63248112	1	285994364	286024348	0d0887
1	139247389	139332755	1	207486116	207522785	0d0887
15	14731807	14746046	13	2510960	2525098	fb9f3a
5	52903400	52945682	5	53622333	53665323	7201a8
4	19829077	19898892	4	20431779	20507031	5c01a6
1	143309865	143409578	1	203322893	203427468	0d0887
2	90211784	90306194	2	89332559	89440071	2e0595
16	8925450	9028643	17	9439091	9549994	fdb42f
2	103475212	103503025	2	103441719	103466873	2e0595
4	57144996	57220345	4	60517947	60594745	5c01a6
6	85593186	85678509	6	14338853	14461034	8808a6
2	243389519	243490749	2	251443795	251553664	2e0595
16	11856908	11882451	17	12414705	12439492	fdb42f
1	333403470	333571816	1	7480490	7645451	0d0887
7	29771975	29948810	7	29842233	30048521	9c179e
14	1843998	1869919	14	15717663	15743406	f58b47
1	270326380	270370401	1	72523273	72567782	0d0887
5	38723730	38762385	5	39408907	39456749	7201a8
1	17345116	17409434	1	333394754	333461494	0d0887
1	276478812	276524718	1	66377087	66425514	0d0887
16	10138522	10204439	17	10655735	10727337	fdb42f
1	217716540	217754577	1	125892035	125928304	0d0887
1	273477741	273804175	1	69200184	69506230	0d0887
6	30925131	30997296	6	69573396	69654656	8808a6
2	67273630	67354026	2	67832527	67908277	2e0595
8	41225517	41275540	8	39094675	39153106	ad2793
15	4578186	4642046	13	12946317	13002088	fb9f3a
2	156393146	156424112	2	161311032	161341110	2e0595
1	71974059	72090517	1	276876671	276991747	0d0887
6	89352107	89457309	6	10362489	10487593	8808a6
3	87273107	87430496	3	118322794	118483731	46039f
5	119878978	119912385	5	119738057	119775546	7201a8
7	31477671	31525503	7	31730198	31759783	9c179e
1	41301800	41347926	1	308591415	308636575	0d0887
4	93612604	93700625	4	96209961	96300659	5c01a6
6	97386734	97463640	6	1860899	1938590	8808a6
1	130705502	130730074	1	216328590	216356818	0d0887
14	10099259	10150034	14	7304140	7352789	f58b47
1	39647603	39686272	1	310314696	310363289	0d0887
6	70123998	70172573	6	29613001	29661559	8808a6
2	158407906	158505750	2	163299551	163392597	2e0595
2	100057344	100092342	2	99666273	99703380	2e0595
15	6795598	6816406	13	10780642	10803104	fb9f3a
1	116661377	116673484	1	231144161	231157297	0d0887
2	217968864	218317612	2	225546848	225911248	2e0595
14	14554076	14601311	14	4311915	4360648	f58b47
1	65642528	65680170	1	283348275	283392877	0d0887
1	277621622	277638293	1	65254646	65271759	0d0887
10	16434487	16447306	15	11062481	11074214	cc4778
2	84884676	84975111	2	84518647	84583535	2e0595
15	1758966	1793963	13	15901261	15937405	fb9f3a
7	21239400	21296110	7	21118841	21177608	9c179e
2	155944757	155999368	2	160828080	160896387	2e0595
1	265601318	265694508	1	77504536	77621547	0d0887
7	89923509	89977359	7	84484895	84534707	9c179e
3	57057604	57110484	3	149281401	149339725	46039f
7	46611936	46651584	7	47346380	47393309	9c179e
5	85860881	85961163	5	85257387	85377184	7201a8
14	16075595	16123807	14	5968579	6021434	f58b47
19	5983239	6019948	12	12397399	12423733	f0f921
8	75119664	75143890	8	3788042	3814337	ad2793
17	10092750	10111182	18	948862	967069	fdca26
3	25696020	25727393	3	181032369	181062133	46039f
1	18148351	18207975	1	332471308	332527942	0d0887
1	286115006	286261800	1	56365699	56523220	0d0887
8	74273556	74304933	8	4663729	4700222	ad2793
1	116303632	116347770	1	231488140	231539309	0d0887
14	6397046	6421387	14	11140042	11164693	f58b47
13	474334	546105	11	516410	549398	ed7953
1	339620078	339678289	1	897268	960647	0d0887
2	199267891	199304830	2	205801695	205847660	2e0595
1	340401255	340412468	1	245425	260425	0d0887
14	8248162	8293241	14	9210129	9256309	f58b47
1	13668449	13726046	1	337292607	337358206	0d0887
3	152339458	152404353	3	51972325	52041058	46039f
5	8042920	8068159	5	8333410	8358886	7201a8
2	133124550	133156532	2	136535046	136568719	2e0595
12	4882637	4944016	10	17245049	17274990	e3685f
14	9854934	9888403	14	7547851	7584082	f58b47
7	16305383	16355037	7	16238912	16286227	9c179e
3	114830030	114916385	3	90022340	90125878	46039f
5	109376910	109521772	5	109031587	109185202	7201a8
1	255446735	255500403	1	87794625	87863431	0d0887
1	268763022	268834137	1	74152757	74226400	0d0887
2	206213535	206273600	2	213253268	213307224	2e0595
8	60638174	60798671	8	18327633	18485190	ad2793
5	36410076	36467420	5	37088124	37145738	7201a8
1	71525710	71607930	1	277395472	277470178	0d0887
1	62339399	62392219	1	286880771	286928807	0d0887
7	52747782	52867614	7	53271247	53382176	9c179e
1	272654955	272721331	1	70292978	70366839	0d0887
1	166157898	166199410	1	180294319	180344295	0d0887
6	31417461	31463732	6	69047514	69100899	8808a6
17	9549693	9575015	18	1626747	1652844	fdca26
3	152262743	152301892	3	52083170	52129907	46039f
1	64641729	64776176	1	284314703	284461672	0d0887
1	332636091	332794298	1	8271896	8436710	0d0887
19	241781	256145	12	18062224	18071343	f0f921
2	11596379	11609758	2	11444766	11458401	2e0595
3	49301918	49375407	3	157127193	157208359	46039f
3	142593126	142633794	3	61943236	61977656	46039f
3	66422137	66495018	3	139828417	139908864	46039f
5	70801597	70858812	5	71735495	71791337	7201a8
17	4936784	5003635	18	6106948	6141293	fdca26
1	238870745	238912380	1	104476941	104523508	0d0887
15	1857484	1871877	13	15821183	15833336	fb9f3a
5	50690613	50767089	5	51315041	51403902	7201a8
3	180826430	180940954	3	22500956	22612439	46039f
1	176836776	176918133	1	166683904	166767731	0d0887
3	123249956	123295873	3	81556393	81608246	46039f
5	67763398	67802533	5	68850988	68888790	7201a8
3	39113724	39157371	3	167296962	167341252	46039f
1	53694873	53742432	1	295832673	295886680	0d0887
5	51303523	51358748	5	51955804	52009250	7201a8
1	262199614	262249198	1	81023272	81071771	0d0887
5	91215382	91237293	5	90533781	90555508	7201a8
14	220670	238661	14	17372604	17390077	f58b47
16	1772462	1839689	17	1601302	1675287	fdb42f
2	95579626	95619839	2	95034133	95064791	2e0595
3	130717001	130760659	3	73903524	73949639	46039f
4	90938011	90962116	4	93207724	93233969	5c01a6
5	5528377	5604304	5	5568635	5646446	7201a8
6	69893270	69897716	6	29904106	29908537	8808a6
1	288140427	288174228	1	54389458	54425062	0d0887
8	66446636	66703663	8	12257517	12559595	ad2793
15	11631271	11661660	13	5711022	5742246	fb9f3a
8	25544782	25586932	8	55680138	55751421	ad2793
1	257459716	257510039	1	85669726	85722619	0d0887
6	43290076	43341584	6	57182932	57234976	8808a6
16	6745275	6768804	17	6946261	6972724	fdb42f
2	31532027	31598392	2	31937569	32004302	2e0595
7	65935264	66036415	7	62357101	62468565	9c179e
10	5047427	5106248	16	5029850	5061885	cc4778
11	22591404	22598268	9	23938205	23945667	d8576b
1	55155058	55168832	1	294351690	294365636	0d0887
8	76739548	76786316	8	2197965	2238318	ad2793
1	221445330	221488744	1	122239195	122280692	0d0887
1	277656680	277685325	1	65202283	65229761	0d0887
5	122421188	122467925	5	122238152	122270653	7201a8
3	169968203	170016443	3	33645373	33701827	46039f
2	203692098	203727305	2	210415256	210452777	2e0595
1	159387198	159481033	1	186828842	186921851	0d0887
2	243252377	243294448	2	251303535	251344724	2e0595
7	88174371	88409672	7	82686851	82941560	9c179e
2	194020657	194049214	2	200500834	200530206	2e0595
12	8498031	8517940	10	13475570	13493584	e3685f
11	17532655	17569365	9	18567362	18613321	d8576b
4	87252174	87311993	4	88834202	88908384	5c01a6
17	3356830	3388473	18	7669738	7703644	fdca26
5	26598873	26708861	5	27445620	27548460	7201a8
1	296534198	296569541	1	45582146	45617251	0d0887
7	37143476	37191008	7	37568061	37617639	9c179e
3	33815248	33870085	3	172718265	172779119	46039f
14	4705538	4723856	14	12868526	12886346	f58b47
4	5290407	5335474	4	5282242	5330944	5c01a6
1	260910412	260955704	1	82199181	82244960	0d0887
1	212036948	212125948	1	131704026	131779765	0d0887
3	63498087	63531695	3	142789215	142822415	46039f
1	222821071	222886448	1	120768082	120848269	0d0887
2	235291097	235552557	2	243256479	243390847	2e0595
13	18053883	18076417	11	18865579	18890695	ed7953
6	37761343	37834443	6	62611112	62678684	8808a6
15	14152287	14166274	13	3167569	3177754	fb9f3a
1	137800680	137829527	1	209045677	209078399	0d0887
1	64357789	64413404	1	284704855	284771235	0d0887
13	18324394	18342253	11	19141068	19156628	ed7953
2	9338111	9358535	2	9043906	9070049	2e0595
1	170590766	170751966	1	175401110	175545956	0d0887
1	114341305	114376522	1	233591462	233629335	0d0887
2	69157800	69205702	2	70017308	70069469	2e0595
1	59090684	59137284	1	290216075	290256404	0d0887
2	203790679	203816443	2	210574245	210613913	2e0595
1	323234194	323353163	1	18192306	18315235	0d0887
8	36952098	36993073	8	43653978	43690335	ad2793
10	6545356	6594373	16	6580786	6628356	cc4778
5	58731851	58784444	5	59504520	59563487	7201a8
7	14501130	14527304	7	14353136	14380492	9c179e
3	7944295	8038861	3	198913145	198996647	46039f
1	226703011	226743012	1	116341025	116385104	0d0887
1	92879617	92922599	1	255745406	255794410	0d0887
2	199901084	199946125	2	206484758	206538300	2e0595
1	62899545	62916979	1	286330596	286349895	0d0887
7	65511714	65600287	7	61920495	62013336	9c179e
2	97487021	97514881	2	97059002	97089432	2e0595
2	141510596	141569048	2	145599339	145660809	2e0595
1	296633681	296728182	1	45419515	45516700	0d0887
3	120154147	120199347	3	84702296	84748711	46039f
1	299037803	299126962	1	42883308	42971942	0d0887
16	5011379	5053912	17	5148596	5190006	fdb42f
1	179138712	179176680	1	164452949	164490749	0d0887
14	7308527	7343068	14	10197771	10228932	f58b47
4	51608750	51641624	4	54571496	54606812	5c01a6
15	1899943	2021609	13	15675182	15793254	fb9f3a
2	190077598	190154079	2	196367294	196440120	2e0595
2	155294036	155338081	2	160116960	160162892	2e0595
1	211828633	211922561	1	131892563	131991360	0d0887
1	256613682	256721885	1	86532447	86650696	0d0887
15	7337377	7389348	13	10163069	10218550	fb9f3a
1	249005722	249048972	1	94315026	94362559	0d0887
2	148811305	149196028	2	153419322	153841159	2e0595
1	225929935	225969758	1	117140311	117177823	0d0887
2	67452584	67521925	2	68063747	68084962	2e0595
8	74792764	74835711	8	4097069	4139975	ad2793
1	164234628	164261118	1	182378864	182403901	0d0887
11	15300587	15321220	9	16267682	16287991	d8576b
14	7214832	7264790	14	10272683	10326167	f58b47
3	71242012	71354018	3	134820091	134921518	46039f
8	67712144	67766246	8	11093603	11157531	ad2793
1	146563261	146611757	1	199953903	200002838	0d0887
19	5532872	5559813	12	12842189	12867019	f0f921
1	65842572	65871978	1	283128961	283159480	0d0887
5	100158559	100311027	5	99909783	100075990	7201a8
3	44699290	44918746	3	161629101	161838943	46039f
1	116607547	116631639	1	231192473	231216600	0d0887
5	23250637	23350957	5	24037127	24132633	7201a8
1	302623759	302655942	1	39057737	39095263	0d0887
1	17650518	17720537	1	333002532	333100553	0d0887
14	719665	740263	14	16871028	16892037	f58b47
4	23612693	23640751	4	24483403	24519773	5c01a6
1	26592420	26654162	1	323942243	324012898	0d0887
2	190353589	190376469	2	196662466	196684789	2e0595
3	147386754	147437623	3	57011921	57065724	46039f
7	31115328	31158679	7	31357868	31386259	9c179e
11	11963727	12054570	9	12844871	12929078	d8576b
2	182712477	182757954	2	188563441	188608595	2e0595
15	3377859	3431258	13	14211959	14261335	fb9f3a
3	58309119	58314897	3	148134518	148140318	46039f
1	269844171	269908809	1	73058399	73121551	0d0887
19	4629440	4672443	12	13666118	13709061	f0f921
6	36540287	36567047	6	63906509	63931280	8808a6
1	259388280	259411447	1	83748902	83782979	0d0887
2	199769794	199872773	2	206357805	206455286	2e0595
13	13059948	13078794	11	13590586	13611385	ed7953
15	6517800	6546048	13	10902695	10931421	fb9f3a
6	43150111	43198579	6	57318543	57365423	8808a6
4	84273448	84317475	4	85624515	85670500	5c01a6
4	20123778	20131399	4	20718409	20728904	5c01a6
6	45583401	45606589	6	54808804	54834358	8808a6
1	284215054	284224877	1	58456178	58465836	0d0887
15	16761366	16777795	13	411038	426686	fb9f3a
15	11707112	11727607	13	5637037	5666303	fb9f3a
6	22656842	22694996	6	78180795	78220132	8808a6
18	9160510	9165550	12	614464	619574	f8e125
3	161020942	161073502	3	42859515	42916686	46039f
3	45471755	45503488	3	161030867	161060326	46039f
19	6412945	6477042	12	11899828	11962277	f0f921
8	48589652	48660041	8	31151275	31240829	ad2793
6	52093880	52121137	6	48084207	48111895	8808a6
3	56826965	56898702	3	149483045	149560225	46039f
1	285975811	286023115	1	56589884	56632616	0d0887
8	23550171	23592750	8	57798534	57901311	ad2793
3	177449269	177543844	3	26059409	26155744	46039f
6	42554280	42646994	6	57882263	57975088	8808a6
4	90968442	90998753	4	93240182	93270020	5c01a6
1	270442240	270521068	1	72367362	72438549	0d0887
6	37963864	37993682	6	62467057	62494471	8808a6
13	3419802	3466320	11	3500850	3548674	ed7953
5	99248350	99300338	5	98954991	99012650	7201a8
1	114613967	114655901	1	233296215	233341859	0d0887
1	326092131	326181486	1	15197551	15290788	0d0887
3	91976442	92185402	3	113223838	113460284	46039f
5	86572881	86627955	5	86114606	86181032	7201a8
2	176341799	176368796	2	182007510	182034083	2e0595
1	250866748	250943357	1	92333523	92411883	0d0887
6	254736	281183	6	99827137	99859051	8808a6
3	136578647	136663095	3	68138514	68245532	46039f
5	57009854	57040207	5	57606972	57638890	7201a8
1	65894818	65952585	1	283040561	283103655	0d0887
3	165989207	166012035	3	37824635	37856380	46039f
3	62739178	62843728	3	143496443	143619710	46039f
4	78522802	78869637	4	80396586	80697809	5c01a6
8	38897809	38919812	8	41577247	41598785	ad2793
3	9518619	9636007	3	197280237	197400242	46039f
4	22196146	22239206	4	22912094	22955670	5c01a6
13	12106485	12265297	11	12628878	12801180	ed7953
8	24695495	24718111	8	56690629	56711152	ad2793
1	157045668	157107335	1	189169130	189228817	0d0887
4	131285596	131325384	4	135214094	135254414	5c01a6
18	1007273	1053613	12	9466762	9516213	f8e125
12	15740445	15919202	10	5717573	5905194	e3685f
7	21399659	21476818	7	21263147	21347272	9c179e
3	42347327	42398999	3	164106316	164157602	46039f
2	228443966	228530724	2	235970526	236052847	2e0595
3	52982617	52986250	3	153448726	153452359	46039f
13	390293	420483	11	381504	413102	ed7953
1	135477797	135520808	1	211460201	211503070	0d0887
5	86517313	86569499	5	86090236	86111233	7201a8
3	34738913	34747905	3	171802690	171811407	46039f
15	1336079	1354237	13	16358551	16377003	fb9f3a
6	42747753	42832878	6	57689819	57771017	8808a6
6	48970621	49005507	6	51153638	51189300	8808a6
1	337986849	338039904	1	2641326	2697464	0d0887
4	84333065	84462595	4	85686192	85833756	5c01a6
14	4661495	4685591	14	12905270	12927312	f58b47
1	331136396	331210844	1	10013118	10089237	0d0887
6	10988868	11055278	6	89781838	89849216	8808a6
3	70184883	70231912	3	135925589	135971551	46039f
8	44586934	44675788	8	35444655	35551729	ad2793
6	93129308	93183623	6	6364796	6413786	8808a6
7	75934480	75979747	7	69842260	69889311	9c179e
1	142742239	142855468	1	203782472	203884144	0d0887
1	277887252	277932505	1	64950349	64992819	0d0887
2	160533564	160681251	2	165592996	165744705	2e0595
1	183698300	183978040	1	160423276	160715836	0d0887
1	291813352	291889328	1	50558165	50628875	0d0887
1	154693946	154798106	1	191483210	191521474	0d0887
2	189233669	189514460	2	195424867	195683881	2e0595
8	23358941	23390731	8	58075613	58105860	ad2793
1	42905937	42946244	1	306918445	306966810	0d0887
2	98330260	98352873	2	97919495	97952290	2e0595
1	27644084	27661116	1	322840719	322859680	0d0887
1	200561649	200596682	1	143405912	143440958	0d0887
1	330850821	330895787	1	10336038	10378634	0d0887
1	266503929	266547698	1	76557129	76604111	0d0887
5	55628572	55661714	5	56244859	56279550	7201a8
7	62911398	62963516	7	58821803	58871465	9c179e
6	89930570	89980070	6	9804459	9852480	8808a6
5	40154817	40229061	5	40730956	40834911	7201a8
7	75905235	75908736	7	69814776	69818277	9c179e
14	6269487	6298685	14	11262390	11301943	f58b47
3	105745030	105797379	3	99576222	99631468	46039f
3	152980872	153007086	3	51327039	51360225	46039f
5	31395215	31420786	5	32194315	32218409	7201a8
2	157084301	157111087	2	161946439	161981850	2e0595
15	16934840	17038921	13	152477	217316	fb9f3a
8	6900984	7043115	8	75154271	75293549	ad2793
1	216257284	216305951	1	127429824	127451487	0d0887
1	294083175	294103082	1	48164102	48183671	0d0887
11	21320332	21342767	9	22543887	22567314	d8576b
11	15261459	15294596	9	16224572	16259892	d8576b
5	45901162	45904639	5	46601388	46604862	7201a8
2	182360134	182389908	2	188192493	188231507	2e0595
2	66899867	66927113	2	67427794	67461661	2e0595
4	131357993	131385499	4	135295699	135330075	5c01a6
1	100421757	100464644	1	248207631	248259794	0d0887
4	19487277	19532078	4	20077454	20119774	5c01a6
3	13820501	13854005	3	192938802	192981385	46039f
1	113180726	113251416	1	234899088	234981711	0d0887
3	136134953	136176735	3	68607044	68654470	46039f
1	13757420	13812830	1	337203169	337260488	0d0887
1	323748761	323798676	1	17713758	17767001	0d0887
3	155404606	155520328	3	48702744	48837409	46039f
4	61577987	61622891	4	65316220	65372932	5c01a6
1	109788909	109814707	1	238462193	238489022	0d0887
5	39233154	39241767	5	39988114	39996818	7201a8
7	168010	169810	7	159705	161464	9c179e
14	2568319	2597280	14	14997044	15025739	f58b47
7	51694396	51773957	7	52278239	52403061	9c179e
1	114668450	114696496	1	233254623	233286501	0d0887
6	56361559	56409865	6	43656465	43702340	8808a6
3	124278032	124301650	3	80488113	80514144	46039f
12	20339340	20432523	10	14244	170703	e3685f
6	16945176	17070086	6	83851144	83986140	8808a6
12	2127838	2147551	10	20105181	20125452	e3685f
3	105944458	105994158	3	99374269	99419697	46039f
4	12758044	12860455	4	13032668	13069388	5c01a6
6	98994434	99039920	6	203550	249548	8808a6
3	101673636	101814059	3	104040516	104195177	46039f
7	21934189	21984017	7	21853179	21905362	9c179e
1	257081025	257095445	1	86124449	86139927	0d0887
14	9817803	9859925	14	7593902	7620518	f58b47
6	62235133	62271068	6	37797410	37830316	8808a6
3	165722871	165823291	3	38031988	38132756	46039f
8	44416689	44449583	8	35700524	35735518	ad2793
14	5001756	5071889	14	12567307	12594260	f58b47
1	98860299	98894814	1	249904318	249944633	0d0887
7	23607724	23671416	7	23581225	23644903	9c179e
3	11628522	11738446	3	195146048	195260799	46039f
5	20901514	20947084	5	21548420	21591833	7201a8
2	200499394	200582071	2	207104170	207194681	2e0595
19	346734	353632	12	17967827	17981686	f0f921
8	25803465	25835695	8	55382997	55419543	ad2793
15	9309410	9354641	13	8079595	8120811	fb9f3a
1	11941280	11972529	1	339146067	339182930	0d0887
1	90344169	90441576	1	258278934	258365891	0d0887
1	25181596	25214292	1	325447474	325476391	0d0887
8	31454788	31462344	8	49292221	49301124	ad2793
2	79989101	80052621	2	80339579	80393854	2e0595
1	95107043	95180475	1	253557075	253639704	0d0887
2	155344224	155435561	2	160169124	160282430	2e0595
8	66913314	66941797	8	11992495	12023915	ad2793
2	52516907	52528520	2	53125559	53137514	2e0595
14	13558291	13599575	14	3317688	3362303	f58b47
1	300028831	300051069	1	41796778	41820741	0d0887
2	140628795	140681990	2	144641680	144699535	2e0595
5	87427724	87474421	5	86925216	86968981	7201a8
3	89622	98181	3	206905943	206918049	46039f
1	40663527	40702694	1	309322464	309367565	0d0887
2	20104226	20162689	2	20035887	20094977	2e0595
2	172950529	173058112	2	178454019	178543132	2e0595
10	16367918	16376729	15	11131823	11146724	cc4778
2	242936708	242966346	2	250983482	251011291	2e0595
10	6036331	6087106	16	6060551	6113150	cc4778
16	1458758	1512663	17	1235230	1293442	fdb42f
15	3512100	3519644	13	14124300	14131814	fb9f3a
3	183104886	183112716	3	20302393	20315605	46039f
12	5881391	5931910	10	16205830	16266166	e3685f
5	50931435	50966316	5	51569661	51607899	7201a8
11	20986969	21142747	9	22161099	22341538	d8576b
13	3390946	3415351	11	3468636	3495591	ed7953
1	164602503	164652134	1	181976546	182031164	0d0887
6	95976941	96021746	6	3385825	3439134	8808a6
3	59490873	59533755	3	146895975	146935158	46039f
5	30512808	30544920	5	31348290	31379773	7201a8
8	76924163	76973335	8	2065623	2086244	ad2793
8	38784572	38819842	8	41700508	41732276	ad2793
1	174334334	174508676	1	169705864	169948231	0d0887
12	3685720	3707009	10	21640356	21660454	e3685f
7	49393193	49559980	7	50145499	50360307	9c179e
7	20547078	20581194	7	20426912	20465578	9c179e
6	90419595	90554253	6	9124063	9273248	8808a6
1	115839301	115861107	1	231992407	232026267	0d0887
4	89764301	89805546	4	91962755	92006505	5c01a6
16	7562846	7588990	17	7883146	7911839	fdb42f
2	148262245	148349717	2	152837208	152922752	2e0595
5	24202809	24214412	5	24938838	24951091	7201a8
2	193955195	193997336	2	200446553	200480251	2e0595
1	130509289	130565585	1	216504603	216563795	0d0887
6	42088511	42109820	6	58415076	58440050	8808a6
14	8739736	8782728	14	8699469	8740823	f58b47
7	89495486	89513516	7	84049673	84064609	9c179e
1	21034332	21059657	1	329846278	329853404	0d0887
1	200826653	200868823	1	143193446	143234551	0d0887
1	130610177	130673335	1	216387185	216449588	0d0887
1	333579236	333628440	1	7411441	7473944	0d0887
8	28915151	28948715	8	52100643	52131981	ad2793
1	300734952	300763457	1	41011806	41039496	0d0887
6	27562791	27589588	6	73069751	73099165	8808a6
15	10891677	10907414	13	6514599	6530132	fb9f3a
1	89920934	89970006	1	258817588	258868681	0d0887
14	8534423	8555709	14	8936369	8955835	f58b47
4	22319448	22368926	4	23136400	23185710	5c01a6
1	123425656	123603183	1	223917147	224109970	0d0887
13	11353677	11472934	11	11836314	11949880	ed7953
4	73178136	73372373	4	75897639	76182138	5c01a6
2	190458598	190502516	2	196766032	196807992	2e0595
19	1735681	1814915	12	16539661	16615847	f0f921
1	294318319	294331890	1	47910694	47924363	0d0887
3	201472379	201503814	3	1609257	1633275	46039f
1	140049299	140126528	1	206656423	206739408	0d0887
6	89861023	89911025	6	9888248	9937210	8808a6
13	435757	451231	11	428630	444283	ed7953
2	232767532	232786603	2	240481979	240497430	2e0595
19	6134582	6155279	12	12264525	12283256	f0f921
16	3961097	3993406	17	3891358	3927896	fdb42f
3	14648598	14678471	3	192071951	192103511	46039f
15	678565	715507	13	17033713	17072877	fb9f3a
12	7948396	8059519	10	13935511	14046569	e3685f
1	299302832	299335169	1	42657071	42683975	0d0887
15	5191455	5400849	13	12136484	12350012	fb9f3a
3	56181601	56184787	3	150186911	150190097	46039f
2	11302081	11313147	2	11139888	11150698	2e0595
3	183724567	183730970	3	19635662	19642132	46039f
11	22717112	22731704	9	24062881	24079687	d8576b
4	10720246	10751018	4	10811402	10845762	5c01a6
3	184776439	184786795	3	18418893	18429289	46039f
16	4137511	4280573	17	4071895	4234074	fdb42f
1	292575819	292667255	1	49738500	49834686	0d0887
3	59602784	59626835	3	146798781	146823637	46039f
5	55718750	55721930	5	56338688	56341868	7201a8
3	59049955	59059932	3	147374420	147387588	46039f
13	2218249	2238089	11	2224236	2247433	ed7953
1	267928775	267953202	1	75025956	75052892	0d0887
2	229844903	230056863	2	237430983	237659651	2e0595
2	101041721	101072046	2	100686646	100737015	2e0595
13	8726782	8758868	11	9094802	9131437	ed7953
4	81860935	81884704	4	83218219	83302451	5c01a6
14	8178794	8200375	14	9313953	9331620	f58b47
2	220716134	220813398	2	228140135	228241881	2e0595
5	32351975	32382292	5	33177954	33212081	7201a8
2	155798704	155864653	2	160673291	160747693	2e0595
6	10677155	10854898	6	89996103	90196401	8808a6
1	335909821	335912974	1	5031644	5034797	0d0887
7	9117484	9211114	7	8739195	8836070	9c179e
8	29579720	29600157	8	51358373	51377648	ad2793
1	40986552	41040908	1	308926586	308987959	0d0887
8	9406373	9455867	8	72553014	72599776	ad2793
4	42642534	42727973	4	44637956	44718211	5c01a6
6	45536726	45556253	6	54867743	54889785	8808a6
1	22987767	23018835	1	327842099	327868721	0d0887
5	32435312	32450522	5	33275798	33290532	7201a8
1	223755001	223848508	1	119796894	119884810	0d0887
1	79303073	79306214	1	269662013	269665151	0d0887
5	120687296	120757748	5	120571318	120628076	7201a8
16	5628984	5701990	17	5787376	5861854	fdb42f
4	27691706	27825097	4	28794149	28940868	5c01a6
2	234696683	234772079	2	242422351	242512612	2e0595
19	4515649	4538096	12	13800421	13824318	f0f921
2	156133189	156173887	2	161032089	161079913	2e0595
1	166537207	166605735	1	179811340	179892484	0d0887
1	274602106	274619816	1	68268899	68292272	0d0887
1	300181577	300298183	1	41564156	41639637	0d0887
8	30578286	30690404	8	50145676	50273052	ad2793
7	84389438	84550855	7	78767902	78949236	9c179e
2	155621514	155667898	2	160490795	160540541	2e0595
7	22029157	22058718	7	21951604	21978640	9c179e
1	10971505	11035747	1	340213857	340240913	0d0887
8	39044291	39111508	8	41418388	41475099	ad2793
3	169179173	169208448	3	34536575	34571699	46039f
5	97053634	97078659	5	96603076	96627258	7201a8
3	159004280	159030514	3	44849585	44883037	46039f
17	9279253	9292979	18	1886656	1900301	fdca26
6	42975125	43002411	6	57511359	57539489	8808a6
2	207561962	207615795	2	214740852	214795369	2e0595
1	155509294	155557402	1	190774501	190823366	0d0887
3	137659573	137686690	3	67061650	67087155	46039f
13	1397056	1423940	11	1406635	1434677	ed7953
3	103681867	103718112	3	102097613	102147981	46039f
15	15609965	15621999	13	1585259	1597672	fb9f3a
5	112851631	112854727	5	112540490	112543586	7201a8
1	109087253	109116937	1	239195649	239235936	0d0887
1	215471967	215499371	1	128269106	128321642	0d0887
14	578422	613969	14	16996781	17035549	f58b47
7	30407939	30452883	7	30569449	30611969	9c179e
7	24099156	24171613	7	24093728	24170654	9c179e
1	176642749	176698074	1	166905697	166969834	0d0887
2	180025322	180077273	2	185768073	185815466	2e0595
6	30143208	30175388	6	70397779	70429070	8808a6
5	88489342	88543009	5	87773786	87825067	7201a8
3	67697820	67720705	3	138651390	138677434	46039f
1	81813416	81891784	1	267038604	267130683	0d0887
5	82296412	82347616	5	81690500	81740487	7201a8
12	506307	517182	10	18467062	18478184	e3685f
5	31892847	31913769	5	32722067	32739136	7201a8
14	1094935	1104790	14	16497768	16507646	f58b47
15	16583080	16595450	13	598366	613296	fb9f3a
7	30838053	30882711	7	31055278	31103024	9c179e
6	93452572	93477784	6	6032242	6053324	8808a6
6	96593056	96699135	6	2645271	2752798	8808a6
5	69858617	69910122	5	70943661	70997681	7201a8
14	5701141	5713229	14	11870244	11881439	f58b47
1	17779433	17801489	1	332915855	332936935	0d0887
3	28809924	28828171	3	177887454	177904340	46039f
8	26420749	26465803	8	54663334	54717494	ad2793
6	27604072	27625672	6	73040249	73061438	8808a6
4	80151832	80276918	4	81705541	81842951	5c01a6
1	317744804	317757442	1	23991419	24004297	0d0887
5	5777442	5796329	5	5821152	5839969	7201a8
6	58253800	58279502	6	41846375	41874877	8808a6
2	146008178	146030296	2	150231351	150314372	2e0595
4	2188271	2269676	4	2608962	2685849	5c01a6
1	61112973	61125248	1	288160490	288172617	0d0887
5	20287270	20319090	5	20847732	20897927	7201a8
1	106369866	106442519	1	241867735	241948440	0d0887
7	10889647	10978043	7	10572140	10661645	9c179e
3	169849808	169880295	3	33791132	33818318	46039f
5	57047557	57062227	5	57647898	57667160	7201a8
3	91243797	91339593	3	114168506	114277123	46039f
5	24958998	24972751	5	25719334	25733287	7201a8
13	1517327	1541711	11	1526054	1547757	ed7953
6	44397276	44400195	6	56057898	56060814	8808a6
6	406632	463754	6	99670793	99727416	8808a6
1	93761448	93774546	1	254871794	254885222	0d0887
3	136793771	136824710	3	67952360	67993961	46039f
3	25506899	25527260	3	181230131	181251826	46039f
2	154450557	154504014	2	159188171	159243455	2e0595
19	4543385	4566809	12	13772595	13795466	f0f921
12	14456243	14580018	10	7130560	7253590	e3685f
7	31189914	31212813	7	31425901	31447762	9c179e
16	2000033	2023678	17	1825753	1856256	fdb42f
15	8049500	8058039	13	9452269	9462089	fb9f3a
19	7171047	7190243	12	11181662	11202393	f0f921
4	36452675	36543388	4	38010880	38092260	5c01a6
15	15962590	15976106	13	1208664	1221024	fb9f3a
8	44244373	44260056	8	35962745	35990871	ad2793
7	51553508	51596133	7	52137860	52175875	9c179e
2	198487399	198505395	2	204942742	204960756	2e0595
7	52942930	53031024	7	53411524	53501397	9c179e
3	21783745	21789463	3	185112980	185118674	46039f
2	149974190	149996811	2	154499481	154525355	2e0595
1	313297447	313322657	1	28678173	28715699	0d0887
4	91962449	92020931	4	94323656	94383741	5c01a6
3	196740665	196774898	3	6274442	6321081	46039f
1	184325975	184377654	1	160084175	160117073	0d0887
1	116744674	116777585	1	231038347	231073780	0d0887
3	88254233	88314594	3	117424709	117497353	46039f
4	93231538	93301803	4	95740141	95810607	5c01a6
17	9279253	9292982	18	1886653	1900301	fdca26
2	140539324	140588275	2	144537070	144599293	2e0595
1	63550054	63561275	1	285655285	285669044	0d0887
4	33458375	33592197	4	34925821	35058092	5c01a6
10	5750384	5771304	16	5737870	5774948	cc4778
5	5616879	5659217	5	5660031	5700485	7201a8
13	8414261	8432425	11	8752553	8771953	ed7953
6	48695776	48769907	6	51400788	51467130	8808a6
3	181137435	181166449	3	22261533	22287766	46039f
8	20541074	20597090	8	61116937	61178477	ad2793
2	40846012	40873029	2	41318778	41346630	2e0595
2	20003899	20070920	2	19944664	20018614	2e0595
2	190382745	190426184	2	196691067	196741595	2e0595
5	9260008	9308628	5	9625458	9677036	7201a8
5	36574361	36581601	5	37253718	37260112	7201a8
11	20286440	20297885	9	21452205	21460831	d8576b
19	4340681	4356124	12	13987731	14003821	f0f921
1	118669676	118704362	1	228938228	228974542	0d0887
2	99349228	99385045	2	98897258	98936237	2e0595
10	175048	196014	16	114094	135510	cc4778
5	34168019	34232791	5	34933446	35009568	7201a8
1	293043878	293093933	1	49250615	49306674	0d0887
17	92434	198258	18	11274602	11404719	fdca26
1	39451300	39497196	1	310542060	310592989	0d0887
15	13702501	13723804	13	3592647	3616500	fb9f3a
1	103085952	103136446	1	245417438	245471461	0d0887
1	130481558	130508149	1	216564947	216593873	0d0887
5	39563972	39665180	5	40338686	40416970	7201a8
1	332483509	332525805	1	8550858	8595795	0d0887
1	174200408	174225182	1	170159698	170214894	0d0887
3	147494076	147533871	3	56910612	56957636	46039f
4	93215841	93301782	4	95724415	95810634	5c01a6
1	242063390	242075412	1	101305529	101320101	0d0887
1	246419710	246461214	1	96939105	96985736	0d0887
1	168776711	168795981	1	177477951	177495976	0d0887
1	96256258	96283671	1	252424519	252445343	0d0887
8	23785905	23829716	8	57619783	57663700	ad2793
1	200800861	200815396	1	143243308	143258610	0d0887
7	6202920	6243137	7	5761358	5806225	9c179e
4	85853986	85880373	4	87265123	87290684	5c01a6
4	50929907	50957802	4	53912629	53941162	5c01a6
13	15774006	15799794	11	16380500	16453608	ed7953
3	168352301	168472129	3	35301967	35461286	46039f
3	86919166	87003259	3	118813797	118913061	46039f
4	24547680	24592992	4	25448254	25502765	5c01a6
13	8814194	8824995	11	9192773	9203873	ed7953
5	30775772	30795526	5	31609763	31630454	7201a8
1	310260484	310295084	1	31362000	31388908	0d0887
4	23255896	23313588	4	24107743	24174201	5c01a6
8	53201370	53238182	8	23490915	23519471	ad2793
16	12173893	12185611	17	12726911	12738744	fdb42f
1	87111173	87200807	1	261708328	261786888	0d0887
1	279703147	280021428	1	62747953	63055271	0d0887
17	3804622	3823345	18	7330612	7352162	fdca26
15	13684455	13697405	13	3616358	3630076	fb9f3a
1	236609894	236661444	1	106821009	106868303	0d0887
15	16519291	16531218	13	663667	675199	fb9f3a
15	11080990	11104701	13	6301082	6325912	fb9f3a
1	340342936	340382075	1	262966	297882	0d0887
2	101832610	101866767	2	101497885	101536788	2e0595
16	9429134	9470799	17	9934360	9975318	fdb42f
5	85999461	86093524	5	85423511	85514851	7201a8
1	284284000	284362226	1	58322543	58391847	0d0887
12	13645021	13647820	10	8122668	8125467	e3685f
19	450817	459942	12	17866889	17875615	f0f921
17	11070721	11097220	18	93581	121341	fdca26
4	86435006	86493488	4	87905267	87958771	5c01a6
1	18656041	18672354	1	332013420	332027191	0d0887
14	1089917	1093711	14	16508909	16512701	f58b47
4	88512763	88552041	4	90555022	90590090	5c01a6
8	19573014	19604134	8	62153318	62183573	ad2793
3	70267426	70321482	3	135847666	135901751	46039f
5	91929495	91932462	5	91303937	91306892	7201a8
13	8551471	8569704	11	8899553	8919089	ed7953
11	22975826	23001583	9	24323175	24352740	d8576b
12	8682132	8702781	10	13275898	13299741	e3685f
1	302657167	302693295	1	39021372	39056528	0d0887
1	168452123	168615001	1	177667019	177830555	0d0887
1	238947527	239029884	1	104368303	104447367	0d0887
4	4076299	4105335	4	3985997	4022195	5c01a6
6	49230271	49296983	6	50845591	50904892	8808a6
1	159876070	159929636	1	186369933	186414852	0d0887
4	73065416	73177551	4	75783008	75897070	5c01a6
1	87574714	87622491	1	261255587	261300367	0d0887
7	17676099	17744007	7	17687313	17760111	9c179e
5	100032497	100061378	5	99783247	99808873	7201a8
1	6139098	6179656	1	345490724	345556399	0d0887
2	25191602	25207160	2	25285554	25304888	2e0595
1	242435645	242458332	1	100893909	100920025	0d0887
3	115060351	115094897	3	89830763	89861938	46039f
3	166440949	166479246	3	37315851	37361494	46039f
3	183490588	183557734	3	19828363	19902909	46039f
12	8311466	8329312	10	13673649	13693070	e3685f
14	5975954	6031457	14	11551059	11607256	f58b47
11	15490185	15524820	9	16462072	16497774	d8576b
4	15322490	15358130	4	15735383	15776825	5c01a6
2	189779697	189792787	2	195965296	195991285	2e0595
12	18671557	18702074	10	1800138	1855118	e3685f
3	68286554	68378304	3	137971554	138058131	46039f
4	51728686	51773822	4	54666928	54710581	5c01a6
1	51609739	51624147	1	297975635	297991974	0d0887
6	36175674	36191677	6	64284862	64314608	8808a6
7	16906940	16947714	7	16827015	16866695	9c179e
6	89309700	89342504	6	10503047	10550141	8808a6
5	92597051	92626912	5	92078737	92117349	7201a8
2	100956456	100988530	2	100595536	100629309	2e0595
4	18575322	18714891	4	19122837	19268123	5c01a6
7	43973094	43993795	7	44545277	44573495	9c179e
16	1237957	1259737	17	976546	1000306	fdb42f
1	251230943	251248913	1	92001410	92019219	0d0887
14	5658712	5695327	14	11887151	11923348	f58b47
15	6972432	6980370	13	10602059	10610567	fb9f3a
7	38707458	38744386	7	39216099	39247084	9c179e
12	710533	727072	10	18677286	18691328	e3685f
6	91513858	91598858	6	8076973	8161400	8808a6
5	115351634	115354361	5	115214812	115217539	7201a8
1	177068372	177071099	1	166504986	166507710	0d0887
7	34217506	34242458	7	34526840	34554695	9c179e
1	90103684	90157997	1	258582582	258641375	0d0887
3	32950139	33090892	3	173534585	173676401	46039f
6	8197532	8238818	6	92845461	92889174	8808a6
4	76129734	76495785	4	78376811	78631008	5c01a6
4	60826505	60950732	4	64518626	64637211	5c01a6
1	18405884	18455044	1	332219032	332268143	0d0887
6	25624808	25649471	6	75159579	75185141	8808a6
4	54990336	55031673	4	58201483	58254889	5c01a6
1	338198137	338209208	1	2452172	2464802	0d0887
3	25950087	25979658	3	180773324	180806806	46039f
6	12224871	12250608	6	88532003	88555829	8808a6
3	113155440	113169168	3	91885383	91901829	46039f
1	46322975	46399520	1	303382794	303459403	0d0887
2	51463784	51509182	2	51994488	52049012	2e0595
8	14608345	14640294	8	67110980	67142177	ad2793
6	54221868	54247433	6	45884657	45906953	8808a6
1	25296888	25319260	1	325338901	325368088	0d0887
2	199041677	199054891	2	205560769	205573675	2e0595
17	9940432	9950621	18	1251327	1262100	fdca26
16	6777891	6794191	17	6982531	6999006	fdb42f
3	127595735	127676603	3	77044865	77120122	46039f
7	28288882	28311193	7	28303691	28341795	9c179e
1	226506770	226593069	1	116503243	116592056	0d0887
3	58531249	58636486	3	147792005	147914246	46039f
3	131228209	131251739	3	73410657	73440986	46039f
1	237815531	237923775	1	105529070	105649561	0d0887
1	166007450	166027246	1	180513607	180540071	0d0887
2	98283771	98294110	2	97868480	97880645	2e0595
8	43286374	43297331	8	37006028	37016764	ad2793
2	214557334	214588909	2	221855697	221891792	2e0595
8	408689	495249	8	81717567	81769786	ad2793
3	43592045	43708570	3	162813364	162947694	46039f
1	6619161	6669861	1	344969290	345039127	0d0887
8	67458923	67512188	8	11391391	11451111	ad2793
5	103995949	103998847	5	103683286	103686181	7201a8
1	104279177	104304700	1	244098284	244125072	0d0887
1	274536958	274583633	1	68313126	68362033	0d0887
16	10962176	10990656	17	11495901	11523862	fdb42f
2	83765002	83807799	2	83553049	83593661	2e0595
3	17958954	17999656	3	188795106	188835979	46039f
2	199534420	199563893	2	206074704	206120393	2e0595
2	217449250	217467615	2	224964609	224982658	2e0595
2	117300540	117318630	2	120283142	120301423	2e0595
1	317541292	317572653	1	24192681	24229897	0d0887
14	1035132	1056553	14	16546511	16568059	f58b47
15	1833693	1847385	13	15843547	15858238	fb9f3a
2	32041279	32060929	2	32494186	32516841	2e0595
1	222573211	222707517	1	120964682	121100649	0d0887
12	1067825	1076293	10	19044556	19057331	e3685f
3	169626122	169628756	3	34057510	34060150	46039f
6	46390232	46429145	6	53967383	53994411	8808a6
13	1375866	1390049	11	1385641	1398742	ed7953
15	3378355	3481230	13	14159310	14260816	fb9f3a
8	74060981	74082452	8	4899210	4924616	ad2793
2	103406035	103469712	2	103338833	103435656	2e0595
4	36290662	36330321	4	37837222	37881983	5c01a6
4	31803620	31818120	4	33150684	33168545	5c01a6
8	37430172	37561672	8	42994125	43146287	ad2793
3	106546350	106574481	3	98736172	98767499	46039f
14	7822437	7854781	14	9683477	9712128	f58b47
5	15693573	15839014	5	16185162	16340165	7201a8
3	58720321	58765201	3	147663049	147697155	46039f
15	4771410	4831150	13	12737759	12803660	fb9f3a
10	11268552	11337196	16	11788502	11860594	cc4778
1	245316639	245376171	1	98055736	98115429	0d0887
2	177007178	177120913	2	182605706	182718704	2e0595
17	8039869	8052308	18	3138398	3153940	fdca26
3	132229355	132287895	3	72487606	72538630	46039f
3	127035920	127089573	3	77653813	77711311	46039f
1	50684637	50698583	1	298964539	298979621	0d0887
14	462805	471211	14	17143219	17151548	f58b47
1	40012616	40132599	1	309952361	310003135	0d0887
7	85177219	85200373	7	79620071	79651027	9c179e
8	51860702	51916594	8	27533097	27607189	ad2793
1	18367493	18382647	1	332291324	332306104	0d0887
16	4993712	5008274	17	5128444	5145533	fdb42f
4	6550271	6593361	4	6552976	6598008	5c01a6
3	14630218	14632819	3	192120928	192123529	46039f
6	93948619	93993545	6	5505521	5550092	8808a6
2	182271080	182293047	2	188102122	188123143	2e0595
1	40141480	40202995	1	309868295	309943496	0d0887
1	287659987	287721306	1	54917794	54982413	0d0887
2	195214093	195250278	2	201666016	201704544	2e0595
2	85950719	85978840	2	85424245	85452076	2e0595
11	6211361	6220420	9	7022480	7031510	d8576b
1	298349188	298403629	1	43606439	43656433	0d0887
1	164020763	164063725	1	182576258	182617142	0d0887
16	7703167	7718811	17	8038248	8055731	fdb42f
8	76568065	76592895	8	2375318	2401437	ad2793
6	54475603	54612384	6	45550120	45671796	8808a6
2	129837934	129847360	2	132817709	132827721	2e0595
14	15147651	15187395	14	4935026	4975014	f58b47
1	288101205	288103788	1	54454063	54456631	0d0887
1	68997353	69023508	1	279861533	279904472	0d0887
4	87547774	87580416	4	89191295	89228738	5c01a6
3	124890468	124893042	3	79893803	79896377	46039f
4	24020760	24196219	4	24901759	25094955	5c01a6
1	105496186	105513439	1	242838113	242858422	0d0887
5	19895648	19919032	5	20473300	20500225	7201a8
12	2730103	2732677	10	20712985	20715559	e3685f
19	7488913	7512241	12	10841068	10866354	f0f921
8	30768598	30816935	8	50015455	50054026	ad2793
3	22303381	22335008	3	184544656	184564773	46039f
2	198167013	198181937	2	204649605	204665600	2e0595
7	48036513	48063826	7	48796076	48822642	9c179e
1	151741036	151806580	1	194629612	194662974	0d0887
1	107673959	107695012	1	240795464	240816513	0d0887
2	56394819	56418743	2	57022897	57047026	2e0595
1	16163405	16184845	1	334678719	334701112	0d0887
11	20235116	20257129	9	21392818	21421743	d8576b
1	163510085	163526771	1	183138016	183157421	0d0887
5	24341221	24362885	5	25078550	25102184	7201a8
4	37534786	37544869	4	39158628	39172050	5c01a6
14	4818117	4827115	14	12764366	12774674	f58b47
15	4843469	4908124	13	12652801	12669547	fb9f3a
8	35886256	35906676	8	44750182	44768396	ad2793
1	195374552	195384759	1	148829977	148841267	0d0887
3	46033115	46056697	3	160464393	160483497	46039f
5	13646855	13677363	5	14003684	14032730	7201a8
6	47508441	47560686	6	52752264	52821373	8808a6
1	302318657	302389417	1	39347167	39423713	0d0887
2	153958436	154014237	2	158695945	158716411	2e0595
3	10731146	10909995	3	196014700	196188628	46039f
4	26575	46561	4	170494	188388	5c01a6
13	11714072	11723284	11	12218144	12227705	ed7953
16	11094973	11105498	17	11631111	11642199	fdb42f
6	4613566	4711673	6	95206039	95296451	8808a6
4	90493366	90545489	4	92726800	92771607	5c01a6
6	27039371	27082326	6	73632203	73685575	8808a6
7	13766859	13801584	7	13585299	13611448	9c179e
2	12093136	12107872	2	11847533	11856265	2e0595
2	212328001	212439163	2	219563212	219666972	2e0595
2	30425345	30465865	2	30845578	30894609	2e0595
6	67181465	67243493	6	32768617	32826872	8808a6
1	279364270	279399877	1	63365821	63406498	0d0887
7	6332775	6481577	7	5916816	6077586	9c179e
7	21186477	21217275	7	21064007	21100518	9c179e
2	215173939	215264053	2	222482064	222566281	2e0595
6	88106031	88141747	6	11778408	11820025	8808a6
13	1842561	1855971	11	1854135	1867781	ed7953
3	82025879	82071402	3	124034797	124070486	46039f
19	1426642	1437522	12	16901037	16912350	f0f921
2	21106444	21129370	2	21054104	21076133	2e0595
5	105016344	105018867	5	104667530	104670050	7201a8
1	115753136	115799004	1	232071191	232115174	0d0887
5	32463054	32479811	5	33306503	33337533	7201a8
17	379482	468879	18	10961877	11074077	fdca26
3	41973738	42017682	3	164484544	164533703	46039f
5	69112721	69122002	5	70335436	70343608	7201a8
1	63078687	63114592	1	286114072	286164086	0d0887
13	18730071	18745642	11	19638648	19652888	ed7953
4	53637819	53652169	4	56793900	56809033	5c01a6
4	95176195	95226825	4	97923957	97975020	5c01a6
17	5699679	5705478	18	5462089	5467310	fdca26
2	199004552	199024977	2	205508802	205537324	2e0595
1	23957571	23994732	1	326719744	326758164	0d0887
8	35832137	35864093	8	44788701	44821585	ad2793
2	156087984	156121126	2	160986755	161020086	2e0595
7	40977993	41107856	7	41476897	41603827	9c179e
16	12848617	12853599	17	13404263	13409294	fdb42f
19	5347758	5362868	12	13027389	13043991	f0f921
1	65501385	65525222	1	283506582	283535942	0d0887
1	64493247	64546650	1	284555551	284616989	0d0887
13	15858817	15876415	11	16469132	16487020	ed7953
12	14782046	14794669	10	6903118	6913410	e3685f
14	2517303	2524944	14	15068622	15076090	f58b47
14	3919063	3946017	14	13633698	13659518	f58b47
2	142578060	142623645	2	146852058	146905305	2e0595
6	24188386	24292386	6	76622541	76733834	8808a6
3	14716784	14719184	3	192032299	192034699	46039f
4	54832468	54884122	4	58027536	58086321	5c01a6
13	8499997	8513921	11	8844991	8859206	ed7953
1	242493410	242529914	1	100823592	100863015	0d0887
1	278845073	278878385	1	63936910	63987948	0d0887
1	318862190	318907731	1	22841243	22884249	0d0887
1	149186625	149212937	1	197329486	197354694	0d0887
1	48995712	49030159	1	300719899	300760338	0d0887
1	99672147	99714640	1	249039878	249076737	0d0887
4	15247752	15320366	4	15642500	15733102	5c01a6
6	52941382	52969338	6	47194514	47223175	8808a6
2	140903549	140943209	2	144938381	144976998	2e0595
1	250796316	250831360	1	92449948	92485211	0d0887
11	15344429	15362792	9	16314477	16335493	d8576b
7	13303961	13372968	7	13116249	13190601	9c179e
1	237650734	237663057	1	105823920	105839176	0d0887
2	105233991	105311649	2	105421104	105537757	2e0595
2	18579085	18601940	2	18592077	18617600	2e0595
3	69414086	69438341	3	136912148	136932605	46039f
1	141722764	141786135	1	204928700	204995045	0d0887
1	116782679	116810003	1	231009290	231033152	0d0887
1	229124061	229164749	1	113906659	113953865	0d0887
1	183318460	183349493	1	161037054	161048465	0d0887
3	186289204	186304781	3	16915202	16931374	46039f
6	46068338	46070786	6	54325393	54327841	8808a6
1	36624156	36639839	1	313491023	313512666	0d0887
1	233857288	233876608	1	109393925	109412591	0d0887
3	202793831	202847079	3	212295	284230	46039f
1	28423353	28445523	1	322051649	322073221	0d0887
11	22531101	22539181	9	23872417	23879928	d8576b
5	67377364	67424757	5	68298285	68347329	7201a8
1	233889702	233935422	1	109331355	109379740	0d0887
2	183991532	184202764	2	189927144	190229825	2e0595
1	335766239	335839158	1	5101872	5178806	0d0887
2	179321993	179365287	2	185044483	185087890	2e0595
1	37176000	37178034	1	312922189	312924199	0d0887
8	76446153	76455808	8	2509121	2560864	ad2793
5	49665274	49708802	5	50306432	50355546	7201a8
13	2723755	2794594	11	2749178	2824710	ed7953
12	601462	617229	10	18565257	18581071	e3685f
6	3595193	3724203	6	96241757	96371303	8808a6
2	46937396	46972623	2	47506600	47544312	2e0595
3	119672205	119690427	3	85243461	85272865	46039f
1	66610876	66638694	1	282364172	282395101	0d0887
3	61902946	61925328	3	144511826	144534765	46039f
14	6466388	6485693	14	11069696	11091547	f58b47
3	88189274	88232883	3	117513699	117554347	46039f
3	63047379	63058983	3	143279203	143289978	46039f
13	766846	781207	11	785707	800262	ed7953
1	217604610	217612034	1	126043456	126052414	0d0887
1	36410002	36470024	1	313683129	313744161	0d0887
3	64404405	64436845	3	141836553	141869191	46039f
6	2639274	2703796	6	97275315	97343958	8808a6
15	15267835	15347089	13	1953620	1982832	fb9f3a
3	69533262	69560529	3	136643927	136679387	46039f
1	5925046	5973728	1	345728360	345775541	0d0887
2	163636166	163660163	2	168934570	168972977	2e0595
3	23582895	23604935	3	183214941	183227788	46039f
3	157716787	157734761	3	46213260	46229554	46039f
8	20598915	20647587	8	61059263	61115436	ad2793
16	9662466	9678411	17	10163194	10179716	fdb42f
8	4071589	4073980	8	78159632	78162035	ad2793
17	10070731	10077097	18	926803	932889	fdca26
5	65136728	65164518	5	66035380	66065401	7201a8
1	56142156	56195708	1	293237153	293282530	0d0887
7	27457170	27459582	7	27462126	27464538	9c179e
2	154830577	154864480	2	159629707	159667165	2e0595
5	91355020	91367211	5	90703079	90717077	7201a8
14	5726242	5743861	14	11840914	11856446	f58b47
1	272418100	272438404	1	70573733	70596397	0d0887
12	10072732	10086824	10	11766740	11779915	e3685f
11	22470078	22479205	9	23811780	23820665	d8576b
1	9541340	9588013	1	341828906	341891502	0d0887
3	160109997	160146606	3	43811763	43848774	46039f
7	14698004	14720050	7	14572303	14589341	9c179e
7	28488254	28510823	7	28526948	28549869	9c179e
1	159744629	159771310	1	186521491	186553219	0d0887
12	19552262	19624079	10	771321	850183	e3685f
5	122207969	122225285	5	122030344	122045877	7201a8
1	180597383	180633813	1	163187859	163225444	0d0887
1	248194628	248235475	1	95138450	95178476	0d0887
3	125015084	125023599	3	79765791	79774150	46039f
1	264596762	264669333	1	78589426	78656488	0d0887
3	135173765	135192612	3	69609331	69621956	46039f
3	125065037	125069237	3	79724242	79728656	46039f
4	55486412	55515170	4	58718744	58754590	5c01a6
3	50522524	50547211	3	155917051	155940980	46039f
7	33640740	33718164	7	33928944	34006411	9c179e
6	2878147	2913707	6	97064165	97106054	8808a6
15	1163141	1176722	13	16539421	16553018	fb9f3a
6	44584137	44604395	6	55860176	55877268	8808a6
1	40221714	40237732	1	309830369	309847141	0d0887
18	8943646	8953328	12	811635	821024	f8e125
2	55453734	55466315	2	56065088	56080787	2e0595
14	2053351	2055739	14	15545919	15548307	f58b47
5	53482944	53508988	5	54248425	54281433	7201a8
3	114823759	114826180	3	90129674	90132110	46039f
6	89550321	89599259	6	10207997	10261411	8808a6
2	140628846	140681282	14	6535478	6564677	2e0595
13	7755391	7765029	11	8056063	8066855	ed7953
1	340331640	340342392	1	298381	310706	0d0887
2	79862189	79889400	2	80236367	80265576	2e0595
1	156046673	156071967	1	190229403	190258054	0d0887
11	4908415	4918745	9	4900305	4911592	d8576b
3	85562443	85594745	3	120260140	120299505	46039f
3	5973063	6000024	3	200980086	201007073	46039f
5	64812075	64824746	5	65698954	65712165	7201a8
1	205729197	205759994	1	138439680	138471259	0d0887
6	71304593	71322530	6	28352555	28375079	8808a6
4	56354737	56439151	4	59685954	59789143	5c01a6
8	14354701	14356984	8	67403773	67406056	ad2793
13	6687882	6723156	11	6914853	6950676	ed7953
1	125778152	125803398	1	221551271	221571535	0d0887
1	237305639	237330706	1	106178778	106204287	0d0887
1	46260460	46292962	1	303490274	303522422	0d0887
1	309546482	309691210	1	32105508	32107515	0d0887
1	115727812	115742916	1	232127003	232139636	0d0887
7	91369237	91386502	7	86442491	86461816	9c179e
15	16989266	17001326	13	130812	140785	fb9f3a
5	55566062	55596983	5	56184607	56214886	7201a8
1	19247830	19254699	1	331547270	331553720	0d0887
7	60399844	60447909	7	56405667	56458222	9c179e
7	27048886	27075486	7	27083180	27108710	9c179e
5	81962024	82011983	5	81322397	81387794	7201a8
3	91492460	91574413	3	113892559	113992865	46039f
13	11063368	11078990	11	11510688	11529954	ed7953
1	160098186	160119118	1	186167238	186181759	0d0887
1	252005157	252016813	1	91237441	91248456	0d0887
6	32525718	32545665	6	67917200	67938032	8808a6
5	23187801	23240871	5	23974004	24028047	7201a8
1	192743763	192751708	1	151581823	151589674	0d0887
2	150029839	150086444	2	154559901	154615898	2e0595
3	52012381	52104300	3	154377376	154474817	46039f
15	16634093	16661140	13	536581	559579	fb9f3a
3	146244948	146263220	3	58304186	58322283	46039f
3	70091631	70111239	3	136054849	136073123	46039f
3	5893230	5940219	3	201045136	201104326	46039f
4	52608599	52638301	4	55628818	55658908	5c01a6
6	30288051	30305896	6	70272220	70289383	8808a6
1	228882924	228931547	1	114139466	114201110	0d0887
7	30983320	31016144	7	31203725	31239481	9c179e
14	412935	420696	14	17193446	17201258	f58b47
1	181602825	181636603	1	162393210	162411230	0d0887
3	40532203	40541125	3	165863036	165871951	46039f
2	211124016	211138917	2	218333175	218344637	2e0595
17	10998407	11002777	18	189106	193454	fdca26
14	9327947	9340104	14	8091568	8105593	f58b47
19	3912406	3945764	12	14376826	14409926	f0f921
3	102039885	102098657	3	103744394	103805537	46039f
3	141787358	141923005	3	62649011	62806385	46039f
3	130559669	130654553	3	74009193	74099753	46039f
3	137583554	137592606	3	67147641	67155615	46039f
7	89683716	89726628	7	84237946	84277756	9c179e
10	8381028	8401202	16	8617249	8645711	cc4778
3	177659440	177674838	3	25907080	25923736	46039f
1	335035357	335044655	1	5935722	5942713	0d0887
1	10724589	10758801	1	340516583	340554272	0d0887
2	206317391	206336911	2	213363495	213386838	2e0595
7	30374911	30403439	7	30534269	30564938	9c179e
14	5400900	5418474	14	12175124	12192325	f58b47
3	170614275	170634623	3	32972628	32997872	46039f
16	6896387	6907997	17	7116167	7130719	fdb42f
2	241663560	241683350	2	249771401	249791235	2e0595
1	16331011	16341193	1	334519693	334529512	0d0887
18	8802060	8865215	12	899435	927496	f8e125
2	188118139	188156270	2	194243947	194286951	2e0595
1	20951264	20973804	1	329913369	329935475	0d0887
2	176040392	176070108	2	181666899	181697857	2e0595
5	13118308	13120594	5	13489058	13491338	7201a8
1	336895643	336919122	1	3900831	3932929	0d0887
1	190959887	190974713	1	153474561	153489434	0d0887
1	328017774	328123511	1	13316189	13430624	0d0887
8	77286157	77326597	8	1718021	1756169	ad2793
6	54341760	54365907	6	45781581	45805025	8808a6
7	22819550	22839162	7	22758065	22779791	9c179e
6	18055910	18085045	6	82770147	82798055	8808a6
6	12257018	12275286	6	88500166	88520602	8808a6
3	113349643	113497158	3	91517598	91673672	46039f
8	40922070	40948703	8	39454485	39482625	ad2793
14	15267830	15290875	14	5078585	5101057	f58b47
1	46450273	46504842	1	303294043	303334385	0d0887
4	119763564	119844637	4	123622263	123631536	5c01a6
4	67666547	67771090	4	71347463	71440869	5c01a6
11	5039398	5088875	9	5023856	5076657	d8576b
7	83814472	83843885	7	78157478	78191002	9c179e
3	163567015	163575289	3	40307010	40315091	46039f
4	6483352	6532583	4	6480114	6534934	5c01a6
1	232245665	232280519	1	110879832	110915517	0d0887
17	10021716	10028484	18	877442	884241	fdca26
1	106580604	106632789	1	241641312	241682862	0d0887
1	257847511	257898060	1	85258023	85320491	0d0887
1	266742900	266767040	1	76346089	76369676	0d0887
5	39095584	39129103	5	39818313	39844092	7201a8
2	100909659	100922789	2	100553081	100566325	2e0595
1	172716022	172767232	1	172828105	172906684	0d0887
1	282268967	282346846	1	60426575	60490906	0d0887
3	119964900	119973407	3	84936918	84950294	46039f
5	53110445	53144445	5	53845920	53879620	7201a8
10	6346572	6365282	16	6382826	6401103	cc4778
11	2248786	2268135	9	2292278	2314208	d8576b
8	79090748	79099292	8	82158155	82166811	ad2793
8	13856940	13877267	8	67933952	67951283	ad2793
17	5377996	5420692	18	5749045	5795416	fdca26
2	104103350	104135518	2	104027901	104063147	2e0595
2	221716428	221732724	2	229175949	229192661	2e0595
8	76512381	76542712	8	2425849	2456979	ad2793
15	4433486	4441153	13	13150413	13160820	fb9f3a
1	202104566	202130697	1	141809156	141837937	0d0887
2	100754989	100767370	2	100408169	100419990	2e0595
3	146265041	146288831	3	58279213	58302393	46039f
7	16617209	16669643	7	16546783	16597313	9c179e
1	306743574	306761478	1	35027527	35043842	0d0887
5	57704259	57753792	5	58393418	58451324	7201a8
5	50364522	50375600	5	51000818	51012308	7201a8
3	202896188	202902216	3	173245	179360	46039f
3	34760720	34776705	3	171775410	171790599	46039f
2	183616685	183758237	2	189557387	189704426	2e0595
3	44260511	44321927	3	162239123	162302754	46039f
6	71680208	71718998	6	27949118	27990992	8808a6
1	276391933	276418337	1	66480960	66513390	0d0887
1	54091939	54322255	1	295270867	295500225	0d0887
3	106091652	106188593	3	99158598	99267291	46039f
7	47012740	47102735	7	47772427	47853927	9c179e
7	89230210	89265177	7	83774979	83812115	9c179e
15	15537972	15558696	13	1649757	1671648	fb9f3a
1	149223736	149239837	1	197303030	197319334	0d0887
1	255417593	255420854	1	87898586	87901855	0d0887
15	8733937	8742505	13	8731858	8741381	fb9f3a
3	98170120	98218103	3	107721346	107763413	46039f
1	169579394	169651189	1	176558661	176613388	0d0887
1	55758980	55782926	1	293680689	293706883	0d0887
8	11346139	11366633	8	70650012	70669863	ad2793
1	160479228	160514389	1	185766609	185809444	0d0887
3	107876217	107934681	3	97040830	97089221	46039f
1	180637665	180655805	1	163168923	163184193	0d0887
3	13986511	14139700	3	192628721	192781204	46039f
14	13852178	13867461	14	3626809	3641230	f58b47
4	43439703	43522968	4	45455059	45538023	5c01a6
3	168497283	168506902	3	35268451	35271785	46039f
6	43008988	43028207	6	57489824	57505094	8808a6
2	215700458	215827157	2	223066955	223202348	2e0595
3	196918123	196954792	3	6050994	6088077	46039f
5	92219301	92275501	5	91637731	91693282	7201a8
1	160431378	160468142	1	185828068	185859171	0d0887
1	323582222	323600191	1	17923747	17948193	0d0887
2	41189648	41225575	2	41685984	41715150	2e0595
3	200442583	200467322	3	2321640	2337719	46039f
14	97554	106047	14	17505146	17514439	f58b47
3	123022639	123040509	3	81821153	81837692	46039f
1	252446964	252487698	1	90744742	90781911	0d0887
1	145869421	145871659	1	200713983	200716221	0d0887
5	85620567	85638336	5	85005381	85026283	7201a8
3	199957800	200005234	3	2819537	2868368	46039f
6	72750233	72782840	6	26935775	26970191	8808a6
1	143613209	143645881	1	203061103	203100932	0d0887
1	130427210	130458126	1	216617917	216645975	0d0887
5	31719102	31735567	5	32522341	32537879	7201a8
1	118898521	118952578	1	228682850	228736001	0d0887
7	83677813	83721974	7	78014104	78061316	9c179e
6	23631385	23673138	6	77255123	77295085	8808a6
11	936520	942414	9	981813	989110	d8576b
3	131079722	131097042	3	73576780	73595452	46039f
7	48249681	48289994	7	48994123	49010486	9c179e
10	1631518	1642727	16	1594125	1605117	cc4778
5	98259540	98304742	5	97932859	97978082	7201a8
2	153652587	153695920	2	158369645	158409506	2e0595
4	21957183	21959391	4	22679562	22681770	5c01a6
7	9512545	9942610	7	9127461	9587946	9c179e
2	137768360	137799558	2	141533348	141560888	2e0595
3	66714719	66820708	3	139568452	139672873	46039f
1	267042108	267056522	1	76024087	76038986	0d0887
11	21293448	21302107	9	22515803	22524624	d8576b
18	978867	1007023	12	9520411	9540939	f8e125
1	125689672	125755134	1	221600714	221670103	0d0887
19	192456	197653	12	18117469	18122822	f0f921
7	30759242	30790237	7	30931251	30988120	9c179e
1	137938181	137968690	1	208897207	208928865	0d0887
1	40925044	40943268	1	309039790	309058904	0d0887
8	39153821	39186877	8	41334676	41369089	ad2793
14	149102	153570	14	17454414	17458868	f58b47
6	24575	45742	6	100076465	100104854	8808a6
4	22382850	22414817	4	23203229	23227897	5c01a6
13	17942288	17954276	11	18754395	18765966	ed7953
5	4739637	4750492	5	4901155	4910484	7201a8
1	294050625	294062592	1	48206340	48218095	0d0887
3	167271448	167313591	3	36567252	36608970	46039f
5	30073736	30092213	5	30867188	30891891	7201a8
1	332870976	332903402	1	8156423	8192624	0d0887
8	29055582	29124585	8	51925162	51990527	ad2793
2	204504323	204564734	2	211366673	211422316	2e0595
7	51003783	51105799	7	51643188	51684233	9c179e
10	8116633	8172327	16	8331892	8405169	cc4778
1	315806017	315830083	1	26041101	26071435	0d0887
8	68480375	68552992	8	10201321	10283604	ad2793
4	21783919	21801259	4	22512268	22529113	5c01a6
17	7398842	7420285	18	3751780	3766220	fdca26
2	33290204	33302497	2	33815031	33828121	2e0595
1	25417066	25420564	1	325244117	325247585	0d0887
3	155853209	155860822	3	48327773	48335203	46039f
1	42852354	42887848	1	306983857	307021483	0d0887
2	214663548	214800498	2	221967784	222093188	2e0595
1	293016018	293039238	1	49311386	49336914	0d0887
2	169717403	169737288	2	175276482	175299999	2e0595
1	239233260	239258897	1	104142786	104175163	0d0887
7	5203543	5271619	7	4682659	4751349	9c179e
4	30284394	30313562	4	31573068	31599931	5c01a6
2	48219522	48262306	2	48794661	48844774	2e0595
1	168847594	168873900	1	177403413	177439611	0d0887
7	40143617	40169164	7	40654562	40680472	9c179e
3	193296561	193326436	3	9869073	9896623	46039f
3	151008978	151031151	3	53449083	53470040	46039f
1	306974594	307004182	1	34771567	34803598	0d0887
1	323455755	323488282	1	18028436	18064682	0d0887
1	288286767	288300578	1	54244801	54269875	0d0887
5	12926141	12980483	5	13287708	13349828	7201a8
13	8219798	8231022	11	8542843	8553356	ed7953
17	8347709	8365554	18	2825393	2844527	fdca26
1	286732618	286760073	1	55923847	55955143	0d0887
1	12575220	12601740	1	338456200	338484405	0d0887
14	5095423	5111418	14	12484324	12501149	f58b47
17	9419637	9432600	18	1763495	1776299	fdca26
2	140778051	140830650	2	144802907	144859611	2e0595
11	1720059	1731883	9	1717305	1729571	d8576b
1	227784396	227820607	1	115296197	115346628	0d0887
5	56602697	56611665	5	57181247	57190926	7201a8
6	20709303	20712195	6	80192875	80195767	8808a6
3	114023954	114044983	3	90946154	90964576	46039f
13	421344	434979	11	413946	427826	ed7953
5	66595718	66631045	5	67457933	67492522	7201a8
1	80041066	80120586	1	268841717	268920266	0d0887
1	111308671	111310855	1	236785732	236787898	0d0887
15	10625778	10633834	13	6808907	6816853	fb9f3a
1	191124621	191189069	1	153236729	153303882	0d0887
14	3125655	3136285	14	14439909	14447195	f58b47
11	18491829	18504101	9	19556827	19576440	d8576b
1	292080507	292137011	1	50310743	50366338	0d0887
14	7419723	7440789	14	10096623	10116719	f58b47
8	50041348	50119433	8	29465376	29587197	ad2793
1	75049816	75110933	1	273517138	273593102	0d0887
2	89999830	90063266	2	89117282	89179586	2e0595
5	55676704	55701335	5	56295900	56321085	7201a8
2	182468487	182470344	2	188307484	188309341	2e0595
6	24913648	24940704	6	75923207	75949062	8808a6
2	103259514	103315350	2	103112490	103128332	2e0595
13	7716567	7732475	11	8017423	8033175	ed7953
1	274165805	274188228	1	68760976	68790435	0d0887
3	24443573	24461576	3	182347799	182364542	46039f
11	22480558	22485831	9	23822023	23827233	d8576b
2	226309896	226312044	2	233829823	233831971	2e0595
1	267488790	267510119	1	75518323	75544032	0d0887
2	160574976	160578661	2	165635450	165639109	2e0595
17	5988864	5990796	18	5199147	5201079	fdca26
4	56957150	57001300	4	60320306	60370784	5c01a6
14	5247934	5261747	14	12330215	12349606	f58b47
5	52073852	52075985	5	52734143	52736276	7201a8
14	3338985	3355378	14	14223902	14238419	f58b47
7	79429587	79441703	7	73352359	73366141	9c179e
8	37656214	37658377	8	42902477	42904634	ad2793
6	33022946	33053583	6	67368639	67402591	8808a6
4	21165269	21186348	4	21833595	21854407	5c01a6
3	181186276	181212748	3	22220191	22242372	46039f
7	36349630	36358372	7	36746329	36754780	9c179e
2	32251051	32269975	2	32760660	32779770	2e0595
1	107119915	107131353	1	241113309	241125110	0d0887
2	208838297	208888736	2	215943940	215994125	2e0595
12	13743077	13764157	10	8001666	8025085	e3685f
10	9252137	9273147	16	9603462	9622665	cc4778
16	6817002	6832310	17	7028802	7045156	fdb42f
6	5749027	5810286	6	94134803	94203739	8808a6
3	86019211	86042321	3	119813169	119837200	46039f
3	22730272	22748181	3	184107826	184127581	46039f
5	97291013	97323002	5	96863850	96895042	7201a8
4	64164224	64166258	4	67984665	67986699	5c01a6
11	21154272	21173694	9	22352238	22374837	d8576b
6	2463214	2474449	6	97515777	97527866	8808a6
7	60957800	60959930	7	57021088	57023221	9c179e
2	214901462	214934696	2	222201312	222240186	2e0595
6	61604426	61645481	6	38389145	38457835	8808a6
7	85815569	85840053	7	80297883	80328304	9c179e
1	267426003	267465367	1	75567148	75612426	0d0887
1	29805675	29807799	1	320571629	320573756	0d0887
1	299957968	299978675	1	41876134	41897593	0d0887
1	26903201	26906925	1	323647694	323651416	0d0887
15	7157139	7227663	13	10330462	10405708	fb9f3a
6	51787914	51809061	6	48417679	48443839	8808a6
6	38612353	38640982	6	61844617	61875106	8808a6
3	46418073	46431624	3	160061685	160075213	46039f
12	4312006	4315339	10	17837733	17840551	e3685f
6	45153207	45164675	6	55255220	55267152	8808a6
10	1413933	1424699	16	1372596	1384569	cc4778
1	25876478	25896785	1	324729379	324748496	0d0887
3	202570433	202578919	3	501100	509633	46039f
14	5069027	5087072	14	12507045	12525888	f58b47
4	53783926	53808500	4	56941529	56964940	5c01a6
2	18899355	18922142	2	18906204	18924993	2e0595
3	119809001	119836363	3	85041030	85118695	46039f
3	107619582	107636339	3	97311281	97327855	46039f
3	135699719	135721423	3	69050322	69070447	46039f
10	5334389	5354566	16	5304956	5323839	cc4778
3	105301171	105315873	3	100127154	100141586	46039f
12	10425316	10453835	10	11373400	11397864	e3685f
2	201952037	202036528	2	208585359	208683012	2e0595
1	151438976	151447941	1	194988861	194998802	0d0887
7	62223587	62244025	7	58135536	58158810	9c179e
7	6039489	6068063	7	5592552	5627176	9c179e
11	12919108	12930530	9	13829192	13840421	d8576b
3	99343622	99353077	3	106626168	106635600	46039f
13	3489110	3539839	11	3572079	3622878	ed7953
3	104317282	104372808	3	101133262	101183390	46039f
7	37753906	37772295	7	38232204	38251352	9c179e
10	9338784	9358860	16	9691534	9714615	cc4778
4	27828410	27949756	4	28944204	29090798	5c01a6
1	276174601	276212676	1	66683789	66725876	0d0887
1	125941679	125972003	1	221371864	221403756	0d0887
1	75132112	75151198	1	273483701	273499694	0d0887
7	30813374	30825818	7	31026505	31043145	9c179e
1	154378000	154414117	1	191896332	191940706	0d0887
3	68090248	68106212	3	138239793	138253416	46039f
5	61863009	61872181	5	62670159	62678952	7201a8
6	19292408	19349616	6	81465652	81521863	8808a6
15	10535260	10553339	13	6895843	6913710	fb9f3a
16	6638905	6663554	17	6833789	6860147	fdb42f
3	158380427	158382521	3	45544647	45546741	46039f
1	26298500	26344136	1	324274842	324321090	0d0887
5	78539546	78541637	5	78419306	78421391	7201a8
1	256973326	256992255	1	86239749	86257902	0d0887
1	303239497	303312151	1	38485832	38571731	0d0887
6	90780463	90802658	6	8866961	8887792	8808a6
1	178086714	178108728	1	165420537	165438820	0d0887
1	51576826	51584596	1	298020435	298028358	0d0887
14	15294804	15307434	14	5105045	5117877	f58b47
7	28886776	28904523	7	28938673	28974969	9c179e
15	3674274	3694956	13	13927600	13949431	fb9f3a
1	104470487	104508888	1	243909629	243948051	0d0887
1	277555437	277584143	1	65311610	65351726	0d0887
5	106181144	106183202	5	105761925	105763983	7201a8
6	1565163	1644185	6	98382952	98463849	8808a6
5	56751200	56770397	5	57342478	57359805	7201a8
12	16081471	16109931	10	5537536	5563538	e3685f
3	175819175	175847480	3	27745585	27774531	46039f
5	21723301	21772953	5	22407036	22457284	7201a8
5	108587871	108608774	5	108200563	108224886	7201a8
10	6009711	6021040	16	6032104	6043505	cc4778
1	38997309	39026644	1	311021615	311068116	0d0887
6	39025962	39042138	6	61407478	61423957	8808a6
10	26739059	26767523	1	162748662	162791760	cc4778
3	87663629	87681163	3	118078544	118096595	46039f
14	2346156	2355076	14	15238337	15247535	f58b47
6	22177860	22182565	6	78733512	78750833	8808a6
1	205908500	205924970	1	138345451	138362841	0d0887
8	59050664	59062013	8	20571086	20588183	ad2793
5	22851896	22868430	5	23607890	23633848	7201a8
2	204610022	204625246	2	211463779	211483161	2e0595
12	8162204	8178711	10	13838760	13857571	e3685f
12	1026031	1045074	10	19007421	19026169	e3685f
7	23253420	23269120	7	23214820	23233284	9c179e
2	99098184	99120335	2	98591494	98613089	2e0595
3	25986930	25989228	3	180763820	180766121	46039f
7	26577078	26591845	7	26627144	26652510	9c179e
1	51173462	51175484	1	298461237	298463259	0d0887
14	5421400	5426391	14	12166940	12172425	f58b47
7	73703274	73712064	7	67461696	67470285	9c179e
5	108179688	108204221	5	107797088	107816847	7201a8
4	42129131	42152342	4	44085530	44109819	5c01a6
6	38460978	38468666	6	62027235	62032272	8808a6
5	31924295	31948433	5	32749679	32773092	7201a8
1	224840678	224860871	1	118303811	118321144	0d0887
1	63741051	63752681	1	285445288	285456402	0d0887
15	3762358	3810332	13	13805749	13854171	fb9f3a
3	183906201	183920031	3	19420190	19436404	46039f
1	165196606	165294594	1	181302007	181403830	0d0887
13	1449839	1459379	11	1458660	1466624	ed7953
1	208840728	208908407	1	134902907	134968992	0d0887
5	66662905	66784378	5	67522160	67710440	7201a8
7	74596691	74627661	7	68391159	68419677	9c179e
5	5807841	5863742	5	5851641	5907325	7201a8
12	4410499	4412533	10	17743835	17745854	e3685f
1	158148691	158163760	1	188116793	188133743	0d0887
3	48369482	48440599	3	158104362	158182114	46039f
1	127265797	127311346	1	219924345	219963619	0d0887
3	156829284	156836721	3	47109183	47123716	46039f
1	300807653	300845326	1	40932779	40969162	0d0887
1	192939460	192986400	1	151320543	151362566	0d0887
14	13711897	13745447	14	3479890	3513860	f58b47
16	11519761	11540819	17	12072521	12100463	fdb42f
2	68303553	68335008	2	69117264	69145873	2e0595
1	69985824	70027742	1	278775079	278813943	0d0887
17	7967694	7971107	18	3213198	3218184	fdca26
8	76966852	76988365	8	2027563	2054529	ad2793
6	26944218	26948019	6	73772336	73776271	8808a6
5	79299714	79305837	5	78989493	78995943	7201a8
2	98207390	98228996	2	97785736	97807761	2e0595
2	191734979	191765888	2	198093926	198124196	2e0595
13	3807246	3809657	11	3883343	3885762	ed7953
2	100871946	100890291	2	100521540	100537990	2e0595
6	42133525	42183111	6	58339863	58393961	8808a6
6	81732579	81754460	6	18556805	18583200	8808a6
17	3219629	3253592	18	7812649	7848035	fdca26
13	1794461	1806478	11	1807363	1887869	ed7953
5	22490364	22494039	5	23224289	23228531	7201a8
2	141174238	141202811	2	145232898	145259638	2e0595
5	110440385	110474533	5	110073906	110155327	7201a8
2	156642611	156682926	2	161461335	161510192	2e0595
3	147716809	147764538	3	56697142	56747904	46039f
1	242690408	242719292	1	100620257	100657046	0d0887
14	8977538	8992230	14	8473200	8488371	f58b47
1	2393884	2421574	1	349875754	349904398	0d0887
3	141669456	141688815	3	62913901	62933101	46039f
15	13442619	13464273	13	3749374	3769659	fb9f3a
3	46377981	46401201	3	160089161	160108920	46039f
4	84536506	84584852	4	85898923	85940666	5c01a6
3	23660683	23665880	3	183156712	183161883	46039f
1	251290581	251314335	1	91883405	91959957	0d0887
1	192817189	192837384	1	151493949	151512404	0d0887
13	14847741	14870565	11	15398807	15423510	ed7953
19	3029259	3051627	12	15239853	15266388	f0f921
14	14086228	14124886	14	3849424	3886859	f58b47
6	24584050	24613693	6	76259955	76289593	8808a6
1	62637726	62663444	1	286606712	286638795	0d0887
2	133202140	133228758	2	136619019	136648100	2e0595
3	192503100	192536146	3	10672069	10706515	46039f
2	99391377	99416032	2	98942030	98961240	2e0595
8	35702137	35722667	8	44945613	44969685	ad2793
1	332409042	332443729	1	8653204	8685484	0d0887
7	71769248	71815482	7	65497662	65538595	9c179e
7	46464416	46515335	7	47195391	47237087	9c179e
4	84989915	85020894	4	86372325	86401624	5c01a6
3	20336981	20374339	3	186438063	186476607	46039f
17	10153359	10160715	18	1009376	1016591	fdca26
17	6668703	6698380	18	4490611	4518249	fdca26
8	7887896	7925263	8	74210439	74253114	ad2793
13	2969322	2994221	11	3031928	3058942	ed7953
4	86594670	86637716	4	88064066	88108034	5c01a6
4	6782576	6815028	4	6775930	6805071	5c01a6
5	91973527	91993430	5	91349526	91368705	7201a8
6	93832371	93863244	6	5631809	5665133	8808a6
10	7486274	7529399	16	7624673	7673818	cc4778
7	27955049	27984528	7	27980462	28009568	9c179e
1	88345235	88347221	1	260496116	260498102	0d0887
8	4043067	4050313	8	78182120	78187348	ad2793
13	18720326	18722306	11	19629525	19631487	ed7953
2	76130319	76197140	2	76989996	77044821	2e0595
2	173064567	173087225	2	178548812	178575400	2e0595
13	2605139	2625199	11	2623840	2642571	ed7953
11	8329387	8351147	9	9160691	9181047	d8576b
4	21437446	21464421	4	22133500	22161984	5c01a6
7	92765029	92785142	7	87901208	87919549	9c179e
1	50352555	50367427	1	299284139	299298878	0d0887
1	44304223	44306212	1	305506263	305508252	0d0887
1	238854191	238864806	1	104529562	104540232	0d0887
5	51042224	51070414	5	51688233	51723982	7201a8
13	8587675	8610232	11	8945779	8970197	ed7953
12	17023730	17081666	10	4482914	4542005	e3685f
3	70137077	70155399	3	136002814	136026120	46039f
4	92341892	92353509	4	94735369	94749696	5c01a6
6	10913750	10940124	6	89903212	89938630	8808a6
13	14750270	14772578	11	15301249	15323829	ed7953
1	187386399	187414397	1	157141204	157166234	0d0887
1	82853155	82880989	1	266023322	266053427	0d0887
1	280656639	280765480	1	61993468	62102786	0d0887
7	10650204	10670668	7	10322261	10341332	9c179e
15	8484689	8498860	13	8999023	9014330	fb9f3a
2	157533851	157547077	2	162425730	162455313	2e0595
15	16791579	16885398	13	267427	396217	fb9f3a
1	267199755	267223821	1	75839194	75869453	0d0887
1	6742690	6744661	1	344905436	344907407	0d0887
19	4485279	4498901	12	13841581	13855244	f0f921
8	40993642	41010012	8	39392850	39410580	ad2793
3	146453069	146478667	3	58072481	58098571	46039f
3	86007855	86016312	3	119839986	119848990	46039f
19	7525352	7541629	12	10812234	10833785	f0f921
16	2818971	2827957	17	2665062	2674566	fdb42f
1	114858261	114867187	1	233066494	233079561	0d0887
1	99041624	99057412	1	249740564	249756611	0d0887
7	89769446	89793019	7	84319592	84346398	9c179e
1	147068889	147148267	1	199406501	199480845	0d0887
14	15332763	15341106	14	5145662	5154200	f58b47
15	4681819	4736864	13	12842981	12902870	fb9f3a
13	12620550	12636546	11	13096220	13111110	ed7953
6	25575903	25609549	6	75202171	75233595	8808a6
17	4305069	4319996	18	6824803	6839683	fdca26
1	189031107	189033051	1	155497209	155499153	0d0887
12	139269	143657	10	18082271	18086732	e3685f
1	205604055	205641011	1	138566473	138605378	0d0887
12	9934418	9994213	10	11902880	11964272	e3685f
1	215016454	215044251	1	128734039	128762679	0d0887
6	5498541	5523888	6	94433308	94464789	8808a6
16	2085637	2140164	17	1912653	1964464	fdb42f
16	12123123	12128197	17	12675138	12680231	fdb42f
15	3586863	3602538	13	14031144	14049344	fb9f3a
3	35895379	35907861	3	170549981	170554541	46039f
1	339876493	339901042	1	696718	725074	0d0887
3	173972661	173986473	3	29644130	29658716	46039f
3	200347600	200378899	3	2410468	2447043	46039f
2	156761734	156804323	2	161591307	161637219	2e0595
1	316979802	317003236	1	24836105	24855605	0d0887
12	8371088	8384512	10	13614214	13628077	e3685f
14	3584079	3589731	14	13985408	13991710	f58b47
1	83968339	84026997	1	264804670	264864361	0d0887
1	187427525	187508310	1	157038885	157129077	0d0887
17	1769547	1825787	18	9759359	9773777	fdca26
6	41046556	41070802	6	59509914	59533022	8808a6
1	153564488	153566495	1	192806502	192808509	0d0887
15	615328	634618	13	17118773	17137335	fb9f3a
7	89189125	89217896	7	83736630	83765212	9c179e
1	73092780	73125118	1	275761692	275794232	0d0887
6	25657645	25696495	6	75112854	75151898	8808a6
7	25899762	25915322	7	25895792	25909086	9c179e
3	107122323	107132137	3	97915229	97925186	46039f
3	119368106	119385867	3	85554667	85573221	46039f
1	239834566	239859774	1	103523268	103547816	0d0887
14	4962005	4976400	14	12619113	12632635	f58b47
1	66066018	66096837	1	282893433	282914419	0d0887
3	47313647	47326889	3	159324529	159342507	46039f
1	204912027	204949717	1	139295140	139334194	0d0887
6	56069654	56126986	6	43962729	44026740	8808a6
1	277813024	277830382	1	65045130	65065868	0d0887
13	7545770	7557490	11	7834599	7846603	ed7953
15	15599732	15605616	13	1601643	1607960	fb9f3a
3	50629654	50645262	3	155811665	155828124	46039f
16	1144925	1162051	17	848312	885830	fdb42f
2	190653840	190678006	2	196999932	197026118	2e0595
15	8265911	8276334	13	9225702	9237445	fb9f3a
14	389153	401353	14	17212800	17225307	f58b47
5	4147975	4179947	5	4252981	4273910	7201a8
2	177571989	177580763	2	183184413	183193719	2e0595
2	11280998	11299131	2	11117307	11137340	2e0595
3	23426112	23438338	3	183371489	183383628	46039f
1	50515460	50520954	1	299120343	299124923	0d0887
6	38731727	38785467	6	61723394	61754491	8808a6
13	3651811	3664641	11	3725377	3740131	ed7953
14	6541196	6563813	14	10993496	11015948	f58b47
6	93625338	93627003	6	5874877	5876548	8808a6
5	18082782	18085040	5	18597757	18599992	7201a8
2	205376374	205394974	2	212266711	212277546	2e0595
6	31816202	31818119	6	68668820	68670740	8808a6
2	133676320	133800936	2	137114939	137270831	2e0595
1	77310533	77312441	1	271425357	271427265	0d0887
11	22499388	22508049	9	23839895	23848256	d8576b
1	215075059	215087155	1	128684853	128699221	0d0887
1	40294343	40313049	1	309742306	309762199	0d0887
1	159783942	159787447	1	186508734	186512288	0d0887
12	740925	747660	10	18706574	18725246	e3685f
1	27942839	27958970	1	322544583	322561579	0d0887
2	195352896	195388075	2	201812937	201848778	2e0595
8	55041225	55058536	8	25697044	25719914	ad2793
16	2187264	2211752	17	2006623	2029068	fdb42f
1	111410788	111438357	1	236642767	236663428	0d0887
5	26156373	26169504	5	26967894	26988196	7201a8
1	66651694	66666731	1	282332887	282351609	0d0887
4	50490751	50522083	4	53407583	53442308	5c01a6
6	45310155	45329743	6	55084546	55117949	8808a6
1	55710135	55757126	1	293708721	293747996	0d0887
2	28663235	28689030	2	28884222	28919652	2e0595
16	7960094	7976163	17	8315675	8334348	fdb42f
1	319234287	319260116	1	22459030	22489107	0d0887
6	86009206	86027263	6	14002872	14020529	8808a6
8	43238262	43259373	8	37048095	37076661	ad2793
1	227713155	227727986	1	115404450	115419581	0d0887
2	152511667	152550859	2	157134536	157181268	2e0595
6	93919580	93928190	6	5571499	5579787	8808a6
1	336396964	336429115	1	4464518	4501302	0d0887
3	164297061	164320082	3	39521239	39542877	46039f
6	32863814	32865629	6	67553809	67555624	8808a6
8	21804074	21833125	8	59750496	59784817	ad2793
1	254653653	254681658	1	88670115	88702027	0d0887
8	69758963	69798107	8	9181513	9226443	ad2793
4	2616169	2636530	4	3067907	3086444	5c01a6
2	217368933	217412554	2	224890888	224923449	2e0595
1	259637474	259655383	1	83518017	83536023	0d0887
11	20693908	20700021	9	21883214	21890290	d8576b
15	9032792	9065306	13	8376590	8410329	fb9f3a
7	33058257	33081253	7	33394922	33422847	9c179e
1	181514667	181528618	1	162460362	162474510	0d0887
8	19207512	19253844	8	62525140	62574528	ad2793
3	131049597	131073748	3	73601477	73623248	46039f
11	7692819	7694370	9	8510691	8512242	d8576b
4	9153652	9171600	4	9079806	9096684	5c01a6
2	21138398	21189555	2	21088183	21161649	2e0595
1	236791516	236832009	1	106650471	106694704	0d0887
5	119346617	119401107	5	119205896	119253609	7201a8
4	86378	92021	4	231723	240012	5c01a6
1	104159522	104231367	1	244251740	244266138	0d0887
3	17301378	17316037	3	189466848	189481900	46039f
3	114923396	114930964	3	90001789	90010231	46039f
2	212895695	212912720	2	220172219	220195021	2e0595
3	194934037	195003133	3	8097290	8199484	46039f
2	191642585	191683670	2	198006373	198047870	2e0595
19	2885873	2898232	12	15092266	15105552	f0f921
1	179015947	179051668	1	164581082	164618542	0d0887
3	123198904	123223578	3	81634374	81658439	46039f
3	64614252	64643193	3	141620857	141653627	46039f
6	51598703	51624092	6	48597545	48622859	8808a6
3	168967006	168991231	3	34763287	34790903	46039f
1	8854688	8898018	1	342639695	342697098	0d0887
5	56080699	56114605	5	56624088	56653251	7201a8
1	41746528	41777448	1	308152740	308173927	0d0887
3	159153667	159216358	3	44664330	44725955	46039f
11	20578512	20581864	9	21752251	21755574	d8576b
14	4834247	4851514	14	12743774	12757349	f58b47
3	63662055	63739870	3	142574367	142657975	46039f
5	30255138	30298051	5	31083973	31119296	7201a8
2	220680735	220705365	2	228106129	228128916	2e0595
1	119023463	119043568	1	228573830	228593324	0d0887
2	217116870	217164118	2	224601304	224662341	2e0595
17	8626861	8630354	18	2558126	2561680	fdca26
7	90675268	90700028	7	85195559	85224254	9c179e
6	219349	236098	6	99879359	99896546	8808a6
5	20753608	20780597	5	21386917	21417229	7201a8
1	35823694	35902139	1	314245126	314343971	0d0887
3	92220291	92452865	3	112933032	113155262	46039f
1	68963381	68977297	1	279913829	279930309	0d0887
1	229377961	229408027	1	113628573	113657546	0d0887
4	5243910	5257733	4	5237003	5248800	5c01a6
11	15402863	15414290	9	16374928	16387023	d8576b
14	6511294	6523354	14	11032959	11045846	f58b47
1	126052168	126067625	1	221282031	221299425	0d0887
2	156468600	156484408	2	161378077	161394180	2e0595
16	11012189	11019694	17	11547505	11554926	fdb42f
3	27369474	27376557	3	179340954	179348957	46039f
3	157822405	157838351	3	46106133	46122244	46039f
1	184067595	184150763	1	160259165	160344369	0d0887
13	15839662	15845438	11	16449840	16456158	ed7953
6	18412489	18423650	6	82405819	82416045	8808a6
8	76328783	76346073	8	2611771	2633606	ad2793
6	56036037	56063656	6	44031476	44058731	8808a6
11	8485569	8511649	9	9329772	9354515	d8576b
4	58149573	58193921	4	61571942	61610211	5c01a6
1	165595561	165612962	1	180933810	180954476	0d0887
3	160649964	160682193	3	43250218	43277603	46039f
6	58221307	58246547	6	41884650	41907830	8808a6
1	73260286	73290399	1	275576076	275613990	0d0887
1	233605389	233628171	1	109646437	109668334	0d0887
15	14336425	14338267	13	2964433	2966275	fb9f3a
11	10562621	10567401	9	11415545	11419888	d8576b
5	34099014	34147642	5	34795497	34914450	7201a8
1	340309939	340331299	1	310884	332590	0d0887
8	25493162	25516035	8	55805126	55830174	ad2793
2	214825719	214836982	2	222122588	222133876	2e0595
3	175624518	175653282	3	27959978	27983688	46039f
3	155741986	155766935	3	48423275	48457977	46039f
16	11838015	11843820	17	12395907	12401651	fdb42f
6	44444388	44463329	6	56011763	56029821	8808a6
4	24403869	24426836	4	25301632	25320149	5c01a6
4	73907481	73935381	4	76548683	76591350	5c01a6
2	179470086	179498426	2	185183955	185209483	2e0595
6	38421591	38427460	6	62068917	62075322	8808a6
11	20216916	20229271	9	21371654	21387392	d8576b
15	13299243	13312449	13	3898951	3911719	fb9f3a
2	21669356	21685370	2	21662998	21689991	2e0595
2	68278635	68285811	2	69080966	69096395	2e0595
1	287210371	287231053	1	55364619	55385613	0d0887
2	147672991	147723432	2	152194687	152243558	2e0595
19	7319111	7344918	12	11026026	11055940	f0f921
14	7067819	7069625	14	10476507	10478313	f58b47
1	72170070	72192852	1	276756914	276778497	0d0887
3	25652516	25685149	3	181072674	181107377	46039f
3	95039472	95109661	3	110422264	110482711	46039f
14	9437963	9462171	14	7963089	7990323	f58b47
10	627084	637812	16	584509	595237	cc4778
1	314335973	314346419	1	27512224	27522696	0d0887
1	13323015	13350861	1	337668500	337701378	0d0887
3	123636865	123666471	3	81176049	81204993	46039f
8	35463358	35492728	8	45189565	45210463	ad2793
15	11793579	11806467	13	5554461	5566168	fb9f3a
5	16437473	16447415	5	16967678	16978152	7201a8
5	79507345	79539153	5	79131274	79154085	7201a8
4	9552705	9576166	4	9499205	9522311	5c01a6
3	119151451	119208276	3	85766982	85826042	46039f
2	212855477	212864660	2	220124024	220133576	2e0595
1	149168312	149180477	1	197360022	197369529	0d0887
2	80519096	80520914	2	81084955	81086773	2e0595
1	250242810	250251958	1	93081308	93090374	0d0887
1	317241862	317255699	1	24535336	24549713	0d0887
3	184909490	184954954	3	18254137	18297692	46039f
3	141125752	141228375	3	63494431	63540876	46039f
1	194063525	194082722	1	150175989	150196668	0d0887
3	179579713	179621224	3	23818378	23864868	46039f
1	265781759	265815390	1	77385252	77416203	0d0887
1	195064456	195097211	1	149138764	149174681	0d0887
5	64873578	64887517	5	65772620	65781208	7201a8
13	3231649	3240306	11	3300205	3308939	ed7953
1	335179739	335207323	1	5759430	5782902	0d0887
6	53388279	53601497	6	46541757	46758729	8808a6
2	61550665	61573377	2	61977083	62000196	2e0595
12	3471024	3487830	10	21448302	21463998	e3685f
1	42227314	42252118	1	307695564	307721921	0d0887
12	13108326	13132001	10	8675462	8700729	e3685f
3	144660198	144687093	3	59877944	59906209	46039f
2	1810342	1824508	2	1659232	1671970	2e0595
1	11485536	11497538	1	339690959	339703099	0d0887
2	189731869	189751404	2	195900990	195924579	2e0595
1	122925250	122944613	1	224622532	224640482	0d0887
8	38335773	38340948	8	42214997	42220192	ad2793
16	9644456	9655587	17	10147288	10156321	fdb42f
3	100078431	100116554	3	105881486	105911389	46039f
17	261493	276175	18	11183947	11199861	fdca26
2	234423899	234435922	2	242161146	242173245	2e0595
16	11784848	11792140	17	12342833	12350211	fdb42f
6	67288079	67311123	6	32694977	32720648	8808a6
3	131113922	131145715	3	73516879	73552593	46039f
2	147348718	147364328	2	151759970	151775143	2e0595
1	336132016	336161346	1	4768577	4811906	0d0887
1	113199	118670	1	351939849	351945153	0d0887
6	38828008	38850928	6	61601066	61624606	8808a6
3	32622240	32628257	3	173984713	173990289	46039f
6	20407055	20437691	6	80417122	80449385	8808a6
19	3008338	3018296	12	15219275	15228255	f0f921
1	271836579	271838373	1	71188181	71189975	0d0887
3	107039223	107054104	3	98000914	98015478	46039f
4	20613571	20655223	4	21249462	21294984	5c01a6
1	1949424	1972083	1	350343146	350369426	0d0887
7	33913366	33937095	7	34235461	34252957	9c179e
8	28954937	28974395	8	52073632	52094062	ad2793
5	3998839	4081979	5	4087191	4192822	7201a8
4	44439047	44451214	4	46485231	46493716	5c01a6
17	11015219	11025585	18	166943	177328	fdca26
1	301552530	301565588	1	40219952	40232610	0d0887
2	67036979	67070254	2	67569617	67605186	2e0595
3	140120971	140156402	3	64517438	64554466	46039f
14	8419143	8449534	14	9052117	9081641	f58b47
17	10696587	10701778	18	491188	496398	fdca26
3	45504036	45525355	3	161007242	161030321	46039f
5	74541862	74668493	5	74612675	74691551	7201a8
3	169040500	169063314	3	34683190	34702425	46039f
2	133234377	133264465	2	136653773	136686815	2e0595
1	251660397	251675799	1	91564066	91579338	0d0887
2	30004920	30043650	2	30398326	30436449	2e0595
2	152161450	152178871	2	156776492	156794952	2e0595
6	55934118	55962245	6	44131974	44161084	8808a6
10	11464076	11511550	16	11988673	12035058	cc4778
3	62066597	62098907	3	144328704	144365595	46039f
3	186248096	186254310	3	16966589	16973520	46039f
6	85459466	85469273	6	14591047	14601360	8808a6
12	16542351	16547035	10	5070092	5075048	e3685f
1	129332858	129716183	1	217531728	217992688	0d0887
14	10156425	10167203	14	7285309	7297746	f58b47
2	101021629	101033175	2	100666315	100678668	2e0595
13	7897418	7899366	11	8159278	8210702	ed7953
1	273423470	273432459	1	69554521	69563578	0d0887
2	133043230	133084339	2	136437872	136485340	2e0595
2	214943016	214952176	2	222247750	222262245	2e0595
8	30861702	30897105	8	49934865	49975266	ad2793
1	260861429	260884234	1	82265976	82297879	0d0887
2	198855826	198877724	2	205339845	205365139	2e0595
1	94572924	94592623	1	254152250	254172787	0d0887
13	12483339	12500266	11	12951107	12969740	ed7953
7	71840461	71853070	7	65557388	65569311	9c179e
8	75223828	75240148	8	3695674	3713161	ad2793
8	70317262	70337824	8	8692975	8709292	ad2793
17	10882680	10885901	18	309968	313146	fdca26
3	197297025	197349323	3	5610475	5671282	46039f
1	17531440	17542199	1	333246388	333257867	0d0887
12	982787	994294	10	18962623	18973909	e3685f
1	116556674	116569222	1	231256442	231269555	0d0887
19	3889509	3902841	12	14419827	14432001	f0f921
1	267883849	267890766	1	75094949	75101379	0d0887
15	5126166	5127933	13	12421177	12422944	fb9f3a
13	18047069	18053331	11	18857351	18865027	ed7953
11	19495646	19524242	9	20607302	20638175	d8576b
2	32321588	32323355	2	32824149	32825916	2e0595
17	10131528	10138826	18	987121	994440	fdca26
1	195499238	195503521	1	148709549	148715054	0d0887
13	16975555	16985609	11	17655697	17666038	ed7953
5	35241311	35257611	5	36076193	36093205	7201a8
6	62415695	62522939	6	37560836	37659815	8808a6
1	173068176	173109692	1	172409956	172465081	0d0887
14	992487	1001882	14	16601362	16609837	f58b47
1	6055681	6086855	1	345619981	345653167	0d0887
6	26996007	27013964	6	73707775	73725021	8808a6
3	20409143	20441020	3	186379798	186402934	46039f
6	80858695	80885112	6	19592255	19611191	8808a6
1	142507090	142642933	1	204023519	204142267	0d0887
8	7702023	7753255	8	74384963	74438368	ad2793
1	334753133	334818459	1	6162680	6223696	0d0887
3	201629447	201739908	3	1382689	1498364	46039f
2	25954031	25961169	2	26104764	26111398	2e0595
1	284098536	284122410	1	58561898	58588447	0d0887
3	137969465	138060651	3	66683622	66773546	46039f
1	64006165	64025695	1	285135950	285158847	0d0887
5	65998036	65999788	5	66802434	66804186	7201a8
13	17690890	17725094	11	18382608	18461060	ed7953
15	14796425	14821547	13	2437276	2458464	fb9f3a
3	188734513	188754497	3	14547395	14572905	46039f
1	75641562	75657505	1	272954765	272970375	0d0887
5	22067757	22090552	5	22778021	22799891	7201a8
8	29462365	29486035	8	51524696	51546485	ad2793
1	327545809	327588880	1	13860828	13905023	0d0887
1	23678791	23706015	1	327039628	327071929	0d0887
3	147164245	147177339	3	57292230	57305227	46039f
6	52344711	52364582	6	47823934	47850499	8808a6
3	50573972	50600844	3	155858046	155885615	46039f
7	13003250	13052407	7	12783118	12840652	9c179e
7	47664049	47684437	7	48444408	48460847	9c179e
1	108428	110252	1	351947945	351949766	0d0887
1	312096940	312125730	1	29942200	29978434	0d0887
16	10814396	10822355	17	11347530	11355687	fdb42f
8	48091017	48117555	8	31775753	31804441	ad2793
4	73619236	73705552	4	76287933	76367249	5c01a6
6	86301607	86402555	6	13596146	13710983	8808a6
6	18341279	18378763	6	82450643	82515586	8808a6
6	42351421	42365591	6	58144036	58156637	8808a6
1	244878381	244896471	1	98501351	98520540	0d0887
14	1491669	1497561	14	16090355	16096761	f58b47
3	14457778	14470832	3	192275788	192290938	46039f
3	142364452	142376090	3	62186624	62198178	46039f
2	212498068	212523024	2	219738381	219764971	2e0595
2	177137148	177149805	2	182738639	182754184	2e0595
16	11768037	11774111	17	12326573	12332350	fdb42f
4	20240117	20257089	4	20846764	20864230	5c01a6
4	50744472	50746206	4	53691357	53693091	5c01a6
3	134725636	134739849	3	70069598	70084733	46039f
4	98973992	99045246	4	102038650	102086535	5c01a6
5	81606318	81689224	5	80958734	81029455	7201a8
14	15884627	15895783	14	5724878	5736298	f58b47
17	8564620	8577562	18	2606407	2619081	fdca26
5	94021260	94048685	5	93476142	93508391	7201a8
8	24737535	24752363	8	56646508	56664897	ad2793
2	61253659	61255342	2	61656685	61658368	2e0595
2	168862454	169019274	2	174407943	174579086	2e0595
17	10390491	10396167	18	796572	802164	fdca26
1	86777462	86796300	1	262099640	262124071	0d0887
5	91102570	91128332	5	90411610	90441572	7201a8
7	80176112	80196066	7	74580577	74598508	9c179e
2	152842661	152859025	2	157481998	157490034	2e0595
1	70919357	70979978	1	278050292	278103742	0d0887
3	115307260	115335352	3	89579161	89606621	46039f
13	13475904	13553844	11	14018743	14106059	ed7953
5	9547918	9596543	5	9756858	9813109	7201a8
2	216844410	217005297	2	224323830	224494531	2e0595
13	1928773	1947336	11	1938604	1957426	ed7953
3	115230212	115243642	3	89665734	89678251	46039f
7	23119574	23149674	7	23087665	23115431	9c179e
16	7868196	7869906	17	8219151	8220861	fdb42f
3	140078906	140103855	3	64569717	64596064	46039f
5	68174538	68271797	5	69297772	69432489	7201a8
3	171522617	171540388	3	32147292	32170179	46039f
2	212535270	212568319	2	219778289	219808208	2e0595
3	165866680	165875687	3	37977885	37987319	46039f
2	190883362	190891257	2	197256056	197263609	2e0595
13	3838939	3859343	11	3915856	3935801	ed7953
6	10258474	10292530	6	90698291	90733269	8808a6
11	6901554	6944970	9	7709279	7755312	d8576b
1	190801953	190812705	1	153651162	153660845	0d0887
8	37738626	37750539	8	42819766	42834044	ad2793
8	25249079	25263785	8	56062902	56083438	ad2793
6	48555080	48676754	6	51485223	51636430	8808a6
3	177870010	177894900	3	25687965	25711504	46039f
1	319426974	319443584	1	22259359	22277923	0d0887
3	175702374	175768378	3	27841956	27907914	46039f
12	8211060	8225087	10	13785168	13805918	e3685f
1	20896966	20904052	1	329981740	329991059	0d0887
8	75837281	75866453	8	3075520	3098070	ad2793
6	93933343	93940987	6	5554210	5562348	8808a6
3	89052558	89113961	3	116474869	116544746	46039f
4	7745120	7755079	4	7669559	7679265	5c01a6
6	33123045	33156662	6	67265107	67297557	8808a6
3	170278818	170306682	3	33346742	33369712	46039f
1	247177383	247199231	1	96190950	96214810	0d0887
19	5970695	5977401	12	12428471	12435326	f0f921
15	13757791	13763621	13	3553755	3559516	fb9f3a
11	13127830	13135807	9	13962460	13972103	d8576b
1	51212066	51238331	1	298395320	298421026	0d0887
2	51195843	51235086	2	51731016	51784840	2e0595
5	32497015	32509560	5	33357410	33367372	7201a8
11	20561910	20576841	9	21736963	21750597	d8576b
3	159756320	159761710	3	44098069	44103472	46039f
14	3096014	3115083	14	14455845	14477138	f58b47
1	28093433	28098926	1	322405395	322410886	0d0887
3	13857990	13886416	3	192906368	192930983	46039f
7	33574648	33606763	7	33861957	33886797	9c179e
1	259707479	259732881	1	83434103	83468111	0d0887
8	8015552	8033904	8	74112451	74131127	ad2793
1	34175503	34207769	1	315995650	316027155	0d0887
1	116879232	116905917	1	230908836	230934721	0d0887
16	12318399	12328534	17	12874936	12885371	fdb42f
1	340024789	340030876	1	594190	599760	0d0887
3	2801656	2826662	3	204010649	204035636	46039f
7	85859042	85874646	7	80348945	80364601	9c179e
1	45900	70338	1	352007663	352025155	0d0887
16	1331938	1363363	17	1096916	1135459	fdb42f
2	28625774	28641421	2	28847388	28862627	2e0595
16	11443845	11449189	17	11984798	11990091	fdb42f
7	23492757	23522678	7	23476309	23504358	9c179e
13	740114	741857	11	755258	757446	ed7953
15	14766585	14776516	13	2478297	2490817	fb9f3a
15	11175533	11205848	13	6189767	6220031	fb9f3a
17	8082730	8092146	18	3114675	3171902	fdca26
3	124083269	124102498	3	80702012	80721761	46039f
8	77201254	77224642	8	1807902	1826889	ad2793
1	195986243	196071918	1	148154900	148243184	0d0887
1	259218322	259261335	1	83915579	83960102	0d0887
1	8277153	8317455	1	343268915	343306196	0d0887
16	6881592	6891441	17	7101464	7111377	fdb42f
12	777109	785002	10	18745335	18753323	e3685f
15	13201806	13239611	13	3966166	4007086	fb9f3a
3	89784691	89801397	3	115794921	115810257	46039f
4	31615429	31627733	4	32896496	32908905	5c01a6
1	150153694	150175936	1	196320939	196346942	0d0887
4	89314525	89327299	4	91454779	91468037	5c01a6
2	206172754	206202470	2	213213506	213242177	2e0595
1	277591492	277606952	1	65288133	65304310	0d0887
2	133967763	133991502	2	137473652	137498837	2e0595
1	16762580	16788990	1	334071548	334098941	0d0887
2	135044506	135089976	2	138583294	138633183	2e0595
6	60845603	60863166	6	39263897	39280716	8808a6
7	31876739	31907054	7	32181670	32211498	9c179e
2	165129374	165148329	2	170409823	170433841	2e0595
11	6187196	6237257	9	7040097	7047093	d8576b
1	73193739	73210337	1	275666559	275686379	0d0887
5	61898419	61937877	5	62703364	62748125	7201a8
4	86341768	86362690	4	87780525	87808611	5c01a6
2	61430968	61480765	2	61845761	61900930	2e0595
15	1288276	1293872	13	16420915	16426537	fb9f3a
1	292677507	292684846	1	49716146	49726904	0d0887
1	4383886	4396165	1	347576857	347588708	0d0887
7	2508999	2527777	7	2244111	2266143	9c179e
8	20888170	20897417	8	60777121	60787397	ad2793
15	6178649	6187689	13	11290656	11300148	fb9f3a
1	94502716	94536856	1	254212821	254242931	0d0887
10	11045210	11056578	16	11527012	11542665	cc4778
6	31537668	31569830	6	68926166	68954514	8808a6
14	8109539	8118866	14	9396280	9431586	f58b47
1	293364573	293384390	1	48941749	48958748	0d0887
6	91655350	91657958	6	8008973	8011728	8808a6
5	51669894	51691318	5	52307127	52333918	7201a8
5	84167307	84328048	5	83458353	83588991	7201a8
8	60406268	60414289	8	18756990	18765017	ad2793
1	37568	42424	1	352028496	352032338	0d0887
7	19961185	19983299	7	19779818	19798742	9c179e
6	38178162	38190372	6	62251854	62265155	8808a6
19	443921	509425	12	17879054	17883060	f0f921
2	41528097	41540924	2	42041479	42054548	2e0595
2	199061766	199071091	2	205577755	205589583	2e0595
1	265703753	265740803	1	77458887	77495756	0d0887
2	203684905	203686573	2	210407921	210409589	2e0595
18	418464	425968	12	10115886	10123382	f8e125
3	110839883	110850552	3	94125754	94137271	46039f
3	178648784	178662058	3	24805078	24823791	46039f
11	2204763	2217296	9	2248942	2262577	d8576b
1	215154216	215247936	1	128534144	128621789	0d0887
3	37272072	37347501	3	169117874	169198804	46039f
2	73875944	73903463	2	74690312	74721990	2e0595
3	194413321	194422436	3	8746270	8755062	46039f
7	47826812	47842732	7	48633429	48647599	9c179e
1	149268449	149276773	1	197267645	197273246	0d0887
6	49197784	49199431	6	50944755	50946402	8808a6
2	154816321	154821743	2	159616972	159624850	2e0595
2	152049744	152138674	2	156657761	156753789	2e0595
2	217347122	217348760	2	224873957	224875595	2e0595
7	48577911	48579504	7	49297861	49299454	9c179e
1	285510326	285672795	1	56897616	57078193	0d0887
2	40877522	40895184	2	41362048	41380918	2e0595
1	72262731	72286442	1	276660446	276687315	0d0887
16	2736803	2772751	17	2583010	2623463	fdb42f
2	16065664	16087186	2	15944626	15966699	2e0595
1	81679581	81707178	1	267244456	267273966	0d0887
4	71430569	71496111	4	74544223	74620135	5c01a6
16	11911553	11924553	17	12473223	12480321	fdb42f
7	26602347	26612505	7	26662378	26672671	9c179e
3	160695819	160706308	3	43230958	43237233	46039f
6	84258148	84297751	6	15856131	15917458	8808a6
6	81129328	81164238	6	19303636	19350326	8808a6
1	262068372	262091396	1	81170631	81194389	0d0887
3	48174822	48176499	3	158377923	158379600	46039f
2	18236430	18259940	2	18241372	18265511	2e0595
17	7071690	7078733	18	4117508	4127941	fdca26
3	68247674	68267179	3	138078554	138095688	46039f
1	98903455	98929935	1	249876439	249895868	0d0887
1	308010295	308078095	3	143717485	143775492	0d0887
2	232700706	232710029	2	240414544	240424674	2e0595
3	179652495	179658131	3	23772968	23782949	46039f
2	96982759	96994689	2	96509113	96520448	2e0595
7	25928515	25947720	7	25920946	25941781	9c179e
3	99034228	99171484	3	106811039	106949280	46039f
3	139954718	140055148	3	64619114	64724826	46039f
14	9769511	9801962	14	7634466	7663375	f58b47
6	46703015	46719441	6	53652847	53676388	8808a6
7	15321228	15359438	7	15213811	15247212	9c179e
6	71057720	71074858	6	28630902	28646991	8808a6
1	48653011	48665925	1	301154771	301167584	0d0887
1	79341420	79351108	1	269619805	269630724	0d0887
3	91219638	91235950	3	114285367	114304421	46039f
10	16577847	16587472	15	10849971	10860731	cc4778
6	30678227	30706391	6	69877985	69912424	8808a6
2	167987471	167989085	2	173494187	173495816	2e0595
7	47274316	47302423	7	48046475	48081039	9c179e
1	239375047	239391788	1	103993549	104011712	0d0887
5	10859323	10933178	5	11158609	11213623	7201a8
1	226302809	226316478	1	116776132	116791632	0d0887
5	13251398	13267060	5	13626529	13642359	7201a8
5	36490524	36516237	5	37191296	37196673	7201a8
7	28444222	28449256	7	28481235	28486321	9c179e
1	159689026	159695829	1	186613514	186620248	0d0887
16	12457578	12466576	17	13012366	13021403	fdb42f
8	57632596	57785238	8	21953350	22124743	ad2793
7	27086594	27108372	7	27119048	27138717	9c179e
4	21532010	21574661	4	22239617	22279926	5c01a6
1	302229078	302248388	1	39485866	39503325	0d0887
8	60316742	60344586	8	19296569	19315980	ad2793
1	72606591	72608040	1	276338819	276340268	0d0887
3	202721066	202725806	3	359177	363909	46039f
5	30438361	30448413	5	31265146	31280635	7201a8
1	227748285	227771504	1	115354514	115384752	0d0887
8	64570186	64589052	8	14508225	14525126	ad2793
11	20339119	20346335	9	21508764	21515954	d8576b
2	243048515	243144239	2	251092550	251188493	2e0595
6	95917166	95937150	6	3484041	3504769	8808a6
4	80687972	80697360	4	82237096	82246882	5c01a6
5	68331092	68340767	5	69520438	69565793	7201a8
1	32921016	32988014	1	317242837	317312396	0d0887
4	86638654	86679636	4	88108966	88166952	5c01a6
1	107608999	107633048	1	240854273	240878120	0d0887
14	5761021	5773640	14	11815680	11826342	f58b47
11	20651509	20657958	9	21828884	21836063	d8576b
1	339430157	339434718	1	1130471	1135059	0d0887
3	123162573	123195126	3	81662223	81696674	46039f
2	93280545	93314738	2	92600197	92642131	2e0595
1	176709540	176748026	1	166868207	166896399	0d0887
17	9868357	9883571	18	1323099	1334980	fdca26
19	6994265	7003631	12	11367028	11384471	f0f921
2	54762332	54763892	2	55315864	55317424	2e0595
2	103303772	103329908	2	103179159	103216392	2e0595
7	41677704	41709687	7	42204806	42260433	9c179e
13	7579502	7581110	11	7874426	7876034	ed7953
7	72004564	72037875	7	65688561	65726229	9c179e
5	51596381	51626215	5	52263256	52268125	7201a8
17	8296076	8302327	18	2889738	2895595	fdca26
3	83288874	83314405	3	122648380	122669168	46039f
1	267659791	267693894	1	75344153	75370794	0d0887
1	18622917	18639867	1	332042817	332060223	0d0887
1	226640267	226677700	1	116407747	116440343	0d0887
8	17218546	17235424	8	64643866	64659213	ad2793
14	1082173	1087103	14	16515558	16520819	f58b47
2	33942814	33964610	2	34403860	34423960	2e0595
8	4553653	4575723	8	77659294	77677329	ad2793
2	72682165	72697596	2	73529740	73545988	2e0595
3	25932833	25934441	3	180819402	180821010	46039f
2	232797021	232820599	2	240507693	240530265	2e0595
2	33627711	33655058	2	34122984	34146788	2e0595
13	721452	729247	11	736337	744243	ed7953
1	124021603	124180242	1	223263279	223456043	0d0887
3	150895092	150914611	3	53568370	53589001	46039f
4	134295215	134306179	4	138283754	138294805	5c01a6
3	54076244	54077843	3	152388323	152389922	46039f
1	316970512	316976229	1	24858653	24864329	0d0887
1	194607517	194609062	1	149642727	149644272	0d0887
4	8990078	9120186	4	8917281	9043820	5c01a6
2	189683490	189700644	2	195853831	195860984	2e0595
3	197448638	197459666	3	5491650	5504182	46039f
2	159714299	159745125	2	164703533	164751666	2e0595
4	49086020	49114837	4	51776208	51811773	5c01a6
7	71865780	71874592	7	65579334	65587371	9c179e
1	241868124	241917533	1	101451558	101519155	0d0887
1	319333087	319345305	1	22361955	22376151	0d0887
3	179882707	179951014	3	23523321	23587775	46039f
3	55025967	55108733	3	151383714	151461659	46039f
1	321099250	321118180	1	20537414	20557395	0d0887
3	197822092	197846713	3	5058414	5090119	46039f
7	8073025	8269598	7	7686961	7884968	9c179e
1	165819870	165852109	1	180701854	180727995	0d0887
5	90604962	90628104	5	89929211	89953543	7201a8
12	15249096	15277577	10	6605391	6641047	e3685f
2	216332758	216342296	2	223757051	223766659	2e0595
1	298617699	298619280	1	43372311	43373892	0d0887
1	273133711	273135277	1	69851245	69852811	0d0887
3	139113223	139138606	3	65536726	65563395	46039f
4	86550225	86571058	4	88016814	88031369	5c01a6
2	90679868	90693781	2	89991717	90007184	2e0595
3	2461247	2502534	3	204474369	204508893	46039f
1	68737845	68838220	1	280064876	280171286	0d0887
14	3214759	3223924	14	14353600	14362896	f58b47
1	239107038	239107911	1	104306443	104307316	0d0887
2	201236857	201259151	2	207887190	207910302	2e0595
1	205486740	205491838	1	138727335	138732444	0d0887
3	142387077	142412612	3	62147460	62174783	46039f
1	61817478	61819065	1	287468031	287469618	0d0887
3	193729741	193740045	3	9438321	9451282	46039f
8	43191114	43217808	8	37097676	37136031	ad2793
3	87784301	87834256	3	117922378	117978815	46039f
1	309958272	309979149	1	31642954	31659861	0d0887
14	12711570	12740939	14	2375690	2402320	f58b47
16	8767562	8820073	17	9276408	9326490	fdb42f
8	78942785	78948350	8	136619	142672	ad2793
1	16273906	16293668	1	334573239	334596063	0d0887
1	172151289	172267097	1	173552999	173707195	0d0887
5	31971071	31984719	5	32796589	32811204	7201a8
7	2774262	2788439	7	2525172	2539712	9c179e
10	6266624	6279988	16	6289154	6310664	cc4778
7	151677	157074	7	143030	148521	9c179e
5	30887377	30893854	5	31741256	31747722	7201a8
8	77139481	77156963	8	1870614	1892376	ad2793
13	871522	882775	11	885912	897889	ed7953
6	47754782	47803930	6	52471945	52521863	8808a6
1	166482056	166506619	1	179924832	179951951	0d0887
2	142977593	142985896	2	147297962	147305098	2e0595
1	71766528	71784061	1	277207303	277222423	0d0887
3	160081247	160107046	3	43851765	43870153	46039f
1	79291421	79292969	1	269681550	269683098	0d0887
19	3215735	3228802	12	15437020	15449505	f0f921
7	24311074	24321048	7	24328354	24337645	9c179e
3	150771840	150773379	3	53721223	53722762	46039f
3	182008892	182012441	3	21436987	21439833	46039f
17	10088221	10089790	18	944332	945904	fdca26
16	974962	983365	17	660628	670421	fdb42f
1	169109336	169119330	1	177157749	177165951	0d0887
18	6898519	6910390	12	2968305	2980318	f8e125
19	4292680	4305208	12	14040496	14054662	f0f921
3	49724760	49741234	3	156731367	156747578	46039f
5	100567962	100584886	5	100332674	100352264	7201a8
7	38205520	38257640	7	38677330	38766382	9c179e
8	5424007	5425573	8	76737608	76739174	ad2793
3	45241696	45259648	3	161270062	161288388	46039f
3	147779777	147788886	3	56665578	56682055	46039f
8	135426	146942	8	81988855	81992393	ad2793
18	885485	897938	12	9618937	9631489	f8e125
5	71306689	71363948	5	72144575	72208084	7201a8
6	87672400	87693766	6	12253708	12277684	8808a6
1	277952427	277959657	1	64923402	64929646	0d0887
2	207100920	207129103	2	214291886	214317464	2e0595
5	31383763	31390117	5	32181839	32189577	7201a8
19	860473	870747	12	17459101	17468529	f0f921
7	47696276	47705036	7	48472674	48481445	9c179e
1	64466064	64467486	1	284640708	284642130	0d0887
12	4926267	4935241	10	17222316	17231570	e3685f
17	8675425	8747875	18	2435825	2511844	fdca26
1	237549383	237561329	1	105930016	105943261	0d0887
5	2111909	2117300	5	2222241	2227754	7201a8
10	16060814	16095969	15	11455023	11473710	cc4778
2	150264374	150286483	2	154798857	154821541	2e0595
16	13051056	13057693	17	13609759	13626592	fdb42f
2	31887847	31910484	2	32321516	32342398	2e0595
17	8459011	8473763	18	2713818	2729032	fdca26
1	119166064	119278583	1	228369640	228483024	0d0887
2	18536069	18562416	2	18546957	18576071	2e0595
2	202167779	202186931	2	208793756	208815253	2e0595
11	8707370	8714578	9	9540053	9546365	d8576b
1	305952616	305990776	1	35842123	35875997	0d0887
6	45612934	45639681	6	54774078	54791333	8808a6
17	2325204	2340190	18	9138243	9154550	fdca26
1	71171336	71178188	1	277838824	277845700	0d0887
15	1811253	1816895	13	15875372	15883404	fb9f3a
7	23588362	23598818	7	23568071	23577033	9c179e
15	8630718	8643520	13	8840313	8856542	fb9f3a
12	3242941	3249450	10	21221464	21227871	e3685f
3	115101629	115112113	3	89812269	89823432	46039f
5	120753678	120767420	5	120634978	120648384	7201a8
2	34015956	34017465	2	34487247	34488756	2e0595
7	89411240	89424430	7	83958539	83974057	9c179e
7	32014190	32033182	7	32329910	32347141	9c179e
4	91651824	91692101	4	93997435	94039498	5c01a6
5	59708578	59732606	5	60554904	60581656	7201a8
1	51486100	51496765	1	298110381	298120284	0d0887
4	38587794	38616757	4	40293538	40329001	5c01a6
7	30150215	30182450	7	30297598	30328533	9c179e
15	3632915	3648523	13	13978785	13997461	fb9f3a
3	160034295	160062267	3	43899535	43949513	46039f
6	30876763	30884462	6	69699783	69707307	8808a6
4	42158200	42160965	4	44116830	44121280	5c01a6
1	195806490	195833648	1	148392351	148414663	0d0887
15	11514822	11533016	13	5835712	5856620	fb9f3a
1	222721174	222747529	1	120933762	120952140	0d0887
1	79363320	79398696	1	269567715	269600692	0d0887
7	14641519	14663790	7	14504924	14524194	9c179e
7	20858796	20874674	7	20741711	20761306	9c179e
13	11214105	11226522	11	11676952	11691535	ed7953
8	59937722	59970903	8	19724284	19769109	ad2793
7	29303649	29318276	7	29382032	29393163	9c179e
4	82162629	82174093	4	83529428	83543502	5c01a6
3	37449686	37457430	3	169001504	169009422	46039f
1	257780166	257785391	1	85382624	85387677	0d0887
1	164325463	164349710	1	182284244	182310917	0d0887
8	4586426	4623895	8	77602925	77648254	ad2793
5	24399445	24445855	5	25146806	25187420	7201a8
2	151348363	151370671	2	155918137	155944470	2e0595
11	4166653	4182874	9	4143477	4161542	d8576b
2	28649538	28658977	2	28870686	28879863	2e0595
3	27388794	27400847	3	179318685	179330781	46039f
10	724444	732554	16	685048	694369	cc4778
16	10531484	10553685	17	11056222	11078658	fdb42f
2	151803150	151815999	2	156413210	156426167	2e0595
1	287609974	287647241	1	54996207	55031363	0d0887
2	98048985	98056031	2	97619925	97625133	2e0595
1	48783232	48792262	1	300991372	301003078	0d0887
17	7222291	7228291	18	3955641	3962722	fdca26
2	32874584	32889468	2	33385392	33397961	2e0595
3	105997369	106020543	3	99347925	99371072	46039f
13	2263450	2273981	11	2273420	2284213	ed7953
5	50248537	50256710	5	50894949	50903594	7201a8
8	77091336	77108502	8	1918898	1930821	ad2793
7	89171701	89179230	7	83715942	83725022	9c179e
3	156705184	156713631	3	47262956	47273908	46039f
13	13885816	13944399	11	14454529	14519487	ed7953
16	12116020	12120316	17	12668243	12672627	fdb42f
11	22784574	22788090	9	24149062	24152646	d8576b
1	142244742	142270940	1	204390628	204419276	0d0887
6	57011482	57038377	6	43142397	43170808	8808a6
6	67627045	67628536	6	32314897	32316388	8808a6
6	47712568	47731326	6	52544481	52558959	8808a6
3	183220754	183230288	3	20185300	20193557	46039f
4	21266610	21377503	4	21970742	22070705	5c01a6
5	8071273	8097140	5	8363015	8387275	7201a8
4	2540787	2552693	4	3004371	3016134	5c01a6
6	91260218	91269523	6	8406970	8415378	8808a6
3	89812469	89823801	3	115771140	115782447	46039f
17	4678011	4718031	18	6415434	6458542	fdca26
11	22654203	22657848	9	24000050	24003699	d8576b
1	328926418	329054569	1	12290957	12439761	0d0887
3	151178778	151189621	3	53289247	53301967	46039f
6	30522871	30571649	6	70013655	70052046	8808a6
8	105887	108536	8	82020747	82023427	ad2793
7	71889504	71914799	7	65603879	65621212	9c179e
16	12132631	12140072	17	12685068	12692475	fdb42f
17	3990963	3996010	18	7150303	7155375	fdca26
1	269950920	269975039	1	72955059	72994337	0d0887
7	89083749	89099921	7	83633724	83649371	9c179e
6	48170407	48178833	6	52045752	52057896	8808a6
1	340458136	340520752	1	129785	136714	0d0887
16	12512962	12522549	17	13072634	13083065	fdb42f
3	20279917	20287937	3	186530745	186538633	46039f
2	205160461	205174902	2	212034405	212049646	2e0595
2	232150544	232200585	2	239872886	239927433	2e0595
3	159049902	159070752	3	44810625	44829774	46039f
15	1371003	1377120	13	16335635	16341847	fb9f3a
1	63454650	63486521	1	285735982	285748419	0d0887
3	135266218	135292734	3	69495858	69520943	46039f
7	24247941	24257883	7	24267859	24277803	9c179e
3	150400716	150405633	3	54098509	54102874	46039f
7	83915170	83929972	7	78263755	78279761	9c179e
6	42072009	42073506	6	58454034	58455531	8808a6
16	1400303	1415455	17	1174187	1189108	fdb42f
7	89573946	89594616	7	84126780	84145589	9c179e
2	164759402	164782340	2	170019795	170044139	2e0595
14	1252701	1273360	14	16322697	16344634	f58b47
6	98746494	98775786	6	476897	505994	8808a6
12	3760238	3769202	10	21710088	21724833	e3685f
15	16414047	16423780	13	762541	772667	fb9f3a
4	5218551	5237267	4	5218777	5233046	5c01a6
15	13133094	13145093	13	4059862	4071880	fb9f3a
4	77812405	77870271	4	79693541	79733054	5c01a6
14	9305370	9312390	14	8121183	8130237	f58b47
2	37405185	37428516	2	37757821	37790035	2e0595
7	78874520	78905948	7	72772575	72800328	9c179e
6	22256648	22276496	6	78656206	78673953	8808a6
3	138743001	138838524	3	65842723	65952324	46039f
1	68582396	68666762	1	280242395	280276967	0d0887
2	222953486	223041392	2	230492123	230582985	2e0595
19	1365254	1369128	12	16966915	16970513	f0f921
5	40639766	40650784	5	41284914	41296727	7201a8
1	293396311	293426262	1	48911169	48928208	0d0887
3	100136495	100145272	3	105856738	105863510	46039f
8	31123612	31183394	8	49604438	49665723	ad2793
1	192805519	192812611	1	151517102	151527287	0d0887
1	126639066	126660995	1	220593818	220655219	0d0887
3	86281857	86292337	3	119559016	119571337	46039f
14	2532856	2538054	14	15055242	15060883	f58b47
2	26869853	26896729	2	27034275	27070524	2e0595
3	137082394	137102691	3	67659619	67681138	46039f
2	221952529	221968214	2	229451228	229468452	2e0595
3	202548014	202557723	3	521723	532523	46039f
1	323919442	323944750	1	17548249	17567195	0d0887
1	293253416	293259122	1	49062643	49068262	0d0887
5	22591640	22607680	5	23322760	23336094	7201a8
1	239720261	239726305	1	103652184	103658257	0d0887
1	184298693	184324289	1	160118761	160138033	0d0887
13	18785390	18834098	11	19690244	19728476	ed7953
4	50101450	50119220	4	52993996	53012293	5c01a6
1	261808084	261838754	1	81421319	81447665	0d0887
3	35338549	35453699	3	171063676	171182260	46039f
1	160200686	160250943	1	186032640	186086522	0d0887
7	20672581	20696256	7	20553384	20580306	9c179e
3	165372891	165386262	3	38499551	38511021	46039f
3	37981339	37983327	3	168447735	168449716	46039f
5	86655407	86718129	5	86213178	86259651	7201a8
16	8141946	8173148	17	8533982	8550793	fdb42f
13	7930077	7955605	11	8244004	8273456	ed7953
2	198524957	198542509	2	204977396	204998036	2e0595
7	29412199	29413702	7	29478723	29480226	9c179e
2	152215152	152233525	2	156842096	156860750	2e0595
3	169378216	169380777	3	34351730	34354303	46039f
3	33969893	33989036	3	172595740	172617817	46039f
14	2463496	2483302	14	15110804	15130008	f58b47
1	101790939	101869848	1	246755042	246836042	0d0887
15	12147592	12154359	13	5199465	5207813	fb9f3a
2	104625702	104655579	2	104666399	104704612	2e0595
2	154332734	154401100	2	159059617	159126982	2e0595
5	56026694	56040771	5	56522315	56577176	7201a8
1	116634708	116641299	1	231176993	231186656	0d0887
17	9770233	9790928	18	1412390	1432691	fdca26
1	319580289	319617211	1	22078764	22106518	0d0887
17	10714757	10724867	18	467935	478067	fdca26
8	26375659	26409279	8	54727363	54759952	ad2793
4	58738276	58834185	4	62222899	62333861	5c01a6
19	204192	207331	12	18107061	18110138	f0f921
19	3197703	3204087	12	15418197	15424618	f0f921
15	11428066	11443359	13	5929165	5944236	fb9f3a
5	50258174	50269291	5	50905040	50914208	7201a8
15	16664767	16670180	13	527611	532968	fb9f3a
2	143096696	143125858	2	147427247	147456698	2e0595
17	1102644	1121279	18	10272117	10290308	fdca26
1	90060946	90069435	1	258698356	258711792	0d0887
2	132837282	132851091	2	136218507	136229381	2e0595
8	64549386	64562309	8	14533895	14545445	ad2793
16	13060170	13066601	17	13618393	13624592	fdb42f
1	200747053	200748538	1	143308725	143310210	0d0887
4	13868545	13899774	4	14229229	14267237	5c01a6
8	58633111	58639351	8	20880394	20886231	ad2793
2	101870383	101887631	2	101540336	101563567	2e0595
6	70702522	70714580	6	29053132	29064821	8808a6
3	79390398	79401857	3	126926490	126946587	46039f
6	96369695	96390159	6	2947226	2967153	8808a6
5	13974214	13993676	5	14343562	14364199	7201a8
1	269976209	269998441	1	72928777	72953925	0d0887
5	119015218	119049120	5	118889115	118921094	7201a8
4	89644671	89667076	4	91837311	91863477	5c01a6
8	74953910	74968567	8	3975712	3991317	ad2793
13	2113558	2119442	11	2115757	2122123	ed7953
7	91420665	91422144	7	86496250	86497729	9c179e
14	3764003	3800173	14	13780109	13816070	f58b47
1	34398002	34526957	1	315679684	315789880	0d0887
4	49998157	50002961	4	52825012	52829819	5c01a6
1	100792276	100817853	1	247845801	247872702	0d0887
13	8662509	8680142	11	9025552	9043238	ed7953
3	79778114	79883812	3	126411468	126521983	46039f
3	195446949	195507308	3	7588555	7641812	46039f
7	18011785	18047139	7	18048924	18096153	9c179e
2	153813558	153860003	2	158540571	158586933	2e0595
1	48821548	48843822	1	300932198	300956134	0d0887
3	46350278	46374336	3	160111572	160143845	46039f
2	92150619	92167421	2	91424239	91442258	2e0595
12	9055709	9068512	10	12888974	12904290	e3685f
15	13771713	13777324	13	3539449	3544435	fb9f3a
1	248560000	248561482	1	94798066	94799542	0d0887
16	7991379	7996006	17	8352324	8355613	fdb42f
5	17103502	17178725	5	17593475	17662244	7201a8
1	257060310	257071969	1	86150007	86161734	0d0887
2	53437341	53460752	2	54083105	54104289	2e0595
1	62318377	62334374	1	286933228	286953784	0d0887
1	246483574	246505820	1	96884914	96918181	0d0887
6	38391499	38418904	6	62077709	62111700	8808a6
6	70902649	70919282	6	28801579	28816862	8808a6
14	430052	433425	14	17180911	17184342	f58b47
2	155013575	155029526	2	159818503	159831186	2e0595
13	12522593	12539146	11	12989549	13007273	ed7953
3	188199115	188207271	3	15107847	15117336	46039f
2	241505881	241534330	2	249615107	249645482	2e0595
2	209758424	209768887	2	216889804	216900469	2e0595
15	7778235	7783188	13	9741441	9747371	fb9f3a
5	121153354	121236202	5	121012727	121104214	7201a8
5	24058736	24088573	5	24799528	24824158	7201a8
3	170644533	170650537	3	32951709	32959501	46039f
7	16278205	16294815	7	16215763	16230886	9c179e
1	71228506	71239249	1	277775766	277787760	0d0887
1	204805478	204806939	1	139437980	139439441	0d0887
1	126438286	126446742	1	220849503	220860705	0d0887
1	316938971	316945958	1	24890141	24897113	0d0887
2	141418412	141431114	2	145506085	145518487	2e0595
3	28840255	28846237	3	177869350	177876208	46039f
15	82106	93232	13	17675777	17689134	fb9f3a
8	39114042	39131753	8	41398171	41415870	ad2793
4	49144334	49224645	4	51834309	51930769	5c01a6
8	70047896	70069531	8	8983132	9005300	ad2793
7	39547895	39560614	7	40060305	40071471	9c179e
7	75870213	75901269	7	69784428	69809951	9c179e
2	207490900	207521822	2	214670739	214702545	2e0595
1	250661891	250670886	1	92623359	92633190	0d0887
7	51171047	51218942	7	51753167	51789882	9c179e
4	23327525	23331595	4	24187754	24191884	5c01a6
4	91890939	91898909	4	94255157	94263198	5c01a6
4	86095253	86125494	4	87525263	87553809	5c01a6
3	95528443	95553065	3	110054950	110087880	46039f
1	335962376	336056818	1	4874206	4962082	0d0887
8	75194258	75203441	8	3734521	3744273	ad2793
10	884452	892627	16	842018	849742	cc4778
1	123229624	123264358	1	224282615	224321672	0d0887
2	152242801	152263541	2	156871162	156889796	2e0595
3	147052100	147058576	3	57422032	57428777	46039f
7	19872263	19897661	7	19691334	19715940	9c179e
7	91461931	91463326	7	86537117	86538479	9c179e
19	2262229	2268611	12	16114804	16126030	f0f921
2	219864289	219898652	2	227276980	227309166	2e0595
1	339949426	340019966	1	604712	608548	0d0887
13	931879	940999	11	947437	956468	ed7953
3	47290376	47311370	3	159344729	159365648	46039f
7	30343317	30362941	7	30494329	30516807	9c179e
8	68554402	68587821	8	10158887	10199911	ad2793
14	4628631	4650364	14	12938214	12958853	f58b47
6	35016646	35043471	6	65506397	65523202	8808a6
3	200395791	200398180	3	2388899	2391341	46039f
1	2050889	2073379	1	350245130	350268852	0d0887
14	16444792	16456610	14	6396976	6411080	f58b47
2	140872681	140878862	2	144905860	144912003	2e0595
1	317072497	317080805	1	24730748	24738989	0d0887
5	51837826	51870465	5	52477461	52507651	7201a8
1	4465066	4500055	1	347469098	347512678	0d0887
1	288519760	288548290	1	53951451	53980514	0d0887
8	35769226	35780746	8	44873539	44885044	ad2793
1	199086110	199108625	1	144916151	144942423	0d0887
1	158016596	158020998	1	188252676	188257178	0d0887
13	17561407	17583482	11	18299220	18321518	ed7953
11	22607990	22617887	9	23955724	23965465	d8576b
1	288323475	288341639	1	54208552	54251170	0d0887
1	166878980	166907957	1	179505771	179539916	0d0887
3	83326608	83365746	3	122594509	122637514	46039f
1	99000343	99015298	1	249781295	249805558	0d0887
1	165944189	165958040	1	180594889	180612901	0d0887
1	130681895	130701394	1	216359728	216379235	0d0887
6	12804291	12809908	6	87905287	87910731	8808a6
4	86379812	86410957	4	87834842	87877919	5c01a6
1	146488572	146542087	1	200022948	200080794	0d0887
1	222787557	222807764	1	120855137	120894936	0d0887
2	80285002	80298885	2	80915664	80933871	2e0595
1	279215099	279216542	1	63570343	63571786	0d0887
1	128857256	128880227	1	218289351	218311611	0d0887
3	158268143	158297990	3	45633834	45664809	46039f
1	34056739	34139945	1	316076690	316167389	0d0887
4	11668635	11722401	4	11809192	11849184	5c01a6
1	92027338	92049214	1	256694351	256714220	0d0887
1	314054969	314077011	1	27817438	27841626	0d0887
4	101153350	101198429	4	104319669	104353672	5c01a6
7	54664118	54722321	7	54837519	54904994	9c179e
11	14784045	14790670	9	15693471	15697818	d8576b
1	281160548	281190599	1	61554234	61583653	0d0887
5	53829786	53846782	5	54601704	54619248	7201a8
1	25727981	25749243	1	324878392	324906519	0d0887
3	92818128	92835876	3	112601126	112631660	46039f
7	92429376	92434751	7	87608409	87613661	9c179e
3	162948368	162974272	3	40935463	40961302	46039f
1	143273951	143297035	1	203435229	203459754	0d0887
2	225498217	225511122	2	232941233	232954356	2e0595
3	148922370	148926489	3	55473124	55477251	46039f
5	122087517	122101529	5	121920807	121932579	7201a8
3	24297763	24299194	3	182498791	182500222	46039f
1	277976349	277989462	1	64888729	64906527	0d0887
14	15259398	15263439	14	5070223	5074253	f58b47
4	34791836	34884657	4	36227520	36319533	5c01a6
14	10182074	10201228	14	7242134	7265800	f58b47
8	57045461	57167268	8	23613490	23678841	ad2793
1	31309005	31310433	1	318932251	318933685	0d0887
7	16860795	16904845	7	16782604	16824842	9c179e
1	116591184	116603895	1	231220285	231233298	0d0887
2	89916718	89928763	2	89029807	89042782	2e0595
5	56062128	56074332	5	56599643	56620212	7201a8
3	38883837	38908035	3	167548149	167573644	46039f
3	22379475	22389074	3	184482099	184494148	46039f
1	73985391	74003859	1	274749256	274772446	0d0887
1	158385804	158428126	1	187851401	187887171	0d0887
16	12404908	12414828	17	12959757	12969437	fdb42f
1	276761272	276789272	1	66186081	66214485	0d0887
1	329752108	329782063	1	11523178	11555236	0d0887
1	274442970	274477540	1	68421269	68454967	0d0887
1	104579710	104614076	1	243808033	243838134	0d0887
7	22727519	22746830	7	22655211	22677869	9c179e
1	336724500	336738845	1	4115303	4130906	0d0887
1	240057305	240070942	1	103309976	103323899	0d0887
12	863418	872220	10	18836482	18845244	e3685f
2	91855614	91863311	2	91120437	91125917	2e0595
15	4003058	4004905	13	13609832	13611819	fb9f3a
16	2315239	2326995	17	2145030	2154024	fdb42f
16	9681340	9684266	17	10173486	10186694	fdb42f
12	109736	126012	10	18051290	18068151	e3685f
2	182246818	182256696	2	188076837	188087376	2e0595
3	45533719	45544575	3	160986726	160998704	46039f
10	16040089	16046236	15	11487717	11493720	cc4778
1	296577548	296606000	1	45546703	45574220	0d0887
1	43165127	43183991	1	306688224	306712727	0d0887
7	47967513	47992692	7	48728288	48750915	9c179e
3	192022617	192071736	3	11165327	11225364	46039f
1	134436990	134535526	1	212481697	212594062	0d0887
3	193859570	193893189	3	9282975	9306862	46039f
12	8189375	8194756	10	13822973	13828166	e3685f
14	5219785	5230822	14	12364753	12374805	f58b47
1	315776560	315794427	1	26087549	26109825	0d0887
7	5976760	5994566	7	5521950	5539686	9c179e
1	228142749	228144168	1	114925746	114927165	0d0887
1	36012510	36022786	1	314121115	314130784	0d0887
16	12142675	12149408	17	12695038	12702293	fdb42f
2	221230325	221245481	2	228695009	228712055	2e0595
15	4228535	4273866	13	13318410	13366665	fb9f3a
14	4780342	4793197	14	12799348	12814362	f58b47
1	307225049	307397669	1	34330234	34531611	0d0887
5	51872243	51884955	5	52509430	52522892	7201a8
17	8387489	8391113	18	2796838	2803103	fdca26
16	11847794	11855489	17	12405479	12411361	fdb42f
2	18523751	18534374	2	18534007	18545277	2e0595
14	260286	273505	14	17338456	17350946	f58b47
1	177075470	177086152	1	166489760	166499226	0d0887
2	208827417	208828863	2	215924331	215925747	2e0595
17	8273988	8280760	18	2918952	2925099	fdca26
1	151905143	151924083	1	194500981	194521655	0d0887
1	339399770	339414610	1	1151601	1230520	0d0887
1	296873807	296911740	1	45222239	45273173	0d0887
3	117403172	117421978	3	87420238	87443234	46039f
3	64597510	64603063	3	141671820	141677240	46039f
5	13734949	13746614	5	14091073	14101849	7201a8
4	23989702	23994712	4	24874193	24879196	5c01a6
16	12675188	12681579	17	13237310	13243716	fdb42f
15	10426810	10454999	13	6990980	7023443	fb9f3a
12	9217744	9230450	10	12722507	12734577	e3685f
1	316938381	316942276	1	24893845	24897776	0d0887
1	227299803	227327717	1	115833572	115864593	0d0887
19	4775132	4786570	12	13546875	13558529	f0f921
7	10674606	10692704	7	10345853	10364279	9c179e
2	20978175	20993700	2	20935090	20950844	2e0595
3	118464898	118529638	3	86311407	86372942	46039f
14	15217405	15225300	14	5024996	5034062	f58b47
1	40887882	40903821	1	309083689	309100995	0d0887
4	26399239	26420242	4	27397798	27430761	5c01a6
1	98837603	98853931	1	249951089	249968618	0d0887
7	39555303	39560602	7	40067231	40071459	9c179e
1	249669156	249696465	1	93625927	93658417	0d0887
7	8515810	8523367	7	8127251	8138192	9c179e
1	340480389	340492486	1	157613	171032	0d0887
1	329415245	329431728	1	11888421	11902400	0d0887
11	6995812	7020122	9	7806001	7831758	d8576b
2	154890802	154913522	2	159694621	159717288	2e0595
1	247695402	247713723	1	95668314	95689111	0d0887
1	130769559	130815481	1	216231306	216284177	0d0887
5	26300172	26316273	5	27128139	27144864	7201a8
1	104795261	104801774	1	243591745	243597319	0d0887
1	11982275	11996916	1	339121433	339134255	0d0887
6	72640400	72660749	6	27017752	27039464	8808a6
1	215370584	215416932	1	128371282	128407368	0d0887
11	280494	294247	9	300704	314884	d8576b
4	20289371	20307143	4	20896632	20922126	5c01a6
2	191530232	191552573	2	197885987	197904034	2e0595
14	5048972	5053127	14	12542255	12546459	f58b47
3	141081237	141082635	3	63584762	63586160	46039f
7	14437459	14459346	7	14279586	14307475	9c179e
7	19387077	19388481	7	19201483	19202887	9c179e
13	15801031	15810904	11	16416519	16422655	ed7953
10	9042415	9051662	16	9341295	9350480	cc4778
1	22932854	22946179	1	327911842	327923816	0d0887
8	54368250	54457203	8	26141062	26286667	ad2793
1	9800662	9893116	1	341478475	341596601	0d0887
1	63972848	63984814	1	285187989	285202672	0d0887
7	93118961	93131152	7	88254883	88266469	9c179e
7	29432837	29435517	7	29501107	29503776	9c179e
6	59730069	59763982	6	40327461	40354426	8808a6
2	201998995	202012636	2	208640242	208645638	2e0595
3	156493667	156506003	3	47597358	47609252	46039f
2	182417111	182418898	2	188263423	188265185	2e0595
2	234353709	234379702	2	242085318	242114119	2e0595
1	238331589	238384838	1	105051282	105105671	0d0887
1	177094100	177120898	1	166435464	166482187	0d0887
6	58136088	58141055	6	42007522	42018655	8808a6
19	1217378	1219105	12	17122405	17124086	f0f921
3	168581571	168627188	3	35153096	35194419	46039f
2	152434464	152439475	2	157060783	157065526	2e0595
4	49662164	49676423	4	52455947	52465274	5c01a6
3	163149100	163160118	3	40724881	40735532	46039f
2	43743435	43758643	2	44320345	44335950	2e0595
5	121350800	121385071	5	121219864	121256375	7201a8
1	155562391	155592550	1	190731845	190769494	0d0887
3	137505455	137516626	3	67233216	67248866	46039f
16	12361776	12363831	17	12916683	12918659	fdb42f
1	129055588	129244680	1	218040861	218215186	0d0887
18	5106865	5115656	12	4926455	4936494	f8e125
5	45680854	45685540	5	46387487	46392134	7201a8
1	71689142	71712878	1	277279151	277310917	0d0887
2	232746978	232765992	2	240455580	240475846	2e0595
6	3503104	3510711	6	96447544	96454972	8808a6
3	148612712	148653313	3	55761075	55802896	46039f
6	83378691	83426934	6	16777089	16822026	8808a6
12	1416682	1457451	10	19402111	19443353	e3685f
3	147770883	147773951	3	56687727	56690850	46039f
1	279132924	279137009	1	63667524	63671562	0d0887
1	286982706	286999457	1	55667539	55687613	0d0887
13	637120	643363	11	641840	648162	ed7953
2	100839834	100849117	2	100491373	100499746	2e0595
17	7533284	7540956	18	3619263	3625961	fdca26
1	254691570	254702318	1	88650037	88661407	0d0887
4	42072117	42117486	4	44024440	44075974	5c01a6
4	29466019	29496618	4	30807260	30825630	5c01a6
2	198572373	198618203	2	205029690	205088666	2e0595
12	554121	559384	10	18517145	18522370	e3685f
8	21788047	21800365	8	59788211	59799537	ad2793
5	38765438	38773988	5	39463226	39471919	7201a8
5	23407434	23417099	5	24190757	24200059	7201a8
16	2280445	2307751	17	2102787	2135577	fdb42f
2	209524640	209537027	2	216641474	216653956	2e0595
6	36950455	37147177	6	63322684	63532621	8808a6
15	3558357	3559743	13	14081003	14082377	fb9f3a
2	75926705	75937330	2	76804592	76815913	2e0595
5	45717110	45775592	5	46428569	46484580	7201a8
6	82508490	82512910	6	17725701	17731474	8808a6
4	46682196	46685336	4	49173923	49176886	5c01a6
7	28336550	28360487	7	28367709	28389764	9c179e
8	43714267	43727322	8	36574454	36587841	ad2793
3	33887357	33894796	3	172693322	172698874	46039f
1	274485762	274503268	1	68394326	68412907	0d0887
3	119357644	119367922	3	85573405	85587681	46039f
7	79460689	79467306	7	73384597	73391776	9c179e
1	149916901	149937838	1	196615470	196642337	0d0887
1	252548783	252554279	1	90684766	90690360	0d0887
7	36686302	36689043	7	37104602	37107791	9c179e
11	12565062	12568140	9	13450352	13453245	d8576b
1	115386481	115396186	1	232463175	232473803	0d0887
1	265410784	265430625	1	77805829	77827464	0d0887
14	5056433	5065454	14	12529434	12537846	f58b47
1	160126051	160141155	1	186147508	186160184	0d0887
19	137502	142064	12	18174958	18179612	f0f921
13	8101585	8105910	11	8415346	8420567	ed7953
1	51403826	51419686	1	298191666	298205739	0d0887
2	100505034	100513127	2	100151915	100160373	2e0595
3	10667846	10705254	3	196213985	196262806	46039f
5	69078318	69101082	5	70298173	70319401	7201a8
2	217323437	217346454	2	224845450	224873284	2e0595
4	28173431	28204663	4	29329849	29359815	5c01a6
2	217011707	217031415	2	224499270	224521858	2e0595
17	10053815	10060053	18	909554	915788	fdca26
1	333238263	333254108	1	7796770	7818513	0d0887
1	286779910	286797195	1	55890327	55904938	0d0887
2	199791159	199792512	2	206377707	206379060	2e0595
1	257014175	257030637	1	86193509	86209459	0d0887
2	92107211	92135357	2	91384084	91408163	2e0595
17	10685720	10699961	18	493011	507608	fdca26
13	18762078	18767276	11	19666735	19671967	ed7953
2	32174526	32175900	2	32652355	32653711	2e0595
1	63208526	63211678	1	286032419	286035506	0d0887
5	49303793	49324911	5	49939024	49955335	7201a8
1	267479379	267484178	1	75546891	75552153	0d0887
6	41829826	41848225	6	58695927	58717806	8808a6
2	18851159	18866637	2	18865717	18884062	2e0595
2	189945508	189954748	2	196220463	196229464	2e0595
1	313087002	313127139	1	28904079	28943884	0d0887
2	31181684	31204423	2	31650259	31677699	2e0595
2	85934076	85939415	2	85406971	85413136	2e0595
17	7546469	7552839	18	3607990	3614123	fdca26
1	340299884	340301168	1	341859	343143	0d0887
1	66671459	66681791	1	282317849	282328197	0d0887
8	66727384	66734356	8	12234388	12239159	ad2793
2	155583189	155592900	2	160456441	160468277	2e0595
6	73064743	73078299	6	26625505	26639029	8808a6
3	178263835	178286449	3	25249925	25270852	46039f
8	11380664	11397936	8	70618027	70633326	ad2793
1	179406121	179410032	1	164187071	164192046	0d0887
12	13986464	14011979	10	7728428	7756603	e3685f
15	16903214	16908629	13	243590	249226	fb9f3a
2	179204059	179205418	2	184926610	184927966	2e0595
3	191919393	191952940	3	11301165	11333918	46039f
16	3912112	3933480	17	3837950	3862200	fdb42f
5	119478761	119490816	5	119334366	119347183	7201a8
1	339838642	339848053	1	756056	765067	0d0887
16	1103030	1125994	17	812926	831407	fdb42f
7	62277820	62327924	7	58218171	58298133	9c179e
1	182591147	182631811	1	161568943	161610689	0d0887
1	306056789	306058307	1	35764583	35766101	0d0887
1	279237679	279245003	1	63529308	63536901	0d0887
2	195286493	195303048	2	201748799	201763317	2e0595
11	22557070	22561374	9	23899132	23903407	d8576b
3	13892063	13893596	3	192887518	192889072	46039f
3	179562322	179564227	3	23879561	23881470	46039f
3	89774104	89775427	3	115824284	115825601	46039f
10	16040101	16046146	15	11487807	11493708	cc4778
3	147256104	147349674	3	57103584	57205004	46039f
3	22823132	22839040	3	184003404	184021588	46039f
1	324697143	324719411	1	16743762	16761512	0d0887
7	33194899	33207002	7	33524585	33532941	9c179e
1	33264247	33265597	1	316958502	316959852	0d0887
15	8662272	8670464	13	8808076	8819803	fb9f3a
1	307032265	307069546	1	34693155	34740514	0d0887
8	69671732	69701655	8	9289495	9323193	ad2793
14	355113	360749	14	17252959	17258576	f58b47
11	14633471	14722868	9	15541632	15632612	d8576b
5	91451630	91472431	5	90806388	90826770	7201a8
1	214882090	214898479	1	128879314	128895043	0d0887
1	49734787	49767443	1	299922228	299959875	0d0887
1	288042912	288065295	1	54505532	54546004	0d0887
12	2078750	2086640	10	20050956	20063512	e3685f
13	18711571	18713714	11	19620807	19622943	ed7953
3	47949566	47950907	3	158619441	158620782	46039f
2	154774479	154783814	2	159571848	159582132	2e0595
14	13425821	13445546	14	3179963	3196424	f58b47
1	204860981	204875402	1	139370120	139384413	0d0887
17	4899551	4930306	18	6195529	6234818	fdca26
1	242392145	242404248	1	100950170	100960320	0d0887
1	234239549	234260779	1	109014043	109031206	0d0887
7	51650676	51657543	7	52235280	52241678	9c179e
2	18225679	18227023	2	18231097	18232408	2e0595
2	157687514	157707292	2	162595945	162615884	2e0595
11	21192930	21198499	9	22399882	22405575	d8576b
12	8485544	8490159	10	13501984	13507000	e3685f
3	107640936	107663506	3	97286203	97307794	46039f
7	34782150	34812213	7	35091882	35136890	9c179e
14	2325717	2333349	14	15262484	15270625	f58b47
2	30403033	30418059	2	30818289	30830118	2e0595
5	59916222	59921298	5	60778375	60783446	7201a8
3	25022713	25050816	3	181748933	181771341	46039f
3	22676168	22693750	3	184168419	184184409	46039f
3	20814150	20834324	3	186101799	186121886	46039f
3	62981577	62990205	3	143349932	143359485	46039f
7	81548859	81599609	7	75945121	76007504	9c179e
8	7771699	7773022	8	74359741	74361043	ad2793
1	279084830	279102631	1	63703778	63723667	0d0887
3	79475689	79482130	3	126831361	126837813	46039f
4	94399984	94441500	4	97050618	97095023	5c01a6
2	84796832	84807664	2	84435402	84447949	2e0595
3	155807244	155819386	3	48366369	48378628	46039f
3	169651136	169670556	3	34025424	34041504	46039f
15	15293825	15300584	13	1945778	1999541	fb9f3a
7	61853651	61952432	7	57791604	57865142	9c179e
1	96044933	96087137	1	252658036	252707557	0d0887
1	331274424	331327920	1	9883689	9945245	0d0887
15	13749545	13753806	13	3563162	3567388	fb9f3a
1	302106912	302123749	1	39608395	39636993	0d0887
1	250284367	250291010	1	93047008	93053501	0d0887
3	24598524	24608375	3	182202943	182213457	46039f
7	90888674	90898260	7	85417182	85424934	9c179e
4	68002454	68013256	4	71680937	71689541	5c01a6
1	334708563	334731889	1	6253841	6280395	0d0887
18	9651194	9657416	12	115859	122186	f8e125
16	593047	633361	17	253199	291856	fdb42f
4	89700636	89715150	4	91900418	91920333	5c01a6
18	2895946	2909228	12	7427723	7442017	f8e125
3	50688940	50699907	3	155757792	155769317	46039f
16	7600530	7620113	17	7923924	7947705	fdb42f
2	199239972	199253986	2	205769834	205784942	2e0595
7	52601027	52706084	7	53135554	53225489	9c179e
7	79917786	79950209	7	73880067	73916539	9c179e
11	926241	934509	9	967359	979806	d8576b
8	76365399	76377728	8	2574490	2594817	ad2793
5	52873799	52884170	5	53583166	53600602	7201a8
7	22386944	22425577	7	22308874	22343884	9c179e
1	340231323	340253011	1	389643	410519	0d0887
8	59283879	59311468	8	20378985	20395111	ad2793
1	104886450	104900072	1	243491213	243505323	0d0887
11	20120297	20129186	9	21260189	21269546	d8576b
6	61173520	61188801	6	38915845	38931235	8808a6
1	329592180	329593497	1	11725953	11727267	0d0887
3	159698446	159705021	3	44148937	44167853	46039f
7	44768409	44775191	7	45471784	45478530	9c179e
4	84482886	84503738	4	85848906	85875901	5c01a6
5	5718216	5737810	5	5759106	5775022	7201a8
3	34621155	34633004	3	171911191	171924572	46039f
6	96318502	96339086	6	3000806	3021861	8808a6
5	119459066	119469851	5	119311589	119323679	7201a8
10	14571234	14590861	15	13076570	13096079	cc4778
7	52007836	52025496	7	52610677	52622804	9c179e
1	81079231	81088175	1	267840848	267851657	0d0887
4	25559300	25574093	4	26494905	26512391	5c01a6
1	115932809	115950647	1	231906101	231918184	0d0887
2	16986560	17004801	2	16932891	16948908	2e0595
1	189312257	189334663	1	155159769	155199391	0d0887
3	153673231	153679158	3	50628650	50635258	46039f
5	7907643	7925457	5	8185604	8205858	7201a8
1	72223582	72253414	1	276696630	276729820	0d0887
8	60415418	60423115	8	18748085	18755869	ad2793
2	53342598	53403569	2	54006038	54057401	2e0595
19	1668943	1678460	12	16670504	16681030	f0f921
1	194034524	194057501	1	150203659	150225303	0d0887
6	99056773	99069765	6	170604	183508	8808a6
3	51147321	51156160	3	155354050	155362943	46039f
1	25225921	25227223	1	325433034	325434342	0d0887
12	9474063	9487593	10	12435422	12451393	e3685f
10	1613620	1620538	16	1578188	1584955	cc4778
16	8843129	8860957	17	9354942	9375562	fdb42f
6	3883645	3890997	6	96069496	96079605	8808a6
1	29783630	29786388	1	320596942	320599695	0d0887
2	21757251	21761319	2	21768378	21772418	2e0595
1	291493811	291582011	1	50853526	50943053	0d0887
4	30525475	30538311	4	31850048	31863607	5c01a6
3	172676473	172694550	3	30959442	30978355	46039f
5	10024765	10026067	5	10262321	10263623	7201a8
5	30869545	30879903	5	31706351	31730529	7201a8
7	31425718	31431328	7	31673330	31683488	9c179e
6	3136029	3147946	6	96799769	96815415	8808a6
4	60710220	60775760	4	64331154	64434778	5c01a6
5	30922694	30954058	5	31781475	31820172	7201a8
2	199598946	199607209	2	206157107	206178866	2e0595
5	64991784	65007484	5	65875968	65895841	7201a8
13	12807006	12825640	11	13291799	13320903	ed7953
2	234014009	234208683	2	241764947	241939813	2e0595
1	286810628	286819209	1	55858404	55867275	0d0887
7	81445999	81491370	7	75842511	75885603	9c179e
10	139758	149429	16	3711	13287	cc4778
19	3074461	3088427	12	15288980	15304892	f0f921
5	32405916	32407101	5	33241036	33242257	7201a8
5	64677228	64699089	5	65555551	65576447	7201a8
3	159663227	159686645	3	44179926	44203019	46039f
2	103871544	103901182	2	103898637	103918860	2e0595
5	120621595	120629324	5	120502183	120512057	7201a8
1	116089222	116128026	1	231721001	231762383	0d0887
15	8921977	8965697	13	8480222	8528255	fb9f3a
7	2424844	2440025	7	2152182	2168701	9c179e
15	16237900	16239169	13	945989	947258	fb9f3a
8	64511389	64518468	8	14566442	14573119	ad2793
2	241551515	241560027	2	249661761	249669275	2e0595
4	75324109	75354273	4	77822209	77849207	5c01a6
1	33629882	33635234	1	316629171	316634574	0d0887
1	283303008	283321709	1	59362578	59380858	0d0887
17	1567989	1575446	18	9776461	9783703	fdca26
16	8119868	8129326	17	8496450	8506579	fdb42f
1	61019845	61028222	1	288257248	288263598	0d0887
5	14055038	14064582	5	14427024	14437338	7201a8
1	99821454	99893729	1	248833212	248933107	0d0887
4	40636274	40639900	4	42513461	42517083	5c01a6
1	340043920	340049550	1	577923	583396	0d0887
8	60353387	60372745	8	19267625	19285278	ad2793
5	30800905	30810066	5	31635377	31644898	7201a8
7	92926791	92940356	7	88064897	88079895	9c179e
2	222496841	222513723	2	230009735	230021027	2e0595
14	6529227	6536075	14	11021171	11027443	f58b47
16	12469165	12472783	17	13023668	13027657	fdb42f
7	65802764	65853735	7	62238154	62282693	9c179e
4	24896917	24925388	4	25786745	25812219	5c01a6
2	93505418	93521026	2	92808274	92823824	2e0595
5	13370059	13400044	5	13749200	13782171	7201a8
3	79758955	79766291	3	126530464	126537364	46039f
3	170510964	170525970	3	33092394	33107001	46039f
6	38339249	38343614	6	62131828	62136190	8808a6
1	74029708	74054316	1	274700767	274725810	0d0887
6	95169298	95243722	6	4174963	4258742	8808a6
4	31912210	31958622	4	33308684	33362063	5c01a6
8	3290201	3338318	8	78831081	78885657	ad2793
5	21083681	21157733	5	21713463	21748365	7201a8
19	2559848	2564479	12	15807510	15812224	f0f921
10	844367	850185	16	802536	808464	cc4778
13	16468162	16478169	11	17159095	17169570	ed7953
1	336365921	336386741	1	4516045	4538508	0d0887
1	51437650	51453643	1	298154238	298170613	0d0887
13	18356319	18358701	11	19178190	19180603	ed7953
12	9007553	9018802	10	12940506	12950415	e3685f
3	140994058	140999287	3	63676554	63682605	46039f
8	44192194	44218561	8	36023152	36070812	ad2793
5	57419697	57446781	5	58063097	58098338	7201a8
7	27166553	27167807	7	27199977	27201216	9c179e
1	36087514	36102059	1	314041246	314055158	0d0887
4	4110673	4118271	4	4028682	4038368	5c01a6
3	134623379	134647147	3	70166212	70196475	46039f
11	22804769	22813342	9	24162518	24175458	d8576b
2	64231923	64233198	2	64708111	64709386	2e0595
1	181310451	181343278	1	162585205	162612314	0d0887
15	838530	840777	13	16911134	16913394	fb9f3a
17	8537390	8538614	18	2646393	2647614	fdca26
1	280988810	281066195	1	61683526	61747936	0d0887
4	51238706	51254593	4	54219191	54237573	5c01a6
4	63637609	63638848	4	67313341	67314580	5c01a6
16	10801898	10803672	17	11331557	11333341	fdb42f
19	5921398	5927000	12	12476590	12481025	f0f921
15	654434	662283	13	17089025	17099111	fb9f3a
1	166685588	166708183	1	179713464	179733676	0d0887
6	38119812	38133864	6	62311280	62325921	8808a6
12	1158867	1166855	10	19141919	19150765	e3685f
10	5017380	5024915	16	4983408	4990939	cc4778
11	18913833	18925817	9	20002945	20015005	d8576b
2	47455806	47473002	2	48060536	48079387	2e0595
12	9200484	9215104	10	12737728	12752266	e3685f
2	159770554	159842150	2	164781051	164852647	2e0595
1	51455735	51467344	1	298140815	298152159	0d0887
7	28694916	28696194	7	28744632	28745910	9c179e
15	9387493	9393947	13	8036059	8043982	fb9f3a
2	215613580	215620026	2	222969064	222975452	2e0595
1	106517467	106549278	1	241715494	241774101	0d0887
17	10298452	10301733	18	1153865	1157194	fdca26
4	62510600	62522352	4	66244634	66256295	5c01a6
19	3105684	3116569	12	15322475	15332561	f0f921
7	14677630	14687138	7	14540939	14553413	9c179e
13	11159674	11170615	11	11616233	11627531	ed7953
6	47282144	47293590	6	53076734	53088972	8808a6
10	10332413	10344985	16	10751073	10757887	cc4778
13	3362049	3368876	11	3434969	3442932	ed7953
6	42405476	42417171	6	58103034	58114564	8808a6
3	71220739	71238976	3	134924245	134937646	46039f
5	44519636	44540146	5	45195989	45211869	7201a8
2	207639546	207641363	2	214828965	214830776	2e0595
8	70105921	70131894	8	8919518	8947905	ad2793
6	42882611	42896667	6	57622936	57636619	8808a6
6	24338207	24355795	6	76555898	76573676	8808a6
4	22873092	23004751	4	23698836	23831886	5c01a6
3	160251067	160256505	3	43708859	43714178	46039f
6	41821492	41822731	6	58725100	58726339	8808a6
3	110940929	110942192	3	94029948	94031211	46039f
11	17596780	17605342	9	18636687	18645491	d8576b
3	194617436	194657443	3	8502235	8539364	46039f
10	3231306	3259372	16	3200354	3230231	cc4778
5	91952454	91971115	5	91333652	91347119	7201a8
2	209546491	209560287	2	216662298	216678326	2e0595
13	645993	651656	11	650478	656420	ed7953
7	80021645	80036740	7	73989742	74005696	9c179e
2	191512196	191520908	2	197863580	197878015	2e0595
8	27950969	27982180	8	53168307	53200317	ad2793
7	8872015	8874436	7	8499060	8501489	9c179e
11	12552542	12555670	9	13437682	13441064	d8576b
1	185173902	185194586	1	159264585	159285964	0d0887
3	16184797	16193661	3	190488125	190495284	46039f
12	664848	668627	10	18629819	18633617	e3685f
13	1828917	1859387	11	1840625	1871122	ed7953
1	63404924	63415450	1	285814589	285824590	0d0887
11	21362443	21367736	9	22586657	22591831	d8576b
11	20274638	20281337	9	21439576	21447334	d8576b
3	172848198	172849889	3	30811434	30813104	46039f
1	232359832	232361086	1	110789144	110790398	0d0887
19	7306176	7316693	12	11056664	11066738	f0f921
8	78840183	78846594	8	240739	247135	ad2793
2	243612639	243629516	2	251693100	251711075	2e0595
1	116646586	116655867	1	231162940	231172903	0d0887
4	4128805	4141761	4	4055500	4070218	5c01a6
2	159526696	159561244	2	164514245	164550313	2e0595
1	251162305	251199329	1	92058781	92093935	0d0887
3	34788980	34798456	3	171754437	171762540	46039f
1	117132222	117145892	1	230597248	230611475	0d0887
3	125114560	125132482	3	79660915	79677267	46039f
7	27236416	27253535	7	27265645	27282298	9c179e
5	27016061	27030575	5	27886522	27904583	7201a8
13	17050601	17098710	11	17728514	17767963	ed7953
15	7110245	7123064	13	10444160	10457099	fb9f3a
3	65793206	65817379	3	140428649	140453498	46039f
12	9253953	9291131	10	12644096	12700208	e3685f
1	104196069	104219802	1	244199185	244222103	0d0887
3	145768783	145781091	3	58776877	58788887	46039f
2	55263839	55292514	2	55854918	55883746	2e0595
14	2377473	2378727	14	15213517	15214771	f58b47
2	225644397	225648425	2	233116055	233120562	2e0595
4	4659586	4660846	4	4578348	4579608	5c01a6
7	85526691	85536785	7	79967000	79978115	9c179e
17	8228748	8233813	18	2965160	2970566	fdca26
3	141627877	141636550	3	62973259	62982439	46039f
1	152579539	152627768	1	193748737	193805625	0d0887
19	5275867	5278780	12	13115460	13118425	f0f921
1	254556653	254566410	1	88807214	88819932	0d0887
2	197259444	197271027	2	203674785	203692888	2e0595
6	98696126	98708310	6	544583	557084	8808a6
6	18392184	18405832	6	82422257	82434730	8808a6
7	20642117	20653076	7	20523678	20533354	9c179e
1	38767805	38790192	1	311300396	311325005	0d0887
4	93141032	93175523	4	95651484	95691896	5c01a6
1	335050408	335066890	1	5909105	5930474	0d0887
15	12081624	12097815	13	5261631	5277877	fb9f3a
5	88278427	88299753	5	87605503	87624166	7201a8
1	150352278	150384868	1	196104189	196141801	0d0887
1	119094903	119136102	1	228500037	228525015	0d0887
5	10438610	10469460	5	10693667	10720931	7201a8
5	32715205	32751510	5	33597183	33638925	7201a8
2	204370296	204391429	2	211209657	211236790	2e0595
3	25062277	25069164	3	181729338	181739305	46039f
1	50482327	50504036	1	299137966	299158448	0d0887
1	2606632	2635830	1	349655809	349677341	0d0887
15	16980886	16988119	13	141929	149374	fb9f3a
3	147859923	147872119	3	56581133	56594129	46039f
4	44943075	45092049	4	47054574	47351472	5c01a6
1	1909854	1940693	1	350376062	350400192	0d0887
2	149900275	149904739	2	154409845	154416439	2e0595
10	5301126	5316982	16	5267681	5284270	cc4778
11	3055001	3077368	9	3060028	3078133	d8576b
2	40569154	40584452	2	41040878	41060344	2e0595
5	110420843	110434971	5	110093118	110113373	7201a8
4	7824002	7841224	4	7756125	7773046	5c01a6
1	302251649	302274691	1	39456155	39482483	0d0887
1	289257526	289274939	1	53229707	53242532	0d0887
2	133171209	133190918	2	136584964	136605665	2e0595
6	10636752	10645618	6	90233206	90238741	8808a6
13	2305286	2306531	11	2319186	2320431	ed7953
18	9592318	9594662	12	181499	183818	f8e125
2	157655419	157669865	2	162560884	162574216	2e0595
15	6760763	6776292	13	10824201	10840006	fb9f3a
5	88672206	88684822	5	87984532	87997094	7201a8
4	87588588	87592201	4	89244064	89245285	5c01a6
4	41991657	42005476	4	43941047	43954416	5c01a6
6	60120205	60130619	6	39969880	39981866	8808a6
5	55301516	55323112	5	55943279	55965393	7201a8
5	91395276	91405649	5	90741551	90752022	7201a8
17	8234614	8249651	18	2939693	2964385	fdca26
3	153958094	153979193	3	50295072	50320151	46039f
2	143169237	143194226	2	147508273	147533411	2e0595
7	2539795	2556962	7	2286967	2301483	9c179e
3	55568939	55586899	3	150849346	150866841	46039f
11	14481119	14507320	9	15377245	15402061	d8576b
1	283287055	283296985	1	59389262	59399077	0d0887
8	27908440	27916250	8	53228789	53249736	ad2793
11	1149395	1152428	9	1190423	1193431	d8576b
11	8283986	8286080	9	9109312	9111154	d8576b
6	74749577	74766045	6	25015395	25033514	8808a6
1	269824774	269836833	1	73128037	73151018	0d0887
1	226486080	226487319	1	116609889	116611131	0d0887
14	5240166	5244118	14	12349836	12354473	f58b47
3	29977109	30007468	3	176647697	176680695	46039f
13	7785189	7797590	11	8087155	8099807	ed7953
5	30246305	30250433	5	31071998	31077097	7201a8
3	10347067	10372912	3	196581254	196609701	46039f
6	44940788	44946270	6	55514406	55519948	8808a6
1	289720032	289804798	1	52672111	52774282	0d0887
2	230185698	230210865	2	237805437	237829968	2e0595
5	93956284	93991435	5	93413264	93447130	7201a8
7	28216147	28218982	7	28251313	28254077	9c179e
5	30206004	30216562	5	31027509	31037952	7201a8
8	38038564	38054209	8	42488680	42508561	ad2793
11	1853057	1863028	9	1890928	1929559	d8576b
12	8393503	8402068	10	13595390	13603859	e3685f
2	103625697	103670889	2	103601333	103645341	2e0595
1	29211370	29212522	1	321181650	321182802	0d0887
3	59078219	59138377	3	147291927	147356284	46039f
8	830064	834994	8	81365948	81371357	ad2793
1	106652072	106688546	1	241584216	241616932	0d0887
17	2225653	2231714	18	9310825	9319975	fdca26
1	328494019	328528184	1	12876339	12909579	0d0887
1	268304749	268308602	1	74708496	74712271	0d0887
3	157850582	157873982	3	46072412	46093828	46039f
4	91315492	91335893	4	93611640	93631913	5c01a6
3	67646737	67664262	3	138711869	138728175	46039f
4	81391032	81401533	4	82933758	82944457	5c01a6
3	3783724	3784951	3	203168245	203169469	46039f
2	132881813	132955703	2	136257109	136338661	2e0595
2	144170999	144172262	2	148427838	148429140	2e0595
2	138015879	138024571	2	141831281	141838575	2e0595
3	21456200	21462824	3	185464674	185471452	46039f
14	7512030	7520866	14	10017604	10028006	f58b47
3	131412743	131505074	3	73141046	73244818	46039f
1	267612655	267645963	1	75388711	75417820	0d0887
3	59682219	59703050	3	146721362	146742070	46039f
2	10966939	10982575	2	10793161	10809652	2e0595
4	59421577	59437157	4	63008697	63026591	5c01a6
1	22959732	22971485	1	327885113	327896834	0d0887
3	157879892	157889329	3	46059917	46066191	46039f
2	86876523	86885410	8	56140082	56141249	2e0595
13	10198576	10208345	11	10625695	10638433	ed7953
1	258626692	258631281	1	84543050	84547798	0d0887
17	10035169	10040955	18	890757	896668	fdca26
7	10563162	10598296	7	10227630	10265840	9c179e
2	12362763	12363987	2	12125812	12127036	2e0595
15	14100081	14120664	13	3209285	3227802	fb9f3a
1	8323843	8324986	1	343260748	343261891	0d0887
3	192083165	192098891	3	11127783	11151604	46039f
2	132856276	132872347	2	136233914	136247141	2e0595
4	30319595	30343163	4	31605604	31638907	5c01a6
5	92579428	92589311	5	92051831	92068144	7201a8
6	56264290	56276862	6	43794113	43803354	8808a6
11	11518647	11574664	9	12405003	12462620	d8576b
6	71090532	71108085	6	28595440	28598713	8808a6
7	36050627	36070542	7	36425106	36446822	9c179e
3	50661089	50680215	3	155778525	155795236	46039f
1	237996840	238041316	1	105404505	105448750	0d0887
2	204257682	204258900	2	211077590	211078808	2e0595
5	64720762	64753816	5	65597239	65639349	7201a8
1	103156396	103253365	1	245295282	245392912	0d0887
1	170421444	170439833	1	175713879	175737573	0d0887
1	125436893	125441485	1	221902701	221908495	0d0887
10	6881559	6904308	16	6941311	6967965	cc4778
1	22975793	22986434	1	327870055	327880847	0d0887
6	38203204	38223406	6	62223533	62240648	8808a6
15	10286432	10298323	13	7143056	7163832	fb9f3a
3	123363747	123368958	3	81487552	81493693	46039f
3	172527237	172551776	3	31104836	31129711	46039f
5	3899937	3905349	5	3983731	3988112	7201a8
5	38787822	38807597	5	39480907	39500619	7201a8
10	7435711	7457041	16	7552012	7583480	cc4778
14	5812431	5823534	14	11760386	11773723	f58b47
17	10704232	10708069	18	484930	488702	fdca26
2	66727476	66741783	2	67250144	67266067	2e0595
2	226648401	226656239	2	234161434	234168668	2e0595
1	63319538	63352542	1	285875706	285915916	0d0887
4	83092716	83151716	4	84437835	84491328	5c01a6
1	221779863	221786211	1	121950635	121956383	0d0887
5	9662719	9682365	5	9867935	9884251	7201a8
6	26517838	26543915	6	74183943	74197170	8808a6
8	23620235	23633652	8	57822300	57840273	ad2793
2	220102069	220116009	2	227525092	227540193	2e0595
7	5906446	5925026	7	5455340	5472101	9c179e
8	69802819	69814737	8	9165558	9176644	ad2793
17	7856370	7862510	18	3320583	3327284	fdca26
1	125841861	125864379	1	221475352	221497270	0d0887
1	24716510	24720377	1	325966708	325970541	0d0887
1	317311379	317328295	1	24450110	24464812	0d0887
1	75299111	75366983	1	273252327	273332611	0d0887
3	191822989	191848784	3	11420004	11446051	46039f
3	131865605	132052863	3	72726615	72914651	46039f
12	13291994	13307363	10	8482736	8499675	e3685f
5	40233227	40240127	5	40838978	40845490	7201a8
8	41017459	41035100	8	39365460	39382912	ad2793
7	27924663	27931778	7	27942547	27949681	9c179e
1	51815404	51823093	1	297740174	297741344	0d0887
13	2310292	2323971	11	2324000	2339019	ed7953
3	186968090	186988603	3	16248135	16269517	46039f
2	133863967	133880865	2	137354585	137371814	2e0595
7	62013897	62071171	7	57917744	57978167	9c179e
2	53463921	53477784	2	54106732	54120878	2e0595
12	1719166	1724436	10	19687342	19692592	e3685f
3	147792756	147793962	3	56661004	56662207	46039f
7	34250667	34258550	7	34562795	34570411	9c179e
2	205434691	205454672	2	212321130	212345504	2e0595
2	220364814	220376685	2	227786101	227795726	2e0595
1	98105879	98107076	1	250707488	250708607	0d0887
19	2764352	2777310	12	15584079	15596727	f0f921
3	192657984	192696657	3	10502218	10546434	46039f
4	98105702	98110883	4	101057273	101062384	5c01a6
18	6964344	6971761	12	2900580	2909186	f8e125
7	15887952	15898967	7	15796784	15808177	9c179e
5	40605165	40606401	5	41246738	41247974	7201a8
6	24373758	24428937	6	76453053	76466309	8808a6
15	8437390	8445816	13	9051445	9062787	fb9f3a
3	25494836	25505825	3	181252901	181267556	46039f
7	22788841	22799924	7	22723366	22738429	9c179e
1	23138575	23148333	1	327696018	327706538	0d0887
3	141601879	141609345	3	63000230	63008440	46039f
1	28558267	28570635	1	321898357	321911056	0d0887
11	6391468	6403950	9	7208179	7220224	d8576b
5	21684206	21700253	5	22363531	22383148	7201a8
4	89674840	89681798	4	91871191	91877817	5c01a6
4	9182305	9205235	4	9107260	9136043	5c01a6
1	149153918	149164749	1	197372448	197387159	0d0887
3	50430330	50440201	3	156027162	156037079	46039f
1	36594640	36616942	1	313518193	313540628	0d0887
3	196644077	196651289	3	6421191	6428579	46039f
1	180163269	180298778	1	163444142	163567237	0d0887
1	64803830	64808885	1	284286724	284291782	0d0887
12	3718154	3752530	10	21670928	21707708	e3685f
2	95526034	95531982	2	94973861	94981253	2e0595
6	99133884	99137080	6	104638	109317	8808a6
3	91154270	91186375	3	114336629	114372044	46039f
1	71252897	71263347	1	277751932	277761846	0d0887
10	6209821	6235907	16	6225178	6253219	cc4778
7	23867628	23868813	7	23828847	23830032	9c179e
1	91661668	91670901	1	257064578	257073136	0d0887
1	183538644	183539835	1	160870506	160871700	0d0887
7	74766391	74794005	7	68573458	68595824	9c179e
1	53783106	53798166	1	295781573	295795789	0d0887
12	1709853	1713533	10	19677590	19681413	e3685f
3	120468352	120474931	3	84406261	84414070	46039f
6	32752955	32762355	6	67659056	67670642	8808a6
3	160223923	160236143	3	43723735	43736470	46039f
1	239678521	239700943	1	103680307	103702216	0d0887
2	232666880	232677071	2	240375639	240387214	2e0595
1	187292300	187297588	1	157240340	157246362	0d0887
1	261571279	261587414	1	81534669	81550691	0d0887
2	242211705	242212905	2	250341860	250343060	2e0595
1	195677912	195688281	1	148557545	148569102	0d0887
2	15864376	15879642	2	15740671	15755865	2e0595
7	90732658	90745520	7	85237687	85269973	9c179e
1	98707768	98787775	1	250021947	250099183	0d0887
16	2712067	2717779	17	2558959	2564454	fdb42f
1	15465783	15476743	1	335423656	335433859	0d0887
15	16909575	16912469	13	239739	242648	fb9f3a
2	33838007	33853347	2	34299192	34314198	2e0595
1	89907928	89920163	1	258869457	258881618	0d0887
8	41280316	41298346	8	39070098	39086902	ad2793
3	123513730	123531410	3	81331551	81348489	46039f
3	44345405	44372364	3	162178274	162208537	46039f
1	80235279	80274545	1	268661899	268723415	0d0887
1	11718483	11721735	1	339422602	339426000	0d0887
11	22367739	22371912	9	23707101	23711280	d8576b
2	160156607	160207305	2	165204257	165265534	2e0595
2	176008935	176014335	2	181625658	181637086	2e0595
1	73577823	73579080	1	275230791	275232048	0d0887
6	91204917	91230952	6	8438038	8464196	8808a6
1	60969078	60994265	1	288297552	288322291	0d0887
4	93096521	93105268	4	95604550	95611898	5c01a6
3	166029432	166036132	3	37797675	37804674	46039f
6	23568731	23581035	6	77351810	77362874	8808a6
3	168681485	168723227	3	35043233	35091477	46039f
6	22650110	22651286	6	78222974	78226939	8808a6
13	11186733	11195663	11	11643576	11658253	ed7953
5	73591831	73626800	5	73961902	73984288	7201a8
1	71276755	71286040	1	277731648	277739377	0d0887
5	100522658	100532458	5	100283129	100292438	7201a8
1	18210023	18213356	1	332466104	332469225	0d0887
6	42318128	42328987	6	58180388	58190527	8808a6
1	25470473	25484355	1	325163489	325177401	0d0887
7	6286342	6310070	7	5871186	5893839	9c179e
13	14896628	14900924	11	15450182	15455019	ed7953
15	16385513	16398937	13	786344	799465	fb9f3a
2	157477900	157486181	2	162369177	162380189	2e0595
7	70586025	70599230	7	64331453	64343078	9c179e
4	85023886	85037971	4	86404579	86422427	5c01a6
5	40305840	40329675	5	40909084	40928366	7201a8
3	59630106	59638361	3	146787339	146795473	46039f
2	101916169	101917330	2	101586310	101587471	2e0595
6	57370131	57371175	6	42792179	42793223	8808a6
5	18956322	18979727	5	19565255	19582455	7201a8
5	849936	858398	5	923868	930883	7201a8
3	115245821	115256669	3	89649018	89662608	46039f
3	103333442	103347764	3	102459990	102475851	46039f
7	36182614	36193136	7	36583800	36593553	9c179e
8	20459426	20473259	8	61260822	61275219	ad2793
6	24207905	24214295	6	76705956	76713520	8808a6
17	7006855	7019271	18	4164342	4179104	fdca26
3	134675615	134692210	3	70120820	70138693	46039f
1	49920614	49936197	1	299751795	299766640	0d0887
1	315587663	315591288	1	26288491	26291945	0d0887
1	333311025	333336275	1	7714647	7742689	0d0887
19	4848851	4892058	12	13433354	13477447	f0f921
1	253849257	253864682	1	89423576	89441316	0d0887
10	116220	129839	16	21719	35027	cc4778
1	324671831	324687172	1	16771556	16786529	0d0887
1	115436056	115457470	1	232409872	232425578	0d0887
1	123324771	123395681	1	224137235	224226434	0d0887
1	319366495	319385742	1	22324109	22347259	0d0887
17	523940	538347	18	10887418	10905286	fdca26
5	68649448	68730353	5	69833568	69904312	7201a8
10	14090920	14103538	15	13644223	13681321	cc4778
2	190317660	190318818	2	196619654	196620812	2e0595
2	12078587	12092616	2	11833984	11846996	2e0595
14	5614038	5620062	14	11961795	11967780	f58b47
8	74702985	74709251	8	4233138	4238800	ad2793
3	82202712	82223190	3	123826354	123838029	46039f
6	3390661	3404982	6	96549459	96559028	8808a6
19	323204	329557	12	17998977	18005266	f0f921
7	20018233	20048313	7	19833877	19863896	9c179e
2	230226644	230238753	2	237846229	237858113	2e0595
6	16804307	16827846	6	84105791	84117609	8808a6
1	18469065	18471129	1	332205816	332207935	0d0887
2	105667225	105718678	2	106041819	106105158	2e0595
1	195390791	195415556	1	148799580	148822251	0d0887
15	11110900	11116938	13	6287975	6294634	fb9f3a
6	70503282	70506235	6	29272171	29275143	8808a6
8	8613730	8640792	8	73443947	73480982	ad2793
8	19380518	19401038	8	62363840	62382411	ad2793
2	68999205	69011161	2	69814097	69825942	2e0595
1	36861002	36876734	1	313227368	313243873	0d0887
2	205210992	205222181	2	212086667	212103932	2e0595
1	176931298	176966692	1	166636485	166662514	0d0887
13	8083811	8087249	11	8393592	8396730	ed7953
2	130427991	130429050	2	133292096	133293152	2e0595
1	270232202	270252432	1	72653082	72673912	0d0887
8	77115662	77128524	8	1901037	1913127	ad2793
1	324078825	324129057	1	17344792	17398557	0d0887
3	103465226	103493784	3	102324262	102345715	46039f
8	62352775	62354072	8	16779992	16781291	ad2793
6	12509455	12526827	6	88222966	88241361	8808a6
7	14071104	14092451	7	13909062	13922540	9c179e
3	84508048	84510505	3	121422044	121424526	46039f
11	20482472	20490549	9	21658492	21667095	d8576b
12	11161621	11162773	10	10691187	10692339	e3685f
4	53711662	53731136	4	56855595	56875462	5c01a6
6	52396823	52398014	6	47781426	47782617	8808a6
19	294008	312731	12	18006337	18021334	f0f921
3	179023461	179028636	3	24403477	24411544	46039f
1	2645349	2680666	1	349619965	349650894	0d0887
1	299140585	299159013	1	42852140	42866027	0d0887
8	2583448	2603375	8	79576135	79595447	ad2793
14	1170822	1179155	14	16423049	16431268	f58b47
2	159383780	159384905	2	164381190	164382315	2e0595
1	244526275	244527421	1	98854842	98855985	0d0887
8	51753503	51758774	8	27670163	27675474	ad2793
1	27724383	27735863	1	322762580	322774603	0d0887
2	230885118	230886270	2	238562991	238564140	2e0595
7	89297763	89299059	7	83841606	83842902	9c179e
7	44588718	44597154	7	45243852	45252957	9c179e
1	299829672	299872524	1	41999523	42042901	0d0887
1	312418298	312423239	1	29641699	29646536	0d0887
1	39106749	39107862	1	310932352	310933456	0d0887
4	84630618	84648174	4	86003515	86018844	5c01a6
6	26707334	26708339	6	74026223	74027225	8808a6
12	8571059	8582193	10	13363409	13418500	e3685f
3	38972730	38986824	3	167467768	167481854	46039f
2	202193331	202204937	2	208819213	208829068	2e0595
3	157196363	157207303	3	46735674	46748131	46039f
3	169897077	169914897	3	33753049	33773039	46039f
3	183039293	183054830	3	20380523	20397810	46039f
5	90411010	90450200	5	89738041	89760381	7201a8
13	7739746	7747712	11	8040919	8048747	ed7953
3	202891868	202893530	3	182073	183742	46039f
15	13254957	13263718	13	3944263	3952477	fb9f3a
2	96457650	96478669	2	95983106	96006285	2e0595
2	100681884	100685190	2	100318529	100321859	2e0595
1	277726108	277730925	1	65157216	65161910	0d0887
8	22634610	22642988	8	58883178	58894119	ad2793
3	118938001	118939138	3	86032770	86033907	46039f
8	19703112	19730197	8	62029241	62049398	ad2793
1	40821004	40878772	1	309110420	309171782	0d0887
7	74686494	74701154	7	68482806	68496861	9c179e
2	156272378	156287159	2	161176276	161192115	2e0595
15	13729178	13733561	13	3583424	3586706	fb9f3a
4	82140761	82149422	4	83506259	83515272	5c01a6
11	8363782	8368472	9	9194978	9198367	d8576b
8	48379630	48396352	8	31459400	31482565	ad2793
3	92566390	92748571	3	112684582	112829837	46039f
6	10778697	10779828	6	90085909	90087040	8808a6
1	300062570	300082209	1	41764379	41785871	0d0887
7	91043327	91063435	7	85552698	85578429	9c179e
13	2282873	2285768	11	2293951	2296785	ed7953
4	38284140	38289388	4	39971421	39976610	5c01a6
7	13125744	13174610	7	12918452	12973380	9c179e
7	88891501	88917188	7	83426648	83454901	9c179e
3	186991590	187001230	3	16235818	16244919	46039f
2	101207105	101213454	2	100870967	100876698	2e0595
4	83176947	83187807	4	84511744	84524973	5c01a6
2	165114188	165122268	2	170392559	170402807	2e0595
1	237683575	237770807	1	105705651	105799451	0d0887
16	5711651	5718918	17	5872899	5878687	fdb42f
2	56548012	56549140	2	57170178	57171306	2e0595
1	225099251	225111691	1	118015983	118030854	0d0887
7	9229352	9260935	7	8856730	8886948	9c179e
4	87490493	87491672	4	89117204	89118383	5c01a6
12	14278970	14335915	10	7377348	7438719	e3685f
1	159966107	159977232	1	186316304	186325865	0d0887
1	285246481	285289373	1	57297464	57358436	0d0887
5	53795571	53796690	5	54574302	54575427	7201a8
3	33682601	33690688	3	172922094	172930039	46039f
8	69292882	69306539	8	9724258	9739902	ad2793
3	191794921	191807483	3	11465796	11476912	46039f
1	330587511	330605480	1	10638562	10664337	0d0887
11	8525113	8526909	9	9367447	9369224	d8576b
1	15622474	15628986	1	335260344	335267296	0d0887
1	337862003	337885689	1	2802087	2826900	0d0887
1	28456355	28463009	1	322029540	322040099	0d0887
3	149070272	149260652	3	55181730	55367039	46039f
1	160021449	160068682	1	186212246	186266307	0d0887
7	2449357	2461054	7	2176103	2190588	9c179e
2	152493129	152501588	2	157111140	157121802	2e0595
7	64984531	65006465	7	61215087	61238010	9c179e
8	25858811	25884374	8	55318568	55351430	ad2793
16	1940688	1956314	17	1745296	1781445	fdb42f
8	67423922	67430779	8	11479332	11486320	ad2793
1	194829453	194840695	1	149394551	149404023	0d0887
3	81885676	81935218	3	124173015	124208301	46039f
1	254542856	254553655	1	88825463	88835753	0d0887
1	312063751	312070997	1	30003083	30011031	0d0887
5	9920685	9921801	5	10149958	10151074	7201a8
2	23972473	23975909	2	24001682	24005165	2e0595
5	86454681	86455797	5	85973686	85974802	7201a8
6	45558737	45565146	6	54858549	54865263	8808a6
5	120773034	120789889	5	120653241	120668937	7201a8
17	9737566	9749505	18	1453514	1465552	fdca26
2	206297940	206306020	2	213344552	213352459	2e0595
6	45404819	45420330	6	55006000	55018985	8808a6
13	16247709	16254254	11	16936882	16949992	ed7953
1	152743364	152746193	1	193664292	193667161	0d0887
2	145979206	145980322	2	150253024	150254140	2e0595
8	13972108	13986645	8	67790991	67805065	ad2793
2	207600450	207615795	2	214779911	214795369	2e0595
3	191860243	191869494	3	11394763	11405930	46039f
1	62945850	62965980	1	286290722	286311101	0d0887
7	62549995	62551105	7	58529205	58530315	9c179e
8	11616102	11628646	8	70321288	70338568	ad2793
5	97257590	97268163	5	96820159	96830541	7201a8
2	100121453	100122572	2	99733569	99734688	2e0595
5	40545880	40546981	5	41195179	41196280	7201a8
5	51739722	51740835	5	52382625	52383738	7201a8
5	46731037	46745619	5	47438108	47450121	7201a8
1	191934916	191988004	1	152369529	152426098	0d0887
4	95236237	95269002	4	97987366	98019353	5c01a6
2	85286506	85323767	2	84835838	84866973	2e0595
1	242890718	242992647	1	100294776	100410719	0d0887
3	37533380	37534490	3	168924678	168925788	46039f
3	61881098	61895686	3	144540998	144555658	46039f
14	13334858	13335950	14	3094743	3095835	f58b47
2	63668762	63685941	2	64095823	64111871	2e0595
5	100540780	100556378	5	100299872	100314226	7201a8
1	309984921	309992893	1	31627564	31637181	0d0887
4	99404498	99417465	4	102476240	102488279	5c01a6
3	168056225	168061949	3	35745253	35751522	46039f
3	157335905	157342583	3	46591331	46598022	46039f
2	134827672	134889599	2	138363485	138426941	2e0595
1	153875253	153882502	1	192457791	192470010	0d0887
3	65590375	65607059	3	140639647	140656979	46039f
6	74295814	74364807	6	25463889	25553891	8808a6
2	176538799	176539906	2	182162203	182163310	2e0595
7	28183370	28196561	7	28217767	28229119	9c179e
15	14780820	14790086	13	2464246	2474033	fb9f3a
8	11527314	11542694	8	70413533	70431703	ad2793
11	2451134	2452238	9	2481005	2482097	d8576b
15	14914426	14918020	13	2337746	2341596	fb9f3a
10	1677187	1683711	16	1637229	1641784	cc4778
3	161493829	161510864	3	42426044	42435139	46039f
8	30902217	30904757	8	49926868	49929405	ad2793
7	2944764	2950970	7	2703849	2716853	9c179e
1	242730034	242739413	1	100585888	100597191	0d0887
15	4145087	4175276	13	13422383	13451785	fb9f3a
6	2774712	2792550	6	97185142	97205434	8808a6
1	46413028	46428597	1	303350434	303368418	0d0887
6	69966400	69971437	6	29829069	29834126	8808a6
7	23011792	23104885	7	22971466	23072660	9c179e
3	196180972	196227080	3	6831032	6875245	46039f
4	50443862	50452450	4	53333639	53347222	5c01a6
17	7219230	7220337	18	3964670	3965777	fdca26
1	240047278	240055900	1	103325280	103332028	0d0887
11	14733759	14734875	9	15642853	15643969	d8576b
6	42601816	42603757	6	57925057	57926993	8808a6
6	10648551	10665497	6	90211125	90230033	8808a6
12	1488379	1493807	10	19474182	19479823	e3685f
6	45172766	45179457	6	55240437	55247116	8808a6
5	2812789	2827870	5	2856314	2878173	7201a8
13	3815620	3823886	11	3890997	3899150	ed7953
5	110280203	110312088	5	109945765	109977346	7201a8
3	82964901	82973316	3	122980024	122987653	46039f
18	3103488	3108974	12	7159563	7166840	f8e125
5	97554525	97555599	5	97137022	97138096	7201a8
16	12156854	12164487	17	12709760	12717365	fdb42f
8	70178495	70220260	8	8819945	8871572	ad2793
10	8266030	8268589	16	8509713	8512218	cc4778
1	154293222	154355248	1	191963793	192026126	0d0887
2	121899787	121916221	2	124716051	124725971	2e0595
6	53078855	53091907	6	47065427	47076367	8808a6
17	10376880	10381976	18	810566	816149	fdca26
1	256837192	256898454	1	86352318	86416350	0d0887
6	90685521	90699448	6	8963305	8980339	8808a6
13	18704680	18710384	11	19613980	19619646	ed7953
5	30415167	30416245	5	31232235	31233313	7201a8
15	2041717	2054251	13	15640753	15654967	fb9f3a
3	119307887	119323480	3	85628844	85643332	46039f
19	3006219	3007299	12	15217154	15218243	f0f921
1	65985418	65990096	1	283007192	283012203	0d0887
1	227615404	227616496	1	115520245	115521337	0d0887
15	13332415	13336053	13	3872565	3876111	fb9f3a
7	20000496	20009868	7	19815368	19826285	9c179e
1	210967143	210968226	1	132929368	132930451	0d0887
3	152921202	152951406	3	51387265	51419886	46039f
1	175698088	175699180	1	168109170	168110262	0d0887
7	8992462	9003253	7	8626634	8641717	9c179e
1	71144410	71145508	1	277871300	277872410	0d0887
5	37412182	37430820	5	38082223	38127509	7201a8
3	168250532	168262281	3	35550049	35561162	46039f
5	40929882	40944111	5	41600832	41616180	7201a8
6	48947338	48963579	6	51196356	51212709	8808a6
7	84594525	84628425	7	79005167	79040289	9c179e
3	130849038	130858480	3	73819945	73828961	46039f
1	320908235	320911136	1	20745091	20747927	0d0887
10	26734537	26736575	15	445107	446621	cc4778
2	199143447	199150556	2	205679060	205685776	2e0595
4	79253433	79308557	4	81002130	81095844	5c01a6
4	2679161	2685981	4	3131069	3136945	5c01a6
3	146019090	146026765	3	58542587	58550895	46039f
14	1227461	1232576	14	16365199	16370293	f58b47
5	96920838	96934325	5	96466834	96481959	7201a8
6	74396666	74410369	6	25419035	25432685	8808a6
2	31570211	31571285	2	31979418	31980492	2e0595
1	126295354	126306505	1	221004884	221016092	0d0887
1	63156755	63157826	1	286076899	286077937	0d0887
2	153831814	153842036	2	158558745	158568798	2e0595
8	13578035	13593154	8	68227746	68248638	ad2793
16	12339288	12340380	17	12893747	12894839	fdb42f
15	8213506	8248246	13	9253159	9293619	fb9f3a
7	29446131	29447343	7	29513761	29514974	9c179e
2	11313486	11321927	2	11151057	11158484	2e0595
1	286487022	286499578	1	56106699	56120140	0d0887
6	26040451	26041534	6	74755424	74756507	8808a6
8	10512709	10524537	8	71404682	71417137	ad2793
8	6816876	6831109	8	75348657	75365314	ad2793
6	18314309	18330498	6	82507575	82528883	8808a6
2	223463537	223491923	2	231029227	231056748	2e0595
5	56258537	56268621	5	56798754	56808316	7201a8
5	79420407	79421481	5	79071229	79072303	7201a8
5	40690980	40692087	5	41350318	41351425	7201a8
3	57351371	57367422	3	149049680	149066608	46039f
3	179291050	179301708	3	24156787	24167078	46039f
3	103388042	103401220	3	102412707	102428509	46039f
16	12653790	12656037	17	13215680	13217913	fdb42f
2	188287571	188294187	2	194421296	194427802	2e0595
4	21380182	21387286	4	22073395	22081130	5c01a6
2	175210004	175234493	2	180820742	180850497	2e0595
6	27831079	27832165	6	72842823	72843909	8808a6
1	130902505	130903552	1	216139061	216140108	0d0887
15	14885801	14889280	13	2367038	2370521	fb9f3a
3	34452795	34477699	3	172066945	172095122	46039f
11	461330	471917	9	507715	517979	d8576b
3	168186835	168195714	3	35619088	35629393	46039f
8	62300651	62309001	8	16839744	16848652	ad2793
10	216830	226192	16	156440	165715	cc4778
7	34750224	34754037	7	35051929	35057441	9c179e
14	1641499	1642567	14	15943341	15944409	f58b47
16	12575131	12580087	17	13136416	13141316	fdb42f
15	16534294	16541023	13	653742	660615	fb9f3a
1	232125605	232126679	1	111025948	111027022	0d0887
1	150707857	150724984	1	195738228	195756086	0d0887
1	69933612	69947560	1	278853772	278866663	0d0887
1	114825369	114832665	1	233109754	233117287	0d0887
1	178832845	178847041	1	164782260	164791862	0d0887
2	96484880	96500692	2	96012408	96025783	2e0595
5	87185037	87192813	5	86690390	86698264	7201a8
15	6373584	6379027	13	11101118	11105571	fb9f3a
1	274587568	274598593	1	68296048	68310276	0d0887
19	708567	723194	12	17603812	17617378	f0f921
1	101581055	101612782	1	247045655	247071445	0d0887
7	37704930	37731574	7	38185869	38208688	9c179e
3	69864816	69884731	3	136294815	136315485	46039f
17	8186912	8189617	18	3013739	3016441	fdca26
1	237533323	237546527	1	105947149	105963109	0d0887
2	104348720	104369986	2	104338506	104362580	2e0595
1	101445679	101469732	1	247190729	247212064	0d0887
7	33152643	33156310	7	33494166	33498396	9c179e
10	25601506	25612832	15	1535733	1545916	cc4778
14	7044276	7050003	14	10499902	10505460	f58b47
2	51777595	51867192	2	52337836	52457222	2e0595
4	86687040	86689642	4	88174343	88176938	5c01a6
15	3845666	3851902	13	13768478	13774511	fb9f3a
5	25176159	25196169	5	25946825	25969019	7201a8
3	38423298	38442766	3	168024745	168047223	46039f
19	2792875	2801458	12	14988939	14996586	f0f921
2	92085531	92092639	2	91360485	91369404	2e0595
3	119084713	119116858	3	85858022	85890792	46039f
1	40710120	40719936	1	309305028	309315003	0d0887
3	127185274	127198117	3	77540388	77553628	46039f
12	8344775	8354483	10	13645468	13656849	e3685f
3	5735204	5736212	3	201243036	201244044	46039f
2	101232333	101248355	2	100893331	100914411	2e0595
13	2290247	2294200	11	2303708	2307312	ed7953
3	199700458	199732038	3	3189118	3219482	46039f
4	55095381	55096449	4	58329489	58330554	5c01a6
13	16874131	16878438	11	17551226	17555819	ed7953
1	315732401	315755449	1	26131432	26153867	0d0887
11	20638902	20644515	9	21816839	21822501	d8576b
3	36722694	36755363	3	169691689	169727083	46039f
13	5011155	5039502	11	5127151	5159834	ed7953
12	4174115	4177343	10	22133352	22136600	e3685f
6	85110559	85216589	6	14885912	15006928	8808a6
17	10574896	10579730	18	612730	617611	fdca26
1	170512787	170537560	1	175602409	175647589	0d0887
5	31481378	31503100	5	32275190	32304394	7201a8
2	109259836	109264771	2	111631860	111636622	2e0595
1	181559202	181560261	1	162446893	162447952	0d0887
15	7403952	7405008	13	10146096	10147152	fb9f3a
17	10742478	10743501	18	449650	450673	fdca26
10	4655782	4656829	16	4605211	4606258	cc4778
6	26745818	26746826	6	73990781	73991789	8808a6
15	10470413	10485837	13	6957237	6976489	fb9f3a
3	144179471	144197948	3	60344791	60364095	46039f
5	40518394	40527191	5	41172088	41180417	7201a8
2	33095055	33097085	2	33602467	33604089	2e0595
5	4482352	4483405	5	4633764	4634817	7201a8
8	44137456	44153320	8	36113078	36128647	ad2793
17	10850980	10856412	18	322333	327707	fdca26
6	27658233	27673582	6	72997574	73012880	8808a6
12	651407	656584	10	18615845	18620962	e3685f
1	246966841	246967885	1	96415943	96416987	0d0887
4	55112136	55113192	4	58341853	58342918	5c01a6
16	12195638	12198321	17	12750337	12752849	fdb42f
2	203171883	203232113	2	209868558	209925640	2e0595
4	22191292	22193214	4	22907411	22910121	5c01a6
2	148554949	148577373	2	153161501	153182278	2e0595
1	292918321	292933376	1	49436678	49451700	0d0887
1	23339863	23352822	1	327439959	327452580	0d0887
7	22802270	22811673	7	22740764	22750216	9c179e
18	7929755	7933699	12	1914739	1918652	f8e125
1	165776481	165782646	1	180768680	180774907	0d0887
15	1818425	1827654	13	15864387	15873857	fb9f3a
5	26390841	26407335	5	27213248	27238314	7201a8
1	286904018	286909364	1	55763413	55767618	0d0887
5	90116861	90148061	5	89395812	89426815	7201a8
7	13182195	13194826	7	12982795	12998062	9c179e
2	151907185	151930343	2	156517841	156543510	2e0595
1	168914063	168915107	1	177372818	177373862	0d0887
3	159354965	159364977	3	44503363	44513261	46039f
10	8219226	8238068	16	8456057	8473377	cc4778
1	247102038	247116464	1	96275252	96295990	0d0887
17	3168216	3169311	18	7898521	7899580	fdca26
19	7583064	7586003	12	10769038	10771930	f0f921
3	171580715	171676640	3	32006316	32096097	46039f
16	11355438	11358751	17	11896955	11900264	fdb42f
1	249208199	249210919	1	94130719	94133431	0d0887
12	3251726	3260188	10	21230280	21237747	e3685f
15	11545058	11552206	13	5818074	5824659	fb9f3a
6	88229504	88239466	6	11673221	11683550	8808a6
14	2436510	2453800	14	15139627	15157299	f58b47
19	5397167	5401590	12	12989535	12994817	f0f921
4	25172690	25189378	4	26061606	26078878	5c01a6
1	115994796	116043148	1	231822178	231869044	0d0887
10	16118497	16119487	15	11436338	11437310	cc4778
14	16668093	16706982	14	6704689	6741326	f58b47
1	4752312	4767364	1	347166113	347182638	0d0887
3	146230987	146237163	3	58331279	58337153	46039f
1	98960514	98993027	1	249812499	249844638	0d0887
1	181485529	181508256	1	162480795	162529618	0d0887
3	37997277	37998318	3	168433728	168434763	46039f
5	22800263	22809336	5	23550656	23560305	7201a8
5	97767546	97851713	5	97375427	97464436	7201a8
4	64092570	64112905	4	67854464	67907445	5c01a6
6	7906992	7921273	6	93189839	93213622	8808a6
1	72292973	72294268	1	276651891	276653187	0d0887
16	12450941	12454586	17	13005725	13009376	fdb42f
1	259656140	259686908	1	83488890	83517269	0d0887
6	85369993	85389622	6	14679376	14697550	8808a6
5	10091701	10243402	5	10339209	10496980	7201a8
3	141492894	141508735	3	63107422	63128124	46039f
3	63554607	63566648	3	142754588	142765959	46039f
1	299712479	299713295	1	42170397	42171213	0d0887
2	142247982	142262794	2	146463041	146485486	2e0595
6	38438824	38441419	6	62051848	62054428	8808a6
8	8720737	8730157	8	73352270	73361582	ad2793
6	94005393	94017885	6	5482444	5494564	8808a6
13	14918967	14928791	11	15474043	15484187	ed7953
1	115219047	115226720	1	232637487	232646834	0d0887
3	29635480	29645612	3	177049092	177060278	46039f
5	13953037	13967716	5	14322673	14336253	7201a8
3	153708633	153722086	3	50583601	50597968	46039f
10	7979158	7980214	16	8176245	8177301	cc4778
2	31440124	31455602	2	31817857	31831763	2e0595
2	193499973	193502451	2	199947755	199949877	2e0595
3	91367155	91381700	3	114059071	114113351	46039f
6	26756781	26757792	6	73978875	73979892	8808a6
2	65514418	65525927	2	66017006	66028467	2e0595
17	10936614	10939518	18	255430	258247	fdca26
1	41739249	41740284	1	308171196	308179898	0d0887
1	43130180	43131234	1	306748291	306753446	0d0887
6	45210897	45225296	6	55197055	55208993	8808a6
5	18069851	18071657	5	18583406	18586356	7201a8
12	17351071	17360706	10	4188499	4192768	e3685f
1	241074763	241087590	1	102312327	102325934	0d0887
10	11607353	11673005	16	12130710	12170052	cc4778
1	52919816	52929393	1	296564934	296574250	0d0887
6	80636656	80654417	6	19779361	19792739	8808a6
1	107575401	107584405	1	240905333	240914819	0d0887
6	43123975	43124989	6	57393950	57394964	8808a6
6	10340658	10348683	6	90602532	90612420	8808a6
5	31430278	31438997	5	32227887	32236818	7201a8
7	30950073	30951090	7	31175188	31176205	9c179e
6	94274749	94297383	6	5189422	5212908	8808a6
7	92448677	92454371	7	87622382	87628676	9c179e
14	1067489	1072517	14	16530438	16535482	f58b47
3	34606462	34616096	3	171929068	171935390	46039f
6	113899	125887	6	99996831	100002517	8808a6
2	29978167	30001392	2	30366728	30395158	2e0595
6	48142383	48152762	6	52085808	52094982	8808a6
1	311773962	311778046	1	30270981	30275797	0d0887
1	334980758	335028448	1	5949138	5991964	0d0887
1	332339419	332417893	1	8676366	8757404	0d0887
14	13838678	13850408	14	3615460	3627289	f58b47
3	10201406	10226645	3	196731251	196752489	46039f
1	142142418	142150841	1	204522405	204530843	0d0887
12	11429861	11430905	10	10433222	10434266	e3685f
15	6499082	6506384	13	10942927	10951073	fb9f3a
8	40908888	40913919	8	39489098	39494169	ad2793
1	24947510	24957265	1	325718111	325726008	0d0887
6	2797527	2812506	6	97164939	97180782	8808a6
5	21777201	21780650	5	22463939	22467449	7201a8
16	12837685	12839617	17	13392515	13394629	fdb42f
1	48806835	48817831	1	300963905	300971870	0d0887
1	177219791	177220814	1	166319525	166320551	0d0887
1	215695383	215733238	1	128009870	128049802	0d0887
1	239348027	239362240	1	104024542	104035987	0d0887
19	269788	271723	12	18041116	18043057	f0f921
13	18379496	18381111	11	19203609	19205227	ed7953
1	301798784	301812911	1	39934363	39951307	0d0887
17	4468326	4476514	18	6663018	6672822	fdca26
6	68199933	68210861	6	31709563	31715692	8808a6
10	9019741	9034292	16	9318661	9330318	cc4778
6	85796610	85801274	6	14221011	14224967	8808a6
7	85093412	85121781	7	79521414	79551513	9c179e
6	40460725	40463178	6	60157838	60160433	8808a6
2	236743327	236756600	2	244654265	244664624	2e0595
10	6421558	6428193	16	6457048	6463630	cc4778
6	80963915	80976890	6	19490713	19502332	8808a6
6	18265398	18266391	6	82596192	82597185	8808a6
2	59953119	59961933	2	60336781	60345606	2e0595
1	311739196	311750665	1	30298844	30309747	0d0887
2	177691433	177707665	2	183325468	183342022	2e0595
7	82004330	82011548	7	76452734	76461922	9c179e
1	36180669	36225900	1	313988760	314018121	0d0887
3	185021943	185031865	3	18165335	18174765	46039f
2	150247392	150248997	2	154781942	154783293	2e0595
1	302021737	302045398	1	39712067	39732244	0d0887
3	179199049	179202984	3	24253202	24257078	46039f
3	131022712	131030811	3	73635393	73644088	46039f
1	63254576	63265150	1	285980409	285989485	0d0887
10	9001174	9006792	16	9290531	9295781	cc4778
3	126299235	126322880	3	78433227	78461310	46039f
8	9471639	9477303	8	72531263	72537766	ad2793
5	58816304	58822278	5	59585809	59598663	7201a8
4	53143261	53144284	4	56222308	56223331	5c01a6
6	48529315	48532129	6	51663770	51666744	8808a6
5	40625389	40632745	5	41270781	41277776	7201a8
16	6799455	6805076	17	7004583	7011607	fdb42f
1	166655328	166663398	1	179750688	179758746	0d0887
13	16996488	17010329	11	17676729	17690024	ed7953
5	97516027	97604230	5	97103699	97180311	7201a8
1	177055086	177056097	1	166518270	166519281	0d0887
2	215469359	215485677	2	222815920	222832312	2e0595
2	156003969	156013292	2	160901504	160914541	2e0595
1	198330841	198427605	1	145681931	145767056	0d0887
8	23434267	23444860	8	58009268	58019682	ad2793
4	57600660	57601671	4	61018112	61019123	5c01a6
1	335940169	335947598	1	4976248	4984180	0d0887
15	15305426	15310955	13	1937293	1940844	fb9f3a
2	190026298	190046905	2	196306720	196327394	2e0595
7	46562417	46577740	7	47292909	47305959	9c179e
12	417825	421254	10	18378108	18381777	e3685f
6	26714190	26715198	6	74019340	74020348	8808a6
3	119432198	119441271	3	85494442	85504880	46039f
3	82000186	82011624	3	124087589	124098444	46039f
2	97227252	97228263	2	96763516	96764527	2e0595
19	4389416	4395881	12	13949535	13956622	f0f921
1	96023668	96030340	1	252722395	252729092	0d0887
10	8634194	8645957	16	8895575	8905843	cc4778
3	99964448	99990170	3	106015571	106049355	46039f
10	3107957	3143016	16	3059392	3096343	cc4778
3	10376394	10383208	3	196569998	196578225	46039f
3	196142225	196143230	3	6913425	6914430	46039f
3	134478656	134495571	3	70307897	70324448	46039f
15	3521919	3527178	13	14115849	14121741	fb9f3a
6	48062593	48083886	6	52170781	52197024	8808a6
7	25968736	25977768	7	25966466	25975010	9c179e
1	66104448	66113669	1	282861616	282878349	0d0887
3	127432890	127441699	3	77283243	77298778	46039f
1	257105049	257111603	1	86107166	86114341	0d0887
4	70513076	70646611	4	73848572	73909718	5c01a6
6	45446264	45450552	6	54977829	54981923	8808a6
5	22630984	22631989	5	23364857	23365862	7201a8
3	35023569	35032019	3	171505928	171515639	46039f
7	80788133	80806299	7	75199823	75215822	9c179e
12	13265518	13275612	10	8518438	8529999	e3685f
11	22739175	22747703	9	24087837	24091382	d8576b
6	45476737	45484572	6	54943723	54951011	8808a6
2	33105203	33110394	2	33615728	33618233	2e0595
6	71953692	71963230	6	27706198	27715875	8808a6
15	10978212	10987968	13	6432680	6442856	fb9f3a
14	1622077	1623076	14	15963667	15964666	f58b47
13	15758635	15766412	11	16369714	16377195	ed7953
2	94404702	94412044	2	93754754	93761789	2e0595
16	7665985	7670494	17	7997276	8003035	fdb42f
2	215072870	215081627	2	222385136	222394390	2e0595
1	71786686	71929521	1	277059527	277204366	0d0887
1	215580216	215588672	1	128173761	128182787	0d0887
8	38251932	38286341	8	42281077	42318698	ad2793
1	17881551	17887590	1	332804358	332810405	0d0887
7	74360800	74381073	7	68146370	68171914	9c179e
2	154625358	154642439	2	159384376	159400574	2e0595
2	152806093	152807089	2	157446800	157447796	2e0595
2	99466194	99482470	2	99055767	99072495	2e0595
3	15817555	15823516	3	190854867	190860838	46039f
1	311754508	311762199	1	30286460	30294337	0d0887
2	59228271	59244585	2	59574936	59590644	2e0595
7	39920602	39950738	7	40426597	40454503	9c179e
3	71159361	71160357	3	135001576	135002572	46039f
5	94963732	94990436	5	94489693	94518846	7201a8
1	332545097	332545961	1	8526887	8527751	0d0887
4	96535076	96544445	4	99381915	99392516	5c01a6
2	64714528	64727374	2	65195904	65208900	2e0595
1	246362746	246375312	1	97034499	97048257	0d0887
3	147481140	147491566	3	56960121	56969597	46039f
3	179095038	179126174	3	24318222	24339067	46039f
8	19264187	19271602	8	62507820	62515172	ad2793
8	59623501	59720428	8	19989946	20065653	ad2793
11	12387946	12392991	9	13276106	13281256	d8576b
4	64250360	64260216	4	68077443	68088060	5c01a6
13	2924971	2930390	11	2986747	2992183	ed7953
1	293908991	293913669	1	48358406	48363516	0d0887
1	148428908	148429898	1	198170939	198171929	0d0887
6	91359143	91373926	6	8306191	8319895	8808a6
2	84744929	84770055	2	84391396	84413466	2e0595
3	132711035	132717901	3	72046975	72054074	46039f
2	120330037	120331024	2	123344544	123345531	2e0595
8	51820274	51838115	8	27629564	27640592	ad2793
2	34867920	34871732	2	35332831	35336598	2e0595
5	92499893	92532502	5	91963834	91995456	7201a8
3	160946859	160987000	3	42941662	42983950	46039f
6	52985988	52998077	6	47164102	47176883	8808a6
3	126790650	126792297	3	77952755	77954389	46039f
3	172445741	172456238	3	31216650	31225582	46039f
8	48525711	48569928	8	31260393	31325569	ad2793
1	274144535	274156679	1	68799548	68817108	0d0887
16	7227402	7242107	17	7526114	7540656	fdb42f
3	119347024	119356910	3	85582284	85605674	46039f
3	169446630	169452803	3	34273759	34280839	46039f
1	22903176	22905372	1	327947953	327950149	0d0887
2	33377753	33392644	2	33904259	33921152	2e0595
1	55347149	55400678	1	294092714	294145273	0d0887
6	88269513	88289152	6	11618772	11635794	8808a6
1	104450761	104456803	1	243961052	243970187	0d0887
4	23363527	23366401	4	24231831	24234669	5c01a6
16	2514259	2523986	17	2350691	2359612	fdb42f
1	12049101	12061974	1	339046796	339066672	0d0887
4	99374311	99390487	4	102453563	102468730	5c01a6
17	4671641	4675810	18	6460725	6466220	fdca26
1	48687679	48700814	1	301121819	301134997	0d0887
12	11380850	11381783	10	10487604	10488534	e3685f
5	3498002	3498959	5	3553430	3554387	7201a8
7	22154035	22171499	7	22063735	22081494	9c179e
4	17270867	17299256	4	17749855	17779739	5c01a6
5	18900991	18918557	5	19505005	19529253	7201a8
1	11727876	11744240	1	339403213	339416207	0d0887
3	98099868	98100693	3	107829150	107829975	46039f
1	199249441	199253659	1	144766665	144769519	0d0887
6	60252237	60261588	6	39832500	39840526	8808a6
2	76096608	76111979	2	76949300	76963497	2e0595
6	26767234	26797119	6	73972122	73973064	8808a6
1	149672	155534	1	351893123	351899087	0d0887
3	51177085	51178060	3	155328223	155329198	46039f
1	314390842	314398302	1	27477096	27484522	0d0887
2	174997999	175006219	2	180568227	180577136	2e0595
1	150441371	150483117	1	195999787	196045473	0d0887
3	148888426	148894060	3	55508210	55515034	46039f
6	33159067	33175965	6	67243678	67262756	8808a6
2	222363462	222366450	2	229872039	229875333	2e0595
13	2243892	2246984	11	2252825	2255922	ed7953
6	46547831	46617732	6	53763079	53833939	8808a6
13	12874237	12877062	11	13379111	13381942	ed7953
3	89851761	89854122	3	115741174	115743535	46039f
15	3624575	3630448	13	13999983	14006118	fb9f3a
8	30025396	30036760	8	50842178	50853547	ad2793
2	91871230	91882399	2	91135597	91147001	2e0595
15	15798952	15806293	13	1383409	1398063	fb9f3a
2	199763133	199767804	2	206351093	206355802	2e0595
7	20911338	20935409	7	20790032	20814803	9c179e
1	225156754	225193736	1	117924864	117969024	0d0887
5	94056574	94076334	5	93516263	93535189	7201a8
7	30501244	30516615	7	30660216	30673880	9c179e
19	829217	832626	12	17496962	17500323	f0f921
3	141419523	141468921	3	63153320	63205119	46039f
3	153507475	153528272	3	50782046	50809509	46039f
17	10166811	10181895	18	1022507	1037255	fdca26
16	2034870	2040464	17	1864128	1869732	fdb42f
7	31709098	31721617	7	31992045	32004394	9c179e
2	104966617	104996491	2	105065866	105096242	2e0595
5	97525550	97526501	5	97112372	97113323	7201a8
11	22519435	22523265	9	23861164	23864936	d8576b
6	48537921	48539978	6	51654995	51657087	8808a6
3	91703783	91751360	3	113745664	113805313	46039f
2	217206043	217299946	2	224702770	224821826	2e0595
2	2823163	2849783	2	2730741	2764602	2e0595
4	26385379	26393306	4	27376988	27391807	5c01a6
1	28124513	28151774	1	322352385	322382681	0d0887
1	121908789	121913597	1	225725169	225729859	0d0887
16	11072844	11076446	17	11609118	11612510	fdb42f
19	4474789	4478947	12	13861558	13866166	f0f921
3	17334551	17407264	3	189371655	189449845	46039f
4	4675358	4680752	4	4587721	4595004	5c01a6
19	2837316	2856557	12	15037818	15055490	f0f921
2	101819937	101830245	2	101484905	101494842	2e0595
2	152024709	152031327	2	156635267	156642056	2e0595
1	272334026	272337620	1	70683465	70687145	0d0887
7	3763048	3779418	7	3188994	3205049	9c179e
3	141942355	141959035	3	62624411	62633594	46039f
1	184800152	184801109	1	159703932	159704889	0d0887
1	257043414	257056255	1	86165670	86180374	0d0887
3	79962025	79969244	3	126308814	126317418	46039f
15	11609747	11618912	13	5752785	5762439	fb9f3a
1	317795713	317812693	1	23940866	23954304	0d0887
8	49388035	49404591	8	30233856	30244600	ad2793
1	69852085	69863721	1	278943055	278955094	0d0887
4	37394578	37398648	4	38998919	39002990	5c01a6
3	69648377	69668230	3	136534573	136551836	46039f
5	108115640	108133694	5	107721204	107739018	7201a8
2	155167769	155174808	2	159976041	159982630	2e0595
14	3870911	3884291	14	13694955	13707523	f58b47
1	287745968	287758239	1	54862987	54883996	0d0887
3	65819961	65906645	3	140343270	140426084	46039f
6	48513056	48514975	6	51692440	51694365	8808a6
15	14877942	14884938	13	2371357	2382086	fb9f3a
1	340059424	340068864	1	558425	567446	0d0887
10	10108212	10125620	16	10536200	10552237	cc4778
3	119133293	119142106	3	85836118	85844417	46039f
10	14476890	14486215	15	13194483	13242380	cc4778
15	7946286	7955549	13	9556638	9564945	fb9f3a
1	41279587	41294517	1	308650208	308663772	0d0887
3	182323002	182344915	3	21123650	21149974	46039f
16	4663984	4695482	17	4696175	4732668	fdb42f
2	21470521	21476403	2	21446136	21451852	2e0595
1	121492982	121513649	1	226124027	226146089	0d0887
2	137513682	137537845	2	141278952	141302010	2e0595
3	186156678	186157644	3	17046767	17047733	46039f
1	227733392	227744622	1	115387610	115398996	0d0887
8	28814723	28819444	8	52285123	52289297	ad2793
1	164369013	164387476	1	182243251	182268455	0d0887
7	37778918	37798059	7	38265007	38280639	9c179e
10	1405811	1410656	16	1364439	1369290	cc4778
15	13837458	13847179	13	3475893	3484609	fb9f3a
3	63020543	63034800	3	143302711	143316782	46039f
5	122563566	122580856	5	122369602	122388785	7201a8
16	11156062	11158103	17	11692467	11694507	fdb42f
3	125142861	125167978	3	79616485	79651339	46039f
1	221882984	221902693	1	121806996	121824591	0d0887
5	13198921	13209069	5	13569098	13580024	7201a8
5	2974603	2985468	5	3027309	3041482	7201a8
6	71592159	71593104	6	28071470	28072415	8808a6
5	82056582	82064033	5	81452835	81461044	7201a8
10	298389	301813	16	239160	242543	cc4778
2	11752417	11764056	2	11556465	11566013	2e0595
6	35104468	35130549	6	65416085	65436101	8808a6
1	292731010	292744256	1	49646501	49665264	0d0887
1	14125200	14137674	1	336837763	336851795	0d0887
1	313567755	313577900	1	28411367	28420261	0d0887
3	2605286	2626636	3	204347745	204368410	46039f
5	56788980	56826916	5	57372927	57415595	7201a8
1	233800614	233818295	1	109452209	109468145	0d0887
4	84622798	84629302	4	85995892	86002212	5c01a6
1	323533029	323534405	1	17979883	17981259	0d0887
6	26490304	26491246	6	74225190	74226132	8808a6
8	13828119	13834483	8	67973059	67979384	ad2793
6	85705415	85727789	6	14295580	14315898	8808a6
1	101633646	101641005	1	247010075	247023843	0d0887
1	71679862	71684213	1	277316297	277321492	0d0887
5	107887894	107888836	5	107469246	107470188	7201a8
16	10043039	10046825	17	10557309	10561409	fdb42f
1	15592279	15604451	1	335286763	335297536	0d0887
2	104042525	104059359	2	103961224	103979573	2e0595
15	8695926	8710301	13	8764487	8778248	fb9f3a
15	4451449	4469383	13	13118132	13137147	fb9f3a
2	86800470	86833265	2	86216603	86251433	2e0595
14	2546099	2552067	14	15041252	15047205	f58b47
3	49925440	49934898	3	156521130	156531173	46039f
5	82528919	82535125	5	81913061	81919322	7201a8
12	1652769	1656295	10	19621068	19624610	e3685f
2	186547442	186579677	2	192582954	192613870	2e0595
2	18283311	18295325	2	18288477	18302195	2e0595
12	4418644	4429502	10	17725430	17737796	e3685f
3	139030504	139031446	3	65642549	65643491	46039f
2	104067627	104078661	2	103985815	104000948	2e0595
1	214774649	214785046	1	129004170	129014051	0d0887
18	659655	663393	12	9826166	9829857	f8e125
4	70131447	70147180	4	73473842	73481949	5c01a6
2	205187647	205204276	2	212061265	212079947	2e0595
8	41180666	41206715	8	39179586	39202906	ad2793
12	15293995	15296354	10	6586309	6589059	e3685f
16	1599566	1610956	17	1388804	1400126	fdb42f
2	32893468	32901883	2	33401840	33410322	2e0595
4	8620652	8640261	4	8515369	8536343	5c01a6
4	82413763	82426076	4	83807559	83819554	5c01a6
1	13630224	13639966	1	337387597	337397955	0d0887
13	1732697	1741356	11	1738868	1747902	ed7953
1	94721140	94731038	1	254021206	254033545	0d0887
3	27315336	27321928	3	179394755	179405262	46039f
2	30103829	30130485	2	30500120	30525881	2e0595
3	94801863	94802799	3	110662520	110663456	46039f
2	37061664	37073579	2	37424065	37436050	2e0595
3	45126652	45141829	3	161394892	161407829	46039f
16	7539106	7548036	17	7859059	7868801	fdb42f
6	65615466	65632840	6	34421093	34438498	8808a6
3	141483280	141488786	3	63132937	63138967	46039f
16	11215413	11218082	17	11752242	11755002	fdb42f
2	153879467	153891812	2	158617002	158629010	2e0595
2	182792656	182800050	2	188659090	188666118	2e0595
3	135474273	135485518	3	69301262	69312674	46039f
14	6719342	6740259	14	10815257	10839650	f58b47
1	156246797	156253137	1	190016706	190023514	0d0887
1	324298228	324311674	1	17157938	17175203	0d0887
4	55056982	55070409	4	58288560	58301682	5c01a6
1	27365871	27372522	1	323162382	323169422	0d0887
1	302294552	302302252	1	39431233	39436058	0d0887
5	92281210	92319137	5	91698708	91743073	7201a8
3	177031604	177032585	3	26580633	26581614	46039f
3	51088470	51098062	3	155410638	155420916	46039f
15	8829368	8833665	13	8628671	8632825	fb9f3a
6	43228006	43249193	6	57271494	57289893	8808a6
3	105487727	105504020	3	99912526	99929250	46039f
13	1658227	1664196	11	1662169	1667908	ed7953
3	24389512	24422317	3	182384673	182416264	46039f
3	20679431	20680349	3	186254750	186255677	46039f
8	22037766	22051484	8	59520038	59536715	ad2793
1	33354425	33472724	1	316809436	316861259	0d0887
1	121545686	121546607	1	226083780	226084701	0d0887
1	195297942	195308820	1	148910835	148925910	0d0887
14	3731889	3737295	14	13841712	13847330	f58b47
3	160639541	160645780	3	43281273	43287368	46039f
1	27966154	28090505	1	322419927	322536806	0d0887
3	201427806	201471143	4	80189985	80265670	46039f
16	7806978	7812998	17	8152155	8159326	fdb42f
10	8994439	8998852	16	9280655	9286397	cc4778
1	68676045	68692101	1	280212577	280232865	0d0887
1	289180686	289190944	1	53306164	53315542	0d0887
1	63373764	63403644	1	285825888	285855881	0d0887
3	159976874	159985553	3	43999492	44014184	46039f
1	124214390	124224961	1	223214215	223225980	0d0887
3	189513228	189514140	3	13783771	13784683	46039f
14	336453	338778	14	17274413	17276736	f58b47
10	805704	807885	16	761120	763302	cc4778
2	126771460	126773979	2	129443800	129446271	2e0595
11	22770616	22772916	9	24119138	24121394	d8576b
1	276224083	276235439	1	66652870	66672344	0d0887
3	31300980	31301889	3	175381964	175382873	46039f
1	36056342	36066725	1	314071875	314081982	0d0887
7	8457513	8472566	7	8062001	8077630	9c179e
14	5390029	5392411	14	12198999	12200714	f58b47
2	182132373	182133261	2	187952467	187953355	2e0595
2	100256038	100266185	2	99872967	99882726	2e0595
12	14838725	14843475	10	6850170	6855352	e3685f
5	30969792	30995175	5	31834561	31856744	7201a8
4	74321715	74322618	4	76946008	76946911	5c01a6
1	259113679	259117601	1	84058024	84061909	0d0887
6	38534346	38539448	6	61939524	61945989	8808a6
14	12784717	12793065	14	2443047	2451878	f58b47
1	51271444	51293521	1	298334010	298355449	0d0887
7	30904032	30912490	7	31127152	31135669	9c179e
1	258637818	258644559	1	84530151	84536123	0d0887
17	8622770	8625967	18	2562579	2565620	fdca26
10	9590942	9591821	16	9941422	9942301	cc4778
8	48898159	48917381	8	30832487	30850190	ad2793
6	1489671	1523508	12	16756926	16760011	8808a6
3	154025595	154040479	3	50234283	50247552	46039f
10	16559312	16572061	15	10866389	10881966	cc4778
5	36229103	36241061	5	36903316	36921308	7201a8
1	239597428	239613525	1	103765588	103782739	0d0887
2	28693817	28705324	2	28925956	28936112	2e0595
15	7243547	7258702	13	10302266	10311218	fb9f3a
6	90809904	90821646	6	8848965	8860175	8808a6
3	141656682	141664134	3	62938383	62947342	46039f
3	161145744	161147918	3	42801322	42803487	46039f
1	299206745	299248879	1	42745436	42790822	0d0887
3	37935328	37948512	3	168493727	168502503	46039f
12	9318350	9319265	10	12635890	12636805	e3685f
1	53464921	53467932	1	296075798	296078816	0d0887
3	98656478	98668829	3	107297258	107309623	46039f
8	48050796	48065468	8	31835085	31849662	ad2793
14	16730789	16739389	14	6767933	6776764	f58b47
19	7205815	7215199	12	11161389	11167919	f0f921
1	63987933	63994024	1	285171410	285177801	0d0887
3	51192279	51193173	3	155304040	155304934	46039f
2	219842510	219848119	2	227251418	227256252	2e0595
16	2171687	2183856	17	1993294	2004032	fdb42f
3	156999424	157008551	3	46950168	46959409	46039f
1	233842059	233858179	1	109423563	109430100	0d0887
19	1248471	1253320	12	17086413	17091157	f0f921
1	115872850	115886494	1	231964048	231981578	0d0887
1	195725915	195736238	1	148506116	148516363	0d0887
2	73961960	73976454	2	74788700	74804358	2e0595
5	69797733	69853268	5	70868467	70938522	7201a8
1	116729582	116740120	1	231078356	231089081	0d0887
3	44029873	44035617	3	162502044	162507883	46039f
2	192072143	192084492	2	198431301	198443828	2e0595
4	82214165	82226647	4	83610178	83624026	5c01a6
1	64064259	64065051	1	285095290	285096085	0d0887
1	116548997	116553394	1	231272610	231277550	0d0887
14	13453037	13483032	14	3203644	3232437	f58b47
14	6490429	6495376	14	11060686	11065121	f58b47
3	186825677	186847069	3	16400634	16421195	46039f
2	152011920	152012820	2	156623284	156624184	2e0595
5	109130339	109133803	5	108787849	108791355	7201a8
2	98247086	98253857	2	97825795	97832585	2e0595
3	147191074	147235651	3	57228859	57276057	46039f
3	1802393	1814558	3	205152944	205165432	46039f
2	141642582	141656661	2	145744177	145763459	2e0595
17	3069160	3075355	18	8201922	8208253	fdca26
3	197530097	197538082	3	5410894	5418955	46039f
17	9529587	9532221	18	1669656	1672417	fdca26
1	269941830	269943612	1	73000975	73002761	0d0887
1	138347527	138362693	1	208474813	208485115	0d0887
1	153890669	153908381	1	192426695	192438264	0d0887
8	24570268	24594920	8	56827200	56858077	ad2793
11	8316991	8324157	9	9148554	9155896	d8576b
1	56722420	56723320	1	292710667	292711567	0d0887
1	274508300	274514686	1	68383364	68389754	0d0887
1	169200022	169266649	1	176953081	177042522	0d0887
1	202598687	202599560	1	141343082	141343955	0d0887
2	25533048	25542415	2	25657969	25667727	2e0595
2	18265919	18272655	2	18271250	18278014	2e0595
7	2582891	2595838	7	2329815	2341682	9c179e
1	257144325	257160403	1	86049564	86068497	0d0887
1	102545557	102563787	1	246010828	246028424	0d0887
3	48554490	48555384	3	157988746	157989640	46039f
11	12557737	12561263	9	13443078	13446382	d8576b
8	22606094	22614125	8	58920991	58933549	ad2793
1	98491722	98497212	1	250298944	250304866	0d0887
1	285003644	285004535	1	57617128	57618019	0d0887
16	11899647	11911538	17	12456461	12467482	fdb42f
3	37424175	37432021	3	169032165	169041421	46039f
19	5338339	5345652	12	13047542	13053017	f0f921
19	5461109	5463039	12	12932781	12934812	f0f921
2	8700272	8798173	2	8396523	8417291	2e0595
12	8361177	8363588	10	13636935	13639759	e3685f
1	187074360	187083196	1	157452922	157461506	0d0887
4	55036367	55039935	4	58259397	58262934	5c01a6
6	1125099	1153463	6	98818067	98840235	8808a6
14	15080029	15094819	14	4881941	4895652	f58b47
4	38904472	38925812	4	40631423	40642912	5c01a6
1	238839123	238849542	1	104545728	104555701	0d0887
1	194990387	195006042	1	149228964	149238923	0d0887
1	34707649	34708534	1	315472584	315473469	0d0887
2	169697580	169702537	2	175252602	175257531	2e0595
2	18948703	18960143	2	18952045	18971229	2e0595
17	6459442	6471181	18	4717149	4727312	fdca26
1	214918479	214935673	1	128836177	128860921	0d0887
3	94212603	94213455	3	111117964	111118816	46039f
7	29130364	29142922	7	29203816	29216980	9c179e
1	281347005	281359181	1	61393714	61406787	0d0887
17	8196851	8201116	18	3000190	3004512	fdca26
1	192757757	192769849	1	151561547	151574033	0d0887
5	69036122	69054615	5	70225257	70254748	7201a8
1	64785259	64796625	1	284296556	284305329	0d0887
4	51164164	51169535	4	54134055	54140129	5c01a6
1	224964945	224989821	1	118150074	118182653	0d0887
2	208938691	209015672	2	216054709	216120700	2e0595
15	13928487	13940701	13	3382032	3393543	fb9f3a
8	76054681	76079630	8	2887092	2905875	ad2793
3	153399497	153416303	3	50902854	50918982	46039f
5	46764623	46772155	5	47473165	47480752	7201a8
3	25732166	25736330	3	181021233	181027644	46039f
2	207650944	207663239	2	214837309	214851979	2e0595
4	119628464	119636862	4	123440561	123447463	5c01a6
3	100068641	100072049	3	105915348	105920365	46039f
2	22475030	22484261	2	22423103	22427851	2e0595
19	224084	224975	12	18088751	18089645	f0f921
13	13758293	13766618	11	14323040	14331671	ed7953
1	71419570	71430767	1	277573809	277584738	0d0887
2	215428801	215442696	2	222741742	222758877	2e0595
1	207170940	207187765	1	137023154	137040275	0d0887
1	283509210	283551242	1	59132466	59177367	0d0887
2	8911911	8936038	2	8538477	8562502	2e0595
19	80743	83638	12	18239026	18241502	f0f921
7	27999693	28012565	7	28025655	28038177	9c179e
5	68350783	68360219	5	69540669	69549820	7201a8
3	61708029	61735276	3	144593802	144620079	46039f
5	50227586	50230754	5	50876641	50879764	7201a8
3	202903178	202906836	3	168425	172260	46039f
6	81185630	81224383	6	19218698	19249162	8808a6
5	37380061	37380940	5	38079020	38079899	7201a8
1	226319786	226322115	1	116769787	116771779	0d0887
6	24977235	24983952	6	75870130	75880600	8808a6
1	53801186	53808430	1	295770250	295778738	0d0887
12	9031999	9037567	10	12922380	12928309	e3685f
1	257309801	257322769	1	85860262	85888211	0d0887
17	4122556	4127757	18	7020107	7026789	fdca26
14	10207303	10219373	14	7226095	7235276	f58b47
18	9348056	9348860	12	432785	433589	f8e125
5	39259869	39270425	5	40020950	40031005	7201a8
6	16886085	16907394	6	84023302	84045383	8808a6
1	131988055	132010362	1	215008843	215030771	0d0887
6	89181616	89188838	6	10664981	10675313	8808a6
1	268348600	268362906	1	74657125	74671171	0d0887
6	12889795	12899786	6	87807598	87817822	8808a6
2	97289388	97323679	2	96833815	96863377	2e0595
1	265268174	265285136	1	77940987	77955587	0d0887
12	10114266	10124525	10	11727113	11737241	e3685f
1	25288528	25293982	1	325370983	325376491	0d0887
1	49401635	49416134	1	300298302	300313537	0d0887
1	150193679	150203047	1	196300919	196309715	0d0887
19	2110888	2113774	12	16257474	16260563	f0f921
1	319558202	319564842	1	22121733	22127947	0d0887
1	26170786	26178960	1	324440145	324447149	0d0887
15	11815975	11822204	13	5540283	5545470	fb9f3a
7	14137997	14149147	7	13972053	13981070	9c179e
8	55327899	55353461	8	25408476	25426333	ad2793
19	4614832	4619523	12	13718642	13722938	f0f921
2	194804017	194977216	2	201269844	201439339	2e0595
6	85821213	85832662	6	14195662	14205358	8808a6
1	194892286	194897795	1	149331096	149336529	0d0887
18	8524843	8546272	12	1283361	1291332	f8e125
1	254741484	254742348	1	88616718	88617582	0d0887
4	89849200	89866806	4	92064784	92072081	5c01a6
1	73176751	73186162	1	275694983	275705459	0d0887
11	18850891	18854159	9	19934902	19938885	d8576b
1	165481809	165493405	1	181091896	181105783	0d0887
1	287728898	287731961	1	54905984	54908956	0d0887
3	156906888	156911165	3	47056164	47061483	46039f
15	16678785	16687782	13	510015	519348	fb9f3a
5	99744196	99758457	5	99501373	99509913	7201a8
2	207667909	207676090	2	214856677	214866747	2e0595
1	211793548	211799708	1	132026964	132032802	0d0887
2	97826616	97827474	2	97397881	97398739	2e0595
1	92855404	92877105	1	255797019	255826927	0d0887
6	84882667	84893085	6	15232744	15248195	8808a6
1	319354887	319362939	1	22350802	22357668	0d0887
2	89832874	89865248	2	88930137	88969121	2e0595
16	8077546	8082426	17	8449835	8456172	fdb42f
1	261844406	261845264	1	81416127	81416985	0d0887
14	8207536	8217960	14	9291492	9303418	f58b47
1	61673109	61687240	1	287588455	287603690	0d0887
1	88472720	88476126	1	260375440	260378817	0d0887
10	7938831	7949914	16	8132351	8147196	cc4778
2	199317794	199326674	2	205860611	205871073	2e0595
3	68068687	68083691	3	138263928	138276100	46039f
4	58287057	58315955	4	61726345	61750828	5c01a6
1	223400365	223405759	1	120228480	120234365	0d0887
1	69660684	69678740	1	279131305	279148905	0d0887
13	1668403	1675124	11	1672134	1678875	ed7953
2	185787637	185789688	2	191778893	191780961	2e0595
1	295461490	295499022	1	46706528	46744385	0d0887
1	87683757	87697409	1	261159088	261174155	0d0887
1	53171958	53190608	1	296300845	296316449	0d0887
3	148005459	148007004	3	56496504	56498563	46039f
1	276994812	276998550	1	65944799	65948648	0d0887
3	119046249	119078625	3	85897001	85934425	46039f
7	9014680	9028964	7	8649502	8663728	9c179e
7	80722813	80741705	7	75136113	75156631	9c179e
2	100379433	100393837	2	99998304	100013065	2e0595
2	126799428	126801676	2	129479542	129481836	2e0595
2	15390910	15398178	2	15265900	15272838	2e0595
4	42487466	42503701	4	44452879	44478397	5c01a6
10	5322758	5327764	16	5290282	5297576	cc4778
16	11435811	11438545	17	11976876	11979566	fdb42f
19	5611251	5613803	12	12784125	12786618	f0f921
14	5035577	5039948	14	12556456	12561186	f58b47
3	103231650	103239597	3	102591892	102604386	46039f
1	31053813	31054665	1	319208626	319209478	0d0887
3	40899701	40932452	3	165501655	165533150	46039f
17	2250934	2255267	18	9291991	9294445	fdca26
6	76203661	76233911	6	23579299	23619346	8808a6
1	6557554	6567057	1	345086914	345100662	0d0887
19	333186	336380	12	17991943	17995206	f0f921
5	31957318	31967013	5	32782799	32792597	7201a8
3	50472232	50481034	3	155984406	155999483	46039f
8	44083195	44092397	8	36172399	36185725	ad2793
2	100320966	100328681	2	99945686	99954180	2e0595
11	8475153	8481049	9	9317003	9323688	d8576b
7	70475989	70515393	7	64205749	64258156	9c179e
1	8722367	8763204	1	342791902	342834287	0d0887
3	150231919	150240488	3	54267933	54276956	46039f
1	49090090	49103329	1	300644714	300660449	0d0887
8	44452280	44455259	8	35695532	35697818	ad2793
3	14154856	14165120	3	192595459	192612059	46039f
5	94010238	94015502	5	93465128	93470351	7201a8
2	158393782	158394406	2	163286212	163286836	2e0595
4	53231249	53248016	4	56325528	56340168	5c01a6
3	64534972	64544898	3	141731259	141743780	46039f
6	93898467	93909308	6	5591614	5601469	8808a6
2	12300639	12312436	2	12057487	12070561	2e0595
2	226021126	226089532	2	233527843	233589799	2e0595
2	160856716	160880936	2	165942063	165977443	2e0595
14	16514005	16520638	14	6479462	6487478	f58b47
3	57118807	57147850	3	149243066	149273475	46039f
2	31871776	31875803	2	32303498	32308230	2e0595
14	1445313	1447456	14	16143970	16145673	f58b47
4	93191241	93198507	4	95703367	95711535	5c01a6
8	75330020	75339231	8	3601395	3611472	ad2793
6	99223327	99226167	6	27699	30530	8808a6
3	35040490	35054858	3	171482997	171496764	46039f
16	12050693	12051503	17	12607893	12608703	fdb42f
15	1460130	1465592	13	16246520	16251943	fb9f3a
3	66233328	66239918	3	140127535	140141357	46039f
4	24446558	24447386	4	25337675	25338503	5c01a6
12	584630	585467	10	18548303	18549140	e3685f
2	159633883	159645863	2	164620955	164631503	2e0595
1	337194032	337216063	1	3609539	3630307	0d0887
5	59054258	59068081	5	59844833	59858418	7201a8
6	23613009	23626822	6	77303878	77317505	8808a6
6	36192078	36196198	6	64280411	64284450	8808a6
14	1242175	1244960	14	16352915	16355639	f58b47
2	32241488	32245485	2	32752502	32756491	2e0595
7	47659691	47660504	7	48440010	48440823	9c179e
10	16001659	16012408	15	11521089	11534293	cc4778
10	10428399	10430480	16	10844060	10846095	cc4778
17	10734880	10738314	18	454880	458309	fdca26
8	49368224	49373582	8	30273392	30278692	ad2793
3	13144627	13145497	3	193678398	193679262	46039f
5	1412073	1450046	5	1457659	1492110	7201a8
7	72249386	72250202	7	65933830	65934679	9c179e
7	38550743	38583893	7	39054496	39081282	9c179e
15	15693886	15712644	13	1483597	1501642	fb9f3a
4	32331641	32332445	4	33796736	33797540	5c01a6
3	202734335	202740733	3	340682	348923	46039f
3	10482896	10497758	3	196449583	196465941	46039f
19	361721	365011	12	17963075	17966388	f0f921
8	38029180	38036778	8	42510342	42517124	ad2793
14	9733441	9756565	14	7676868	7695353	f58b47
2	18508678	18515240	2	18518535	18525976	2e0595
14	9620754	9621606	14	7811150	7811999	f58b47
3	16072733	16094258	3	190569381	190590448	46039f
3	199171788	199190098	3	3761847	3779346	46039f
6	70311337	70318933	6	29445035	29457456	8808a6
8	76349326	76357359	8	2603172	2608314	ad2793
3	51125888	51133530	3	155376190	155383757	46039f
1	237365545	237396932	1	106107711	106149197	0d0887
1	317159486	317191045	1	24606789	24641799	0d0887
2	216252706	216260225	2	223666517	223677414	2e0595
6	95282177	95307831	6	4108173	4136152	8808a6
4	33981601	33986652	4	35417911	35429536	5c01a6
2	129567894	129585846	2	132547093	132564666	2e0595
13	711571	713925	11	726366	728683	ed7953
3	49527192	49538011	3	156939568	156951248	46039f
6	72847179	72848007	6	26867684	26868512	8808a6
6	44858433	44861567	6	55615729	55618805	8808a6
17	2125357	2140485	18	9412087	9427946	fdca26
2	163305303	163390545	2	168546006	168651179	2e0595
14	4831418	4833734	14	12757863	12760357	f58b47
2	150997574	150999717	2	155569813	155572683	2e0595
8	78955207	78961560	8	123558	129749	ad2793
3	167342435	167371330	3	36509332	36542542	46039f
1	142118263	142124614	1	204550501	204556794	0d0887
1	178268392	178271854	1	165250498	165254255	0d0887
2	240869385	240875968	2	249052698	249064951	2e0595
3	187292758	187301915	3	15931007	15941684	46039f
11	219179	231491	9	230304	243257	d8576b
2	106016739	106030166	2	107682971	107731032	2e0595
1	22908179	22909007	1	327944524	327945352	0d0887
3	122826208	122862881	3	82014875	82053050	46039f
1	178424222	178427669	1	165096550	165100049	0d0887
6	23681373	23700502	6	77228241	77246894	8808a6
8	62417900	62472583	8	16660162	16717566	ad2793
4	21969591	21973580	4	22692155	22696201	5c01a6
3	40179286	40181999	3	166225662	166228384	46039f
4	6363320	6372653	4	6350129	6358883	5c01a6
1	318090156	318098825	1	23657910	23668686	0d0887
2	241466255	241487402	2	249573008	249596117	2e0595
6	31572528	31576764	6	68919599	68923487	8808a6
1	104368096	104398614	1	244029454	244053871	0d0887
6	22510653	22555382	6	78331491	78383547	8808a6
6	3222482	3242582	6	96709753	96723599	8808a6
8	67442160	67451290	8	11460375	11469850	ad2793
3	120330781	120334766	3	84560009	84565136	46039f
1	52533412	52596679	1	296908988	297144374	0d0887
8	8114356	8121267	8	74017267	74022458	ad2793
1	36032237	36037826	1	314104848	314110829	0d0887
7	17486564	17492128	7	17463056	17469645	9c179e
6	61226730	61364743	6	38734926	38877216	8808a6
3	62847104	62877785	3	143462084	143493071	46039f
3	61952450	61953263	3	144488106	144488919	46039f
1	208667373	208682150	1	135154770	135171119	0d0887
2	236974860	236997731	2	244892249	244918200	2e0595
1	104618577	104628266	1	243784539	243803551	0d0887
2	200143860	200150933	2	206738234	206745709	2e0595
5	32052606	32066785	5	32885118	32899720	7201a8
1	226188701	226221860	1	116875743	116919203	0d0887
4	76943826	77008791	4	78938018	79014539	5c01a6
1	251522801	251568642	1	91679347	91718028	0d0887
2	3300991	3310946	2	3230721	3244423	2e0595
1	313470792	313482485	1	28513714	28532931	0d0887
3	67298402	67306292	3	139074396	139083825	46039f
5	40947318	40952515	5	41619392	41622251	7201a8
17	9475873	9481164	18	1719229	1724505	fdca26
15	6148725	6154184	13	11331735	11337076	fb9f3a
3	15994668	16001382	3	190665814	190674873	46039f
2	97037993	97059033	2	96558110	96579407	2e0595
3	47595947	47598342	3	159004672	159007072	46039f
6	62277019	62295533	6	37770643	37791419	8808a6
1	277972325	277974700	1	64908316	64915582	0d0887
2	191498295	191507330	2	197846499	197858508	2e0595
3	28762959	28770011	3	177949824	177956746	46039f
13	10271083	10271890	11	10686076	10686883	ed7953
4	5930537	5963779	4	5948678	5979398	5c01a6
13	7419475	7426028	11	7696857	7703015	ed7953
8	22254053	22313554	8	59264765	59315497	ad2793
5	31367810	31375888	5	32164052	32173599	7201a8
1	11781105	11799406	1	339329908	339350703	0d0887
8	76701902	76710293	8	2267457	2276522	ad2793
6	71016541	71034314	6	28669837	28689052	8808a6
1	249458028	249487122	1	93851991	93880899	0d0887
1	81063247	81067862	1	267868396	267873016	0d0887
4	98708621	98710938	4	101718692	101721013	5c01a6
6	68040762	68163630	6	31755038	31886701	8808a6
17	2149170	2166597	18	9387279	9403568	fdca26
2	184933753	184935532	2	190856247	190858029	2e0595
2	190589678	190624297	2	196924381	196969826	2e0595
3	37908290	37915933	3	168523292	168531549	46039f
8	11144088	11160918	8	70856622	70876116	ad2793
17	10015948	10017796	18	871755	873563	fdca26
1	27115016	27122130	1	323433804	323440533	0d0887
7	50864174	50903716	7	51524422	51546323	9c179e
3	168519057	168536899	3	35236160	35256597	46039f
16	1377895	1380509	17	1147857	1151113	fdb42f
1	80525011	80542438	1	268421371	268436563	0d0887
15	3493631	3499096	13	14143408	14148673	fb9f3a
17	9847119	9849507	18	1354135	1356238	fdca26
8	49302252	49328278	8	30342009	30371861	ad2793
7	26101433	26103857	7	26115978	26118382	9c179e
12	17319478	17339336	10	4204505	4225842	e3685f
4	69913924	69954851	4	73256137	73301476	5c01a6
17	11032907	11033699	18	158535	159333	fdca26
16	9386969	9391256	17	9889001	9893279	fdb42f
14	7060443	7065364	14	10482101	10487933	f58b47
2	226101434	226102199	2	233614402	233615167	2e0595
2	84049990	84050728	2	83765919	83766657	2e0595
2	129532754	129538076	2	132520024	132525683	2e0595
5	5487818	5492862	5	5524583	5533571	7201a8
3	32830483	32848615	3	173783318	173801231	46039f
1	255366356	255393761	1	87935016	87968235	0d0887
4	82101492	82110494	4	83460351	83467130	5c01a6
5	99301871	99307606	5	99014322	99019777	7201a8
3	28420127	28431937	3	178278657	178288506	46039f
1	74651681	74686215	1	273972266	274014352	0d0887
1	25794889	25809798	1	324821528	324836123	0d0887
2	33727580	33737460	2	34217933	34258941	2e0595
10	6283376	6296776	16	6313703	6325488	cc4778
1	51596797	51605799	1	297996230	298007756	0d0887
8	44525644	44526313	8	35616008	35616677	ad2793
3	159044633	159045422	3	44834359	44835118	46039f
6	4179096	4198833	6	95709966	95723934	8808a6
2	51317079	51328272	2	51864796	51875428	2e0595
2	128176973	128183577	2	131128012	131134674	2e0595
8	11096794	11104635	8	70914899	70928422	ad2793
13	2705636	2710424	11	2727592	2740202	ed7953
5	20647869	20648658	5	21263383	21264172	7201a8
13	1479235	1490881	11	1485502	1497892	ed7953
3	200799305	200819571	3	1970827	1999281	46039f
8	38837171	38864901	8	41636185	41665864	ad2793
10	7618070	7660576	16	7770631	7814034	cc4778
4	78031489	78037150	4	79899712	79903040	5c01a6
13	7564835	7570230	11	7855796	7861665	ed7953
1	152880150	152901618	1	193504991	193526380	0d0887
5	419600	425789	5	469323	477092	7201a8
1	292770892	292785058	1	49603984	49616504	0d0887
6	71967399	71983249	6	27685673	27702032	8808a6
3	120613146	120624580	3	84252543	84265731	46039f
16	7151948	7156727	17	7402259	7407498	fdb42f
1	126232140	126237010	1	221081513	221088885	0d0887
3	63537420	63545510	3	142774974	142782920	46039f
17	8207204	8210759	18	2989936	2993596	fdca26
2	127968619	127974571	2	130883987	130890164	2e0595
3	27289407	27310453	3	179410435	179431823	46039f
10	9013538	9016333	16	9312045	9315236	cc4778
5	86165063	86167974	5	85667475	85670402	7201a8
5	36370568	36376605	5	37043521	37048356	7201a8
6	98662098	98666984	6	585659	590876	8808a6
7	64066882	64121463	7	60169427	60218323	9c179e
19	154746	155935	12	18160694	18161885	f0f921
3	173517467	173524569	3	30130897	30137741	46039f
2	199947706	199959287	2	206540011	206551058	2e0595
8	19664213	19682718	8	62069501	62091317	ad2793
15	13736575	13744051	13	3573247	3580372	fb9f3a
17	9955066	9958290	18	1243156	1246786	fdca26
3	50648363	50656778	3	155800090	155808055	46039f
2	247707900	247720483	2	255679320	255689571	2e0595
18	9668407	9674040	12	98662	104514	f8e125
1	191921613	191929563	1	152430619	152438195	0d0887
19	2994619	3004044	12	15206300	15214755	f0f921
5	56422293	56427023	5	56968401	56973572	7201a8
2	21461974	21467661	2	21437757	21443443	2e0595
1	195844793	195856504	1	148370564	148382112	0d0887
5	26719362	26736431	5	27559001	27576181	7201a8
4	91750572	91751352	4	94098125	94098905	5c01a6
1	199863926	199867354	1	144146039	144149937	0d0887
1	68487294	68496616	1	280374501	280384046	0d0887
3	28658183	28675400	3	178042488	178059242	46039f
17	10505894	10510309	18	681860	686502	fdca26
1	16134541	16150103	1	334713785	334729452	0d0887
2	2377968	2392987	2	2223576	2235335	2e0595
19	855269	856461	12	17472525	17473705	f0f921
19	7196561	7200345	12	11172867	11176029	f0f921
16	11350294	11353897	17	11891742	11895409	fdb42f
2	203325022	203331644	2	210010848	210018204	2e0595
3	32382143	32399501	3	174227384	174247819	46039f
1	323520687	323523204	1	17990636	17993721	0d0887
7	14011553	14021577	7	13844657	13854627	9c179e
4	47009866	47010640	4	49529816	49530590	5c01a6
8	38599633	38603721	8	41914284	41917935	ad2793
8	78419544	78426717	8	662257	668624	ad2793
1	27662686	27666939	1	322834635	322839165	0d0887
14	13373083	13375836	14	3137742	3140451	f58b47
10	4637058	4637811	16	4583904	4584666	cc4778
13	10296015	10301671	11	10709886	10716082	ed7953
2	34372735	34379845	2	34815662	34821098	2e0595
5	120842534	120843314	5	120723766	120771878	7201a8
12	1737246	1743880	10	19705668	19712936	e3685f
7	33508222	33508735	7	33799318	33799825	9c179e
8	62976284	62987406	8	16103607	16115258	ad2793
3	35936966	35943526	3	170502275	170508682	46039f
3	147656426	147661498	3	56802294	56807500	46039f
5	96993879	96999990	5	96540929	96547947	7201a8
2	747341	757961	2	596220	604582	2e0595
3	88131677	88144999	3	117612356	117633548	46039f
2	92024807	92031833	2	91299365	91307309	2e0595
2	97611829	97612606	2	97206289	97207066	2e0595
1	276527981	276543718	1	66365472	66373850	0d0887
6	38481516	38485403	6	62003594	62008330	8808a6
19	2864200	2868137	12	15063455	15069707	f0f921
15	4758677	4765434	13	12810449	12818432	fb9f3a
1	291903114	291917870	1	50526969	50543807	0d0887
4	83226179	83233981	4	84552393	84564885	5c01a6
1	276900305	276901073	1	66056437	66057193	0d0887
3	163289993	163296818	3	40587243	40594785	46039f
8	23446127	23452768	8	58001562	58008042	ad2793
2	181240681	181249336	2	187016469	187022718	2e0595
1	18691347	18700150	1	331986268	331993378	0d0887
13	11081951	11089776	11	11533504	11550137	ed7953
1	246918795	246942915	1	96440714	96473362	0d0887
5	30400036	30407851	5	31216637	31224377	7201a8
7	70741667	70744028	7	64473580	64475593	9c179e
3	172890251	172896884	3	30755741	30765216	46039f
7	19486662	19520378	7	19310554	19330659	9c179e
1	324259902	324269439	1	17202917	17212908	0d0887
4	29177610	29185843	4	30472617	30484079	5c01a6
2	8799761	8812996	2	8419289	8431240	2e0595
3	42043216	42059794	3	164444983	164452941	46039f
3	147023874	147039666	3	57445484	57455717	46039f
7	24466378	24472728	7	24482389	24494220	9c179e
14	5233574	5238663	14	12355893	12361551	f58b47
2	73754069	73755520	2	74564333	74565793	2e0595
1	104104595	104124960	1	244314350	244338433	0d0887
5	41018979	41024704	5	41704607	41710080	7201a8
1	18305097	18310616	1	332363310	332369687	0d0887
1	179472307	179557235	1	164076615	164140491	0d0887
3	64216301	64232809	3	142057081	142075207	46039f
16	11642444	11644982	17	12202084	12204594	fdb42f
5	119964889	119977752	5	119822474	119837283	7201a8
1	269236436	269238997	1	73726339	73730117	0d0887
1	292690304	292712093	1	49686686	49710735	0d0887
1	33172154	33186649	1	317044228	317058704	0d0887
11	5248668	5267255	9	5251936	5270365	d8576b
3	178919263	178948745	3	24486893	24512533	46039f
3	147063390	147064919	3	57415478	57417034	46039f
2	90311999	90326213	2	89612394	89626492	2e0595
6	40515661	40524632	6	60089737	60101226	8808a6
3	191812422	191821978	3	11447068	11456181	46039f
1	336576769	336588187	1	4295515	4310553	0d0887
10	6918159	6935391	16	6983083	7000612	cc4778
2	191808132	191821247	2	198162138	198176121	2e0595
11	320756	323927	9	345752	348923	d8576b
2	76065372	76069847	2	76928179	76933177	2e0595
3	25364648	25365395	3	181416832	181417579	46039f
2	177513342	177532222	2	183115085	183137043	2e0595
5	16493132	16551046	5	17026602	17082177	7201a8
1	89992833	90005669	1	258776439	258792720	0d0887
3	30225208	30228152	3	176418019	176421198	46039f
18	7048308	7051747	12	2816282	2820407	f8e125
16	1384889	1392249	17	1155352	1168457	fdb42f
7	21861268	21866449	7	21780781	21785798	9c179e
1	67819677	67827706	1	281051695	281059626	0d0887
12	1730096	1740888	10	19698362	19761136	e3685f
3	92470809	92492839	3	112902147	112915481	46039f
3	61934861	61946767	3	144494916	144505687	46039f
2	180411887	180417725	2	186188495	186195247	2e0595
5	122487215	122506047	5	122293168	122313462	7201a8
14	5441897	5444492	14	12149316	12151531	f58b47
3	197178831	197205346	3	5765233	5798186	46039f
1	331334723	331346378	1	9865451	9873434	0d0887
10	6509375	6514097	16	6543921	6548598	cc4778
1	31008833	31009577	1	319254438	319255182	0d0887
6	4998962	5025052	6	94950424	94965632	8808a6
5	18092663	18108022	5	18607369	18628393	7201a8
8	68755661	68760650	8	9944314	9949203	ad2793
1	87289048	87289786	1	261626780	261627518	0d0887
2	131330801	131338909	2	134373739	134381959	2e0595
3	62156572	62157310	3	144256126	144256864	46039f
11	2942685	2952434	9	2955736	2963081	d8576b
3	29681367	29684479	3	176997618	177003349	46039f
6	57457845	57489327	6	42673237	42717228	8808a6
1	322475354	322480233	1	19136452	19142868	0d0887
5	87232760	87249097	5	86741295	86760261	7201a8
1	178307659	178319494	1	165195110	165206730	0d0887
7	33225792	33226469	7	33551205	33551904	9c179e
1	80456980	80480485	1	268485835	268500770	0d0887
11	8840002	8845704	9	9668055	9672624	d8576b
14	327515	331421	14	17280897	17284786	f58b47
18	7919843	7925107	12	1923504	1928926	f8e125
4	23141536	23142271	4	23983632	23984367	5c01a6
1	207245286	207253447	1	136963818	136971894	0d0887
2	18501506	18505536	2	18511031	18514969	2e0595
3	100512890	100519898	3	105486625	105492912	46039f
1	279153707	279160029	1	63636036	63642664	0d0887
4	36102970	36111085	4	37643550	37653469	5c01a6
2	149346299	149351211	2	153998564	154003190	2e0595
8	77252959	77253589	8	1779402	1780032	ad2793
5	20794147	20798629	5	21430860	21438950	7201a8
5	13434865	13437159	5	13817329	13819820	7201a8
17	10147267	10149575	18	1003211	1005490	fdca26
7	55042979	55085689	7	55812543	55855014	9c179e
12	157890	159264	10	18103667	18105117	e3685f
1	139229602	139242245	1	207474743	207563376	0d0887
3	166916586	166917306	3	36888307	36889027	46039f
1	300006988	300012757	1	41838234	41844109	0d0887
5	51274813	51285179	5	51933492	51940905	7201a8
5	29311547	29342158	5	30100191	30129736	7201a8
14	387112	388605	14	17225884	17227383	f58b47
1	280489106	280524600	1	62237867	62283820	0d0887
2	105008369	105033742	2	105121777	105148847	2e0595
14	2316993	2319943	14	15276356	15279301	f58b47
19	3364951	3369142	12	14967513	14970907	f0f921
6	49159811	49172164	6	50977334	50992547	8808a6
6	57198996	57222766	6	42961054	42985323	8808a6
3	104457457	104466397	3	101031494	101040565	46039f
1	284082576	284089228	1	58598675	58605208	0d0887
6	42661157	42663899	6	57863775	57866466	8808a6
4	51950937	51984709	4	54940690	54976085	5c01a6
7	51229128	51271509	7	51818590	51874070	9c179e
3	183179571	183189550	3	20219837	20238557	46039f
14	16041545	16065113	14	5941179	5957116	f58b47
1	51085563	51098424	1	298535298	298546765	0d0887
1	149261527	149262250	1	197278824	197279547	0d0887
5	9685378	9689614	5	9887381	9891429	7201a8
4	91346138	91360617	4	93643219	93653640	5c01a6
6	24987950	25001538	6	75850970	75861827	8808a6
5	30819616	30826776	5	31654490	31661593	7201a8
1	12266487	12282527	1	338822112	338825935	0d0887
2	195539	196259	2	14983	15703	2e0595
1	94914839	94941081	1	253822861	253847892	0d0887
1	69922636	69927827	1	278872541	278876796	0d0887
1	63936136	63942006	1	285242980	285251640	0d0887
14	15051660	15057318	14	4850213	4855679	f58b47
5	13227899	13233721	5	13598729	13606033	7201a8
11	22658948	22660578	9	24004795	24006467	d8576b
4	63645357	63653831	4	67321149	67330204	5c01a6
11	17589335	17594438	9	18628892	18634022	d8576b
2	182204474	182214344	2	188032615	188042424	2e0595
14	3806376	3810458	14	13769625	13773706	f58b47
15	7433967	7438643	13	10109663	10115190	fb9f3a
4	29877062	29882229	4	31209759	31216070	5c01a6
6	51923820	51931579	6	48276960	48285555	8808a6
2	84998724	85002095	2	84612082	84615797	2e0595
2	105840084	105856932	2	108044298	108089013	2e0595
1	65717172	65721586	1	283304170	283309087	0d0887
3	188400294	188407827	3	14901080	14910305	46039f
4	81125543	81126182	4	82695976	82696615	5c01a6
8	69338074	69344254	8	9684344	9687929	ad2793
1	99111041	99113958	1	249680333	249682875	0d0887
8	52249197	52273735	8	22372411	22396671	ad2793
1	216326628	216336173	1	127384937	127394539	0d0887
13	8721370	8722081	11	9089167	9089881	ed7953
3	25478344	25483648	3	181278800	181284399	46039f
3	200126125	200131413	3	2686044	2692736	46039f
14	1478287	1480312	14	16108185	16110439	f58b47
16	11925471	11928140	17	12481200	12484219	fdb42f
12	18418858	18423955	10	2135134	2145364	e3685f
3	152419510	152423207	3	51955120	51958838	46039f
8	69408206	69421057	8	9602554	9615654	ad2793
3	146512858	146526210	3	58022586	58036194	46039f
2	103844406	103866151	2	103856993	103893251	2e0595
5	53027669	53028374	5	53761997	53762702	7201a8
6	12960884	12993324	6	87709340	87746407	8808a6
14	8710333	8715082	14	8766274	8771456	f58b47
4	85811429	85828384	4	87208558	87230685	5c01a6
2	134135503	134136160	2	137655563	137656220	2e0595
12	497000	497879	10	18457449	18458328	e3685f
15	14125645	14132312	13	3197834	3204730	fb9f3a
2	197177592	197190918	2	203596726	203604577	2e0595
3	110415462	110432302	3	94567820	94580481	46039f
15	902349	905505	13	16817528	16820658	fb9f3a
2	134571607	134587889	2	138099388	138117124	2e0595
10	16031542	16036249	15	11497283	11502179	cc4778
15	1010527	1013672	13	16706251	16709685	fb9f3a
8	11129158	11138353	8	70882018	70890525	ad2793
13	18267143	18331559	11	19082649	19084809	ed7953
5	69536191	69586943	5	70680685	70716199	7201a8
5	88692701	88708053	5	88009124	88025723	7201a8
8	37570576	37584179	8	42964915	42984036	ad2793
1	104440976	104446146	1	243973372	243978645	0d0887
2	209734113	209744781	2	216868737	216879703	2e0595
7	5187243	5188310	7	4665078	4666975	9c179e
1	100921256	100928467	1	247739606	247747519	0d0887
8	54811734	54812379	8	25856199	25856844	ad2793
1	205764075	205768391	1	138424362	138429044	0d0887
1	75268083	75285794	1	273347354	273368812	0d0887
10	6393568	6410029	16	6428917	6446698	cc4778
1	31741757	31750166	1	318485613	318493851	0d0887
11	1020650	1027644	9	1065083	1071884	d8576b
5	59968952	59970169	5	60828952	60831103	7201a8
6	40905813	40911000	6	59671366	59676547	8808a6
3	119978668	119983476	3	84925360	84931734	46039f
3	45553782	45577076	3	160957323	160977445	46039f
12	163559	164234	10	18109793	18110465	e3685f
5	16258378	16283585	5	16779689	16804929	7201a8
3	30547002	30555281	3	176153360	176164654	46039f
1	93942873	93949163	1	254690149	254696670	0d0887
3	199864182	199919825	3	2918558	3024570	46039f
2	195055021	195055711	2	201516801	201517491	2e0595
3	59537065	59553351	3	146875367	146892471	46039f
14	16369146	16391466	14	6302964	6331646	f58b47
4	2795099	2802582	4	3250718	3258782	5c01a6
3	142422610	142430719	3	62133608	62140141	46039f
11	3239511	3300787	9	3230975	3291805	d8576b
16	12841718	12843326	17	13397372	13398977	fdb42f
8	75815269	75827986	8	3110139	3120834	ad2793
7	31165169	31170919	7	31397377	31403283	9c179e
3	126932515	126951797	3	77800802	77821131	46039f
1	270290847	270302642	1	72592349	72606702	0d0887
5	59571175	59594761	5	60401506	60426119	7201a8
11	10452585	10454415	9	11305119	11306928	d8576b
4	87824927	87833354	4	89520311	89532809	5c01a6
6	40969049	40973392	6	59602818	59607236	8808a6
3	60372043	60381837	3	146037929	146048425	46039f
1	199439305	199452790	1	144583886	144595552	0d0887
3	150505749	150506418	3	53982836	53983505	46039f
11	22448612	22451129	9	23790314	23792842	d8576b
1	148764468	148776398	1	197773810	197786660	0d0887
3	163301658	163314364	3	40571496	40582395	46039f
11	20370448	20375915	9	21551848	21553174	d8576b
15	8171234	8177467	13	9334807	9341633	fb9f3a
13	5066412	5070426	11	5186676	5192968	ed7953
3	23483458	23492224	3	183298480	183307996	46039f
1	1555380	1560605	1	350710296	350716298	0d0887
5	31740701	31752830	5	32541895	32553756	7201a8
2	230507557	230593904	2	238162697	238237030	2e0595
1	227684312	227684963	1	115449459	115450122	0d0887
6	26827192	26839895	6	73882624	73894504	8808a6
6	63687037	63694191	6	36364539	36371681	8808a6
13	17025722	17032591	11	17704947	17711213	ed7953
3	105389507	105419792	3	100025105	100055882	46039f
2	195323663	195327891	2	201783809	201787096	2e0595
4	13832853	13836668	4	14190716	14194474	5c01a6
7	41317539	41322158	7	41809859	41813377	9c179e
1	243228894	243234314	1	100053872	100057829	0d0887
14	7377559	7399236	14	10138328	10162335	f58b47
7	14464643	14475292	7	14312995	14323213	9c179e
11	20456183	20459427	9	21632238	21635547	d8576b
6	23639699	23648508	6	77278756	77286225	8808a6
1	319300526	319309361	1	22402872	22411833	0d0887
1	116356323	116377862	1	231452534	231477174	0d0887
6	49100059	49103870	6	51050494	51052303	8808a6
15	6877981	6882286	13	10709687	10713019	fb9f3a
7	74443948	74450668	7	68223127	68232806	9c179e
3	193845767	193849200	3	9329975	9333402	46039f
17	3752583	3779174	18	7378223	7402412	fdca26
6	186136	188124	6	99923916	99925164	8808a6
4	87586630	87587689	4	89237364	89238422	5c01a6
15	16426883	16429018	13	757639	759416	fb9f3a
6	30118608	30119343	6	70449724	70450459	8808a6
4	77673821	77764181	4	79588031	79670032	5c01a6
4	40135286	40158527	4	41959949	41981544	5c01a6
16	8445098	8449619	17	8948635	8953260	fdb42f
17	10783014	10785145	18	406993	409134	fdca26
16	11776449	11778594	17	12334725	12336774	fdb42f
3	86273216	86277271	3	119577299	119580790	46039f
4	123759470	123773233	4	127598695	127611553	5c01a6
7	91879097	91909625	7	87090329	87122272	9c179e
16	13068473	13069415	17	13626052	13627118	fdb42f
5	67306286	67355624	5	68226789	68275347	7201a8
4	98496765	98503296	4	101457472	101464046	5c01a6
8	55892387	56072923	8	24630430	24867944	ad2793
6	8820396	8824699	6	92223009	92227363	8808a6
16	10500906	10504677	17	11024289	11028535	fdb42f
3	88359509	88366204	3	117349993	117356548	46039f
1	207270472	207277559	1	136936955	136943037	0d0887
6	89667964	89676713	6	10134498	10141001	8808a6
1	180699246	180716990	1	163117226	163127413	0d0887
1	216317714	216319044	1	127401032	127402351	0d0887
2	34004911	34008932	2	34473018	34477043	2e0595
4	61503512	61504974	4	65233488	65234949	5c01a6
7	17310802	17324398	7	17251053	17263392	9c179e
1	64130014	64137006	1	285011123	285025295	0d0887
3	153734284	153742180	3	50559231	50569583	46039f
13	8712093	8714153	11	9078858	9080848	ed7953
2	163988528	163989209	2	169282471	169283152	2e0595
5	98232132	98232597	5	97899594	97900059	7201a8
1	153883459	153889403	1	192451428	192456840	0d0887
1	65531945	65548530	1	283482862	283498934	0d0887
1	302176729	302182645	1	39543979	39550738	0d0887
1	122949515	122962462	1	224602212	224617335	0d0887
7	22848039	22854945	7	22788916	22795705	9c179e
1	373899	377571	1	351652726	351656223	0d0887
7	29066180	29080756	7	29131334	29148146	9c179e
6	44188021	44209152	6	56293952	56311791	8808a6
4	60681732	60695113	4	64304878	64316392	5c01a6
3	28872364	28897209	3	177815530	177845444	46039f
1	300929692	300937390	1	40836555	40843378	0d0887
17	3468	28393	18	11438165	11452242	fdca26
15	15313755	15316006	13	1932113	1934502	fb9f3a
3	79437325	79460674	3	126852125	126892708	46039f
4	78347909	78414406	4	80148514	80153877	5c01a6
2	76704248	76718060	2	77524590	77537856	2e0595
1	298523514	298544047	1	43449720	43470848	0d0887
7	5539862	5556215	7	5020726	5026968	9c179e
1	71157221	71164959	1	277850904	277858854	0d0887
12	9503000	9507645	10	12412064	12418040	e3685f
17	4270974	4279616	18	6870253	6879611	fdca26
2	19652649	19662226	2	19659347	19668959	2e0595
1	183620600	183630740	1	160773848	160776717	0d0887
6	58548555	58625877	6	41482902	41543798	8808a6
1	289446176	289450516	1	53064099	53068448	0d0887
6	60094046	60098006	6	40002207	40006832	8808a6
4	86699799	86705099	4	88184422	88189534	5c01a6
2	155184353	155236173	2	159992123	160041402	2e0595
4	20587268	20589924	4	21218202	21220852	5c01a6
8	22054936	22056332	8	59515575	59516927	ad2793
6	53094814	53232352	6	46835833	47062502	8808a6
1	211244265	211262636	1	132601777	132620457	0d0887
4	88429057	88442522	4	90455235	90468543	5c01a6
1	96183401	96190216	1	252532224	252538173	0d0887
7	80970608	80998761	7	75367629	75401151	9c179e
11	10454717	10459376	9	11307223	11312804	d8576b
8	2607522	2613758	8	79566499	79571916	ad2793
1	292759061	292767239	1	49620190	49628503	0d0887
7	13691892	13695517	7	13508147	13512071	9c179e
1	48896629	48911911	1	300848781	300881178	0d0887
6	12647375	12654676	6	88074947	88083371	8808a6
11	18159149	18185362	9	19214642	19227777	d8576b
1	190080565	190082706	1	154384765	154386814	0d0887
2	21856531	21863415	2	21872007	21875659	2e0595
5	92451926	92466680	5	91905282	91922985	7201a8
6	70948738	70954713	6	28766671	28772458	8808a6
8	62399927	62411446	8	16721884	16742824	ad2793
1	261554129	261560281	1	81568022	81574122	0d0887
2	159507744	159508374	2	164494010	164494640	2e0595
16	8862864	8867015	17	9377225	9380819	fdb42f
16	8747996	8761696	17	9260321	9271671	fdb42f
16	12168178	12170042	17	12720994	12722873	fdb42f
3	166763976	166815126	3	36987739	37038249	46039f
1	193529368	193595726	1	150668374	150737664	0d0887
6	38152316	38174546	6	62268899	62291869	8808a6
3	20381191	20392822	3	186417320	186431133	46039f
3	126976863	126978751	3	77764609	77766479	46039f
2	155146105	155149897	2	159951081	159954855	2e0595
1	48869365	48872563	1	300905042	300908044	0d0887
1	311964523	311971635	1	30079661	30086779	0d0887
4	100695135	100698589	4	103863062	103866575	5c01a6
15	11002502	11003138	13	6417303	6417939	fb9f3a
7	20657072	20660694	7	20537923	20541566	9c179e
5	10376409	10409750	5	10636511	10668063	7201a8
6	19556540	19574147	6	81240943	81255225	8808a6
2	24838046	24843015	2	24907715	24912785	2e0595
12	10890271	10910985	10	10936624	10958963	e3685f
5	13190977	13194495	5	13563188	13566436	7201a8
2	188317565	188322880	2	194448740	194453380	2e0595
14	557385	557991	14	17053704	17054310	f58b47
14	16128136	16134458	14	6025647	6032384	f58b47
11	13200153	13211874	9	14039706	14052755	d8576b
1	192793004	192797407	1	151534601	151540527	0d0887
10	1580773	1586475	16	1546238	1550608	cc4778
1	167342601	167349240	1	178994340	179000112	0d0887
1	323826794	323841896	1	17663133	17680863	0d0887
2	64671214	64685424	2	65149694	65165577	2e0595
8	75025323	75032966	8	3903466	3910768	ad2793
1	46892089	46892662	1	302872604	302873177	0d0887
2	16634066	16645688	2	16522456	16534212	2e0595
3	155884611	155888417	3	48298732	48302398	46039f
6	61511096	61517538	6	38573313	38578275	8808a6
1	322447973	322448585	1	19174770	19175382	0d0887
10	15982980	15983598	15	11548181	11548799	cc4778
7	31683448	31698236	7	31976486	31984561	9c179e
8	38562587	38570043	8	41942869	41951147	ad2793
2	154320436	154326209	2	159046527	159052329	2e0595
16	2340275	2348154	17	2168725	2172947	fdb42f
3	69338878	69342612	3	136976887	136982887	46039f
3	88037252	88041658	3	117726172	117730718	46039f
4	77567455	77614326	4	79488740	79548450	5c01a6
3	148910475	148916573	3	55483184	55490396	46039f
11	22758390	22761345	9	24106811	24109755	d8576b
4	85226435	85238516	4	86640939	86652352	5c01a6
2	47063191	47067528	2	47633972	47638636	2e0595
5	9237075	9243630	5	9602762	9608311	7201a8
4	35905701	35909208	4	37436815	37440327	5c01a6
1	164314990	164319213	1	182317117	182321519	0d0887
14	3729322	3729838	14	13849034	13849550	f58b47
13	2348193	2370130	11	2363190	2386302	ed7953
1	322403588	322409111	1	19217053	19224219	0d0887
6	22932687	22946958	6	77905234	77918948	8808a6
2	18871153	18878659	2	18888567	18895193	2e0595
6	18097288	18113782	6	82740125	82756187	8808a6
3	163183721	163195801	3	40686193	40699743	46039f
1	226696650	226698708	1	116389442	116391401	0d0887
1	82136437	82147210	1	266781992	266793315	0d0887
13	7625153	7629411	11	7921217	7925534	ed7953
15	12888118	12890977	13	4310564	4314433	fb9f3a
7	33749014	33759374	7	34056316	34061600	9c179e
8	74370634	74379033	8	4588822	4597598	ad2793
6	98746494	98752454	6	500737	505994	8808a6
3	148395538	148465222	3	55985859	56059756	46039f
8	25625821	25660689	8	55613353	55656887	ad2793
4	81468746	81472958	4	83022856	83027314	5c01a6
3	200705348	200724359	3	2079872	2095705	46039f
5	68906581	68970386	5	70087562	70118427	7201a8
2	38680823	38683861	2	39061233	39064261	2e0595
1	268963445	268967264	1	74000761	74004143	0d0887
7	49668921	49679773	7	50449964	50459288	9c179e
6	12681175	12687137	6	88038858	88046655	8808a6
2	157171646	157174902	2	162048978	162056535	2e0595
16	9961984	9971100	17	10473323	10482381	fdb42f
4	25301754	25325846	4	26206963	26238396	5c01a6
8	25925588	25934084	8	55268848	55278113	ad2793
15	10366916	10391522	13	7058456	7085059	fb9f3a
11	19447931	19451204	9	20548442	20557681	d8576b
5	24745722	24758137	5	25485184	25503263	7201a8
1	318755328	318758376	1	22986801	22989811	0d0887
8	8840174	8849433	8	73228627	73238747	ad2793
5	109554079	109558939	5	109224475	109230403	7201a8
4	41101387	41148805	4	43010484	43058530	5c01a6
1	321024235	321051239	1	20599972	20635614	0d0887
14	15790508	15794341	14	5639854	5643093	f58b47
6	31158077	31217270	6	69299604	69358290	8808a6
6	46621653	46635071	6	53743655	53759163	8808a6
2	151844557	151848514	2	156455618	156458898	2e0595
7	28874984	28880756	7	28926708	28932544	9c179e
16	10086006	10098203	17	10601297	10613919	fdb42f
8	28984128	29009467	8	52035060	52063919	ad2793
3	92638879	92748571	3	112684582	112762248	46039f
3	168486132	168490813	3	35280985	35285801	46039f
7	28765478	28772025	7	28804535	28811910	9c179e
3	68163324	68202004	3	138140499	138173898	46039f
1	267352175	267356463	1	75695588	75699965	0d0887
1	178233275	178238945	1	165271867	165275305	0d0887
1	294068159	294072790	1	48193700	48199012	0d0887
6	38445950	38448441	6	62044838	62047327	8808a6
6	38370194	38381342	6	62121288	62126910	8808a6
3	92865791	92880368	3	112535496	112569108	46039f
1	71147734	71151892	1	277864189	277868792	0d0887
8	622855	624529	8	81555149	81556758	ad2793
6	44846683	44851891	6	55625354	55629668	8808a6
1	12263218	12264739	1	338837663	338839966	0d0887
2	174393185	174399553	2	179971615	179978484	2e0595
1	61844510	61852462	1	287436638	287442274	0d0887
19	7219525	7232980	12	11141998	11157508	f0f921
15	8853369	8881253	13	8572823	8605509	fb9f3a
7	33385247	33394321	7	33707945	33716983	9c179e
1	267155047	267161513	1	75905232	75911565	0d0887
7	22097499	22109116	7	22009677	22024325	9c179e
2	209838299	209838896	2	216956640	216957237	2e0595
3	64043598	64048280	3	142260284	142265107	46039f
3	160191995	160202484	3	43755755	43764951	46039f
2	122908565	122919621	2	125865921	125878177	2e0595
5	36383699	36396095	5	37055399	37070310	7201a8
17	7885402	7896967	18	3292079	3303720	fdca26
5	50189852	50192716	5	50839236	50842766	7201a8
2	185867117	185870823	2	191859124	191862810	2e0595
8	59322029	59327780	8	20356073	20364605	ad2793
1	23846941	23860676	1	326861141	326879042	0d0887
3	110567946	110574702	3	94419798	94425832	46039f
4	100716346	100720665	4	103885029	103889382	5c01a6
2	214892170	214894185	2	222192472	222194500	2e0595
5	122190876	122201105	5	122014870	122023835	7201a8
5	31100818	31113028	5	31962808	31975743	7201a8
5	7958738	7965841	5	8245299	8249034	7201a8
16	12477456	12479296	17	13032258	13034304	fdb42f
19	199729	201396	12	18113563	18115247	f0f921
8	35445055	35457194	8	45216591	45221369	ad2793
1	238179295	238193291	1	105242017	105263372	0d0887
10	7409053	7413226	16	7526814	7531191	cc4778
12	11216472	11221791	10	10650603	10655781	e3685f
1	33080674	33082257	1	317143126	317144698	0d0887
1	263487983	263526400	1	79710048	79755344	0d0887
7	48309406	48312633	7	49028782	49031956	9c179e
1	50655444	50664485	1	298989418	298997113	0d0887
16	3999798	4004101	17	3934286	3938991	fdb42f
5	59929658	59934714	5	60792260	60797872	7201a8
2	59111734	59120363	2	59459426	59469924	2e0595
16	11431729	11434606	17	11972892	11975750	fdb42f
4	28599399	28599993	4	29759494	29760088	5c01a6
1	331222761	331223355	1	10001427	10002021	0d0887
11	10397447	10401520	9	11246077	11250152	d8576b
2	175999424	176004892	2	181618059	181621998	2e0595
1	211131841	211142373	1	132745968	132758461	0d0887
3	99938674	99954935	3	106058102	106081028	46039f
8	44781156	44808001	8	35293499	35321496	ad2793
15	12917227	12917722	13	4261053	4284304	fb9f3a
12	13089754	13096225	10	8713265	8719433	e3685f
2	151545378	151549078	2	156146265	156149889	2e0595
1	116575158	116582178	1	231242883	231249123	0d0887
1	293333588	293335195	1	48982785	48984391	0d0887
3	153472864	153489230	3	50827240	50846053	46039f
13	11128549	11132938	11	11580702	11585965	ed7953
19	2105305	2108879	12	16262529	16266899	f0f921
3	32653728	32666002	3	173946382	173957460	46039f
14	7292621	7296124	14	10241703	10244313	f58b47
14	14512812	14518860	14	4273434	4277731	f58b47
6	86036079	86049920	6	13982216	13993664	8808a6
6	44221877	44231108	6	56271552	56280836	8808a6
1	195014176	195046733	1	149188592	149210895	0d0887
2	40922808	40924102	2	41407324	41408547	2e0595
3	59778572	59780239	3	146642974	146644672	46039f
7	26836755	26843506	7	26879325	26887351	9c179e
14	5784980	5788035	14	11798908	11801495	f58b47
5	56125128	56129180	5	56663617	56667495	7201a8
1	315475279	315481141	1	26397063	26403241	0d0887
1	81780158	81782288	1	267163291	267165138	0d0887
1	164281373	164288985	1	182348941	182357005	0d0887
19	3246394	3274868	12	15468769	15498438	f0f921
16	2150657	2162132	17	1973793	1983652	fdb42f
16	11700227	11702583	17	12258907	12264097	fdb42f
17	4287121	4294277	18	6849551	6857334	fdca26
7	28313833	28318761	7	28344389	28349279	9c179e
2	105867471	105874549	2	107966830	107984397	2e0595
1	62482691	62507511	1	286759072	286776240	0d0887
4	52972743	52975149	4	56045547	56047949	5c01a6
6	22587987	22588557	6	78290285	78290855	8808a6
1	199053374	199053962	1	144968942	144969530	0d0887
1	33255276	33259888	1	316964847	316968656	0d0887
3	91098395	91111919	3	114411887	114431721	46039f
6	41586434	41589323	6	58949783	58952670	8808a6
3	120529465	120563748	3	84298591	84336427	46039f
7	28176456	28177032	7	28210795	28211371	9c179e
3	182021886	182026648	3	21424011	21428718	46039f
6	149559	154613	6	99956779	100022899	8808a6
8	75170946	75171519	8	3762347	3762920	ad2793
12	177179	178728	10	18123440	18124992	e3685f
4	89623283	89627054	4	91808492	91812540	5c01a6
13	18022612	18024637	11	18833686	18835689	ed7953
16	11735261	11739465	17	12293563	12297685	fdb42f
10	603838	607173	16	559650	563139	cc4778
11	13162938	13163457	9	13998122	13998623	d8576b
3	167153583	167159846	3	36713673	36720150	46039f
1	167293200	167297016	1	179041360	179045070	0d0887
3	98813394	98830919	3	107164202	107174819	46039f
1	23840621	23843673	1	326882427	326885457	0d0887
3	49251114	49261783	3	157247743	157266599	46039f
17	9035673	9045654	18	2133800	2143921	fdca26
2	159587367	159592375	2	164575222	164580201	2e0595
10	16173361	16195767	15	11341982	11365860	cc4778
1	83769912	83773204	1	265070878	265073812	0d0887
15	1145896	1147654	13	16569473	16571207	fb9f3a
3	22705593	22709741	3	184145431	184149885	46039f
7	28234864	28248584	7	28268000	28274045	9c179e
1	187088522	187093738	1	157442316	157447117	0d0887
5	23919832	23929318	5	24648456	24662272	7201a8
6	40613771	40614491	6	59978757	59979477	8808a6
16	8412259	8415477	17	8917998	8921043	fdb42f
2	157326340	157367227	2	162223024	162256228	2e0595
7	24228582	24229149	7	24234995	24235562	9c179e
6	31780069	31783858	6	68700766	68708873	8808a6
3	181239658	181248038	3	22181303	22189824	46039f
2	206312767	206314127	2	213359308	213360329	2e0595
2	185851117	185851681	2	191842511	191843075	2e0595
8	23502756	23507601	8	57939671	57944281	ad2793
18	8910413	8911678	12	852853	854136	f8e125
17	8379266	8382612	18	2807965	2811689	fdca26
3	193754875	193760309	3	9417565	9422023	46039f
1	268266310	268272656	1	74738473	74744761	0d0887
5	90202176	90205339	5	89489033	89492489	7201a8
3	126108751	126116539	3	78650270	78658252	46039f
2	24774570	24780509	2	24812179	24820967	2e0595
4	60566125	60573573	4	64187691	64195266	5c01a6
19	1210317	1213611	12	17128201	17131537	f0f921
5	30697166	30704283	5	31533042	31539772	7201a8
4	72691225	72815375	4	75556862	75619448	5c01a6
1	101719766	101745499	1	246898196	246924729	0d0887
8	24598863	24599397	8	56822802	56823339	ad2793
2	212033475	212047872	2	219238783	219258270	2e0595
16	11636569	11637127	17	12196280	12196838	fdb42f
6	8804492	8815200	6	92232068	92239755	8808a6
1	5413909	5414467	1	346388504	346389062	0d0887
14	15248799	15257220	14	5057931	5068027	f58b47
5	38685548	38698669	5	39370577	39383840	7201a8
16	10580870	10582641	17	11106807	11108592	fdb42f
3	105339387	105347124	3	100101791	100110276	46039f
3	141618144	141623395	3	62987106	62991955	46039f
1	266707151	266707709	1	76402219	76402777	0d0887
2	106042885	106076534	2	107570707	107617710	2e0595
3	24886662	24895714	3	181910129	181919567	46039f
1	246126786	246144862	1	97205633	97230696	0d0887
8	79079921	79089534	8	82168060	82177676	ad2793
1	101555113	101561050	1	247092966	247099739	0d0887
4	7169003	7175437	4	7148224	7155075	5c01a6
3	65754757	65765094	3	140480466	140488812	46039f
7	50587469	50685748	7	51277238	51346659	9c179e
2	50265408	50265969	2	50821161	50821722	2e0595
2	212086917	212092190	2	219302585	219309083	2e0595
1	321179041	321180076	1	20459178	20460241	0d0887
3	30124036	30130691	3	176523883	176531868	46039f
1	27354175	27359765	1	323175771	323179959	0d0887
3	178074973	178083873	3	25476610	25485226	46039f
1	210842605	210847118	1	133050019	133054881	0d0887
2	95571485	95577922	2	95025995	95032368	2e0595
13	17957670	17960411	11	18769938	18772988	ed7953
1	49837866	49841125	1	299841797	299845910	0d0887
1	250230558	250235686	1	93096844	93101905	0d0887
3	145504745	145513820	3	59065548	59075073	46039f
16	7416060	7416609	17	7726422	7726971	fdb42f
18	2515673	2519173	12	7925387	7932969	f8e125
1	258541098	258543520	1	84635378	84637811	0d0887
14	3574049	3578102	14	13997123	14000928	f58b47
5	52018373	52022151	5	52665422	52669145	7201a8
1	238278914	238286144	1	105152044	105159229	0d0887
3	63482492	63486970	3	142836361	142840853	46039f
1	24218518	24224537	1	326489972	326497384	0d0887
4	50920485	50923711	4	53897016	53902723	5c01a6
19	7571279	7575270	12	10779786	10783530	f0f921
10	5571064	5573175	16	5552009	5554100	cc4778
1	166863518	166873559	1	179545272	179556111	0d0887
1	179259976	179265416	1	164352185	164357908	0d0887
4	38560611	38562938	4	40257483	40259131	5c01a6
7	90750501	90755828	7	85274248	85281285	9c179e
3	32616629	32619941	3	173991140	173996658	46039f
15	17031019	17032222	13	112278	113448	fb9f3a
1	340431137	340437972	1	216847	226818	0d0887
6	84698964	84796369	6	15310654	15410667	8808a6
16	8017452	8019893	17	8380555	8384467	fdb42f
1	292833834	292837246	1	49549278	49552950	0d0887
1	118632127	118647636	1	228991157	229000132	0d0887
2	264193506	264201395	2	267568433	267577723	2e0595
1	26697362	26703558	1	323882673	323889451	0d0887
4	88913780	88918079	4	90996181	91001309	5c01a6
1	99189258	99204084	1	249598384	249610573	0d0887
1	97593787	97596548	1	251077881	251081463	0d0887
1	16992333	16995949	1	333842852	333846608	0d0887
19	3142931	3151531	12	15361118	15370037	f0f921
11	20594962	20597881	9	21768778	21771874	d8576b
6	70940998	70945238	6	28775873	28780037	8808a6
3	17147722	17168394	3	189604713	189624710	46039f
8	19686141	19689297	8	62063185	62065952	ad2793
7	46532084	46541419	7	47263840	47270277	9c179e
2	191870363	191877412	2	198223240	198228375	2e0595
17	8308933	8310835	18	2881662	2883795	fdca26
6	12638486	12644703	6	88091467	88099528	8808a6
1	138150304	138167181	1	208672825	208688739	0d0887
6	81966757	81981004	6	18327553	18335678	8808a6
3	186310325	186314428	3	16905655	16909682	46039f
1	187098340	187106336	1	157429034	157437711	0d0887
1	71289688	71314887	1	277698168	277727894	0d0887
7	92368255	92382374	7	87551616	87559118	9c179e
2	33936823	33938013	2	34397847	34399035	2e0595
13	7655240	7659992	11	7953514	7959095	ed7953
7	79453578	79456679	7	73376786	73379870	9c179e
5	2052233	2058663	5	2159005	2164893	7201a8
4	84590487	84594798	4	85946308	85954806	5c01a6
7	48353218	48357186	7	49065029	49069481	9c179e
17	8263894	8269610	18	2929456	2934970	fdca26
3	119707701	119718686	3	85218169	85236610	46039f
1	317085010	317092436	1	24717562	24725429	0d0887
15	7042018	7045744	13	10525186	10528911	fb9f3a
2	16036317	16042855	2	15911172	15918151	2e0595
17	10514639	10516489	18	675719	677596	fdca26
10	2902080	2908265	16	2855817	2862126	cc4778
1	336987839	337011828	1	3818571	3838491	0d0887
1	61165030	61165546	1	288116345	288116861	0d0887
17	202833	209340	18	11262947	11270184	fdca26
3	160864958	160871886	3	43062511	43069925	46039f
3	14145687	14152665	3	192613429	192622056	46039f
7	39597002	39611348	7	40107499	40123319	9c179e
3	25403569	25410900	3	181365914	181376169	46039f
3	141590542	141598240	3	63012256	63020030	46039f
1	322451562	322455298	1	19168461	19171610	0d0887
1	242095080	242107856	1	101271637	101280573	0d0887
7	58527235	58528975	4	47867618	47868009	9c179e
3	110679055	110681532	3	94305815	94308308	46039f
14	507974	509271	14	17103292	17104545	f58b47
7	18665682	18681274	7	18509575	18525923	9c179e
1	333057085	333057601	1	8006036	8006552	0d0887
1	30639189	30647763	1	319649373	319658642	0d0887
16	11254551	11255625	17	11791789	11792879	fdb42f
5	64972091	64977976	5	65859447	65864908	7201a8
19	3235425	3241623	12	15456490	15463984	f0f921
12	4180441	4184585	10	22140177	22144333	e3685f
1	13015273	13018879	1	338026698	338031760	0d0887
2	155039138	155041755	2	159838596	159841799	2e0595
7	2355498	2365420	7	2085890	2094860	9c179e
7	85566800	85579852	7	80013362	80026055	9c179e
3	41926571	41943810	3	164567164	164585540	46039f
3	178192776	178196994	3	25362727	25367083	46039f
2	48694049	48703094	2	49183383	49194282	2e0595
1	138299566	138310972	1	208526139	208538432	0d0887
7	31073007	31082972	7	31303496	31313353	9c179e
11	3482847	3487746	9	3459966	3465546	d8576b
1	315627317	315643957	1	26243522	26254820	0d0887
4	82003746	82009136	4	83377812	83383780	5c01a6
14	4696230	4696707	14	12895459	12895939	f58b47
2	178194373	178228232	2	183871663	183913556	2e0595
12	8266548	8270141	10	13737189	13741256	e3685f
1	272062027	272062531	1	70958993	70959497	0d0887
4	57788299	57791186	4	61202496	61205390	5c01a6
3	103669014	103674758	3	102155003	102160550	46039f
16	12474271	12474894	17	13029134	13029757	fdb42f
2	9791569	9796019	2	9520622	9528569	2e0595
1	10884822	10887772	1	340381882	340384399	0d0887
10	6374000	6381634	16	6409172	6417016	cc4778
7	80083328	80091049	7	74048821	74074683	9c179e
6	95373060	95377294	6	4037396	4039975	8808a6
5	36557387	36557882	5	37236143	37236638	7201a8
1	69695670	69696171	1	279113390	279113891	0d0887
5	86466440	86470749	5	85987917	85991460	7201a8
14	666536	669576	14	16941695	16944759	f58b47
1	299748754	299750375	1	42128793	42131730	0d0887
7	12209731	12214316	7	11959022	11963373	9c179e
7	22214712	22217902	7	22133707	22136844	9c179e
3	167424399	167429692	3	36446108	36450826	46039f
19	1156780	1157848	12	17183647	17184848	f0f921
2	230925956	230939172	2	238606224	238618417	2e0595
1	200780994	200781492	1	143278204	143278717	0d0887
1	165769195	165772532	1	180780375	180783659	0d0887
7	92731491	92733674	7	87869331	87871310	9c179e
1	89207154	89219583	1	259581542	259605060	0d0887
3	46554650	46563831	3	159931801	159934651	46039f
4	22268525	22275115	4	23097457	23103714	5c01a6
1	319224489	319227410	1	22496282	22499216	0d0887
2	146031074	146034113	2	150315148	150318188	2e0595
7	36977299	36978925	7	37374075	37375870	9c179e
4	74561731	74593944	4	77102110	77146581	5c01a6
13	17480936	17483427	11	18219344	18222225	ed7953
6	58037356	58046370	6	42113332	42120639	8808a6
3	143079293	143083335	3	61484975	61489015	46039f
6	32994229	32994733	6	67425747	67426251	8808a6
6	38475849	38477030	6	62012559	62020403	8808a6
4	64331948	64342983	4	68178702	68189935	5c01a6
1	195744255	195747193	1	148490018	148499035	0d0887
2	202225587	202229657	2	208856418	208861467	2e0595
3	64275503	64280378	3	142011560	142015805	46039f
7	14427614	14430493	7	14270080	14272748	9c179e
15	15593186	15594374	13	1614623	1615796	fb9f3a
12	169662	170504	10	18115619	18116655	e3685f
17	8192052	8194335	18	3006877	3011298	fdca26
7	32950974	32967871	7	33284565	33298965	9c179e
5	5502835	5506854	5	5542256	5545936	7201a8
2	96579574	96586021	2	96095983	96101431	2e0595
1	261799247	261806490	1	81451257	81454777	0d0887
2	197229986	197236230	2	203642641	203649278	2e0595
1	97882598	97889880	1	250757688	250765830	0d0887
14	8303822	8315966	14	9185941	9198040	f58b47
12	8455230	8457771	10	13541170	13544073	e3685f
4	53703613	53706064	4	56846014	56848466	5c01a6
1	287506118	287581938	1	55060918	55142337	0d0887
16	12571768	12573395	17	13133054	13134703	fdb42f
7	47592816	47597950	7	48378258	48380703	9c179e
1	50179619	50182630	1	299481190	299485544	0d0887
2	97461149	97468662	2	97029029	97037317	2e0595
16	11059030	11062174	17	11596432	11599374	fdb42f
4	68152377	68253676	4	71846794	71972514	5c01a6
8	7783033	7803716	8	74337409	74349105	ad2793
14	4050310	4062511	14	13512233	13526503	f58b47
12	8131734	8137250	10	13880680	13888309	e3685f
3	66627561	66650336	3	139740317	139764434	46039f
3	32604713	32612146	3	174000954	174008477	46039f
2	186416452	186424135	2	192454198	192461864	2e0595
16	12647938	12648751	17	13209916	13210710	fdb42f
5	3018411	3024949	5	3076838	3083364	7201a8
3	50494106	50496866	3	155972611	155974785	46039f
1	260740393	260753304	1	82419178	82435092	0d0887
13	4996071	4998427	11	5110887	5114022	ed7953
14	1403840	1419992	14	16171508	16187526	f58b47
13	7478642	7487287	11	7760701	7772484	ed7953
8	29957069	29962309	8	50927161	50932221	ad2793
4	87038756	87040852	4	88513137	88515223	5c01a6
14	2321286	2323726	14	15272581	15274913	f58b47
13	1920599	1925202	11	1929648	1934887	ed7953
14	5269420	5272956	14	12321112	12324478	f58b47
2	130846420	130854731	2	133709589	133718212	2e0595
12	3269425	3270958	10	21246839	21248208	e3685f
13	16540489	16542615	11	17230430	17232595	ed7953
1	210825645	210836058	1	133063486	133072555	0d0887
2	24114877	24120448	2	24161901	24167629	2e0595
6	88258559	88265626	6	11639881	11647585	8808a6
7	12967529	12971481	7	12738987	12744872	9c179e
1	246146416	246153076	1	97197175	97204100	0d0887
1	336749677	336753679	1	4093750	4105162	0d0887
7	26137628	26148066	7	26148853	26160784	9c179e
14	156874	158286	14	17449554	17451167	f58b47
7	31031674	31041268	7	31256985	31265419	9c179e
16	2552102	2553686	17	2384444	2385972	fdb42f
7	84046690	84054452	7	78323398	78396612	9c179e
1	300849133	300858735	1	40914729	40929051	0d0887
19	5670720	5672207	12	12727012	12728631	f0f921
11	20674090	20676727	9	21861853	21864594	d8576b
1	50883329	50887935	1	298757614	298826030	0d0887
6	44577242	44578996	6	55888467	55890202	8808a6
3	156404462	156408308	3	47696515	47707650	46039f
15	3563191	3568025	13	14073333	14077609	fb9f3a
14	13661587	13671643	14	3432385	3442118	f58b47
2	189803121	189820477	2	196001593	196019518	2e0595
5	66488780	66497100	5	67319842	67327734	7201a8
6	85851838	85852267	6	14172684	14173113	8808a6
2	207409440	207417512	2	214590952	214594834	2e0595
3	137864584	137872004	3	66872516	66880053	46039f
6	27388070	27391391	6	73268708	73272790	8808a6
7	62120784	62130137	7	58029725	58043527	9c179e
3	59015670	59020796	3	147417490	147422437	46039f
2	24607066	24607504	2	24645421	24645859	2e0595
1	280775957	280782344	1	61978751	61982962	0d0887
19	3122065	3124346	11	4741266	4741713	f0f921
1	317041423	317043989	1	24772286	24774838	0d0887
1	129245080	129271085	1	217999862	218040453	0d0887
13	14970970	14974587	11	15531493	15535492	ed7953
14	12632318	12640609	14	2301814	2310079	f58b47
2	9374537	9375754	2	9093529	9095191	2e0595
8	22960639	22965490	8	58520150	58525128	ad2793
2	97104712	97108777	2	96619060	96623518	2e0595
1	165495973	165502391	1	181082617	181089310	0d0887
4	98508898	98516015	4	101469502	101476189	5c01a6
17	11013697	11014108	18	178451	178862	fdca26
1	208737150	208749780	1	135072366	135093555	0d0887
8	53385711	53392192	8	27139677	27149465	ad2793
3	110490889	110495191	3	94501364	94505682	46039f
1	317414750	317416436	1	24351697	24353357	0d0887
2	69111528	69117425	2	69948023	69953131	2e0595
4	84866770	84868689	4	86220897	86222899	5c01a6
14	481563	482197	14	17130822	17131532	f58b47
2	101937373	101943570	2	101611563	101620421	2e0595
7	36938411	36942899	7	37346974	37350752	9c179e
1	89175274	89206887	1	259605328	259641005	0d0887
17	6657043	6663635	18	4523782	4529854	fdca26
1	187051244	187059576	1	157471105	157480864	0d0887
5	7972810	7974582	5	8256784	8257816	7201a8
5	100064100	100067486	5	99811605	99814942	7201a8
6	45467807	45471356	6	54957159	54960726	8808a6
13	17586505	17588454	11	18324425	18326361	ed7953
1	242764701	242769078	1	100553084	100557531	0d0887
4	38714990	38724301	4	40450672	40457956	5c01a6
15	8679307	8682071	13	8793118	8795816	fb9f3a
3	94999229	95031724	3	110491490	110524878	46039f
14	3581603	3582990	14	13992772	13993833	f58b47
14	5194885	5196656	14	12398977	12401058	f58b47
1	298683200	298691812	1	43312795	43315488	0d0887
15	7027018	7036768	13	10536351	10548234	fb9f3a
1	335732773	335739881	1	5193897	5212703	0d0887
2	240768164	240777563	2	248949599	248963189	2e0595
1	82074448	82087388	1	266838620	266852863	0d0887
3	55463244	55467680	3	150962456	150967643	46039f
7	16095294	16155461	7	16001590	16063480	9c179e
7	33125856	33128379	7	33462927	33465860	9c179e
13	15828967	15835780	11	16440249	16446056	ed7953
2	24354390	24379722	2	24394653	24422117	2e0595
1	104566145	104568656	1	243848980	243854521	0d0887
5	50297369	50337869	5	50934104	50972330	7201a8
1	255738651	255740872	1	87530478	87532694	0d0887
1	82198386	82204454	1	266718824	266724888	0d0887
13	1910005	1916937	11	1918880	1924648	ed7953
5	69915893	69924416	5	71003411	71010598	7201a8
2	94358585	94364804	2	93711152	93719553	2e0595
1	55403936	55405794	1	294087701	294089563	0d0887
19	7465773	7468057	12	10892615	10895377	f0f921
17	10426748	10427165	18	764660	765077	fdca26
1	306769724	306770141	1	35018549	35018966	0d0887
4	38899792	38900919	4	40626622	40627755	5c01a6
2	153910371	153916607	2	158651310	158659595	2e0595
1	106289336	106298830	1	242017526	242034859	0d0887
13	12473168	12475098	11	12939413	12941309	ed7953
5	20787448	20787764	5	21425188	21425500	7201a8
14	7530516	7533087	14	10005805	10008042	f58b47
1	96403439	96405553	1	252305135	252307545	0d0887
5	24228612	24233073	5	24959618	24976167	7201a8
6	26959597	26963541	6	73756975	73760938	8808a6
1	319270179	319272241	1	22445779	22449026	0d0887
4	60589986	60595013	4	64210523	64215785	5c01a6
1	323739356	323742265	1	17773469	17777089	0d0887
1	104425676	104426087	1	243992944	243993355	0d0887
5	52204550	52204916	5	52870821	52871187	7201a8
8	30367199	30368287	8	50526858	50527948	ad2793
4	49827794	49831811	4	52629486	52633780	5c01a6
3	106256617	106266078	3	99069419	99080723	46039f
2	212001426	212014250	2	219203280	219216823	2e0595
5	53239696	53245446	5	53977099	53981627	7201a8
1	156238669	156242371	1	190027740	190033300	0d0887
4	64131285	64135768	4	67935355	67939830	5c01a6
3	82806809	82808732	3	123161502	123164074	46039f
7	10718007	10729988	7	10389957	10402209	9c179e
5	57825831	57828510	5	58520159	58522834	7201a8
3	195396208	195409212	3	7683564	7692155	46039f
2	134606778	134607177	2	138138432	138138831	2e0595
1	210673727	210679501	1	133221879	133230566	0d0887
3	166737091	166739283	3	37061410	37064119	46039f
8	38763798	38766675	8	41744216	41747121	ad2793
8	48506126	48512304	8	31332504	31338612	ad2793
1	39032024	39032782	1	311015458	311016216	0d0887
3	172504775	172511632	3	31151986	31165189	46039f
1	248287385	248298405	1	95062369	95078269	0d0887
6	93482686	93494269	6	6015988	6027352	8808a6
1	118977533	118989282	1	228641703	228649900	0d0887
1	88409109	88410491	1	260437081	260438471	0d0887
7	22248880	22296196	7	22169448	22215983	9c179e
1	12288298	12293595	1	338803576	338808992	0d0887
1	266726425	266736592	1	76376381	76381075	0d0887
1	29073505	29077594	1	321326274	321330779	0d0887
6	96286443	96294271	6	3071544	3076816	8808a6
4	54685075	54690642	4	57863686	57868235	5c01a6
13	279318	281178	11	280111	281859	ed7953
7	36991717	37000474	7	37390383	37399206	9c179e
3	157148970	157151024	3	46789266	46791440	46039f
3	186225710	186227818	3	16995457	16997537	46039f
11	15054643	15063606	9	15982142	15990746	d8576b
2	209537925	209540563	2	216654848	216657147	2e0595
2	164068720	164069173	2	169359692	169360145	2e0595
8	11611309	11614893	8	70339772	70342848	ad2793
2	168036498	168039915	2	173541521	173545081	2e0595
7	93104067	93108901	7	88239655	88244708	9c179e
1	322547857	322548298	1	19049022	19049463	0d0887
6	8083988	8092906	6	92995782	93006678	8808a6
12	1611754	1614106	10	19579946	19582289	e3685f
3	113893647	113911728	3	91075304	91092905	46039f
16	1383223	1384512	17	1153728	1155011	fdb42f
1	126413735	126425730	1	220875671	220889172	0d0887
10	6530053	6537478	16	6564725	6572839	cc4778
7	28859822	28864392	7	28911617	28915626	9c179e
2	160145737	160148994	2	165192744	165195888	2e0595
11	22751172	22751717	9	24099582	24100127	d8576b
1	53630615	53634490	1	295945472	295950401	0d0887
1	48974186	48978557	1	300775768	300780569	0d0887
1	50141366	50151571	1	299508133	299518594	0d0887
5	52246562	52246937	5	52917029	52917404	7201a8
19	1180154	1183782	12	17156529	17160013	f0f921
1	227824479	227828950	1	115282989	115292314	0d0887
16	13058278	13059054	17	13616457	13617217	fdb42f
4	49848604	49853876	4	52649218	52655218	5c01a6
1	194781477	194788425	1	149449030	149455791	0d0887
2	72755808	72756183	2	73589398	73589773	2e0595
1	318073214	318075355	1	23683400	23685534	0d0887
14	984520	985927	14	16617001	16618223	f58b47
11	20703857	20706566	9	21894225	21897068	d8576b
1	272453761	272456263	1	70556463	70559015	0d0887
15	12929485	12932128	13	4269828	4272081	fb9f3a
12	10970210	10973482	10	10877967	10882513	e3685f
5	5606945	5615235	5	5648715	5658662	7201a8
2	55123649	55130861	2	55690700	55697802	2e0595
6	63839952	63841137	6	36198215	36199400	8808a6
1	285016211	285017666	1	57604435	57605888	0d0887
1	62395777	62397971	1	286874161	286876786	0d0887
14	9179118	9185857	14	8260564	8266271	f58b47
1	227621079	227625402	1	115511599	115515056	0d0887
8	4151793	4158258	8	78064696	78070739	ad2793
1	71179144	71180970	1	277836060	277837867	0d0887
4	53327749	53330519	4	56412714	56415535	5c01a6
2	157675845	157677107	2	162585299	162587580	2e0595
7	33812889	33814996	7	34127323	34130959	9c179e
11	1213007	1216294	9	1256173	1259355	d8576b
1	233949873	233951686	1	109317827	109318566	0d0887
3	16028281	16032793	3	190627066	190631948	46039f
17	11002935	11003433	18	188451	188943	fdca26
15	869193	871619	13	16858042	16860470	fb9f3a
1	319413064	319415505	1	22288873	22291315	0d0887
2	89880601	89880952	2	88983316	88983667	2e0595
1	55580961	55585355	1	293875693	293890234	0d0887
1	292903506	292906421	1	49464771	49469928	0d0887
1	16705168	16716826	1	334145009	334159214	0d0887
1	92008352	92012875	1	256729188	256730875	0d0887
1	295170731	295177119	1	47054018	47061467	0d0887
15	12454052	12454400	13	4745640	4745988	fb9f3a
5	54478616	54493392	5	55211118	55232616	7201a8
1	5384184	5397338	1	346405881	346418546	0d0887
4	29983897	29998908	4	31282683	31291549	5c01a6
1	50867681	50869361	1	298778300	298779963	0d0887
12	9493580	9496263	10	12426116	12428539	e3685f
3	29770768	29776004	3	176911939	176919136	46039f
3	166609059	166612732	3	37177554	37183690	46039f
4	88986060	88986393	4	91071767	91072100	5c01a6
5	30422948	30427726	5	31246336	31252331	7201a8
6	85232501	85248056	6	14848948	14869767	8808a6
14	4774282	4776919	14	12817657	12820705	f58b47
1	177123120	177124503	1	166431928	166433318	0d0887
2	35163893	35165417	2	35628756	35630280	2e0595
3	141639083	141642962	3	62963349	62971233	46039f
6	80676355	80766535	6	19679799	19747453	8808a6
3	63571776	63577628	3	142744009	142749516	46039f
1	20880183	20883202	1	330008439	330010857	0d0887
5	26276636	26276954	5	27100307	27100625	7201a8
1	18589540	18594027	1	332089761	332094320	0d0887
1	246467437	246472655	1	96929934	96932844	0d0887
7	33321806	33326967	7	33643843	33648996	9c179e
19	5308331	5311325	12	13084031	13086799	f0f921
5	90516738	90521946	5	89829108	89833783	7201a8
2	84730442	84741187	2	84378371	84387541	2e0595
11	3127183	3127495	9	3128698	3129004	d8576b
1	285066748	285078367	1	57540762	57551456	0d0887
2	961532	967080	2	796979	802661	2e0595
3	16419270	16451687	3	190349727	190386102	46039f
3	178140422	178142038	3	25415312	25417285	46039f
10	6963319	6968536	16	7024853	7030602	cc4778
1	214686345	214692140	1	129131019	129135853	0d0887
3	163070613	163070952	3	40837510	40837849	46039f
12	3602946	3603927	10	21564767	21565749	e3685f
8	74980402	74994729	8	3945827	3962658	ad2793
4	2741324	2745950	4	3198766	3201206	5c01a6
6	1185890	1189649	6	98782201	98786614	8808a6
1	292797929	292805194	1	49580286	49589102	0d0887
1	165883410	165885884	1	180668795	180671223	0d0887
7	83874689	83881540	7	78223137	78229344	9c179e
2	97293310	97293601	2	96837695	96837986	2e0595
3	29664628	29666082	3	177020128	177027920	46039f
2	141081791	141083561	2	145130291	145132377	2e0595
1	50080112	50082055	1	299584954	299586360	0d0887
17	4329867	4339359	18	6805940	6815631	fdca26
1	40389522	40412727	1	309634501	309656663	0d0887
10	4694062	4694341	16	4648164	4648443	cc4778
16	10992921	10994434	17	11528148	11529639	fdb42f
11	6381860	6384765	9	7197595	7201354	d8576b
3	145595470	145598255	3	58974737	58982573	46039f
2	103234791	103238602	2	103071936	103075640	2e0595
13	629866	632952	11	638078	640690	ed7953
18	9056294	9056570	12	722910	723186	f8e125
1	328890537	328896414	1	12476889	12482748	0d0887
3	153948284	153951976	3	50326752	50330362	46039f
1	63365548	63372153	1	285857416	285863607	0d0887
1	228934996	228937770	1	114129665	114132452	0d0887
3	178042139	178042400	3	25525447	25525708	46039f
5	65920569	65940545	5	66753928	66769820	7201a8
3	26306156	26334502	3	180411034	180444354	46039f
2	212917607	212920737	2	220199909	220203039	2e0595
1	1875011	1875263	1	350433710	350433962	0d0887
3	177914771	177920765	3	25661935	25668227	46039f
14	472981	473233	14	17141213	17141465	f58b47
3	37952335	37957392	3	168478445	168483704	46039f
15	9361085	9361328	13	8071770	8072013	fb9f3a
6	22232607	22232835	6	78692480	78692708	8808a6
8	28559284	28562626	8	52552800	52556187	ad2793
3	83471032	83474465	3	122469890	122472767	46039f
3	169678392	169679077	3	34018702	34019386	46039f
3	30574796	30576603	3	176132185	176133669	46039f
3	23274407	23276212	3	183534820	183536609	46039f
1	51390208	51395001	1	298215922	298225528	0d0887
2	182008946	182009132	2	187821775	187821961	2e0595
1	287014445	287020253	1	55620183	55625981	0d0887
3	146240468	146241259	3	58325942	58326371	46039f
3	23649436	23651663	3	183170258	183172480	46039f
1	243073411	243073567	1	100206872	100207028	0d0887
