Species_1	Start_1	End_1	Species_2	Start_2	End_2	fill
1	65746531	65838890	1	332976802	333014166	0d0887
1	148936096	149069608	1	230831830	230999177	0d0887
8	42966448	43092062	7	24495016	24703902	ad2793
5	21571446	21593801	4	26042568	26069993	7201a8
1	198202236	198243518	1	176156080	176202107	0d0887
2	191945511	192002093	2	93545677	93626753	2e0595
14	14408711	14503783	10	21533061	21630752	f58b47
4	22456142	22582721	8	42747250	42911799	5c01a6
1	270038753	270125470	1	86200759	86297446	0d0887
1	126070166	126166134	1	257533343	257608305	0d0887
14	5859568	5915779	10	8706556	8757981	f58b47
1	310054045	310226185	1	31498925	31705512	0d0887
7	41879020	42009147	6	49779970	49923602	9c179e
5	24709095	24743371	4	29986496	30031995	7201a8
1	239740195	239799764	1	125422194	125535422	0d0887
4	56879587	56937975	8	11355437	11407831	5c01a6
3	64068408	64111453	3	89290227	89316240	46039f
3	65933528	65979642	3	91702510	91744098	46039f
2	47369246	47409108	2	262605435	262662007	2e0595
3	197899120	197959211	3	258525320	258574029	46039f
2	198317496	198392263	2	85475324	85554428	2e0595
5	77784247	77837529	4	89687575	89712747	7201a8
12	11705357	11955692	14	24211847	24509528	e3685f
1	40467695	40605557	1	368478915	368658074	0d0887
16	10002106	10041753	11	25463600	25538119	fdb42f
3	153841800	153945808	3	197300307	197439535	46039f
13	13692774	13730122	13	7792458	7847123	ed7953
8	55648999	55715066	7	11470843	11497579	ad2793
17	7820850	7849822	10	30595887	30642883	fdca26
1	227650323	227674007	1	140645838	140681986	0d0887
1	55495909	55568752	1	347405177	347485048	0d0887
17	1875274	1969990	10	25483949	25561554	fdca26
1	337045295	337197606	1	748247	849320	0d0887
2	152269843	152317762	2	143243690	143293419	2e0595
1	173115847	173225833	1	203263551	203349710	0d0887
7	88785669	88883444	6	84521488	84626684	9c179e
1	226244444	226301853	1	142314187	142401885	0d0887
7	30649792	30742536	6	36463313	36557426	9c179e
16	13020831	13048086	11	25695212	25772041	fdb42f
1	254251440	254273160	1	107104616	107125590	0d0887
1	340441203	340457170	1	418001031	418023717	0d0887
7	15905138	16030611	6	18462244	18625254	9c179e
1	63230614	63248112	1	336401383	336435922	0d0887
1	139247389	139332755	1	241617851	241658968	0d0887
15	14731807	14746046	15	3406792	3436385	fb9f3a
5	52903400	52945682	4	65812530	65882281	7201a8
4	19829077	19898892	8	52197933	52263793	5c01a6
1	143309865	143409578	1	237168316	237310721	0d0887
2	90211784	90306194	2	211568650	211671235	2e0595
16	8925450	9028643	11	23283249	23434439	fdb42f
2	103475212	103503025	2	196713746	196726498	2e0595
4	57144996	57220345	8	11097815	11158168	5c01a6
6	85593186	85678509	5	17644716	17734839	8808a6
2	243389519	243490749	2	28575167	28651663	2e0595
16	11856908	11882451	11	27679862	27715290	fdb42f
1	333403470	333571816	1	3658921	3817956	0d0887
7	29771975	29948810	6	35158769	35535579	9c179e
14	1843998	1869919	10	2498708	2532092	f58b47
1	270326380	270370401	1	85877892	85927393	0d0887
5	38723730	38762385	4	48412417	48450847	7201a8
1	17345116	17409434	1	398791679	398852618	0d0887
1	276478812	276524718	1	77195193	77264770	0d0887
16	10138522	10204439	11	14035956	14138629	fdb42f
1	217716540	217754577	1	153280146	153322750	0d0887
1	273477741	273804175	1	81119096	81579917	0d0887
6	30925131	30997296	5	84093720	84191236	8808a6
2	67273630	67354026	2	236814876	236901116	2e0595
1	257698906	257750749	1	102391099	102398311	0d0887
8	41225517	41275540	7	22082979	22150747	ad2793
15	4578186	4642046	15	18432099	18518779	fb9f3a
2	156393146	156424112	2	138283997	138318872	2e0595
1	71974059	72090517	1	325254369	325367630	0d0887
6	89352107	89457309	5	13301562	13428365	8808a6
3	87273107	87430496	3	118641442	118881445	46039f
5	119878978	119912385	4	127479058	127521318	7201a8
7	31477671	31525503	6	37632076	37684911	9c179e
1	41301800	41347926	1	367515236	367573119	0d0887
4	93612604	93700625	9	43631319	43747598	5c01a6
6	97386734	97463640	5	8174407	8302094	8808a6
14	10099259	10150034	10	15173467	15219921	f58b47
1	39647603	39686272	1	369717831	369762553	0d0887
6	70123998	70172573	5	30740382	30794215	8808a6
2	158407906	158505750	2	135791695	135936609	2e0595
2	100057344	100092342	2	200827669	200866926	2e0595
15	6795598	6816406	15	14886935	14911770	fb9f3a
1	116661377	116673484	1	269368379	269384196	0d0887
2	217968864	218317612	2	59882000	60316699	2e0595
14	14554076	14601311	10	22969707	23004674	f58b47
1	65642528	65680170	1	333172325	333223859	0d0887
1	277621622	277638293	1	75749636	75771874	0d0887
10	16434487	16447306	16	13636676	13649243	cc4778
2	84884676	84975111	2	217306246	217374476	2e0595
15	1758966	1793963	15	25998679	26069847	fb9f3a
7	21239400	21296110	6	24960187	25036718	9c179e
2	155944757	155999368	2	138862574	138932432	2e0595
1	265601318	265694508	1	92008908	92112160	0d0887
7	89923509	89977359	6	86007961	86051621	9c179e
3	57057604	57110484	3	80189332	80267946	46039f
7	46611936	46651584	6	51663936	51710447	9c179e
5	85860881	85961163	4	94166484	94250128	7201a8
14	16075595	16123807	10	21462600	21528452	f58b47
19	5983239	6019948	17	701161	740209	f0f921
8	75119664	75143890	7	12465583	12494698	ad2793
17	10092750	10111182	10	26613545	26659591	fdca26
3	25696020	25727393	3	32718847	32752284	46039f
1	18148351	18207975	1	397902322	397986344	0d0887
1	286115006	286261800	1	63961590	64138677	0d0887
8	74273556	74304933	7	1770789	1812609	ad2793
1	116303632	116347770	1	269702768	269755511	0d0887
14	6397046	6421387	10	9528769	9563371	f58b47
13	474334	546105	13	14574825	14600330	ed7953
1	339620078	339678289	1	417131488	417158730	0d0887
2	199267891	199304830	2	84358499	84412879	2e0595
1	340401255	340412468	1	417957213	417969656	0d0887
14	8248162	8293241	10	12356141	12402561	f58b47
1	13668449	13726046	1	403022674	403083754	0d0887
3	152339458	152404353	3	195296838	195372202	46039f
5	8042920	8068159	4	8860045	8882028	7201a8
2	133124550	133156532	2	158613523	158667839	2e0595
12	4882637	4944016	14	7960612	8003808	e3685f
14	9854934	9888403	10	14935773	14966816	f58b47
7	16305383	16355037	6	18991831	19057487	9c179e
3	114830030	114916385	3	147278179	147321100	46039f
5	109376910	109521772	5	120142933	120252986	7201a8
1	255446735	255500403	1	105496688	105578963	0d0887
1	268763022	268834137	1	87879287	87988929	0d0887
2	206213535	206273600	2	75330537	75412396	2e0595
8	60638174	60798671	7	39222910	39406258	ad2793
5	36410076	36467420	4	45107486	45191791	7201a8
1	71525710	71607930	1	325907120	326004924	0d0887
1	62339399	62392219	1	337614604	337693460	0d0887
7	52747782	52867614	6	58555729	58655199	9c179e
1	272654955	272721331	1	82883973	82964768	0d0887
1	166157898	166199410	1	210862003	210922937	0d0887
6	31417461	31463732	5	83437451	83501477	8808a6
17	9549693	9575015	10	29782919	29851050	fdca26
3	152262743	152301892	3	195199774	195248055	46039f
1	64641729	64776176	1	334242542	334408124	0d0887
1	332636091	332794298	1	5360804	5478077	0d0887
19	241781	256145	5	112506141	112548700	f0f921
3	49301918	49375407	3	68992249	69098907	46039f
3	142593126	142633794	3	182662382	182708144	46039f
3	66422137	66495018	3	92072603	92143928	46039f
5	70801597	70858812	4	84471916	84510447	7201a8
17	4936784	5003635	10	37042059	37064870	fdca26
1	238870745	238912380	1	126458299	126550516	0d0887
15	1857484	1871877	15	19340436	19373196	fb9f3a
5	50690613	50767089	4	63153412	63259469	7201a8
3	180826430	180940954	3	235375314	235524158	46039f
1	176836776	176918133	1	200353828	200446791	0d0887
3	123249956	123295873	3	157389587	157453976	46039f
5	67763398	67802533	4	82081894	82105137	7201a8
3	39113724	39157371	3	54099982	54156781	46039f
1	53694873	53742432	1	349837409	349909845	0d0887
5	51303523	51358748	4	63886533	63953634	7201a8
1	262199614	262249198	1	96611711	96660818	0d0887
5	91215382	91237293	4	99576757	99607991	7201a8
14	220670	238661	10	274247	305541	f58b47
16	1772462	1839689	11	30181827	30219057	fdb42f
2	95579626	95619839	2	205645780	205682551	2e0595
3	130717001	130760659	3	166835247	166882127	46039f
4	90938011	90962116	9	46527186	46555515	5c01a6
5	5528377	5604304	4	5807990	5880866	7201a8
6	69893270	69897716	5	31050680	31055072	8808a6
1	288140427	288174228	1	61341135	61378208	0d0887
8	66446636	66703663	7	18818722	18984356	ad2793
15	11631271	11661660	15	7494138	7551630	fb9f3a
8	25544782	25586932	7	41739617	41787273	ad2793
1	257459716	257510039	1	102693289	102757707	0d0887
6	43290076	43341584	5	67857001	67904291	8808a6
16	6745275	6768804	11	19883219	19907746	fdb42f
2	31532027	31598392	15	22945910	23011886	2e0595
7	65935264	66036415	6	71090655	71182316	9c179e
10	5047427	5106248	16	3312173	3347991	cc4778
11	22591404	22598268	12	24164584	24171771	d8576b
1	55155058	55168832	1	347870538	347898610	0d0887
8	76739548	76786316	7	490863	545000	ad2793
1	221445330	221488744	1	148746021	148790241	0d0887
1	277656680	277685325	1	75697316	75734310	0d0887
5	122421188	122467925	4	123833263	123895433	7201a8
3	169968203	170016443	3	220576712	220648660	46039f
2	203692098	203727305	2	78763282	78822618	2e0595
1	159387198	159481033	1	218685489	218773526	0d0887
2	243252377	243294448	2	28880568	28938814	2e0595
7	88174371	88409672	6	87652477	87963137	9c179e
2	194020657	194049214	2	90820890	90862337	2e0595
12	8498031	8517940	14	13910556	13937446	e3685f
11	17532655	17569365	12	17510100	17560422	d8576b
7	56448764	56508055	6	62280874	62321944	9c179e
4	87252174	87311993	9	50070382	50122669	5c01a6
17	3356830	3388473	10	38469884	38488089	fdca26
5	26598873	26708861	4	32537430	32683829	7201a8
1	296534198	296569541	1	49454754	49522588	0d0887
7	37143476	37191008	6	44416705	44486486	9c179e
3	33815248	33870085	3	44649509	44711982	46039f
14	4705538	4723856	10	6958161	6983908	f58b47
4	5290407	5335474	8	66741968	66766581	5c01a6
1	260910412	260955704	1	98178094	98248630	0d0887
1	212036948	212125948	1	160778088	160869511	0d0887
3	63498087	63531695	3	88598057	88631286	46039f
1	222821071	222886448	1	146826961	146928127	0d0887
2	235291097	235552557	2	37789503	38080603	2e0595
13	18053883	18076417	13	13561121	13588213	ed7953
6	37761343	37834443	5	74876987	74976434	8808a6
15	14152287	14166274	15	4317803	4334512	fb9f3a
1	137800680	137829527	1	243404119	243440385	0d0887
1	64357789	64413404	1	334718972	334780033	0d0887
13	18324394	18342253	13	13861490	13883039	ed7953
1	170590766	170751966	1	205863469	205991406	0d0887
1	114341305	114376522	1	272000587	272037306	0d0887
2	69157800	69205702	2	234512053	234593231	2e0595
1	59090684	59137284	1	342263282	342316677	0d0887
2	203790679	203816443	2	78634564	78668138	2e0595
1	323234194	323353163	1	15911027	16040650	0d0887
8	36952098	36993073	7	56768763	56820759	ad2793
10	6545356	6594373	16	4874952	4928022	cc4778
5	58731851	58784444	4	72423157	72484981	7201a8
7	14501130	14527304	6	16710095	16755656	9c179e
3	7944295	8038861	3	8822019	8900527	46039f
1	226703011	226743012	1	141750809	141798518	0d0887
1	92879617	92922599	1	297646961	297705528	0d0887
2	199901084	199946125	2	83506733	83574317	2e0595
1	62899545	62916979	1	336888449	336907219	0d0887
7	65511714	65600287	6	70633524	70731504	9c179e
2	97487021	97514881	2	203412956	203431648	2e0595
2	141510596	141569048	2	155364713	155445532	2e0595
1	296633681	296728182	1	49233829	49361971	0d0887
3	120154147	120199347	3	153562084	153624874	46039f
1	299037803	299126962	1	46041290	46161559	0d0887
16	5011379	5053912	11	17652933	17709315	fdb42f
1	179138712	179176680	1	197985220	198029882	0d0887
14	7308527	7343068	10	10965807	10997163	f58b47
4	51608750	51641624	8	17449028	17476921	5c01a6
15	1899943	2021609	15	19413211	19631817	fb9f3a
2	190077598	190154079	2	95701939	95794396	2e0595
2	155294036	155338081	2	139588518	139626467	2e0595
1	211828633	211922561	1	160968415	161069366	0d0887
1	256613682	256721885	1	103712776	103877993	0d0887
15	7337377	7389348	15	9422164	9496758	fb9f3a
1	249005722	249048972	1	113465204	113511030	0d0887
2	148811305	149196028	2	146448813	146952275	2e0595
1	225929935	225969758	1	142714863	142772329	0d0887
2	67452584	67521925	2	236649911	236672586	2e0595
8	74792764	74835711	7	12068618	12123349	ad2793
1	164234628	164261118	1	213234725	213259153	0d0887
11	15300587	15321220	12	14226111	14262546	d8576b
14	7214832	7264790	10	10842960	10883631	f58b47
3	71242012	71354018	3	98265582	98371591	46039f
8	67712144	67766246	7	17751347	17807009	ad2793
1	146563261	146611757	1	233460693	233509241	0d0887
19	5532872	5559813	17	2519431	2544093	f0f921
1	65842572	65871978	1	332915112	332972422	0d0887
5	100158559	100311027	4	121954465	122135686	7201a8
3	44699290	44918746	3	62440179	62605348	46039f
1	116607547	116631639	1	269407958	269429358	0d0887
5	23250637	23350957	4	28264441	28417598	7201a8
1	302623759	302655942	1	41199541	41250387	0d0887
1	17650518	17720537	1	398489741	398548937	0d0887
14	719665	740263	10	944667	972906	f58b47
4	23612693	23640751	8	44044610	44099434	5c01a6
1	26592420	26654162	1	386942316	387035832	0d0887
2	190353589	190376469	2	95376077	95416103	2e0595
3	147386754	147437623	3	189375213	189405012	46039f
7	31115328	31158679	6	37156826	37178689	9c179e
11	11963727	12054570	12	8960332	9062691	d8576b
2	182712477	182757954	2	105250216	105310529	2e0595
15	3377859	3431258	15	26175911	26263766	fb9f3a
3	58309119	58314897	3	81871023	81877264	46039f
1	269844171	269908809	1	86489313	86560498	0d0887
19	4629440	4672443	17	3692982	3733517	f0f921
1	259388280	259411447	1	100245344	100274783	0d0887
2	199769794	199872773	2	83615814	83765805	2e0595
13	13059948	13078794	13	6841463	6858899	ed7953
15	6517800	6546048	15	15213595	15244670	fb9f3a
6	43150111	43198579	5	68023319	68091046	8808a6
4	84273448	84317475	9	52858596	52898689	5c01a6
4	20123778	20131399	8	51937561	51956340	5c01a6
6	45583401	45606589	5	64880320	64910202	8808a6
1	284215054	284224877	1	66722034	66735687	0d0887
15	16761366	16777795	15	463305	495267	fb9f3a
15	11707112	11727607	15	7423561	7444995	fb9f3a
6	22656842	22694996	5	95438174	95503293	8808a6
18	9160510	9165550	11	11385613	11391708	f8e125
3	161020942	161073502	3	207092346	207166095	46039f
3	45471755	45503488	3	63639989	63678364	46039f
19	6412945	6477042	17	1270259	1352775	f0f921
8	48589652	48660041	7	31077502	31138085	ad2793
6	52093880	52121137	5	55934634	55973507	8808a6
3	56826965	56898702	3	79915558	79992971	46039f
1	285975811	286023115	1	64232569	64302899	0d0887
3	177449269	177543844	3	230866686	230972842	46039f
6	42554280	42646994	5	68709581	68824747	8808a6
4	90968442	90998753	9	46492243	46522082	5c01a6
1	270442240	270521068	1	85729332	85805401	0d0887
6	37963864	37993682	5	74694553	74733234	8808a6
13	3419802	3466320	13	20092229	20175128	ed7953
5	99248350	99300338	4	110830069	110881464	7201a8
1	114613967	114655901	1	271685134	271741913	0d0887
1	326092131	326181486	1	12545912	12645613	0d0887
3	91976442	92185402	3	123550000	123614705	46039f
5	86572881	86627955	4	94836096	94910020	7201a8
2	176341799	176368796	2	113602915	113632558	2e0595
1	250866748	250943357	1	111240977	111351275	0d0887
6	254736	281183	5	119344584	119383920	8808a6
3	136578647	136663095	3	174469215	174590019	46039f
5	57009854	57040207	4	70252964	70292404	7201a8
1	65894818	65952585	1	332837190	332885906	0d0887
3	165989207	166012035	3	214678003	214707966	46039f
3	62739178	62843728	3	87596780	87729545	46039f
4	78522802	78869637	9	54144087	54273232	5c01a6
8	38897809	38919812	7	59313462	59344673	ad2793
3	9518619	9636007	3	11329370	11431533	46039f
4	22196146	22239206	8	42438173	42466728	5c01a6
13	12106485	12265297	13	5653771	5873714	ed7953
8	24695495	24718111	7	62828758	62857465	ad2793
1	157045668	157107335	1	221406761	221492189	0d0887
4	131285596	131325384	9	3185904	3206071	5c01a6
18	1007273	1053613	11	750035	777788	f8e125
12	15740445	15919202	14	18968581	19150763	e3685f
7	21399659	21476818	6	25133013	25232554	9c179e
3	42347327	42398999	3	58936314	59003621	46039f
2	228443966	228530724	2	46797027	46884317	2e0595
3	52982617	52986250	3	74297157	74300793	46039f
13	390293	420483	13	14724627	14759081	ed7953
1	135477797	135520808	1	246221824	246272456	0d0887
5	86517313	86569499	4	94796800	94830257	7201a8
3	34738913	34747905	3	46109507	46119559	46039f
15	1336079	1354237	15	23142977	23171284	fb9f3a
6	42747753	42832878	5	68489226	68575670	8808a6
6	48970621	49005507	5	60333645	60381148	8808a6
4	84333065	84462595	9	52917318	53031952	5c01a6
14	4661495	4685591	10	6899480	6939378	f58b47
1	331136396	331210844	1	7174185	7236940	0d0887
6	10988868	11055278	5	110153380	110214446	8808a6
3	70184883	70231912	3	96897144	96964830	46039f
8	44586934	44675788	7	26787140	26948543	ad2793
6	93129308	93183623	5	3017020	3056554	8808a6
7	75934480	75979747	6	79150725	79192271	9c179e
1	142742239	142855468	1	237645233	237748243	0d0887
1	277887252	277932505	1	75409364	75464096	0d0887
2	160533564	160681251	2	132996466	133233735	2e0595
1	183698300	183978040	1	193129213	193487822	0d0887
1	291813352	291889328	1	56287112	56380385	0d0887
1	154693946	154798106	1	224232511	224282351	0d0887
2	189233669	189514460	2	96504024	96887718	2e0595
8	23358941	23390731	7	64629092	64680096	ad2793
1	42905937	42946244	1	364456500	364534061	0d0887
2	98330260	98352873	2	202500879	202526648	2e0595
1	27644084	27661116	1	385537832	385553800	0d0887
1	200561649	200596682	1	173808270	173857676	0d0887
1	330850821	330895787	1	7480203	7514333	0d0887
1	266503929	266547698	1	90997467	91056300	0d0887
5	55628572	55661714	4	68730947	68773058	7201a8
7	62911398	62963516	6	68393750	68428593	9c179e
6	89930570	89980070	5	12730923	12782359	8808a6
5	40154817	40229061	4	49855035	49935690	7201a8
7	75905235	75908736	6	79120478	79123982	9c179e
14	6269487	6298685	10	9312272	9357627	f58b47
3	105745030	105797379	3	136292205	136348016	46039f
3	152980872	153007086	3	196097722	196129073	46039f
5	31395215	31420786	4	38572343	38601098	7201a8
2	157084301	157111087	2	137474244	137508925	2e0595
15	16934840	17038921	15	18647	62031	fb9f3a
8	6900984	7043115	7	85595808	85705486	ad2793
1	216257284	216305951	1	155238072	155261324	0d0887
1	294083175	294103082	1	53190507	53222925	0d0887
11	21320332	21342767	12	22676612	22696458	d8576b
11	15261459	15294596	12	4240637	4295182	d8576b
5	45901162	45904639	4	57322698	57326184	7201a8
2	182360134	182389908	2	105634380	105668460	2e0595
2	66899867	66927113	2	237294365	237330782	2e0595
4	131357993	131385499	9	3141482	3154187	5c01a6
1	100421757	100464644	9	34090447	34122590	0d0887
4	19487277	19532078	8	52560283	52587716	5c01a6
3	13820501	13854005	3	16467955	16537026	46039f
1	113180726	113251416	1	273214622	273277528	0d0887
3	136134953	136176735	3	173950064	174024632	46039f
1	13757420	13812830	1	402902247	402970152	0d0887
1	323748761	323798676	1	15363105	15424561	0d0887
3	155404606	155520328	3	199637264	199751277	46039f
4	61577987	61622891	8	6390034	6444157	5c01a6
1	109788909	109814707	1	277097891	277124260	0d0887
5	39233154	39241767	4	48985094	49010726	7201a8
7	168010	169810	6	281316	283505	9c179e
14	2568319	2597280	10	3598019	3652228	f58b47
7	51694396	51773957	6	58004706	58176039	9c179e
1	114668450	114696496	1	271637565	271670250	0d0887
6	56361559	56409865	5	50284206	50340484	8808a6
3	124278032	124301650	3	158669488	158690244	46039f
12	20339340	20432523	14	27517987	27603329	e3685f
6	16945176	17070086	5	103014838	103176093	8808a6
3	105944458	105994158	3	136496711	136539683	46039f
4	12758044	12860455	8	59436767	59506748	5c01a6
6	98994434	99039920	5	11980675	12036378	8808a6
3	101673636	101814059	3	131311906	131552034	46039f
7	21934189	21984017	6	25798090	25861786	9c179e
1	257081025	257095445	1	103220943	103245144	0d0887
14	9817803	9859925	10	14890780	14929498	f58b47
6	62235133	62271068	5	40669588	40722168	8808a6
3	165722871	165823291	3	214261631	214430294	46039f
8	44416689	44449583	7	26602536	26655700	ad2793
14	5001756	5071889	10	7368724	7407900	f58b47
1	98860299	98894814	1	290146283	290181541	0d0887
7	23607724	23671416	6	28054524	28135862	9c179e
3	11628522	11738446	3	13751440	13869617	46039f
5	20901514	20947084	4	25038562	25091881	7201a8
2	200499394	200582071	2	82786518	82857711	2e0595
8	25803465	25835695	7	42071234	42116496	ad2793
15	9309410	9354641	15	12411440	12450653	fb9f3a
1	11941280	11972529	1	404810673	404834759	0d0887
1	90344169	90441576	1	301066162	301178446	0d0887
1	25181596	25214292	1	388844526	388881323	0d0887
8	31454788	31462344	7	49567917	49574539	ad2793
2	79989101	80052621	2	221936680	221987845	2e0595
1	95107043	95180475	1	294904513	295026000	0d0887
2	155344224	155435561	2	139493568	139584590	2e0595
8	66913314	66941797	7	18560567	18589873	ad2793
2	52516907	52528520	2	255638831	255654768	2e0595
14	13558291	13599575	10	19254188	19295682	f58b47
1	300028831	300051069	1	44850815	44883301	0d0887
2	140628795	140681990	2	156355907	156424244	2e0595
5	87427724	87474421	4	95649742	95690254	7201a8
3	89622	98181	3	102445	111237	46039f
1	40663527	40702694	1	368374154	368413193	0d0887
2	172950529	173058112	2	117687736	117805871	2e0595
10	16367918	16376729	16	13529068	13544715	cc4778
2	242936708	242966346	2	29615819	29634025	2e0595
10	6036331	6087106	16	4295505	4352866	cc4778
16	1458758	1512663	11	30491653	30530686	fdb42f
15	3512100	3519644	15	26427195	26442319	fb9f3a
3	183104886	183112716	3	238215183	238223905	46039f
12	5881391	5931910	14	9758162	9813351	e3685f
5	50931435	50966316	4	63437893	63499245	7201a8
11	20986969	21142747	12	22251164	22429032	d8576b
13	3390946	3415351	13	20010807	20084671	ed7953
1	164602503	164652134	1	212763271	212815295	0d0887
6	95976941	96021746	5	10611263	10704330	8808a6
3	59490873	59533755	3	83361634	83415145	46039f
5	30512808	30544920	4	37486169	37538729	7201a8
8	76924163	76973335	7	6293039	6344988	ad2793
8	38784572	38819842	7	59189751	59214546	ad2793
1	174334334	174508676	1	202261044	202334735	0d0887
12	3685720	3707009	14	5891987	5928686	e3685f
7	49393193	49559980	6	56802263	56876075	9c179e
7	20547078	20581194	6	24018678	24063168	9c179e
6	90419595	90554253	5	301769	424239	8808a6
1	115839301	115861107	1	270277849	270306519	0d0887
4	89764301	89805546	9	47674933	47724005	5c01a6
16	7562846	7588990	11	21160056	21193437	fdb42f
2	148262245	148349717	2	147477392	147561656	2e0595
5	24202809	24214412	4	29300963	29314483	7201a8
2	193955195	193997336	2	90960645	90999171	2e0595
1	130509289	130565585	1	252231577	252284631	0d0887
6	42088511	42109820	5	69421908	69452111	8808a6
14	8739736	8782728	10	12934246	12973622	f58b47
7	89495486	89513516	6	85378083	85401795	9c179e
1	21034332	21059657	1	394525161	394531900	0d0887
1	200826653	200868823	1	173507329	173554316	0d0887
1	130610177	130673335	1	252123565	252195054	0d0887
1	333579236	333628440	1	3829639	3874017	0d0887
8	28915151	28948715	7	46105564	46152894	ad2793
1	300734952	300763457	1	43988589	44033097	0d0887
6	27562791	27589588	5	88582245	88622085	8808a6
15	10891677	10907414	15	8503000	8544063	fb9f3a
1	89920934	89970006	1	301643779	301706534	0d0887
14	8534423	8555709	10	12672769	12694809	f58b47
4	22319448	22368926	8	42571816	42642871	5c01a6
1	123425656	123603183	1	260496154	260704561	0d0887
13	11353677	11472934	13	4557869	4707889	ed7953
4	73178136	73372373	9	62092691	62214166	5c01a6
2	190458598	190502516	2	95255892	95291316	2e0595
1	294318319	294331890	1	52913507	52927024	0d0887
3	201472379	201503814	3	262907316	262918295	46039f
1	140049299	140126528	1	240819653	240926690	0d0887
6	89861023	89911025	5	12801782	12852206	8808a6
13	435757	451231	13	14687875	14777169	ed7953
2	232767532	232786603	2	41126382	41176008	2e0595
1	130464757	130474262	1	252335710	252346266	0d0887
19	6134582	6155279	17	948410	961665	f0f921
16	3961097	3993406	11	29153803	29172503	fdb42f
3	14648598	14678471	3	17645154	17678426	46039f
15	678565	715507	15	24623580	24675971	fb9f3a
12	7948396	8059519	14	13155550	13301044	e3685f
1	299302832	299335169	1	45766017	45789685	0d0887
15	5191455	5400849	15	17134307	17446234	fb9f3a
3	56181601	56184787	3	79041954	79045149	46039f
3	183724567	183730970	3	239072363	239079523	46039f
11	22717112	22731704	12	24323547	24334853	d8576b
4	10720246	10751018	8	61735369	61764855	5c01a6
3	184776439	184786795	3	240449500	240466590	46039f
16	4137511	4280573	11	29303033	29434829	fdb42f
1	292575819	292667255	1	55217298	55351250	0d0887
5	55718750	55721930	4	68861086	68864227	7201a8
3	59049955	59059932	3	82760721	82776445	46039f
13	2218249	2238089	13	18727517	18784078	ed7953
1	267928775	267953202	1	89072177	89110102	0d0887
2	229844903	230056863	2	44711769	44954823	2e0595
2	101041721	101072046	2	199704195	199741708	2e0595
13	8726782	8758868	13	501178	566671	ed7953
4	81860935	81884704	9	51025817	51051311	5c01a6
14	8178794	8200375	10	12257492	12281927	f58b47
2	220716134	220813398	2	56997714	57123786	2e0595
5	32351975	32382292	4	39759201	39822849	7201a8
2	155798704	155864653	2	139014785	139065086	2e0595
6	10677155	10854898	5	110337981	110545119	8808a6
1	335909821	335912974	1	1918727	1921874	0d0887
7	9117484	9211114	6	10451900	10569861	9c179e
8	29579720	29600157	7	46998109	47026461	ad2793
1	40986552	41040908	1	367931486	368006702	0d0887
8	9406373	9455867	7	82585151	82623429	ad2793
4	42642534	42727973	8	27521039	27633162	5c01a6
6	45536726	45556253	5	64944493	64968618	8808a6
1	22987767	23018835	1	391820163	391867909	0d0887
5	32435312	32450522	4	39888371	39912735	7201a8
1	223755001	223848508	1	145612499	145706547	0d0887
1	79303073	79306214	1	315276162	315279300	0d0887
5	120687296	120757748	4	126464973	126535927	7201a8
16	5628984	5701990	11	18452969	18515870	fdb42f
4	27691706	27825097	8	48052032	48219682	5c01a6
2	234696683	234772079	2	38723001	38815527	2e0595
19	4515649	4538096	17	3876370	3903948	f0f921
2	156133189	156173887	2	138609915	138671011	2e0595
1	166537207	166605735	1	210355540	210477088	0d0887
1	274602106	274619816	1	79699379	79718015	0d0887
1	300181577	300298183	1	44626148	44682375	0d0887
8	30578286	30690404	7	48242956	48389545	ad2793
7	84389438	84550855	6	92727791	92891048	9c179e
2	155621514	155667898	2	139199412	139244426	2e0595
7	22029157	22058718	6	25929068	25963416	9c179e
1	10971505	11035747	1	405822551	405860639	0d0887
8	39044291	39111508	7	59464061	59542395	ad2793
3	169179173	169208448	3	219364247	219415386	46039f
5	97053634	97078659	4	108067804	108117383	7201a8
3	159004280	159030514	3	204584531	204611891	46039f
17	9279253	9292979	10	33300740	33316108	fdca26
6	42975125	43002411	5	68263873	68302159	8808a6
2	207561962	207615795	2	73718486	73766740	2e0595
1	155509294	155557402	1	223443349	223495816	0d0887
3	137659573	137686690	3	175944571	175974195	46039f
13	1397056	1423940	13	16504308	16544878	ed7953
3	103681867	103718112	3	133713512	133757471	46039f
15	15609965	15621999	15	2103626	2131632	fb9f3a
5	112851631	112854727	4	134733477	134736573	7201a8
1	109087253	109116937	1	277934482	277979956	0d0887
1	215471967	215499371	1	156186404	156217106	0d0887
14	578422	613969	10	756636	803030	f58b47
7	30407939	30452883	6	36184485	36247647	9c179e
7	24099156	24171613	6	28641635	28722026	9c179e
1	176642749	176698074	1	200614961	200673739	0d0887
2	180025322	180077273	2	108732426	108791175	2e0595
6	30143208	30175388	5	85062578	85102101	8808a6
5	88489342	88543009	4	96391314	96452240	7201a8
3	67697820	67720705	3	93847543	93883143	46039f
1	81813416	81891784	1	312100234	312187941	0d0887
5	82296412	82347616	4	91747678	91779629	7201a8
12	506307	517182	14	685561	698919	e3685f
5	31892847	31913769	4	39255005	39268212	7201a8
14	1094935	1104790	10	1424668	1436417	f58b47
15	16583080	16595450	15	716440	731695	fb9f3a
7	30838053	30882711	6	36704833	36749510	9c179e
6	93452572	93477784	5	3396032	3417826	8808a6
6	96593056	96699135	5	9582721	9780815	8808a6
5	69858617	69910122	4	84042337	84077019	7201a8
14	5701141	5713229	10	8443385	8460026	f58b47
1	17779433	17801489	1	398399156	398464352	0d0887
3	28809924	28828171	3	37282903	37309287	46039f
8	26420749	26465803	7	42904401	42949124	ad2793
6	27604072	27625672	5	88557409	88580372	8808a6
4	80151832	80276918	9	56076414	56149359	5c01a6
1	317744804	317757442	1	22594714	22606796	0d0887
6	58253800	58279502	5	47545542	47614786	8808a6
2	146008178	146030296	2	150174270	150200159	2e0595
4	2188271	2269676	8	70709459	70772194	5c01a6
1	61112973	61125248	1	339483159	339500196	0d0887
5	20287270	20319090	4	24231395	24286835	7201a8
1	106369866	106442519	1	280826813	280890238	0d0887
7	10889647	10978043	6	12518875	12628603	9c179e
3	169849808	169880295	3	220406564	220462851	46039f
5	57047557	57062227	4	70300380	70322463	7201a8
3	91243797	91339593	3	123201760	123241203	46039f
5	24958998	24972751	4	30309276	30326483	7201a8
13	1517327	1541711	13	16707012	16755749	ed7953
6	44397276	44400195	5	66376024	66388500	8808a6
6	406632	463754	5	119155377	119207063	8808a6
1	93761448	93774546	1	296502768	296516962	0d0887
3	136793771	136824710	3	174741856	174793832	46039f
3	25506899	25527260	3	32448605	32475577	46039f
2	154450557	154504014	2	140462104	140531519	2e0595
19	4543385	4566809	17	3846699	3872212	f0f921
12	14456243	14580018	14	20218196	20361350	e3685f
7	31189914	31212813	6	37229294	37262585	9c179e
16	2000033	2023678	11	17486907	17516997	fdb42f
17	11170933	11193442	10	39906555	39992310	fdca26
15	8049500	8058039	15	10614920	10626875	fb9f3a
19	7171047	7190243	17	2031592	2043143	f0f921
4	36452675	36543388	8	34595130	34649715	5c01a6
15	15962590	15976106	15	1488885	1513164	fb9f3a
8	44244373	44260056	7	26343609	26379153	ad2793
7	51553508	51596133	6	57914084	57946986	9c179e
2	198487399	198505395	2	85329126	85370161	2e0595
7	52942930	53031024	6	58681466	58773569	9c179e
3	21783745	21789463	3	27047344	27054098	46039f
2	149974190	149996811	2	145934694	145974281	2e0595
1	313297447	313322657	1	28329128	28383116	0d0887
4	91962449	92020931	9	45348695	45411711	5c01a6
3	196740665	196774898	3	257384113	257419769	46039f
1	184325975	184377654	1	192671363	192724364	0d0887
1	116744674	116777585	1	269233376	269279841	0d0887
3	88254233	88314594	3	119892395	119974891	46039f
4	93231538	93301803	9	44070982	44179604	5c01a6
17	9279253	9292982	10	33300740	33316108	fdca26
2	140539324	140588275	2	156501115	156524947	2e0595
1	63550054	63561275	1	336019336	336033871	0d0887
4	33458375	33592197	8	37701397	37852477	5c01a6
10	5750384	5771304	16	4011531	4043766	cc4778
5	5616879	5659217	4	5901374	5945015	7201a8
13	8414261	8432425	13	81347	97280	ed7953
6	48695776	48769907	5	60661671	60747508	8808a6
3	181137435	181166449	3	235884083	235913932	46039f
8	20541074	20597090	7	68613513	68683333	ad2793
2	190382745	190426184	2	95268839	95364915	2e0595
5	9260008	9308628	4	10193876	10254115	7201a8
5	36574361	36581601	4	45357404	45373190	7201a8
11	20286440	20297885	12	21290969	21360889	d8576b
19	4340681	4356124	17	4315000	4323863	f0f921
1	118669676	118704362	1	266700302	266724499	0d0887
2	99349228	99385045	2	201549430	201584073	2e0595
10	175048	196014	11	32048145	32066450	cc4778
5	34168019	34232791	4	42455213	42545088	7201a8
1	293043878	293093933	1	54625482	54677759	0d0887
17	92434	198258	10	24067722	24101475	fdca26
1	39451300	39497196	1	369994967	370052894	0d0887
15	13702501	13723804	15	4880951	4901581	fb9f3a
1	103085952	103136446	1	284769885	284838417	0d0887
1	130481558	130508149	1	252285697	252327919	0d0887
5	39563972	39665180	4	49343678	49405516	7201a8
1	332483509	332525805	1	5587642	5620321	0d0887
1	174200408	174225182	1	202410815	202426419	0d0887
1	85161841	85200393	1	308056003	308089087	0d0887
3	147494076	147533871	3	189464426	189513430	46039f
4	93215841	93301782	9	44071099	44179604	5c01a6
1	242063390	242075412	1	122293777	122314252	0d0887
1	246419710	246461214	1	116840048	116900675	0d0887
1	168776711	168795981	1	207937077	207949858	0d0887
1	96256258	96283671	1	293354298	293381766	0d0887
8	23785905	23829716	7	64089779	64151023	ad2793
1	200800861	200815396	1	173565522	173587268	0d0887
7	6202920	6243137	6	6847648	6906053	9c179e
4	85853986	85880373	9	57394376	57415851	5c01a6
4	50929907	50957802	8	18238439	18276852	5c01a6
13	15774006	15799794	13	10700562	10729663	ed7953
3	168352301	168472129	3	218164861	218369068	46039f
3	86919166	87003259	3	118171563	118254835	46039f
4	24547680	24592992	8	45072549	45108063	5c01a6
13	8814194	8824995	13	662606	671235	ed7953
5	30775772	30795526	4	37809613	37835119	7201a8
5	85569428	85595640	4	93899985	93916096	7201a8
1	310260484	310295084	1	31454904	31481654	0d0887
4	23255896	23313588	8	43637822	43679383	5c01a6
8	53201370	53238182	7	10000269	10036619	ad2793
16	12173893	12185611	11	27209202	27226186	fdb42f
1	87111173	87200807	1	305572342	305698855	0d0887
1	279703147	280021428	1	72809258	73036306	0d0887
17	3804622	3823345	10	38104480	38119602	fdca26
15	13684455	13697405	15	4909024	4930094	fb9f3a
1	236609894	236661444	1	129388897	129453957	0d0887
15	16519291	16531218	15	788829	806897	fb9f3a
15	11080990	11104701	15	8219274	8251657	fb9f3a
1	340342936	340382075	1	417934150	417955321	0d0887
2	101832610	101866767	2	198836557	198888599	2e0595
16	9429134	9470799	11	24241296	24362238	fdb42f
5	85999461	86093524	4	94287098	94382788	7201a8
1	284284000	284362226	1	66577046	66651522	0d0887
12	13645021	13647820	14	21703737	21706530	e3685f
17	11070721	11097220	10	39676927	39770720	fdca26
4	86435006	86493488	9	56829569	56877898	5c01a6
1	18656041	18672354	1	397398781	397430965	0d0887
14	1089917	1093711	10	1420259	1423499	f58b47
4	88512763	88552041	9	49044474	49080924	5c01a6
8	19573014	19604134	7	69920361	69951750	ad2793
3	70267426	70321482	3	96994113	97067933	46039f
5	91929495	91932462	4	100829992	100833061	7201a8
13	8551471	8569704	13	258211	275909	ed7953
11	22975826	23001583	12	24573503	24629547	d8576b
12	8682132	8702781	14	14098677	14119916	e3685f
1	302657167	302693295	1	41152639	41198336	0d0887
1	168452123	168615001	1	208173492	208342026	0d0887
1	238947527	239029884	1	126374377	126438671	0d0887
4	4076299	4105335	8	68663121	68720528	5c01a6
6	49230271	49296983	5	59974108	60069522	8808a6
1	159876070	159929636	1	218175057	218236637	0d0887
4	73065416	73177551	9	62045888	62092326	5c01a6
1	87574714	87622491	1	305042635	305105667	0d0887
7	17676099	17744007	6	20615577	20682140	9c179e
5	100032497	100061378	4	122270187	122305820	7201a8
1	6139098	6179656	1	410594195	410623160	0d0887
1	242435645	242458332	1	121815435	121857520	0d0887
3	115060351	115094897	3	147484565	147517800	46039f
3	166440949	166479246	3	215425484	215464778	46039f
3	183490588	183557734	3	238771603	238856163	46039f
12	8311466	8329312	14	13652481	13683853	e3685f
14	5975954	6031457	10	8809205	8878857	f58b47
11	15490185	15524820	12	14523177	14568563	d8576b
4	15322490	15358130	8	56859261	56892390	5c01a6
2	189779697	189792787	2	96167285	96184783	2e0595
12	18671557	18702074	14	27772458	27807143	e3685f
3	68286554	68378304	3	94538218	94650728	46039f
4	51728686	51773822	8	17341257	17382515	5c01a6
1	51609739	51624147	1	352644718	352670194	0d0887
6	36175674	36191677	5	76997679	77018748	8808a6
7	16906940	16947714	6	19680903	19706769	9c179e
6	89309700	89342504	5	13460385	13498332	8808a6
5	92597051	92626912	4	101889826	101934273	7201a8
2	100956456	100988530	2	199801960	199834754	2e0595
4	18575322	18714891	8	53384099	53566270	5c01a6
7	43973094	43993795	6	54421361	54453090	9c179e
16	1237957	1259737	11	30681868	30709203	fdb42f
1	251230943	251248913	1	110810051	110828091	0d0887
14	5658712	5695327	10	8375585	8435441	f58b47
15	6972432	6980370	15	14691853	14697907	fb9f3a
7	38707458	38744386	6	46274168	46302676	9c179e
12	710533	727072	14	933814	961254	e3685f
6	91513858	91598858	5	1243473	1319123	8808a6
5	115351634	115354361	4	132301577	132304307	7201a8
1	177068372	177071099	1	200133464	200136191	0d0887
7	34217506	34242458	6	40852239	40900476	9c179e
1	90103684	90157997	1	301431273	301482390	0d0887
3	32950139	33090892	3	43465699	43646849	46039f
6	8197532	8238818	5	112771344	112803172	8808a6
4	76129734	76495785	9	63273664	63354209	5c01a6
4	60826505	60950732	8	7119810	7269936	5c01a6
1	18405884	18455044	1	397650717	397718863	0d0887
6	25624808	25649471	5	91620802	91663635	8808a6
4	54990336	55031673	8	13677376	13747878	5c01a6
1	338198137	338209208	1	415490324	415498117	0d0887
3	25950087	25979658	3	33071435	33099958	46039f
6	12224871	12250608	5	108615655	108647218	8808a6
3	113155440	113169168	3	145175149	145197382	46039f
1	46322975	46399520	1	359635037	359701429	0d0887
2	51463784	51509182	2	257170059	257244448	2e0595
8	14608345	14640294	7	76396792	76452438	ad2793
6	54221868	54247433	5	53029425	53063731	8808a6
1	25296888	25319260	1	388705850	388734059	0d0887
2	199041677	199054891	2	84648546	84672946	2e0595
17	9940432	9950621	10	28822743	28852844	fdca26
16	6777891	6794191	11	19917434	19926893	fdb42f
3	127595735	127676603	3	163069972	163134836	46039f
7	28288882	28311193	6	33598654	33631643	9c179e
1	226506770	226593069	1	141938646	142073674	0d0887
3	58531249	58636486	3	82143463	82232326	46039f
1	194735671	194762389	1	180205130	180220961	0d0887
3	131228209	131251739	3	167517172	167566994	46039f
1	237815531	237923775	1	127819644	127981271	0d0887
1	166007450	166027246	1	211070595	211115790	0d0887
2	98283771	98294110	2	202562189	202572861	2e0595
8	43286374	43297331	7	24915375	24927831	ad2793
2	214557334	214588909	2	64670315	64724880	2e0595
8	408689	495249	7	95072172	95176746	ad2793
3	43592045	43708570	3	60822789	60974714	46039f
1	6619161	6669861	1	410185718	410236890	0d0887
8	67458923	67512188	7	15810729	15868193	ad2793
1	104279177	104304700	1	283360763	283393988	0d0887
1	274536958	274583633	1	79748882	79822070	0d0887
16	10962176	10990656	11	14957643	14997429	fdb42f
2	83765002	83807799	2	218465191	218509458	2e0595
3	17958954	17999656	3	21825756	21864805	46039f
2	199534420	199563893	2	84010548	84052929	2e0595
2	217449250	217467615	2	61050226	61088910	2e0595
2	117300540	117318630	2	181806721	181825122	2e0595
1	317541292	317572653	1	22836631	22877343	0d0887
14	1035132	1056553	10	1351988	1375532	f58b47
1	222573211	222707517	1	147167246	147330979	0d0887
12	1067825	1076293	14	1475331	1489667	e3685f
3	169626122	169628756	3	220061034	220063674	46039f
6	46390232	46429145	5	63868839	63897089	8808a6
13	1375866	1390049	13	16477453	16497530	ed7953
15	3378355	3481230	15	26193136	26339484	fb9f3a
8	74060981	74082452	7	1975180	1989561	ad2793
2	103406035	103469712	2	196731433	196839203	2e0595
4	36290662	36330321	8	34748824	34810094	5c01a6
4	31803620	31818120	8	39553710	39563906	5c01a6
8	37430172	37561672	7	57372862	57591003	ad2793
3	106546350	106574481	3	137264830	137297684	46039f
14	7822437	7854781	10	11719053	11750435	f58b47
5	15693573	15839014	4	17996335	18201428	7201a8
3	58720321	58765201	3	82396224	82437933	46039f
15	4771410	4831150	15	18030386	18158395	fb9f3a
10	11268552	11337196	16	9855263	9926232	cc4778
1	245316639	245376171	1	118185335	118389009	0d0887
2	177007178	177120913	2	112788477	112900275	2e0595
17	8039869	8052308	10	31008306	31025046	fdca26
3	132229355	132287895	3	168541433	168606769	46039f
3	127035920	127089573	3	162334855	162369251	46039f
1	50684637	50698583	1	353819502	353834724	0d0887
14	462805	471211	10	620144	636770	f58b47
1	40012616	40132599	1	369183877	369271500	0d0887
7	85177219	85200373	6	91729329	91756284	9c179e
8	51860702	51916594	7	34172016	34224400	ad2793
1	18367493	18382647	1	397731006	397745980	0d0887
16	4993712	5008274	11	17631014	17650530	fdb42f
4	6550271	6593361	8	65907657	65941354	5c01a6
3	14630218	14632819	3	17606931	17609529	46039f
6	93948619	93993545	5	3920522	3974622	8808a6
2	182271080	182293047	2	105731801	105762978	2e0595
1	40141480	40202995	1	369029872	369175732	0d0887
1	287659987	287721306	1	62039170	62123446	0d0887
2	195214093	195250278	2	89170690	89245884	2e0595
2	85950719	85978840	2	216426343	216448736	2e0595
11	6211361	6220420	12	1179393	1191743	d8576b
1	298349188	298403629	1	46994409	47053106	0d0887
1	164020763	164063725	1	213481471	213523221	0d0887
16	7703167	7718811	11	21338571	21361029	fdb42f
8	76568065	76592895	7	285477	309851	ad2793
6	54475603	54612384	5	52627993	52783562	8808a6
2	129837934	129847360	2	168295320	168305910	2e0595
14	15147651	15187395	10	22372564	22407794	f58b47
1	288101205	288103788	1	61433360	61435946	0d0887
1	68997353	69023508	1	329100107	329137638	0d0887
4	87547774	87580416	9	49822927	49849228	5c01a6
3	124890468	124893042	3	159414034	159416614	46039f
4	24020760	24196219	8	44585378	44734095	5c01a6
1	105496186	105513439	1	281966700	282010733	0d0887
5	19895648	19919032	4	23741842	23754403	7201a8
12	2730103	2732677	14	4191068	4193642	e3685f
19	7488913	7512241	17	2362121	2377801	f0f921
8	30768598	30816935	7	48537551	48566759	ad2793
3	22303381	22335008	3	27824535	27900851	46039f
2	198167013	198181937	2	85652275	85670587	2e0595
2	206464446	206555948	2	75075682	75093913	2e0595
7	48036513	48063826	6	55993632	56024117	9c179e
1	151741036	151806580	1	227895314	227924428	0d0887
1	107673959	107695012	1	278883472	278916521	0d0887
2	56394819	56418743	2	250408717	250432423	2e0595
1	16163405	16184845	1	400214445	400229941	0d0887
11	20235116	20257129	12	21221215	21251447	d8576b
1	163510085	163526771	1	214167715	214191310	0d0887
5	24341221	24362885	4	29485227	29525455	7201a8
4	37534786	37544869	8	33552578	33571632	5c01a6
14	4818117	4827115	10	7117682	7144000	f58b47
15	4843469	4908124	15	17935357	17967485	fb9f3a
8	35886256	35906676	7	55197135	55224188	ad2793
1	195374552	195384759	1	179562514	179574873	0d0887
3	46033115	46056697	3	64397217	64420747	46039f
5	13646855	13677363	4	15214334	15273915	7201a8
6	47508441	47560686	5	62383852	62473932	8808a6
1	302318657	302389417	1	41652310	41753733	0d0887
2	153958436	154014237	2	141090897	141116789	2e0595
3	10731146	10909995	3	12708755	12766963	46039f
4	26575	46561	8	72044663	72079634	5c01a6
13	11714072	11723284	13	5035029	5060916	ed7953
16	11094973	11105498	11	28722951	28737997	fdb42f
6	4613566	4711673	5	114768704	114847083	8808a6
4	90493366	90545489	9	47009211	47041900	5c01a6
6	27039371	27082326	5	89265475	89301140	8808a6
7	13766859	13801584	6	15762358	15797837	9c179e
2	212328001	212439163	2	67420404	67499020	2e0595
6	67181465	67243493	5	34346075	34400258	8808a6
1	279364270	279399877	1	73456612	73495617	0d0887
7	6332775	6481577	6	7016585	7182881	9c179e
7	21186477	21217275	6	24886468	24934969	9c179e
2	215173939	215264053	2	63800318	63913204	2e0595
6	88106031	88141747	5	14820559	14884963	8808a6
13	1842561	1855971	13	18119706	18161821	ed7953
3	82025879	82071402	3	111591078	111629314	46039f
5	105016344	105018867	4	116274737	116277260	7201a8
1	115753136	115799004	1	270340651	270383600	0d0887
5	32463054	32479811	4	39921978	39941014	7201a8
17	379482	468879	10	24274033	24400105	fdca26
3	41973738	42017682	3	58350413	58436723	46039f
5	69112721	69122002	4	83451100	83462236	7201a8
1	63078687	63114592	1	336664115	336686152	0d0887
13	18730071	18745642	13	14259147	14273963	ed7953
4	53637819	53652169	8	15273927	15291538	5c01a6
4	95176195	95226825	9	41791970	41852359	5c01a6
17	5699679	5705478	10	36134055	36139525	fdca26
2	199004552	199024977	2	84698730	84737542	2e0595
8	35832137	35864093	7	55114260	55168992	ad2793
2	156087984	156121126	2	138685073	138719787	2e0595
7	40977993	41107856	6	48854238	48983806	9c179e
16	12848617	12853599	11	26118419	26128006	fdb42f
19	5347758	5362868	17	2706613	2719111	f0f921
1	65501385	65525222	1	333372684	333403038	0d0887
1	64493247	64546650	1	334527517	334616381	0d0887
13	15858817	15876415	13	10798539	10821109	ed7953
12	14782046	14794669	14	19924839	19933628	e3685f
14	2517303	2524944	10	3515565	3529697	f58b47
14	3919063	3946017	10	5630058	5660137	f58b47
2	142578060	142623645	2	154251148	154296607	2e0595
6	24188386	24292386	5	93370952	93505103	8808a6
3	14716784	14719184	3	17725246	17727616	46039f
4	54832468	54884122	8	13868813	13946009	5c01a6
13	8499997	8513921	13	187771	205362	ed7953
1	242493410	242529914	1	121700418	121755012	0d0887
1	278845073	278878385	1	74126224	74172516	0d0887
1	318862190	318907731	1	21101672	21152302	0d0887
1	149186625	149212937	1	230647426	230671768	0d0887
1	48995712	49030159	1	356120686	356162018	0d0887
1	99672147	99714640	1	289060433	289108303	0d0887
4	15247752	15320366	8	56894116	56967341	5c01a6
6	52941382	52969338	5	54718755	54759319	8808a6
2	140903549	140943209	2	156078695	156106292	2e0595
1	250796316	250831360	1	111395488	111445693	0d0887
11	15344429	15362792	12	14286273	14311056	d8576b
7	13303961	13372968	6	15294560	15366408	9c179e
1	237650734	237663057	1	128183608	128192618	0d0887
2	105233991	105311649	2	194261913	194324096	2e0595
3	69414086	69438341	3	95914573	95958398	46039f
1	141722764	141786135	1	238819488	238912829	0d0887
1	116782679	116810003	1	269198168	269226714	0d0887
1	229124061	229164749	1	138760331	138803695	0d0887
1	183318460	183349493	1	193823297	194036322	0d0887
3	186289204	186304781	3	242547549	242564777	46039f
6	46068338	46070786	5	64266436	64268860	8808a6
1	36624156	36639839	1	373739793	373764406	0d0887
1	233857288	233876608	1	132996009	133010169	0d0887
3	202793831	202847079	3	263972698	264018308	46039f
1	28423353	28445523	1	384419026	384458853	0d0887
11	22531101	22539181	12	24083626	24092529	d8576b
5	67377364	67424757	4	81654920	81707413	7201a8
1	233889702	233935422	1	132921759	132975721	0d0887
2	183991532	184202764	2	103810244	103880870	2e0595
1	335766239	335839158	1	2009427	2063049	0d0887
2	179321993	179365287	2	109812070	109857214	2e0595
1	37176000	37178034	1	373133823	373213692	0d0887
8	76446153	76455808	7	82302	153913	ad2793
5	49665274	49708802	4	61831354	61879126	7201a8
13	2723755	2794594	13	17539862	17635707	ed7953
12	601462	617229	14	814641	828020	e3685f
6	3595193	3724203	5	115857686	115972979	8808a6
2	46937396	46972623	2	263273595	263320054	2e0595
3	119672205	119690427	3	153059215	153093539	46039f
1	66610876	66638694	1	332027079	332062131	0d0887
3	61902946	61925328	3	86423559	86450879	46039f
14	6466388	6485693	10	9649734	9675868	f58b47
3	88189274	88232883	3	119835813	119868682	46039f
3	63047379	63058983	3	87987043	88001925	46039f
13	766846	781207	13	15300141	15318349	ed7953
1	36410002	36470024	1	373950373	374047904	0d0887
3	64404405	64436845	3	89728760	89774933	46039f
6	2639274	2703796	5	116843878	116914357	8808a6
7	58262313	58281626	6	63877827	63886334	9c179e
15	15267835	15347089	15	2607795	2646145	fb9f3a
3	69533262	69560529	3	95888122	96127870	46039f
1	5925046	5973728	1	410751468	410815133	0d0887
2	163636166	163660163	2	129330811	129363884	2e0595
3	23582895	23604935	3	29793213	29825294	46039f
3	157716787	157734761	3	202901736	202926446	46039f
8	20598915	20647587	7	68553781	68612085	ad2793
16	9662466	9678411	11	24738895	24796933	fdb42f
8	4071589	4073980	7	90103074	90105540	ad2793
17	10070731	10077097	10	26694292	26702814	fdca26
5	65136728	65164518	4	79550532	79598036	7201a8
1	56142156	56195708	1	346537210	346588588	0d0887
7	27457170	27459582	6	32658517	32660932	9c179e
2	154830577	154864480	2	140108444	140145489	2e0595
5	91355020	91367211	4	99801842	99822698	7201a8
14	5726242	5743861	10	8475836	8497477	f58b47
1	272418100	272438404	1	83244241	83272500	0d0887
12	10072732	10086824	14	15918092	15935610	e3685f
11	22470078	22479205	12	24017436	24035029	d8576b
1	9541340	9588013	1	407260340	407294705	0d0887
3	160109997	160146606	3	205892652	205945780	46039f
7	14698004	14720050	6	16983413	17003464	9c179e
7	28488254	28510823	6	33826251	33850200	9c179e
1	159744629	159771310	1	218359223	218392614	0d0887
12	19552262	19624079	14	26996722	27065559	e3685f
5	122207969	122225285	4	124298778	124367059	7201a8
1	180597383	180633813	1	196225264	196295657	0d0887
1	248194628	248235475	1	114407705	114452634	0d0887
3	125015084	125023599	3	159549223	159554561	46039f
1	264596762	264669333	1	93380753	93509868	0d0887
3	135173765	135192612	3	172747782	172759076	46039f
3	125065037	125069237	3	159606698	159611142	46039f
4	55486412	55515170	8	13172118	13198310	5c01a6
3	50522524	50547211	3	70752256	70793716	46039f
7	33640740	33718164	6	40091964	40160037	9c179e
6	2878147	2913707	5	116610782	116643855	8808a6
15	1163141	1176722	15	24295273	24313837	fb9f3a
6	44584137	44604395	5	66150789	66177359	8808a6
1	40221714	40237732	1	368969456	368988611	0d0887
18	8943646	8953328	11	11076206	11094946	f8e125
2	55453734	55466315	2	251712884	251731344	2e0595
14	2053351	2055739	10	2798257	2800642	f58b47
5	53482944	53508988	4	66522840	66551994	7201a8
3	114823759	114826180	3	147202316	147204752	46039f
6	89550321	89599259	5	13166527	13214646	8808a6
2	140628846	140681282	2	156357182	156424208	2e0595
13	7755391	7765029	13	28055051	28075607	ed7953
1	340331640	340342392	1	417923124	417933660	0d0887
2	79862189	79889400	2	222117845	222146439	2e0595
1	156046673	156071967	1	222805945	222840068	0d0887
11	4908415	4918745	12	183725	198783	d8576b
3	85562443	85594745	3	116344865	116389588	46039f
3	5973063	6000024	3	6925600	6957328	46039f
5	64812075	64824746	4	79281593	79298200	7201a8
1	205729197	205759994	1	168132152	168157410	0d0887
6	71304593	71322530	5	29404797	29433669	8808a6
4	56354737	56439151	8	11997676	12107758	5c01a6
8	14354701	14356984	7	76761826	76764133	ad2793
13	6687882	6723156	13	26377382	26425902	ed7953
1	125778152	125803398	1	257933360	257952308	0d0887
1	237305639	237330706	1	128613409	128638102	0d0887
1	46260460	46292962	1	359731062	359764811	0d0887
1	309546482	309691210	1	32314056	32316063	0d0887
1	115727812	115742916	1	270392245	270406467	0d0887
7	91369237	91386502	6	98301956	98326127	9c179e
15	16989266	17001326	15	85960	94978	fb9f3a
5	55566062	55596983	4	68651716	68675446	7201a8
1	19247830	19254699	1	396701316	396708482	0d0887
7	60399844	60447909	6	65426518	65464468	9c179e
7	27048886	27075486	6	32173731	32225042	9c179e
5	81962024	82011983	4	91567294	91583949	7201a8
3	91492460	91574413	3	123339651	123372777	46039f
13	11063368	11078990	13	4190660	4209167	ed7953
1	160098186	160119118	1	217973656	217991801	0d0887
1	252005157	252016813	1	109911579	109923730	0d0887
6	32525718	32545665	5	81875255	81900453	8808a6
5	23187801	23240871	4	28170913	28256573	7201a8
1	192743763	192751708	1	182798477	182805324	0d0887
2	150029839	150086444	2	145826788	145894806	2e0595
3	52012381	52104300	3	72870647	73026400	46039f
15	16634093	16661140	15	643913	660696	fb9f3a
3	146244948	146263220	3	187752628	187769061	46039f
3	70091631	70111239	3	96783095	96800580	46039f
3	5893230	5940219	3	6856165	6902270	46039f
4	52608599	52638301	8	16394603	16465946	5c01a6
6	30288051	30305896	5	84886115	84918994	8808a6
1	228882924	228931547	1	139013680	139060521	0d0887
7	30983320	31016144	6	36897265	36939772	9c179e
14	412935	420696	10	550986	561353	f58b47
1	181602825	181636603	1	195663653	195690026	0d0887
3	40532203	40541125	3	56332443	56342976	46039f
2	211124016	211138917	2	69040713	69053858	2e0595
17	10998407	11002777	10	39634335	39639627	fdca26
14	9327947	9340104	10	13883795	13905012	f58b47
19	3912406	3945764	17	5102279	5140848	f0f921
3	102039885	102098657	3	131774288	131836447	46039f
3	141787358	141923005	3	181429035	181594107	46039f
3	130559669	130654553	3	166649081	166773912	46039f
3	137583554	137592606	3	175847895	175863039	46039f
7	89683716	89726628	6	85707939	85771524	9c179e
10	8381028	8401202	16	6653828	6727710	cc4778
3	177659440	177674838	3	231117649	231142230	46039f
7	58722452	58878178	6	64600929	64711408	9c179e
1	335035357	335044655	1	2918825	2928020	0d0887
2	206317391	206336911	2	75241585	75264555	2e0595
7	30374911	30403439	6	36140781	36180429	9c179e
14	5400900	5418474	10	7960550	7982557	f58b47
3	170614275	170634623	3	221481786	221511758	46039f
16	6896387	6907997	11	20065212	20076996	fdb42f
2	241663560	241683350	2	30856658	30880788	2e0595
1	16331011	16341193	1	399994159	400005237	0d0887
18	8802060	8865215	11	10946899	10949092	f8e125
2	188118139	188156270	2	98318317	98372712	2e0595
1	20951264	20973804	1	394631106	394658352	0d0887
2	176040392	176070108	2	113954563	113998917	2e0595
5	13118308	13120594	4	14701724	14704001	7201a8
1	336895643	336919122	1	967351	995259	0d0887
1	190959887	190974713	1	184906825	184928231	0d0887
1	328017774	328123511	1	10615683	10714364	0d0887
8	77286157	77326597	7	6860872	6890994	ad2793
7	22819550	22839162	6	26998705	27024214	9c179e
6	18055910	18085045	5	101761805	101810334	8808a6
6	12257018	12275286	5	108592898	108608967	8808a6
3	113349643	113497158	3	145362152	145611009	46039f
8	40922070	40948703	7	21623242	21653940	ad2793
14	15267830	15290875	10	23116138	23147120	f58b47
1	46450273	46504842	1	359509765	359588665	0d0887
4	119763564	119844637	9	17473423	17481466	5c01a6
4	67666547	67771090	8	4053847	4123251	5c01a6
11	5039398	5088875	12	325703	394697	d8576b
7	83814472	83843885	6	93682842	93716545	9c179e
3	163567015	163575289	3	210892903	210902557	46039f
4	6483352	6532583	8	65849644	65898984	5c01a6
1	232245665	232280519	1	134882862	134920559	0d0887
17	10021716	10028484	10	26840359	26863691	fdca26
1	106580604	106632789	1	280519191	280583927	0d0887
1	257847511	257898060	1	102230096	102297398	0d0887
1	266742900	266767040	1	90674714	90708101	0d0887
5	39095584	39129103	4	48806235	48868971	7201a8
2	100909659	100922789	2	199853317	199878099	2e0595
1	172716022	172767232	1	203623622	203673852	0d0887
1	282268967	282346846	1	69470262	69567905	0d0887
3	119964900	119973407	3	153394817	153403981	46039f
5	53110445	53144445	4	66100543	66162215	7201a8
10	6346572	6365282	16	4602258	4633100	cc4778
11	2248786	2268135	12	28668113	28706850	d8576b
8	13856940	13877267	7	77304154	77320871	ad2793
17	5377996	5420692	10	36561235	36602273	fdca26
2	104103350	104135518	2	195616834	195689796	2e0595
2	221716428	221732724	2	55748995	55781076	2e0595
8	76512381	76542712	7	233265	258867	ad2793
15	4433486	4441153	15	18751934	18765205	fb9f3a
1	202104566	202130697	1	171876316	171900302	0d0887
2	100754989	100767370	2	200035619	200077051	2e0595
3	146265041	146288831	3	187770430	187796082	46039f
7	16617209	16669643	6	19353008	19404712	9c179e
1	306743574	306761478	1	36027313	36062316	0d0887
5	57704259	57753792	4	71215495	71291790	7201a8
3	202896188	202902216	3	264090299	264101278	46039f
3	34760720	34776705	3	46132131	46146183	46039f
2	183616685	183758237	2	104113291	104250395	2e0595
3	44260511	44321927	3	61846805	61939740	46039f
6	71680208	71718998	5	27555490	27594079	8808a6
1	276391933	276418337	1	77349716	77388613	0d0887
1	54091939	54322255	1	349034585	349319013	0d0887
3	106091652	106188593	3	136678558	136786118	46039f
7	47012740	47102735	6	51188362	51307860	9c179e
7	89230210	89265177	6	85025401	85066205	9c179e
15	15537972	15558696	15	2211532	2240475	fb9f3a
1	149223736	149239837	1	230612242	230627597	0d0887
1	255417593	255420854	1	105644540	105647401	0d0887
15	8733937	8742505	15	11620846	11628804	fb9f3a
3	98170120	98218103	3	127596359	127631643	46039f
1	169579394	169651189	1	206993409	207056937	0d0887
1	55758980	55782926	1	347108729	347125084	0d0887
8	11346139	11366633	7	80275135	80298634	ad2793
1	160479228	160514389	1	217464631	217528403	0d0887
3	107876217	107934681	3	138543986	138612020	46039f
1	180637665	180655805	1	196158408	196179124	0d0887
3	13986511	14139700	3	16825319	16982221	46039f
14	13852178	13867461	10	22151206	22167716	f58b47
4	43439703	43522968	8	26616753	26719996	5c01a6
3	168497283	168506902	3	218427734	218445903	46039f
6	43008988	43028207	5	68246129	68259897	8808a6
2	215700458	215827157	2	63155117	63250004	2e0595
3	196918123	196954792	3	257625822	257675092	46039f
5	92219301	92275501	4	101295790	101356910	7201a8
1	160431378	160468142	1	217539352	217577273	0d0887
6	32602963	32632607	5	81761853	81809088	8808a6
1	323582222	323600191	1	15585079	15638363	0d0887
3	200442583	200467322	3	261704528	261719993	46039f
14	97554	106047	10	123710	132154	f58b47
3	123022639	123040509	3	157109371	157124374	46039f
1	252446964	252487698	1	109371606	109426396	0d0887
1	145869421	145871659	1	234344835	234347070	0d0887
5	85620567	85638336	4	93934629	93947954	7201a8
3	199957800	200005234	3	261198294	261217914	46039f
6	72750233	72782840	5	28672140	28732771	8808a6
1	143613209	143645881	1	236871099	236895118	0d0887
1	130427210	130458126	1	252349435	252367054	0d0887
5	31719102	31735567	4	39015836	39042097	7201a8
1	118898521	118952578	1	266390323	266455452	0d0887
7	83677813	83721974	6	93783490	93819392	9c179e
6	23631385	23673138	5	94197596	94257745	8808a6
11	936520	942414	12	26124467	26132454	d8576b
3	131079722	131097042	3	167335371	167355408	46039f
7	48249681	48289994	6	56103380	56144747	9c179e
10	1631518	1642727	11	31391853	31401727	cc4778
5	98259540	98304742	4	109663167	109710494	7201a8
2	153652587	153695920	2	141474688	141523974	2e0595
4	21957183	21959391	8	49796073	49798281	5c01a6
1	265979758	265989463	1	91664075	91672902	0d0887
7	9512545	9942610	6	10979049	11464433	9c179e
2	137768360	137799558	2	164065557	164095564	2e0595
3	66714719	66820708	3	92310509	92423475	46039f
1	267042108	267056522	1	90316791	90333195	0d0887
11	21293448	21302107	12	22652464	22660253	d8576b
18	978867	1007023	11	728109	749778	f8e125
1	125689672	125755134	1	257984109	258059361	0d0887
7	30759242	30790237	6	36585445	36625267	9c179e
1	137938181	137968690	1	243241018	243272906	0d0887
1	40925044	40943268	1	368053051	368075510	0d0887
8	39153821	39186877	7	59608400	59663461	ad2793
14	149102	153570	10	185920	190465	f58b47
6	24575	45742	5	119834771	119869606	8808a6
4	22382850	22414817	8	42667143	42711585	5c01a6
13	17942288	17954276	13	13415881	13428383	ed7953
5	4739637	4750492	4	4853044	4861614	7201a8
1	294050625	294062592	1	53248571	53263916	0d0887
3	167271448	167313591	3	216605454	216657506	46039f
5	30073736	30092213	4	36988443	37027501	7201a8
1	332870976	332903402	1	3165562	3199647	0d0887
8	29055582	29124585	7	46278396	46362712	ad2793
2	204504323	204564734	2	77671136	77742219	2e0595
7	51003783	51105799	6	57634322	57668076	9c179e
10	8116633	8172327	16	6420604	6470929	cc4778
1	315806017	315830083	1	25059363	25093184	0d0887
8	68480375	68552992	7	16997064	17079529	ad2793
4	21783919	21801259	8	49963345	49989117	5c01a6
17	7398842	7420285	10	33752589	33772756	fdca26
1	25417066	25420564	1	388616054	388619691	0d0887
3	155853209	155860822	3	200231908	200243647	46039f
1	42852354	42887848	1	364557638	364600230	0d0887
2	214663548	214800498	2	64410216	64573984	2e0595
1	293016018	293039238	1	54695241	54722312	0d0887
2	169717403	169737288	2	121927216	121948981	2e0595
1	239233260	239258897	1	126103161	126148086	0d0887
7	5203543	5271619	6	5746581	5824490	9c179e
4	30284394	30313562	8	41218869	41252404	5c01a6
2	48219522	48262306	2	261489311	261534046	2e0595
1	168847594	168873900	1	207878450	207910739	0d0887
7	40143617	40169164	6	48013183	48045209	9c179e
3	193296561	193326436	3	251299203	251343609	46039f
3	151008978	151031151	3	193548989	193577278	46039f
1	306974594	307004182	1	35734766	35805148	0d0887
1	323455755	323488282	1	15733338	15783360	0d0887
1	288286767	288300578	1	61169843	61201436	0d0887
5	12926141	12980483	4	14536584	14548137	7201a8
13	8219798	8231022	13	28842236	28854106	ed7953
17	8347709	8365554	10	31564081	31587435	fdca26
1	286732618	286760073	1	63421792	63456827	0d0887
1	12575220	12601740	1	404054547	404076626	0d0887
14	5095423	5111418	10	7521911	7557207	f58b47
17	9419637	9432600	10	30083936	30103758	fdca26
2	140778051	140830650	2	156180610	156255184	2e0595
11	1720059	1731883	12	27547993	27571499	d8576b
1	6754463	6756350	1	410068716	410076350	0d0887
1	227784396	227820607	1	140457869	140516527	0d0887
5	56602697	56611665	4	69800442	69810100	7201a8
6	20709303	20712195	5	98209211	98211086	8808a6
3	114023954	114044983	3	146187314	146219563	46039f
13	421344	434979	13	14707309	14720518	ed7953
5	66595718	66631045	4	80980980	81001921	7201a8
1	80041066	80120586	1	314271274	314356321	0d0887
1	111308671	111310855	1	275385059	275475990	0d0887
15	10625778	10633834	15	8886941	8892273	fb9f3a
1	191124621	191189069	1	184665161	184750148	0d0887
14	3125655	3136285	10	4484972	4497800	f58b47
11	18491829	18504101	12	18825857	18843412	d8576b
1	292080507	292137011	1	55992463	56057314	0d0887
4	11760994	11775773	8	60650176	60663415	5c01a6
14	7419723	7440789	10	11091186	11127163	f58b47
8	50041348	50119433	7	32483774	32526827	ad2793
1	75049816	75110933	1	320886872	320994495	0d0887
2	89999830	90063266	2	211849614	211924996	2e0595
5	55676704	55701335	4	68791063	68832601	7201a8
2	182468487	182470344	2	105545972	105547847	2e0595
6	24913648	24940704	5	92557814	92592959	8808a6
2	103259514	103315350	2	196997924	197015132	2e0595
13	7716567	7732475	13	28000281	28026635	ed7953
1	274165805	274188228	1	80525929	80548428	0d0887
3	24443573	24461576	3	30905457	30926855	46039f
11	22480558	22485831	12	23984458	24034244	d8576b
2	226309896	226312044	2	49800290	49802438	2e0595
1	267488790	267510119	1	89680618	89704054	0d0887
2	160574976	160578661	2	133148311	133152147	2e0595
17	5988864	5990796	10	35763050	35764985	fdca26
4	56957150	57001300	8	11294799	11323470	5c01a6
14	5247934	5261747	10	7768667	7793322	f58b47
5	52073852	52075985	4	64748003	64750148	7201a8
14	3338985	3355378	10	4812240	4830112	f58b47
7	79429587	79441703	6	83612144	83623198	9c179e
8	37656214	37658377	12	24634738	24636880	ad2793
6	33022946	33053583	5	81220274	81255173	8808a6
4	21165269	21186348	8	50646481	50674924	5c01a6
3	181186276	181212748	3	235953757	235985494	46039f
7	36349630	36358372	6	43578952	43585254	9c179e
1	107119915	107131353	1	280018137	280031888	0d0887
2	208838297	208888736	2	72010664	72083898	2e0595
12	13743077	13764157	14	21836170	21850229	e3685f
10	9252137	9273147	16	7707172	7738792	cc4778
16	6817002	6832310	11	19950749	19977243	fdb42f
6	5749027	5810286	5	114177835	114268411	8808a6
3	86019211	86042321	3	117058447	117093078	46039f
3	22730272	22748181	3	28530256	28550065	46039f
5	97291013	97323002	4	108368307	108405643	7201a8
4	64164224	64166258	8	421628	423677	5c01a6
11	21154272	21173694	12	22446701	22473527	d8576b
6	2463214	2474449	5	117136661	117149439	8808a6
7	60957800	60959930	6	66995490	66997614	9c179e
2	214901462	214934696	2	64245784	64279075	2e0595
6	61604426	61645481	5	41671317	41705205	8808a6
7	85815569	85840053	6	90993130	91020180	9c179e
1	267426003	267465367	1	89728067	89778863	0d0887
1	29805675	29807799	1	382656747	382658868	0d0887
1	299957968	299978675	1	44924211	44948027	0d0887
1	26903201	26906925	1	386567312	386571675	0d0887
15	7157139	7227663	15	9091795	9226803	fb9f3a
6	51787914	51809061	5	56393092	56444346	8808a6
6	38612353	38640982	5	73933052	73977531	8808a6
3	46418073	46431624	3	64921145	64935888	46039f
12	4312006	4315339	14	6992364	7000539	e3685f
6	45153207	45164675	5	65403781	65419866	8808a6
10	1413933	1424699	11	31443592	31455819	cc4778
1	25876478	25896785	1	388001912	388031743	0d0887
3	202570433	202578919	3	263621600	263627363	46039f
14	5069027	5087072	10	7467282	7509852	f58b47
4	53783926	53808500	8	15109239	15144039	5c01a6
3	119809001	119836363	3	153219358	153247905	46039f
3	107619582	107636339	3	138282565	138298999	46039f
3	135699719	135721423	3	173356963	173396459	46039f
10	5334389	5354566	16	3772921	3782994	cc4778
3	105301171	105315873	3	135754172	135767399	46039f
12	10425316	10453835	14	16406040	16451175	e3685f
1	151438976	151447941	1	228255418	228263702	0d0887
7	62223587	62244025	6	67952231	67960495	9c179e
7	6039489	6068063	6	6580536	6629890	9c179e
11	12919108	12930530	12	7646271	7663334	d8576b
3	99343622	99353077	3	128638972	128666103	46039f
13	3489110	3539839	13	20221081	20308082	ed7953
3	104317282	104372808	3	134526031	134575816	46039f
7	57808960	57836160	6	63200142	63254977	9c179e
10	9338784	9358860	16	7817130	7839366	cc4778
4	27828410	27949756	8	48223772	48307677	5c01a6
1	276174601	276212676	1	77579463	77618674	0d0887
1	125941679	125972003	1	257718970	257754062	0d0887
1	75132112	75151198	1	320823846	320850127	0d0887
7	30813374	30825818	6	36665946	36685353	9c179e
1	154378000	154414117	1	224716574	224763145	0d0887
3	68090248	68106212	3	94320194	94338620	46039f
5	61863009	61872181	4	75978289	75985585	7201a8
6	19292408	19349616	5	100115393	100215513	8808a6
6	3799348	3822245	5	115775134	115784295	8808a6
15	10535260	10553339	15	8987426	9008716	fb9f3a
16	6638905	6663554	11	19768479	19791130	fdb42f
3	158380427	158382521	3	203710440	203712534	46039f
1	26298500	26344136	1	387429373	387480550	0d0887
5	78539546	78541637	4	90127879	90129994	7201a8
1	256973326	256992255	1	103353714	103377897	0d0887
1	303239497	303312151	1	40501523	40587691	0d0887
6	90780463	90802658	5	641855	656303	8808a6
1	178086714	178108728	1	199102094	199129373	0d0887
1	51576826	51584596	1	352714756	352728735	0d0887
14	15294804	15307434	10	23150953	23163594	f58b47
7	28886776	28904523	6	34263716	34285649	9c179e
15	3674274	3694956	15	22867468	22897419	fb9f3a
1	104470487	104508888	1	283129413	283175995	0d0887
1	277555437	277584143	1	75810011	75842441	0d0887
5	106181144	106183202	4	114819604	114821656	7201a8
6	1565163	1644185	5	118066879	118130022	8808a6
5	56751200	56770397	4	69978398	69996855	7201a8
12	16081471	16109931	14	18784196	18809135	e3685f
3	175819175	175847480	3	228633415	228669619	46039f
5	21723301	21772953	4	26262639	26336188	7201a8
5	108587871	108608774	4	111555981	111573278	7201a8
10	6009711	6021040	16	4273587	4280910	cc4778
1	38997309	39026644	1	370615535	370677326	0d0887
6	39025962	39042138	5	73304276	73320309	8808a6
3	87663629	87681163	3	119162186	119183539	46039f
14	2346156	2355076	10	3229332	3242553	f58b47
6	22177860	22182565	5	96092694	96133488	8808a6
1	205908500	205924970	1	168084587	168107100	0d0887
8	59050664	59062013	7	40838477	40854621	ad2793
5	22851896	22868430	4	27752841	27774990	7201a8
2	204610022	204625246	2	77589173	77613151	2e0595
12	8162204	8178711	14	13435474	13456420	e3685f
12	1026031	1045074	14	1416790	1443730	e3685f
7	23253420	23269120	6	27606819	27628734	9c179e
3	25986930	25989228	3	33107370	33109707	46039f
7	26577078	26591845	6	31620491	31631707	9c179e
1	51173462	51175484	1	353247846	353249874	0d0887
14	5421400	5426391	10	7987265	7993620	f58b47
7	73703274	73712064	6	76286216	76301579	9c179e
5	108179688	108204221	4	112047178	112076866	7201a8
4	42129131	42152342	8	28160756	28184396	5c01a6
6	38460978	38468666	5	74153982	74156653	8808a6
5	31924295	31948433	4	39284521	39312759	7201a8
1	224840678	224860871	1	144088769	144108074	0d0887
1	63741051	63752681	1	335753926	335768557	0d0887
15	3762358	3810332	15	22678263	22747957	fb9f3a
3	183906201	183920031	3	239319273	239336051	46039f
1	165196606	165294594	1	212026434	212156760	0d0887
1	208840728	208908407	1	164398961	164473801	0d0887
5	66662905	66784378	4	81027844	81176398	7201a8
7	74596691	74627661	6	77369978	77394610	9c179e
5	5807841	5863742	4	6094971	6258456	7201a8
12	4410499	4412533	14	7111407	7113441	e3685f
1	158148691	158163760	1	220049805	220065421	0d0887
3	48369482	48440599	3	67749828	67849115	46039f
1	127265797	127311346	1	256127822	256174767	0d0887
3	156829284	156836721	3	201471425	201480059	46039f
1	300807653	300845326	1	43887931	43929648	0d0887
1	192939460	192986400	1	182426613	182481642	0d0887
14	13711897	13745447	10	22327698	22354413	f58b47
16	11519761	11540819	11	28178502	28205730	fdb42f
2	68303553	68335008	2	235641838	235668228	2e0595
1	69985824	70027742	1	327899423	327939242	0d0887
17	7967694	7971107	10	30886227	30892604	fdca26
8	76966852	76988365	7	6354545	6379208	ad2793
6	26944218	26948019	5	89445780	89449944	8808a6
5	79299714	79305837	4	90426058	90434611	7201a8
2	98207390	98228996	2	202629840	202661635	2e0595
2	191734979	191765888	2	93845840	93876777	2e0595
13	3807246	3809657	13	20697845	20700984	ed7953
2	100871946	100890291	2	199885981	199900936	2e0595
6	42133525	42183111	5	69291852	69382376	8808a6
6	81732579	81754460	5	17961451	17974763	8808a6
17	3219629	3253592	10	38546043	38567095	fdca26
13	1794461	1806478	13	18210470	18238971	ed7953
2	141174238	141202811	2	155726853	155751462	2e0595
5	110440385	110474533	4	137000089	137043007	7201a8
2	156642611	156682926	2	138064084	138107061	2e0595
3	147716809	147764538	3	189764820	189813852	46039f
1	242690408	242719292	1	121414296	121449168	0d0887
14	8977538	8992230	10	13194884	13208793	f58b47
1	2393884	2421574	1	413653964	413670548	0d0887
3	141669456	141688815	3	181276560	181295050	46039f
15	13442619	13464273	15	5039780	5071916	fb9f3a
3	46377981	46401201	3	64871380	64901077	46039f
4	84536506	84584852	9	53077222	53118996	5c01a6
3	23660683	23665880	3	29877198	29886680	46039f
1	251290581	251314335	1	110679346	110764070	0d0887
1	192817189	192837384	1	182602593	182620845	0d0887
13	14847741	14870565	13	9402711	9440727	ed7953
19	3029259	3051627	17	6441911	6470759	f0f921
14	14086228	14124886	10	21933125	21958839	f58b47
6	24584050	24613693	5	92948557	92977417	8808a6
1	62637726	62663444	1	337217387	337250041	0d0887
2	133202140	133228758	2	158704835	158743232	2e0595
7	55088506	55139210	6	61005167	61031745	9c179e
3	192503100	192536146	3	250300325	250364803	46039f
2	99391377	99416032	2	201525647	201540661	2e0595
8	35702137	35722667	7	54965697	54987416	ad2793
1	332409042	332443729	1	5674412	5703227	0d0887
7	71769248	71815482	6	74294062	74323133	9c179e
7	46464416	46515335	6	51862450	51898985	9c179e
4	84989915	85020894	9	58300730	58316184	5c01a6
3	20336981	20374339	3	25134559	25175428	46039f
17	10153359	10160715	10	28166976	28190489	fdca26
17	6668703	6698380	10	34817110	34846171	fdca26
8	7887896	7925263	7	84281114	84309566	ad2793
13	2969322	2994221	13	19312833	19359724	ed7953
4	86594670	86637716	9	56686096	56718518	5c01a6
4	6782576	6815028	8	66142922	66160534	5c01a6
5	91973527	91993430	4	100892352	100914411	7201a8
6	93832371	93863244	5	3806135	3839122	8808a6
10	7486274	7529399	16	5867290	5908984	cc4778
7	27955049	27984528	6	33265750	33292671	9c179e
1	88345235	88347221	1	303944027	303946043	0d0887
8	4043067	4050313	7	90130110	90135096	ad2793
13	18720326	18722306	13	14246029	14247973	ed7953
2	76130319	76197140	2	225962978	226090647	2e0595
2	173064567	173087225	2	117645775	117672193	2e0595
13	2605139	2625199	13	17347070	17374460	ed7953
11	8329387	8351147	12	14052877	14095352	d8576b
4	21437446	21464421	8	50339642	50367139	5c01a6
7	92765029	92785142	6	99861140	99885245	9c179e
1	50352555	50367427	1	354175915	354193274	0d0887
1	44304223	44306212	1	362555725	362557708	0d0887
1	238854191	238864806	1	126558568	126569340	0d0887
5	51042224	51070414	4	63615087	63660759	7201a8
13	8587675	8610232	13	299551	322727	ed7953
12	17023730	17081666	14	17851413	17919467	e3685f
3	70137077	70155399	3	96835523	96884054	46039f
4	92341892	92353509	9	44992844	45010274	5c01a6
6	10913750	10940124	5	110259973	110290806	8808a6
13	14750270	14772578	13	9288953	9320164	ed7953
1	187386399	187414397	1	189235443	189253460	0d0887
1	82853155	82880989	1	310867279	310903295	0d0887
1	280656639	280765480	1	71622690	71794877	0d0887
7	10650204	10670668	6	12194632	12207524	9c179e
15	8484689	8498860	15	11242769	11263573	fb9f3a
2	157533851	157547077	2	136873891	136889972	2e0595
15	16791579	16885398	15	361603	447125	fb9f3a
1	267199755	267223821	1	90072146	90111236	0d0887
1	6742690	6744661	1	410086850	410088785	0d0887
19	4485279	4498901	17	3931133	3950561	f0f921
8	40993642	41010012	7	21717535	21738083	ad2793
3	146453069	146478667	3	188006434	188042263	46039f
3	86007855	86016312	3	117043714	117051044	46039f
19	7525352	7541629	17	2384825	2396038	f0f921
1	322413830	322431842	1	17053612	17069742	0d0887
16	2818971	2827957	11	16782460	16786517	fdb42f
1	114858261	114867187	1	271443818	271452950	0d0887
1	99041624	99057412	1	289935488	289965073	0d0887
7	89769446	89793019	6	85810973	85833432	9c179e
1	147068889	147148267	1	232919100	233017421	0d0887
14	15332763	15341106	10	23207906	23217984	f58b47
15	4681819	4736864	15	18224840	18301857	fb9f3a
13	12620550	12636546	13	6232115	6246214	ed7953
6	25575903	25609549	5	91689569	91764578	8808a6
17	4305069	4319996	10	37714414	37730409	fdca26
1	189031107	189033051	1	187294767	187296711	0d0887
12	139269	143657	14	203942	207941	e3685f
1	205604055	205641011	1	168281178	168334764	0d0887
12	9934418	9994213	14	15755574	15809350	e3685f
1	215016454	215044251	1	156640102	156682099	0d0887
6	5498541	5523888	5	114468471	114490787	8808a6
16	2085637	2140164	11	17383620	17425603	fdb42f
16	12123123	12128197	11	27317614	27325849	fdb42f
15	3586863	3602538	15	26511073	26536213	fb9f3a
3	35895379	35907861	3	47833445	47837191	46039f
1	339876493	339901042	1	417376656	417403208	0d0887
3	173972661	173986473	3	225995137	226008660	46039f
3	200347600	200378899	3	261626601	261645314	46039f
2	156761734	156804323	2	137918026	137972696	2e0595
1	316979802	317003236	1	23645080	23671210	0d0887
12	8371088	8384512	14	13742241	13763125	e3685f
14	3584079	3589731	10	5139155	5146963	f58b47
1	83968339	84026997	1	309594922	309664129	0d0887
1	187427525	187508310	1	189108065	189221245	0d0887
17	1769547	1825787	10	25410627	25486178	fdca26
7	36135064	36154646	6	43324350	43343209	9c179e
6	41046556	41070802	5	70815963	70856138	8808a6
1	153564488	153566495	1	225725346	225727350	0d0887
15	615328	634618	15	24716649	24749067	fb9f3a
7	89189125	89217896	6	84982704	85016903	9c179e
1	73092780	73125118	1	323894395	323934096	0d0887
6	25657645	25696495	5	91540953	91612321	8808a6
7	25899762	25915322	6	30839988	30877466	9c179e
3	107122323	107132137	3	137575222	137585826	46039f
3	119368106	119385867	3	152694178	152715389	46039f
1	239834566	239859774	1	125380500	125403148	0d0887
14	4962005	4976400	10	7318176	7336123	f58b47
1	66066018	66096837	1	332657104	332676939	0d0887
3	47313647	47326889	3	66073584	66109233	46039f
1	204912027	204949717	1	169065656	169118688	0d0887
6	56069654	56126986	5	50667843	50777456	8808a6
1	277813024	277830382	1	75525025	75547472	0d0887
13	7545770	7557490	13	27776876	27799629	ed7953
15	15599732	15605616	15	2135428	2147206	fb9f3a
3	50629654	50645262	3	70896209	70918333	46039f
16	1144925	1162051	11	30748732	30765814	fdb42f
2	190653840	190678006	2	95075511	95121694	2e0595
15	8265911	8276334	15	10898746	10915548	fb9f3a
14	389153	401353	10	515960	530320	f58b47
5	4147975	4179947	4	5538368	5587577	7201a8
2	177571989	177580763	2	112190126	112198535	2e0595
3	23426112	23438338	3	29557222	29569613	46039f
1	50515460	50520954	1	353955728	353965049	0d0887
6	38731727	38785467	5	73767121	73822501	8808a6
13	3651811	3664641	13	20445497	20469269	ed7953
14	6541196	6563813	10	9778128	9800830	f58b47
6	93625338	93627003	5	3578462	3580145	8808a6
5	18082782	18085040	4	21016433	21018781	7201a8
2	205376374	205394974	2	76542873	76552543	2e0595
6	31816202	31818119	5	82982861	82984868	8808a6
2	133676320	133800936	2	159243697	159373447	2e0595
1	77310533	77312441	1	317928401	317930309	0d0887
11	22499388	22508049	12	24051979	24121161	d8576b
1	215075059	215087155	1	156586147	156596580	0d0887
1	40294343	40313049	1	368842436	368870292	0d0887
1	159783942	159787447	1	218344274	218347593	0d0887
12	740925	747660	14	993493	999537	e3685f
1	27942839	27958970	1	385140466	385163024	0d0887
2	195352896	195388075	2	89035992	89073829	2e0595
8	55041225	55058536	7	10988261	11008042	ad2793
16	2187264	2211752	11	17322665	17340425	fdb42f
1	111410788	111438357	1	275324004	275339367	0d0887
5	26156373	26169504	4	31924808	31944334	7201a8
1	66651694	66666731	1	331988127	332012639	0d0887
4	50490751	50522083	8	18722762	18756370	5c01a6
6	45310155	45329743	5	65209227	65238101	8808a6
1	55710135	55757126	1	347142781	347187078	0d0887
16	7960094	7976163	11	21698604	21720677	fdb42f
1	319234287	319260116	11	13094908	13201751	0d0887
6	86009206	86027263	5	17268921	17281849	8808a6
8	43238262	43259373	7	24837656	24852185	ad2793
1	227713155	227727986	1	140582380	140599747	0d0887
2	152511667	152550859	2	142881377	142936445	2e0595
1	336396964	336429115	1	1480609	1494721	0d0887
3	164297061	164320082	3	212136975	212163991	46039f
6	32863814	32865629	5	81466671	81468522	8808a6
8	21804074	21833125	7	66878515	66930741	ad2793
1	254653653	254681658	1	106562391	106601935	0d0887
8	69758963	69798107	7	15954882	16000910	ad2793
4	2616169	2636530	8	70373219	70381947	5c01a6
2	217368933	217412554	2	61106123	61160230	2e0595
1	259637474	259655383	1	99984167	100001042	0d0887
11	20693908	20700021	12	21875950	21885429	d8576b
15	9032792	9065306	15	12043291	12085862	fb9f3a
7	33058257	33081253	6	39440047	39464303	9c179e
1	181514667	181528618	1	195762027	195797837	0d0887
8	19207512	19253844	7	70574392	70654246	ad2793
3	131049597	131073748	3	167302269	167329539	46039f
11	7692819	7694370	12	3389216	3390767	d8576b
4	9153652	9171600	8	63496654	63521077	5c01a6
1	236791516	236832009	1	129179581	129228048	0d0887
5	119346617	119401107	4	127982152	128020494	7201a8
4	86378	92021	8	71957937	71970469	5c01a6
1	104159522	104231367	1	283501283	283518816	0d0887
3	17301378	17316037	3	20893513	20916740	46039f
3	114923396	114930964	3	147324874	147334064	46039f
2	212895695	212912720	2	66769922	66805408	2e0595
3	194934037	195003133	3	255100263	255160911	46039f
2	191642585	191683670	2	93937658	93990532	2e0595
19	2885873	2898232	17	6146021	6165457	f0f921
1	179015947	179051668	1	198105569	198147841	0d0887
3	123198904	123223578	3	157322858	157346398	46039f
3	64614252	64643193	3	89945568	89995077	46039f
6	51598703	51624092	5	56628315	56677817	8808a6
3	168967006	168991231	3	219060381	219098348	46039f
1	8854688	8898018	1	407917053	407955839	0d0887
5	56080699	56114605	4	69131784	69170075	7201a8
1	41746528	41777448	1	366224059	366248233	0d0887
3	159153667	159216358	3	204792733	204864722	46039f
11	20578512	20581864	12	21715462	21720082	d8576b
14	4834247	4851514	10	7152788	7164882	f58b47
3	63662055	63739870	3	88804879	88901862	46039f
5	30255138	30298051	4	37228642	37267397	7201a8
2	220680735	220705365	2	57132407	57159470	2e0595
1	119023463	119043568	1	266258236	266289621	0d0887
2	217116870	217164118	2	61450601	61503063	2e0595
17	8626861	8630354	10	32031305	32034815	fdca26
7	90675268	90700028	6	87018393	87039810	9c179e
6	219349	236098	5	119436225	119463734	8808a6
5	20753608	20780597	4	24815522	24848636	7201a8
1	35823694	35902139	1	374543186	374667806	0d0887
3	92220291	92452865	3	123847144	123920768	46039f
1	68963381	68977297	1	329185600	329203365	0d0887
1	229377961	229408027	1	138430877	138458819	0d0887
4	5243910	5257733	8	66820548	66835191	5c01a6
11	15402863	15414290	12	14393420	14404778	d8576b
14	6511294	6523354	10	9725862	9742309	f58b47
1	126052168	126067625	1	257611431	257634760	0d0887
2	156468600	156484408	2	138215534	138231921	2e0595
16	11012189	11019694	11	15044550	15086945	fdb42f
3	27369474	27376557	3	35139773	35147726	46039f
3	157822405	157838351	3	203035261	203059423	46039f
1	184067595	184150763	1	192897556	193008831	0d0887
13	15839662	15845438	13	10778209	10782643	ed7953
6	18412489	18423650	5	101356728	101369993	8808a6
8	76328783	76346073	7	14401043	14429253	ad2793
6	56036037	56063656	5	50789412	50816290	8808a6
11	8485569	8511649	12	13799715	13828160	d8576b
4	58149573	58193921	8	9940136	9977720	5c01a6
1	165595561	165612962	1	211633316	211658107	0d0887
3	160649964	160682193	3	206621712	206648406	46039f
6	58221307	58246547	5	47480601	47539867	8808a6
1	73260286	73290399	1	323653389	323698499	0d0887
1	233605389	233628171	1	133265923	133291551	0d0887
15	14336425	14338267	15	4088445	4090287	fb9f3a
11	10562621	10567401	12	10693400	10697458	d8576b
5	34099014	34147642	4	42285954	42419821	7201a8
1	340309939	340331299	1	417886602	417922998	0d0887
8	25493162	25516035	7	61811086	61835549	ad2793
2	214825719	214836982	2	64369879	64398969	2e0595
3	175624518	175653282	3	228385580	228406515	46039f
3	155741986	155766935	3	200070734	200104493	46039f
16	11838015	11843820	11	27737818	27746792	fdb42f
6	44444388	44463329	5	66332258	66351054	8808a6
4	24403869	24426836	8	44968280	44995747	5c01a6
4	73907481	73935381	9	62378993	62413432	5c01a6
2	179470086	179498426	2	109671525	109700517	2e0595
6	38421591	38427460	5	74216666	74227862	8808a6
11	20216916	20229271	12	21200657	21216936	d8576b
15	13299243	13312449	15	5284301	5300284	fb9f3a
1	287210371	287231053	1	62770402	62806118	0d0887
2	147672991	147723432	2	148151768	148206685	2e0595
19	7319111	7344918	17	2177605	2208219	f0f921
14	7067819	7069625	10	10678375	10680184	f58b47
1	72170070	72192852	1	325111617	325139359	0d0887
2	99917309	99931627	2	201004417	201020238	2e0595
3	25652516	25685149	3	32652745	32708904	46039f
3	95039472	95109661	3	127262339	127276481	46039f
14	9437963	9462171	10	14024825	14044091	f58b47
10	627084	637812	11	32590452	32598835	cc4778
1	314335973	314346419	1	27005450	27029243	0d0887
1	13323015	13350861	1	403370734	403405266	0d0887
3	123636865	123666471	3	157795886	157823718	46039f
8	35463358	35492728	7	54641209	54662517	ad2793
15	11793579	11806467	15	7307853	7332766	fb9f3a
5	16437473	16447415	4	18912358	18921501	7201a8
5	79507345	79539153	4	90535597	90556364	7201a8
4	9552705	9576166	8	63084150	63106406	5c01a6
3	119151451	119208276	3	152431382	152507406	46039f
2	212855477	212864660	2	66856085	66868320	2e0595
1	149168312	149180477	1	230676309	230687786	0d0887
2	80519096	80520914	2	221519684	221521502	2e0595
1	250242810	250251958	1	112077035	112097187	0d0887
1	317241862	317255699	1	23290764	23310623	0d0887
3	184909490	184954954	3	240610360	240666629	46039f
3	141125752	141228375	3	180581876	180637537	46039f
1	194063525	194082722	1	180966661	180992101	0d0887
3	179579713	179621224	3	233582946	233639816	46039f
1	265781759	265815390	1	91887098	91922064	0d0887
1	195064456	195097211	1	179870400	179896274	0d0887
5	64873578	64887517	4	79335838	79341573	7201a8
13	3231649	3240306	13	19733736	19742434	ed7953
1	335179739	335207323	1	2773247	2783307	0d0887
6	53388279	53601497	5	53884142	54121626	8808a6
2	61550665	61573377	2	243930815	243961458	2e0595
12	3471024	3487830	14	5490977	5511603	e3685f
1	42227314	42252118	1	365501261	365526866	0d0887
12	13108326	13132001	14	21096244	21120875	e3685f
3	144660198	144687093	3	185319578	185357303	46039f
1	11485536	11497538	1	405341803	405346713	0d0887
2	189731869	189751404	2	96203673	96226891	2e0595
1	122925250	122944613	1	261270905	261287235	0d0887
8	38335773	38340948	7	58507052	58521001	ad2793
16	9644456	9655587	11	24709405	24732355	fdb42f
3	100078431	100116554	3	129361861	129425854	46039f
17	261493	276175	10	24177115	24196704	fdca26
2	234423899	234435922	2	39166371	39194246	2e0595
16	11784848	11792140	11	27818556	27828118	fdb42f
6	67288079	67311123	5	34263930	34285812	8808a6
3	131113922	131145715	3	167376427	167425481	46039f
2	147348718	147364328	2	148420664	148448720	2e0595
1	336132016	336161346	1	1722605	1753348	0d0887
1	113199	118670	1	414995081	415004719	0d0887
6	38828008	38850928	5	73595788	73632366	8808a6
3	32622240	32628257	3	43011813	43017120	46039f
6	20407055	20437691	5	98564226	98602183	8808a6
19	3008338	3018296	17	6411544	6431454	f0f921
1	271836579	271838373	1	84043784	84045578	0d0887
3	107039223	107054104	3	137453936	137472937	46039f
4	20613571	20655223	8	51305263	51360905	5c01a6
1	1949424	1972083	1	413269692	413286166	0d0887
7	33913366	33937095	6	40426919	40467365	9c179e
8	28954937	28974395	7	46156485	46183532	ad2793
5	3998839	4081979	4	4052036	4171673	7201a8
4	44439047	44451214	8	25721446	25726712	5c01a6
17	11015219	11025585	10	39652560	39671818	fdca26
1	301552530	301565588	1	42816485	42838675	0d0887
2	67036979	67070254	2	237139651	237180783	2e0595
3	140120971	140156402	3	179057193	179103809	46039f
14	8419143	8449534	10	12534398	12555541	f58b47
17	10696587	10701778	10	39083751	39089608	fdca26
3	45504036	45525355	3	63678910	63702046	46039f
5	74541862	74668493	4	86416573	86471602	7201a8
3	169040500	169063314	3	219178368	219201236	46039f
2	133234377	133264465	2	158749164	158780298	2e0595
1	251660397	251675799	1	110348931	110367115	0d0887
2	152161450	152178871	2	143451906	143474991	2e0595
6	55934118	55962245	5	50912418	50933937	8808a6
10	11464076	11511550	16	10026432	10074973	cc4778
3	62066597	62098907	3	86707921	86754657	46039f
3	186248096	186254310	3	242490679	242508144	46039f
6	85459466	85469273	5	17861931	17875071	8808a6
12	16542351	16547035	14	18393951	18399151	e3685f
1	129332858	129716183	1	253192708	253595566	0d0887
14	10156425	10167203	10	15228115	15234289	f58b47
2	101021629	101033175	2	199755248	199775498	2e0595
13	7897418	7899366	13	28263216	28264167	ed7953
1	273423470	273432459	1	81655404	81664911	0d0887
2	133043230	133084339	2	158554893	158593652	2e0595
2	214943016	214952176	2	64223375	64239035	2e0595
8	30861702	30897105	7	48625585	48651944	ad2793
1	260861429	260884234	1	98279155	98309155	0d0887
2	198855826	198877724	2	84922420	84956624	2e0595
1	94572924	94592623	1	295639464	295658485	0d0887
13	12483339	12500266	13	6065658	6087074	ed7953
7	71840461	71853070	6	74348984	74362736	9c179e
8	75223828	75240148	7	12599231	12620444	ad2793
8	70317262	70337824	7	5870344	5891730	ad2793
17	10882680	10885901	10	39466715	39470795	fdca26
3	197297025	197349323	3	258030324	258111296	46039f
1	17531440	17542199	1	398636930	398651934	0d0887
12	982787	994294	14	1355731	1367922	e3685f
1	116556674	116569222	1	269472054	269486150	0d0887
19	3889509	3902841	17	5156945	5175249	f0f921
1	267883849	267890766	1	89155653	89165456	0d0887
15	5126166	5127933	15	17578281	17580048	fb9f3a
13	18047069	18053331	13	13553492	13560569	ed7953
11	19495646	19524242	12	20255746	20295556	d8576b
17	10131528	10138826	10	26533835	26562736	fdca26
1	195499238	195503521	1	179398053	179401959	0d0887
13	16975555	16985609	13	12282348	12291742	ed7953
5	35241311	35257611	4	43760290	43779021	7201a8
6	62415695	62522939	5	40276346	40459450	8808a6
1	173068176	173109692	1	203356779	203390856	0d0887
14	992487	1001882	10	1288469	1302211	f58b47
1	6055681	6086855	1	410659085	410690591	0d0887
6	26996007	27013964	5	89343366	89368960	8808a6
3	20409143	20441020	3	25225528	25258254	46039f
6	80858695	80885112	5	22398372	22419202	8808a6
1	142507090	142642933	1	237847182	237985845	0d0887
8	7702023	7753255	7	84371281	84433241	ad2793
1	334753133	334818459	1	5177141	5236979	0d0887
3	201629447	201739908	3	263017699	263075314	46039f
1	284098536	284122410	1	66878852	66910561	0d0887
3	137969465	138060651	3	176286753	176402308	46039f
1	64006165	64025695	1	335297334	335326661	0d0887
5	65998036	65999788	4	80384548	80386285	7201a8
13	17690890	17725094	13	13187331	13218379	ed7953
15	14796425	14821547	15	3303791	3323043	fb9f3a
3	188734513	188754497	3	245636206	245660308	46039f
1	75641562	75657505	1	320188027	320205452	0d0887
5	22067757	22090552	4	26669485	26691201	7201a8
8	29462365	29486035	7	46864210	46886687	ad2793
1	327545809	327588880	1	11205076	11259158	0d0887
1	23678791	23706015	1	390888664	390921878	0d0887
3	147164245	147177339	3	189047105	189059739	46039f
6	52344711	52364582	5	55572135	55628689	8808a6
2	168092553	168108271	2	123865075	123879280	2e0595
3	50573972	50600844	3	70827856	70867208	46039f
7	13003250	13052407	6	14979651	15018704	9c179e
7	47664049	47684437	6	50638451	50652075	9c179e
1	108428	110252	1	415008596	415010381	0d0887
1	312096940	312125730	1	29959207	29994335	0d0887
16	10814396	10822355	11	14438382	14457226	fdb42f
8	48091017	48117555	7	30456286	30481876	ad2793
4	73619236	73705552	9	62285589	62343619	5c01a6
6	86301607	86402555	5	16773814	16919727	8808a6
6	18341279	18378763	5	101402556	101416001	8808a6
6	42351421	42365591	5	68987623	69003826	8808a6
1	244878381	244896471	1	118768728	118788708	0d0887
14	1491669	1497561	10	1959330	1968822	f58b47
3	14457778	14470832	3	17375565	17402238	46039f
3	142364452	142376090	3	182279802	182301268	46039f
2	212498068	212523024	2	67292563	67315744	2e0595
2	177137148	177149805	2	112759992	112774104	2e0595
16	11768037	11774111	11	27841766	27849189	fdb42f
4	20240117	20257089	8	51837572	51850477	5c01a6
4	50744472	50746206	8	18478769	18480503	5c01a6
3	134725636	134739849	3	172113425	172135644	46039f
4	98973992	99045246	9	37348945	37410467	5c01a6
5	81606318	81689224	4	91364068	91424342	7201a8
14	15884627	15895783	10	23808472	23825662	f58b47
17	8564620	8577562	10	31944368	31972183	fdca26
5	94021260	94048685	4	103868674	103925919	7201a8
8	24737535	24752363	7	62786733	62808224	ad2793
2	61253659	61255342	2	244391207	244392848	2e0595
17	10390491	10396167	10	26996780	27009374	fdca26
1	86777462	86796300	1	306107004	306133550	0d0887
5	91102570	91128332	4	99325276	99349757	7201a8
7	80176112	80196066	6	96241741	96261214	9c179e
2	152842661	152859025	2	142475920	142487333	2e0595
1	70919357	70979978	1	326697352	326790409	0d0887
3	115307260	115335352	3	147881017	147898878	46039f
13	13475904	13553844	13	7483018	7585879	ed7953
5	9547918	9596543	4	10336240	10389371	7201a8
2	216844410	217005297	2	61620943	61837769	2e0595
13	1928773	1947336	13	17939989	17973535	ed7953
3	115230212	115243642	3	147805520	147824125	46039f
7	23119574	23149674	6	27411184	27457583	9c179e
16	7868196	7869906	11	21574400	21576125	fdb42f
3	140078906	140103855	3	179012640	179037957	46039f
5	68174538	68271797	4	82445434	82512616	7201a8
3	171522617	171540388	3	222654055	222673755	46039f
2	212535270	212568319	2	67251270	67275840	2e0595
2	190883362	190891257	2	94818431	94823269	2e0595
2	206281362	206296011	2	75293355	75310041	2e0595
13	3838939	3859343	13	20766650	20807099	ed7953
6	10258474	10292530	5	110808657	110834680	8808a6
11	6901554	6944970	12	2147682	2204897	d8576b
1	190801953	190812705	1	185135888	185155866	0d0887
8	37738626	37750539	7	57743387	57759010	ad2793
16	7518755	7535132	11	21100536	21121758	fdb42f
8	25249079	25263785	7	62121789	62149186	ad2793
6	48555080	48676754	5	60771380	60939641	8808a6
3	177870010	177894900	3	231433599	231459242	46039f
1	319426974	319443584	1	20521336	20540748	0d0887
3	175702374	175768378	3	228487750	228571715	46039f
12	8211060	8225087	14	13511414	13531304	e3685f
1	20896966	20904052	1	394728471	394739466	0d0887
8	75837281	75866453	7	13510737	13538051	ad2793
3	89052558	89113961	3	120824171	120882753	46039f
4	7745120	7755079	8	65018272	65030965	5c01a6
6	33123045	33156662	5	81095406	81134402	8808a6
3	170278818	170306682	3	221012436	221035470	46039f
19	5970695	5977401	17	686152	695840	f0f921
15	13757791	13763621	15	4826665	4840901	fb9f3a
11	13127830	13135807	12	7310871	7323618	d8576b
1	51212066	51238331	1	353174214	353213204	0d0887
2	51195843	51235086	2	257498674	257564071	2e0595
11	20561910	20576841	12	21688493	21712417	d8576b
3	159756320	159761710	3	205597686	205606161	46039f
14	3096014	3115083	10	4455159	4474637	f58b47
1	28093433	28098926	1	384908693	384916966	0d0887
1	55664479	55681342	1	347252260	347269211	0d0887
7	33574648	33606763	6	40000137	40047626	9c179e
1	259707479	259732881	1	99866263	99911982	0d0887
8	8015552	8033904	7	84172260	84187914	ad2793
1	34175503	34207769	1	376758158	376801824	0d0887
1	116879232	116905917	1	269099450	269131848	0d0887
16	12318399	12328534	11	26977463	26991320	fdb42f
1	340024789	340030876	1	417529368	417534033	0d0887
3	2801656	2826662	3	3410675	3425639	46039f
7	85859042	85874646	6	90950151	90968358	9c179e
1	45900	70338	1	415029852	415079037	0d0887
16	1331938	1363363	11	30624474	30637189	fdb42f
16	11443845	11449189	11	28266797	28272283	fdb42f
7	23492757	23522678	6	27910424	27947801	9c179e
13	740114	741857	13	15264438	15266241	ed7953
15	14766585	14776516	15	3366086	3378397	fb9f3a
15	11175533	11205848	15	8095727	8130262	fb9f3a
3	124083269	124102498	3	158376219	158395336	46039f
8	77201254	77224642	7	6728374	6771194	ad2793
1	195986243	196071918	1	178891088	178990234	0d0887
1	259218322	259261335	1	100443100	100487789	0d0887
1	8277153	8317455	1	408484150	408502160	0d0887
16	6881592	6891441	11	20050708	20063415	fdb42f
12	777109	785002	14	1038598	1048168	e3685f
15	13201806	13239611	15	5378659	5415371	fb9f3a
3	89784691	89801397	3	121560942	121574671	46039f
4	31615429	31627733	8	39689133	39704697	5c01a6
1	150153694	150175936	1	229617660	229643800	0d0887
4	89314525	89327299	9	48145438	48162447	5c01a6
2	206172754	206202470	2	75430776	75469809	2e0595
2	133967763	133991502	2	159567513	159589973	2e0595
1	16762580	16788990	1	399540941	399567177	0d0887
2	135044506	135089976	2	160781624	160820911	2e0595
6	60845603	60863166	5	42754718	42790418	8808a6
7	31876739	31907054	6	38071795	38113279	9c179e
2	165129374	165148329	2	127575203	127604723	2e0595
11	6187196	6237257	12	1200449	1209521	d8576b
1	73193739	73210337	1	323782402	323799816	0d0887
5	61898419	61937877	4	76011072	76047207	7201a8
4	86341768	86362690	9	56962058	57000687	5c01a6
2	61430968	61480765	2	244058810	244136256	2e0595
15	1288276	1293872	15	23037291	23054121	fb9f3a
1	292677507	292684846	1	55194238	55205316	0d0887
7	2508999	2527777	6	2775470	2788341	9c179e
8	20888170	20897417	7	68263230	68277453	ad2793
15	6178649	6187689	15	15753328	15763580	fb9f3a
1	94502716	94536856	1	295705028	295735609	0d0887
10	11045210	11056578	16	9628188	9643027	cc4778
6	31537668	31569830	5	83320947	83363987	8808a6
14	8109539	8118866	10	12151768	12162546	f58b47
5	51669894	51691318	4	64295856	64311226	7201a8
5	84167307	84328048	4	92980344	93053524	7201a8
8	60406268	60414289	7	39652967	39668420	ad2793
7	19961185	19983299	6	23263781	23283723	9c179e
6	38178162	38190372	5	74433482	74453340	8808a6
2	41528097	41540924	2	270886093	270898466	2e0595
2	199061766	199071091	2	84633701	84645837	2e0595
1	265703753	265740803	1	91951444	91993348	0d0887
2	203684905	203686573	2	78827401	78829069	2e0595
18	418464	425968	11	352074	359839	f8e125
8	20783779	20798247	7	68380825	68395096	ad2793
3	110839883	110850552	3	142462699	142475247	46039f
3	178648784	178662058	3	232183494	232193452	46039f
11	2204763	2217296	12	28756069	28780899	d8576b
1	215154216	215247936	1	156449974	156533247	0d0887
3	37272072	37347501	3	49662370	49775281	46039f
2	73875944	73903463	2	228959077	228983812	2e0595
3	194413321	194422436	3	252862156	252872069	46039f
7	47826812	47842732	6	50557575	50567302	9c179e
1	149268449	149276773	1	230560778	230570304	0d0887
6	49197784	49199431	5	60134051	60135698	8808a6
2	154816321	154821743	2	140149038	140155542	2e0595
2	152049744	152138674	2	143538507	143580345	2e0595
2	217347122	217348760	2	61179521	61181174	2e0595
7	48577911	48579504	6	56338535	56340137	9c179e
1	285510326	285672795	1	64669873	64862571	0d0887
1	72262731	72286442	1	325007152	325034235	0d0887
16	2736803	2772751	11	16811140	16841792	fdb42f
1	81679581	81707178	1	312346237	312392180	0d0887
1	337944991	337975105	1	11363	40490	0d0887
4	71430569	71496111	9	61300947	61357214	5c01a6
16	11911553	11924553	11	27623320	27634917	fdb42f
7	26602347	26612505	6	31696723	31708296	9c179e
3	160695819	160706308	3	206663038	206676408	46039f
6	84258148	84297751	5	20775457	20826521	8808a6
6	81129328	81164238	5	22239366	22269595	8808a6
1	262068372	262091396	1	96775319	96825616	0d0887
3	48174822	48176499	3	67430754	67432440	46039f
17	7071690	7078733	10	34218792	34232768	fdca26
3	68247674	68267179	3	94497293	94513511	46039f
1	98903455	98929935	1	290099640	290141348	0d0887
7	55816197	55840577	6	61630605	61653263	9c179e
1	308010295	308078095	1	34338168	34415640	0d0887
2	232700706	232710029	2	41239268	41253048	2e0595
3	179652495	179658131	3	233693881	233706022	46039f
2	96982759	96994689	2	204112152	204127402	2e0595
3	139954718	140055148	3	178867458	178983270	46039f
14	9769511	9801962	10	14839842	14876855	f58b47
7	15321228	15359438	6	17705359	17746518	9c179e
6	71057720	71074858	5	29795003	29812610	8808a6
1	48653011	48665925	1	356688654	356724176	0d0887
1	79341420	79351108	1	315196801	315213472	0d0887
3	91219638	91235950	3	123131051	123172620	46039f
10	16577847	16587472	16	13784728	13802702	cc4778
6	30678227	30706391	5	84474723	84503914	8808a6
2	167987471	167989085	2	123995542	123997162	2e0595
7	47274316	47302423	6	50969443	50999839	9c179e
1	239375047	239391788	1	125953603	125969965	0d0887
5	10859323	10933178	4	11866035	11951521	7201a8
1	226302809	226316478	1	142295261	142313291	0d0887
5	36490524	36516237	4	45255500	45263439	7201a8
1	127319799	127333454	1	256104167	256119724	0d0887
1	159689026	159695829	1	218457015	218464833	0d0887
16	12457578	12466576	11	26739638	26755874	fdb42f
8	57632596	57785238	7	15014123	15123531	ad2793
7	27086594	27108372	6	32241891	32264428	9c179e
4	21532010	21574661	8	50219756	50261164	5c01a6
1	302229078	302248388	1	41862939	41900558	0d0887
8	60316742	60344586	7	39751490	39807278	ad2793
1	72606591	72608040	1	324577500	324578952	0d0887
3	202721066	202725806	3	263788318	263792633	46039f
5	30438361	30448413	4	37406530	37418044	7201a8
1	227748285	227771504	1	140533979	140555913	0d0887
8	64570186	64589052	7	41415259	41435511	ad2793
11	20339119	20346335	12	21365378	21377960	d8576b
2	243048515	243144239	2	29133825	29215676	2e0595
6	95917166	95937150	5	10741412	10766473	8808a6
4	80687972	80697360	9	56339195	56378552	5c01a6
1	32921016	32988014	1	378359288	378511517	0d0887
4	86638654	86679636	9	56655912	56685147	5c01a6
1	107608999	107633048	1	278984282	279010821	0d0887
14	5761021	5773640	10	8527934	8549249	f58b47
11	20651509	20657958	12	21809905	21819885	d8576b
1	339430157	339434718	1	416990590	416994093	0d0887
3	123162573	123195126	3	157271609	157318576	46039f
2	93280545	93314738	2	208447791	208474206	2e0595
1	176709540	176748026	1	200575763	200603487	0d0887
17	9868357	9883571	10	29004102	29056997	fdca26
19	6994265	7003631	17	1885230	1897423	f0f921
2	54762332	54763892	2	252746927	252748484	2e0595
2	103303772	103329908	2	196912484	196952272	2e0595
7	41677704	41709687	6	49590130	49629783	9c179e
13	7579502	7581110	13	27815879	27817490	ed7953
7	72004564	72037875	6	74453844	74463010	9c179e
5	51596381	51626215	4	64236510	64243646	7201a8
17	8296076	8302327	10	31473238	31484696	fdca26
3	83288874	83314405	3	113343157	113364538	46039f
1	267659791	267693894	1	89446903	89529871	0d0887
1	18622917	18639867	1	397447664	397463774	0d0887
1	226640267	226677700	1	141836350	141880348	0d0887
8	17218546	17235424	7	73393168	73420161	ad2793
14	1082173	1087103	10	1410677	1416111	f58b47
8	4553653	4575723	7	89496860	89517036	ad2793
2	72682165	72697596	2	230248408	230263526	2e0595
3	25932833	25934441	3	33029881	33031489	46039f
2	232797021	232820599	2	41070673	41096808	2e0595
13	721452	729247	13	15245963	15255787	ed7953
1	124021603	124180242	1	259751450	259955705	0d0887
3	150895092	150914611	3	193411241	193438344	46039f
4	134295215	134306179	9	132677	147847	5c01a6
3	54076244	54077843	3	76100466	76102071	46039f
1	316970512	316976229	1	23674316	23680684	0d0887
1	194607517	194609062	1	180352528	180354073	0d0887
4	8990078	9120186	8	63545664	63682465	5c01a6
2	189683490	189700644	2	96266424	96281078	2e0595
3	197448638	197459666	3	258199715	258212488	46039f
2	159714299	159745125	2	134218055	134242759	2e0595
4	49086020	49114837	8	20234039	20298482	5c01a6
7	71865780	71874592	6	74369559	74379674	9c179e
1	241868124	241917533	1	122468529	122533697	0d0887
1	319333087	319345305	1	20634327	20643687	0d0887
3	179882707	179951014	3	234001624	234126137	46039f
3	55025967	55108733	3	77453610	77558103	46039f
1	321099250	321118180	1	18617817	18637000	0d0887
14	15931527	15967050	10	23878339	23908569	f58b47
3	197822092	197846713	3	258452312	258477543	46039f
7	8073025	8269598	6	9209992	9440492	9c179e
1	165819870	165852109	1	211266993	211293743	0d0887
5	90604962	90628104	4	99084074	99122065	7201a8
12	15249096	15277577	14	19663728	19686786	e3685f
2	216332758	216342296	2	62470774	62488724	2e0595
1	298617699	298619280	1	46764220	46765816	0d0887
1	273133711	273135277	1	82307636	82309202	0d0887
15	10937490	10953979	15	8439311	8454707	fb9f3a
3	139113223	139138606	3	177895672	177916261	46039f
4	86550225	86571058	9	56750620	56776210	5c01a6
2	90679868	90693781	2	211158955	211203744	2e0595
3	2461247	2502534	3	3013993	3052894	46039f
1	68737845	68838220	1	329391552	329511048	0d0887
14	3214759	3223924	10	4626012	4640713	f58b47
1	239107038	239107911	1	126291983	126292856	0d0887
2	201236857	201259151	2	81924167	81949295	2e0595
1	205486740	205491838	1	168456245	168461207	0d0887
3	142387077	142412612	3	182316212	182373578	46039f
1	61817478	61819065	1	338620427	338622014	0d0887
3	193729741	193740045	3	252039551	252048954	46039f
8	43191114	43217808	7	24787669	24815974	ad2793
3	87784301	87834256	3	119306259	119359192	46039f
1	309958272	309979149	1	31797722	31820076	0d0887
14	12711570	12740939	10	19067359	19106010	f58b47
16	8767562	8820073	11	22987625	23057876	fdb42f
8	78942785	78948350	7	917833	935299	ad2793
1	16273906	16293668	1	400053939	400075560	0d0887
1	172151289	172267097	1	204099662	204198916	0d0887
5	31971071	31984719	4	39340282	39355656	7201a8
10	6266624	6279988	16	4521477	4536126	cc4778
7	151677	157074	6	245042	267046	9c179e
5	30887377	30893854	4	37989239	37995740	7201a8
8	77139481	77156963	7	6578416	6603850	ad2793
13	871522	882775	13	15464730	15481544	ed7953
6	47754782	47803930	5	62030355	62142280	8808a6
1	166482056	166506619	1	210528535	210555835	0d0887
2	142977593	142985896	2	153792315	153800736	2e0595
1	71766528	71784061	1	325643718	325667545	0d0887
3	160081247	160107046	3	205854070	205888666	46039f
1	79291421	79292969	1	315299518	315301087	0d0887
19	3215735	3228802	17	6829255	6859427	f0f921
1	80709746	80739394	1	313563912	313596180	0d0887
7	24311074	24321048	6	28890494	28905890	9c179e
3	150771840	150773379	3	193304542	193306078	46039f
3	182008892	182012441	3	236894630	236898637	46039f
17	10088221	10089790	10	26666619	26668188	fdca26
16	974962	983365	11	30884463	30892515	fdb42f
1	169109336	169119330	1	207629295	207643886	0d0887
18	6898519	6910390	11	6488579	6503929	f8e125
19	4292680	4305208	17	4325858	4335408	f0f921
3	49724760	49741234	3	69628921	69646002	46039f
5	100567962	100584886	4	121638540	121660954	7201a8
7	38205520	38257640	6	45797103	45839670	9c179e
8	5424007	5425573	7	87967548	87969114	ad2793
3	45241696	45259648	3	63275540	63345418	46039f
3	147779777	147788886	3	189831746	189842639	46039f
8	135426	146942	7	96025938	96030251	ad2793
18	885485	897938	11	656023	663934	f8e125
5	71306689	71363948	4	84856919	84878389	7201a8
6	87672400	87693766	5	15352834	15375660	8808a6
1	277952427	277959657	1	75375610	75382871	0d0887
7	55511510	55513049	6	61438962	61440495	9c179e
2	207100920	207129103	2	74378748	74405476	2e0595
5	31383763	31390117	4	38559921	38568827	7201a8
7	47696276	47705036	6	50618115	50623192	9c179e
12	4926267	4935241	14	8013435	8027975	e3685f
17	8675425	8747875	10	32119916	32248764	fdca26
1	237549383	237561329	1	128283285	128311872	0d0887
5	2111909	2117300	4	2470008	2488356	7201a8
10	16060814	16095969	16	13267929	13292600	cc4778
2	150264374	150286483	2	145598989	145620281	2e0595
16	13051056	13057693	11	25665042	25685017	fdb42f
17	8459011	8473763	10	31738780	31769438	fdca26
1	119166064	119278583	1	266056182	266187363	0d0887
2	202167779	202186931	2	80954239	80978053	2e0595
11	8707370	8714578	12	13489116	13495473	d8576b
1	305952616	305990776	1	37003426	37040676	0d0887
6	45612934	45639681	5	64832092	64846214	8808a6
17	2325204	2340190	10	26481760	26500438	fdca26
1	71171336	71178188	1	326407498	326414219	0d0887
15	1811253	1816895	15	26109739	26118441	fb9f3a
7	23588362	23598818	6	28030810	28048403	9c179e
15	8630718	8643520	15	11467014	11482543	fb9f3a
12	3242941	3249450	14	5134128	5147075	e3685f
3	115101629	115112113	3	147528181	147542583	46039f
5	120753678	120767420	4	126447387	126460949	7201a8
7	89411240	89424430	6	85271696	85284800	9c179e
7	32014190	32033182	6	38282378	38300295	9c179e
4	91651824	91692101	9	45710451	45755445	5c01a6
5	59708578	59732606	4	73640268	73676651	7201a8
1	51486100	51496765	1	352878310	352885111	0d0887
4	38587794	38616757	8	32178031	32209014	5c01a6
7	30150215	30182450	6	35831982	35873794	9c179e
15	3632915	3648523	15	26570487	26593985	fb9f3a
3	160034295	160062267	3	205790017	205821471	46039f
6	30876763	30884462	5	84276627	84296722	8808a6
4	42158200	42160965	8	28148542	28150891	5c01a6
1	195806490	195833648	1	179124144	179166333	0d0887
15	11514822	11533016	15	7695980	7718610	fb9f3a
1	222721174	222747529	1	147077337	147143293	0d0887
1	79363320	79398696	1	315110696	315178305	0d0887
7	14641519	14663790	6	16924871	16941094	9c179e
7	20858796	20874674	6	24479647	24494530	9c179e
13	11214105	11226522	13	4387900	4405061	ed7953
8	59937722	59970903	7	40141463	40170641	ad2793
7	29303649	29318276	6	34790409	34801421	9c179e
15	6860841	6872909	15	14815356	14837474	fb9f3a
4	82162629	82174093	9	51291320	51295151	5c01a6
3	37449686	37457430	3	49922352	49930919	46039f
1	257780166	257785391	1	102372152	102375251	0d0887
1	164325463	164349710	1	213124593	213160716	0d0887
8	4586426	4623895	7	89414825	89467802	ad2793
5	24399445	24445855	4	29568560	29666472	7201a8
2	151348363	151370671	2	144329546	144351432	2e0595
11	4166653	4182874	12	30853048	30874831	d8576b
3	27388794	27400847	3	35161865	35176849	46039f
10	724444	732554	11	32729338	32741278	cc4778
16	10531484	10553685	11	13094917	13167000	fdb42f
2	151803150	151815999	2	143821015	143840533	2e0595
1	287609974	287647241	1	62144787	62197955	0d0887
2	98048985	98056031	2	202860240	202865051	2e0595
1	48783232	48792262	1	356462977	356481336	0d0887
17	7222291	7228291	10	33992137	34000679	fdca26
3	105997369	106020543	3	136543299	136567068	46039f
13	2263450	2273981	13	18654275	18677728	ed7953
5	50248537	50256710	4	62654432	62670750	7201a8
8	77091336	77108502	7	6535371	6552048	ad2793
7	89171701	89179230	6	84972131	84976396	9c179e
3	156705184	156713631	3	201295357	201305580	46039f
13	13885816	13944399	13	8035880	8099643	ed7953
16	12116020	12120316	11	27329641	27335242	fdb42f
11	22784574	22788090	12	24408725	24415871	d8576b
1	142244742	142270940	1	238184541	238234903	0d0887
6	57011482	57038377	5	49659166	49705470	8808a6
6	67627045	67628536	5	33847299	33848796	8808a6
6	47712568	47731326	5	62171408	62184769	8808a6
3	183220754	183230288	3	238350065	238355293	46039f
4	21266610	21377503	8	50444721	50562000	5c01a6
5	8071273	8097140	4	8896008	8928520	7201a8
4	2540787	2552693	8	70427138	70445680	5c01a6
3	89812469	89823801	3	121585345	121600784	46039f
17	4678011	4718031	10	37347852	37376427	fdca26
11	22654203	22657848	12	24248086	24251945	d8576b
1	328926418	329054569	1	9579236	9714356	0d0887
3	151178778	151189621	3	193795217	193808977	46039f
6	30522871	30571649	5	84606477	84641282	8808a6
8	105887	108536	7	95876325	95879359	ad2793
7	71889504	71914799	6	74395381	74407852	9c179e
16	12132631	12140072	11	27302048	27310121	fdb42f
17	3990963	3996010	10	37970101	37974312	fdca26
1	269950920	269975039	1	86394255	86421111	0d0887
1	332468806	332470315	1	5636455	5637961	0d0887
7	89083749	89099921	6	84863935	84881631	9c179e
6	48170407	48178833	5	61532410	61543872	8808a6
1	340458136	340520752	1	418135265	418156550	0d0887
16	12512962	12522549	11	26649614	26663544	fdb42f
3	20279917	20287937	3	25057144	25067088	46039f
2	205160461	205174902	2	76796718	76805484	2e0595
2	232150544	232200585	2	41834240	41905553	2e0595
3	159049902	159070752	3	204645249	204665085	46039f
15	1371003	1377120	15	23197968	23210629	fb9f3a
1	63454650	63486521	1	336116223	336133818	0d0887
3	135266218	135292734	3	172846309	172876743	46039f
7	24247941	24257883	6	28829212	28839820	9c179e
3	150400716	150405633	3	192801715	192807024	46039f
7	83915170	83929972	6	93572678	93589925	9c179e
6	42072009	42073506	5	69482336	69483830	8808a6
16	1400303	1415455	11	30572045	30584737	fdb42f
7	89573946	89594616	6	85517632	85538290	9c179e
2	164759402	164782340	2	128091960	128126976	2e0595
14	1252701	1273360	10	1642722	1659113	f58b47
6	98746494	98775786	5	11541916	11581925	8808a6
12	3760238	3769202	14	6004067	6012178	e3685f
15	16414047	16423780	15	922466	929728	fb9f3a
4	5218551	5237267	8	66838610	66862176	5c01a6
15	13133094	13145093	15	5460034	5470075	fb9f3a
4	77812405	77870271	9	53828597	53854953	5c01a6
14	9305370	9312390	10	13862228	13869715	f58b47
2	37405185	37428516	1	404664043	404680527	2e0595
7	78874520	78905948	6	83010983	83039924	9c179e
6	22256648	22276496	5	95998699	96015515	8808a6
3	138743001	138838524	3	177309200	177510597	46039f
1	68582396	68666762	1	329589919	329632949	0d0887
2	222953486	223041392	2	54041423	54155936	2e0595
5	40639766	40650784	4	50381110	50394664	7201a8
1	293396311	293426262	1	54160177	54196454	0d0887
3	100136495	100145272	3	129443131	129448496	46039f
8	31123612	31183394	7	49000997	49076381	ad2793
3	86281857	86292337	3	117378803	117387601	46039f
14	2532856	2538054	10	3540041	3548409	f58b47
3	137082394	137102691	3	175170657	175207583	46039f
2	221952529	221968214	2	55407655	55433944	2e0595
3	202548014	202557723	3	263594081	263608813	46039f
1	323919442	323944750	1	15202797	15276555	0d0887
1	293253416	293259122	1	54393942	54399138	0d0887
5	22591640	22607680	4	27349604	27367210	7201a8
1	239720261	239726305	1	125547014	125553166	0d0887
1	184298693	184324289	1	192726061	192747795	0d0887
13	18785390	18834098	13	14324973	14340643	ed7953
4	50101450	50119220	8	19207581	19225140	5c01a6
1	261808084	261838754	1	97186681	97214773	0d0887
3	35338549	35453699	3	47054428	47186227	46039f
1	160200686	160250943	1	217764473	217808284	0d0887
7	20672581	20696256	6	24214256	24254395	9c179e
3	165372891	165386262	3	213704248	213715931	46039f
3	37981339	37983327	3	50907665	50909616	46039f
5	86655407	86718129	4	94934155	94971667	7201a8
16	8141946	8173148	11	22001400	22016337	fdb42f
13	7930077	7955605	13	28338655	28381458	ed7953
2	198524957	198542509	2	85292303	85309588	2e0595
7	29412199	29413702	6	34931151	34932645	9c179e
2	152215152	152233525	2	143389416	143411157	2e0595
3	169378216	169380777	3	219666998	219670394	46039f
3	33969893	33989036	3	44837395	44869105	46039f
14	2463496	2483302	10	3421869	3452641	f58b47
1	101790939	101869848	1	286378895	286460632	0d0887
15	12147592	12154359	15	6888743	6897655	fb9f3a
2	154332734	154401100	2	140620627	140719961	2e0595
5	56026694	56040771	4	69032216	69094399	7201a8
1	116634708	116641299	1	269399529	269405590	0d0887
17	9770233	9790928	10	29257425	29299539	fdca26
1	319580289	319617211	1	20317546	20345568	0d0887
17	10714757	10724867	10	39103594	39120589	fdca26
8	26375659	26409279	7	42839360	42887908	ad2793
4	58738276	58834185	8	9315878	9407650	5c01a6
19	3197703	3204087	17	6797762	6811636	f0f921
15	11428066	11443359	15	7812399	7829521	fb9f3a
5	50258174	50269291	4	62675295	62691352	7201a8
15	16664767	16670180	15	629029	639365	fb9f3a
2	143096696	143125858	2	153642268	153675473	2e0595
17	1102644	1121279	10	25153160	25172597	fdca26
1	90060946	90069435	1	301524564	301536812	0d0887
2	132837282	132851091	2	158300155	158311902	2e0595
8	64549386	64562309	7	41395404	41407298	ad2793
8	53344889	53366608	7	10142553	10165264	ad2793
1	200747053	200748538	1	173674038	173675523	0d0887
4	13868545	13899774	8	58442026	58479247	5c01a6
8	58633111	58639351	7	41243625	41249995	ad2793
2	101870383	101887631	2	198784307	198807961	2e0595
6	70702522	70714580	5	30151130	30164392	8808a6
3	79390398	79401857	3	108287483	108299430	46039f
6	96369695	96390159	5	10069280	10092119	8808a6
5	13974214	13993676	4	15597063	15621292	7201a8
1	269976209	269998441	1	86356779	86393120	0d0887
4	89644671	89667076	9	47809237	47830833	5c01a6
8	74953910	74968567	7	12237835	12257504	ad2793
13	2113558	2119442	13	19068038	19077106	ed7953
7	91420665	91422144	6	98356249	98357731	9c179e
14	3764003	3800173	10	5394352	5445602	f58b47
1	34398002	34526957	1	376451513	376558218	0d0887
4	49998157	50002961	8	19321869	19338549	5c01a6
1	100792276	100817853	1	287722113	287756270	0d0887
13	8662509	8680142	13	404218	426358	ed7953
3	79778114	79883812	3	108728732	108856500	46039f
3	195446949	195507308	3	255946317	255992730	46039f
7	18011785	18047139	6	20955534	20993745	9c179e
2	153813558	153860003	2	141215826	141325779	2e0595
1	48821548	48843822	1	356411945	356435535	0d0887
3	46350278	46374336	3	64837946	64867539	46039f
2	92150619	92167421	2	209765936	209779923	2e0595
12	9055709	9068512	14	14594086	14612193	e3685f
15	13771713	13777324	15	4808215	4815297	fb9f3a
1	248560000	248561482	1	114042848	114044315	0d0887
16	7991379	7996006	11	21742504	21746176	fdb42f
5	17103502	17178725	4	19716456	19778811	7201a8
1	257060310	257071969	1	103256939	103274362	0d0887
2	53437341	53460752	2	254276286	254306285	2e0595
1	62318377	62334374	1	337706515	337794480	0d0887
1	246483574	246505820	1	116781789	116812246	0d0887
6	38391499	38418904	5	74240488	74276169	8808a6
6	70902649	70919282	5	29906990	29924614	8808a6
14	430052	433425	10	573729	577093	f58b47
2	155013575	155029526	2	139914762	139928577	2e0595
13	12522593	12539146	13	6115515	6134091	ed7953
3	188199115	188207271	3	245085191	245094890	46039f
2	241505881	241534330	2	31040566	31074811	2e0595
2	209758424	209768887	2	70891355	70908190	2e0595
15	7778235	7783188	15	10156315	10158806	fb9f3a
5	121153354	121236202	4	125903355	126007935	7201a8
5	24058736	24088573	4	29139199	29177091	7201a8
3	170644533	170650537	3	221528335	221537397	46039f
7	16278205	16294815	6	18950316	18974034	9c179e
1	71228506	71239249	1	326348457	326368099	0d0887
1	204805478	204806939	1	169207085	169208501	0d0887
1	126438286	126446742	1	257237967	257248437	0d0887
1	316938971	316945958	1	23704947	23707114	0d0887
2	141418412	141431114	2	155530246	155547425	2e0595
3	28840255	28846237	3	37317904	37329161	46039f
15	82106	93232	15	25404892	25415318	fb9f3a
8	39114042	39131753	7	59546068	59568648	ad2793
4	49144334	49224645	8	20117069	20204473	5c01a6
8	70047896	70069531	7	6163957	6179688	ad2793
7	39547895	39560614	6	47227282	47252108	9c179e
7	75870213	75901269	6	79094181	79115275	9c179e
2	207490900	207521822	2	73813035	73849280	2e0595
1	250661891	250670886	1	111623167	111634775	0d0887
7	51171047	51218942	6	57708458	57733501	9c179e
4	23327525	23331595	8	43693201	43707093	5c01a6
4	91890939	91898909	9	45470768	45478389	5c01a6
4	86095253	86125494	9	57152587	57199765	5c01a6
3	95528443	95553065	2	4424908	4466058	46039f
1	335962376	336056818	1	1810981	1878933	0d0887
8	75194258	75203441	7	12558245	12568724	ad2793
10	884452	892627	11	32967604	32980086	cc4778
1	123229624	123264358	1	260883320	260931525	0d0887
7	56209690	56279515	6	62059125	62123334	9c179e
2	152242801	152263541	2	143335914	143381524	2e0595
3	147052100	147058576	3	188919276	188937365	46039f
7	19872263	19897661	6	23154895	23188137	9c179e
7	91461931	91463326	6	98398297	98399755	9c179e
19	2262229	2268611	11	31630043	31652190	f0f921
2	219864289	219898652	2	58057051	58079982	2e0595
1	339949426	340019966	1	417521982	417525300	0d0887
13	931879	940999	13	15622315	15641994	ed7953
3	47290376	47311370	3	66035591	66066188	46039f
7	30343317	30362941	6	36110040	36129582	9c179e
8	68554402	68587821	7	16958184	16995779	ad2793
14	4628631	4650364	10	6838805	6881784	f58b47
6	35016646	35043471	5	78759406	78768270	8808a6
3	200395791	200398180	3	261654576	261656854	46039f
1	2050889	2073379	1	413336780	413347849	0d0887
14	16444792	16456610	10	21226016	21235965	f58b47
2	140872681	140878862	2	156126543	156138787	2e0595
1	317072497	317080805	1	23492772	23500405	0d0887
5	51837826	51870465	4	64481641	64521144	7201a8
1	4465066	4500055	1	412425716	412450100	0d0887
1	288519760	288548290	1	60876741	60918691	0d0887
8	35769226	35780746	7	55049026	55066885	ad2793
1	199086110	199108625	1	175494889	175532501	0d0887
1	158016596	158020998	1	220199911	220214723	0d0887
13	17561407	17583482	13	13021353	13047957	ed7953
11	22607990	22617887	12	24184678	24202765	d8576b
1	288323475	288341639	1	61110354	61125398	0d0887
1	166878980	166907957	1	210024454	210051441	0d0887
3	83326608	83365746	3	113383725	113428899	46039f
1	99000343	99015298	1	290003690	290018931	0d0887
1	165944189	165958040	1	211160463	211173003	0d0887
1	130681895	130701394	1	252094838	252115472	0d0887
6	12804291	12809908	5	107915645	107932572	8808a6
4	86379812	86410957	9	56899740	56940931	5c01a6
1	146488572	146542087	1	233532725	233604027	0d0887
1	222787557	222807764	1	146953932	146991521	0d0887
2	80285002	80298885	2	221726329	221742012	2e0595
1	279215099	279216542	1	73682374	73683814	0d0887
1	128857256	128880227	1	254001885	254031822	0d0887
3	158268143	158297990	3	203590649	203626241	46039f
1	34056739	34139945	1	376872965	376952953	0d0887
4	11668635	11722401	8	60699385	60754313	5c01a6
1	92027338	92049214	1	298798858	298822975	0d0887
1	314054969	314077011	1	27429963	27453643	0d0887
4	101153350	101198429	9	35198254	35220774	5c01a6
7	54664118	54722321	6	59908342	59932424	9c179e
11	14784045	14790670	12	5030818	5041422	d8576b
1	281160548	281190599	1	70967828	71006420	0d0887
5	53829786	53846782	4	66955612	66977446	7201a8
1	25727981	25749243	1	388244728	388273854	0d0887
3	92818128	92835876	3	124162473	124198126	46039f
7	92429376	92434751	6	99512804	99515488	9c179e
3	162948368	162974272	3	210014743	210050925	46039f
1	143273951	143297035	1	237325938	237344114	0d0887
2	225498217	225511122	2	50768717	50786409	2e0595
3	148922370	148926489	3	191172377	191178119	46039f
5	122087517	122101529	4	124566145	124586319	7201a8
3	24297763	24299194	3	30743453	30744884	46039f
1	277976349	277989462	1	75357607	75363829	0d0887
14	15259398	15263439	10	23105252	23110804	f58b47
3	201133014	201154780	3	262672407	262686373	46039f
4	34791836	34884657	8	36323162	36414957	5c01a6
14	10182074	10201228	10	15269513	15286550	f58b47
8	57045461	57167268	7	1257041	1265326	ad2793
1	31309005	31310433	1	380646440	380647871	0d0887
7	16860795	16904845	6	19651423	19678681	9c179e
1	116591184	116603895	1	269432951	269445941	0d0887
2	89916718	89928763	2	211994962	212011019	2e0595
5	56062128	56074332	4	69110401	69127549	7201a8
3	38883837	38908035	3	53838808	53863811	46039f
3	22379475	22389074	3	27981223	27988545	46039f
1	73985391	74003859	1	322562637	322586290	0d0887
1	158385804	158428126	1	219754399	219783662	0d0887
16	12404908	12414828	11	26829394	26851902	fdb42f
1	276761272	276789272	1	76930298	76965900	0d0887
1	329752108	329782063	1	8764631	8795467	0d0887
1	274442970	274477540	1	79904816	79947678	0d0887
1	104579710	104614076	1	283005426	283041818	0d0887
7	22727519	22746830	6	26897128	26920902	9c179e
1	336724500	336738845	1	1147432	1165300	0d0887
1	240057305	240070942	1	125136261	125156170	0d0887
12	863418	872220	14	1184549	1196756	e3685f
2	91855614	91863311	2	210128185	210140893	2e0595
15	4003058	4004905	15	22385989	22392926	fb9f3a
16	2315239	2326995	11	17219129	17222994	fdb42f
16	9681340	9684266	11	24801899	24807047	fdb42f
12	109736	126012	14	164126	192736	e3685f
2	182246818	182256696	2	105773546	105786775	2e0595
3	45533719	45544575	3	63710809	63725393	46039f
10	16040089	16046236	16	13236629	13251213	cc4778
1	296577548	296606000	1	49409220	49439011	0d0887
1	43165127	43183991	1	364138408	364163243	0d0887
7	47967513	47992692	6	50471931	50489548	9c179e
3	192022617	192071736	3	249774199	249832205	46039f
1	134436990	134535526	1	247390673	247497286	0d0887
3	193859570	193893189	3	252199158	252214636	46039f
12	8189375	8194756	14	13470700	13490128	e3685f
14	5219785	5230822	10	7727792	7741534	f58b47
1	315776560	315794427	1	25107865	25137003	0d0887
7	5976760	5994566	6	6506097	6520413	9c179e
1	228142749	228144168	1	139982125	139983541	0d0887
1	36012510	36022786	1	374381638	374403862	0d0887
16	12142675	12149408	11	27287828	27299163	fdb42f
2	221230325	221245481	2	56385046	56408835	2e0595
15	4228535	4273866	15	19127929	19191938	fb9f3a
14	4780342	4793197	10	7064382	7080024	f58b47
1	307225049	307397669	1	35194326	35365055	0d0887
5	51872243	51884955	4	64523076	64536383	7201a8
17	8387489	8391113	10	31622241	31628464	fdca26
16	11847794	11855489	11	27721633	27728989	fdb42f
14	260286	273505	10	348893	368422	f58b47
1	177075470	177086152	1	200114908	200123183	0d0887
2	208827417	208828863	2	72092698	72094138	2e0595
17	8273988	8280760	10	31443652	31460284	fdca26
1	151905143	151924083	1	227754499	227793604	0d0887
1	339399770	339414610	1	416895333	416941769	0d0887
1	296873807	296911740	1	49022116	49047799	0d0887
3	117403172	117421978	3	150479461	150495878	46039f
3	64597510	64603063	3	89921687	89928305	46039f
5	13734949	13746614	4	15333511	15348592	7201a8
4	23989702	23994712	8	44543916	44549620	5c01a6
16	12675188	12681579	1	51964	68439	fdb42f
15	10426810	10454999	15	14310378	14348916	fb9f3a
12	9217744	9230450	14	14787614	14796377	e3685f
1	316938381	316942276	1	23708147	23713390	0d0887
1	227299803	227327717	1	141119747	141148360	0d0887
19	4775132	4786570	17	3533154	3549367	f0f921
7	10674606	10692704	6	12208477	12224234	9c179e
7	81839808	81856598	6	97834144	97844990	9c179e
3	118464898	118529638	3	151803868	151871469	46039f
14	15217405	15225300	10	23042700	23051799	f58b47
1	40887882	40903821	1	368112653	368128306	0d0887
4	26399239	26420242	8	46801741	46833004	5c01a6
1	98837603	98853931	1	290194210	290212073	0d0887
7	39555303	39560602	6	47240331	47252102	9c179e
1	249669156	249696465	1	112802376	112848041	0d0887
7	8515810	8523367	6	9698600	9717251	9c179e
1	340480389	340492486	1	418062496	418092433	0d0887
1	329415245	329431728	1	9113509	9126760	0d0887
11	6995812	7020122	12	2304564	2348947	d8576b
2	154890802	154913522	2	140070304	140092026	2e0595
1	130769559	130815481	1	251982753	252056569	0d0887
5	26300172	26316273	4	32127546	32141751	7201a8
1	11982275	11996916	1	404781797	404799183	0d0887
6	72640400	72660749	5	28551943	28583761	8808a6
1	215370584	215416932	1	156267026	156304573	0d0887
11	280494	294247	12	25353773	25364342	d8576b
4	20289371	20307143	8	51762029	51782442	5c01a6
2	191530232	191552573	2	94074735	94100868	2e0595
14	5048972	5053127	10	7437950	7443536	f58b47
3	141081237	141082635	3	180486062	180487394	46039f
7	14437459	14459346	6	16636384	16653912	9c179e
7	19387077	19388481	6	22529735	22531136	9c179e
13	15801031	15810904	13	10732679	10741931	ed7953
10	9042415	9051662	16	7437710	7447436	cc4778
1	22932854	22946179	1	391945088	391964227	0d0887
8	54368250	54457203	7	10739721	10771104	ad2793
1	9800662	9893116	1	406947399	407040696	0d0887
1	63972848	63984814	1	335384744	335406538	0d0887
7	93118961	93131152	6	100306872	100317260	9c179e
7	29432837	29435517	6	34955137	34957798	9c179e
6	59730069	59763982	5	45011603	45071581	8808a6
2	201998995	202012636	2	81120948	81126553	2e0595
3	156493667	156506003	3	201150796	201166862	46039f
2	182417111	182418898	2	105599458	105601310	2e0595
2	234353709	234379702	2	39242051	39287816	2e0595
1	238331589	238384838	1	127182804	127248768	0d0887
1	177094100	177120898	1	200085380	200107017	0d0887
6	58136088	58141055	5	47356697	47361635	8808a6
3	168581571	168627188	3	218551588	218597417	46039f
2	152434464	152439475	2	143035340	143039943	2e0595
4	49662164	49676423	8	19626527	19661980	5c01a6
3	163149100	163160118	3	210329251	210340543	46039f
2	43743435	43758643	2	267660164	267685465	2e0595
5	121350800	121385071	4	125689382	125711402	7201a8
1	155562391	155592550	1	223390748	223436391	0d0887
16	12361776	12363831	11	26908328	26910343	fdb42f
1	129055588	129244680	1	253714485	253930449	0d0887
18	5106865	5115656	11	1595359	1604021	f8e125
5	45680854	45685540	4	57047872	57053029	7201a8
1	71689142	71712878	1	325742549	325782685	0d0887
2	232746978	232765992	2	41183499	41205574	2e0595
6	3503104	3510711	5	116054834	116061728	8808a6
3	148612712	148653313	3	190827145	190869491	46039f
6	83378691	83426934	5	19654231	19699606	8808a6
12	1416682	1457451	14	2014674	2086138	e3685f
3	147770883	147773951	3	189821020	189825645	46039f
1	279132924	279137009	1	73806565	73812360	0d0887
13	637120	643363	13	15021739	15025856	ed7953
2	100839834	100849117	2	199942258	199951552	2e0595
17	7533284	7540956	10	33585536	33601484	fdca26
1	254691570	254702318	1	106530876	106540680	0d0887
4	42072117	42117486	8	28192482	28256238	5c01a6
4	29466019	29496618	8	42088200	42132522	5c01a6
2	198572373	198618203	2	85200442	85263620	2e0595
12	554121	559384	14	755773	761493	e3685f
8	21788047	21800365	7	66939060	66950389	ad2793
5	38765438	38773988	4	48455677	48467708	7201a8
5	23407434	23417099	4	28465308	28478380	7201a8
16	2280445	2307751	11	17230114	17252812	fdb42f
2	209524640	209537027	2	71187288	71202645	2e0595
6	36950455	37147177	5	75736872	76078759	8808a6
15	3558357	3559743	15	26476207	26487190	fb9f3a
2	75926705	75937330	2	226272283	226288143	2e0595
5	45717110	45775592	4	57104013	57149181	7201a8
6	82508490	82512910	5	18786566	18792437	8808a6
7	56107083	56116951	6	61897623	61910026	9c179e
4	46682196	46685336	8	23008679	23011659	5c01a6
7	28336550	28360487	6	33664268	33684654	9c179e
1	205008691	205014445	1	169006186	169012425	0d0887
8	43714267	43727322	7	25563197	25603755	ad2793
3	33887357	33894796	3	44731841	44740962	46039f
1	274485762	274503268	1	79873266	79897161	0d0887
3	119357644	119367922	3	152678446	152694036	46039f
7	79460689	79467306	6	83638437	83642735	9c179e
1	149916901	149937838	1	229885186	229908841	0d0887
1	252548783	252554279	1	109304285	109317416	0d0887
7	36686302	36689043	6	43957396	43962827	9c179e
11	12565062	12568140	12	8291904	8294668	d8576b
1	115386481	115396186	1	270806555	270815363	0d0887
1	265410784	265430625	1	92325932	92355590	0d0887
14	5056433	5065454	10	7448487	7463056	f58b47
1	160126051	160141155	1	217943500	217961024	0d0887
13	8101585	8105910	13	28668279	28677252	ed7953
1	51403826	51419686	1	352962564	352986167	0d0887
3	97916337	97986300	10	24653573	24687381	46039f
2	100505034	100513127	2	200323458	200350882	2e0595
3	10667846	10705254	3	12505009	12545159	46039f
5	69078318	69101082	4	83417710	83437117	7201a8
2	217323437	217346454	2	61181796	61232460	2e0595
4	28173431	28204663	8	48520043	48564919	5c01a6
2	217011707	217031415	2	61594457	61616081	2e0595
17	10053815	10060053	10	26752253	26768290	fdca26
1	333238263	333254108	1	3456686	3467795	0d0887
1	286779910	286797195	1	63362691	63382553	0d0887
2	199791159	199792512	2	83721648	83723001	2e0595
1	257014175	257030637	1	103310291	103328419	0d0887
2	92107211	92135357	2	209792609	209812357	2e0595
17	10685720	10699961	10	39071250	39080902	fdca26
13	18762078	18767276	13	14286817	14292670	ed7953
1	63208526	63211678	1	336470953	336475597	0d0887
3	119331469	119344139	3	152638175	152654209	46039f
5	49303793	49324911	4	61409562	61441699	7201a8
1	153365541	153372226	1	225941003	225950314	0d0887
1	267479379	267484178	1	89707823	89712994	0d0887
6	41829826	41848225	5	69819524	69863653	8808a6
2	189945508	189954748	2	95976905	95986736	2e0595
1	313087002	313127139	1	28581430	28655244	0d0887
2	85934076	85939415	2	216459105	216464883	2e0595
17	7546469	7552839	10	33569026	33578377	fdca26
1	340299884	340301168	1	417863446	417864778	0d0887
1	66671459	66681791	1	331974581	331983339	0d0887
8	66727384	66734356	7	18795508	18800513	ad2793
2	155583189	155592900	2	139276402	139291483	2e0595
6	73064743	73078299	5	29103220	29134229	8808a6
3	178263835	178286449	3	231908742	231936668	46039f
8	11380664	11397936	7	80245793	80263174	ad2793
1	179406121	179410032	1	197749418	197753870	0d0887
12	13986464	14011979	14	22111768	22149420	e3685f
15	16903214	16908629	15	318513	326854	fb9f3a
2	179204059	179205418	2	110030108	110031464	2e0595
3	191919393	191952940	3	249616950	249644526	46039f
16	3912112	3933480	11	29114175	29133710	fdb42f
5	119478761	119490816	4	127891342	127906603	7201a8
1	339838642	339848053	1	417331999	417345853	0d0887
16	1103030	1125994	11	30778788	30787459	fdb42f
7	62277820	62327924	6	67967236	67990592	9c179e
1	182591147	182631811	1	194452497	194509083	0d0887
1	306056789	306058307	1	36939275	36940793	0d0887
1	279237679	279245003	1	73650236	73658102	0d0887
2	195286493	195303048	2	89137633	89160016	2e0595
11	22557070	22561374	12	24111452	24116352	d8576b
3	13892063	13893596	3	16692371	16693925	46039f
3	179562322	179564227	3	233545146	233548091	46039f
3	89774104	89775427	3	121552485	121553793	46039f
3	147256104	147349674	3	189171818	189299139	46039f
3	22823132	22839040	3	28692145	28704224	46039f
1	324697143	324719411	1	14392880	14407691	0d0887
7	33194899	33207002	6	39606747	39620058	9c179e
1	33264247	33265597	1	377934966	377936316	0d0887
15	8662272	8670464	15	11511765	11523595	fb9f3a
1	307032265	307069546	1	35616579	35682187	0d0887
8	69671732	69701655	7	16064142	16099029	ad2793
14	355113	360749	10	471429	476732	f58b47
11	14633471	14722868	12	5110152	5227438	d8576b
5	91451630	91472431	4	99929694	99967563	7201a8
1	214882090	214898479	1	157210052	157224581	0d0887
1	49734787	49767443	1	354959129	355015141	0d0887
1	301938466	301946931	1	42220231	42241649	0d0887
1	288042912	288065295	1	61489262	61544456	0d0887
12	2078750	2086640	14	3003767	3014666	e3685f
13	18711571	18713714	13	14240157	14242454	ed7953
3	47949566	47950907	3	67085356	67086697	46039f
2	154774479	154783814	2	140185459	140202460	2e0595
14	13425821	13445546	10	19462740	19497386	f58b47
1	204860981	204875402	1	169155657	169165512	0d0887
17	4899551	4930306	10	37123108	37171554	fdca26
1	242392145	242404248	1	121916677	121929330	0d0887
5	92366842	92386334	4	101484601	101511158	7201a8
1	234239549	234260779	1	132432327	132449046	0d0887
7	51650676	51657543	6	57971810	57977733	9c179e
2	157687514	157707292	2	136680793	136697788	2e0595
11	21192930	21198499	12	22508505	22515050	d8576b
12	8485544	8490159	14	13896276	13903953	e3685f
3	107640936	107663506	3	138305559	138321777	46039f
7	34782150	34812213	6	41672764	41709888	9c179e
14	2325717	2333349	10	3200482	3208345	f58b47
5	59916222	59921298	4	73866509	73876600	7201a8
3	25022713	25050816	3	31789178	31823629	46039f
3	22676168	22693750	3	28456697	28486781	46039f
3	20814150	20834324	3	25600114	25641661	46039f
3	62981577	62990205	3	87895163	87905727	46039f
7	81548859	81599609	6	97580844	97613395	9c179e
8	7771699	7773022	7	84355627	84356935	ad2793
1	279084830	279102631	1	73843056	73859462	0d0887
3	79475689	79482130	3	108368926	108373709	46039f
4	94399984	94441500	9	42945737	42982743	5c01a6
2	84796832	84807664	2	217469753	217500909	2e0595
1	321132898	321152962	1	18581115	18604503	0d0887
3	155807244	155819386	3	200161058	200181446	46039f
3	169651136	169670556	3	220076648	220108403	46039f
15	15293825	15300584	15	2583745	2657137	fb9f3a
7	61853651	61952432	6	67709581	67747378	9c179e
1	96044933	96087137	1	293642098	293680381	0d0887
1	331274424	331327920	1	7048796	7091940	0d0887
1	302106912	302123749	1	41995956	42019082	0d0887
1	250284367	250291010	1	112046694	112052457	0d0887
3	24598524	24608375	3	31129731	31145228	46039f
7	90888674	90898260	6	87280861	87287029	9c179e
4	68002454	68013256	8	4266079	4284458	5c01a6
1	334708563	334731889	1	5089605	5131935	0d0887
18	9651194	9657416	11	12268689	12288168	f8e125
6	5829286	5854411	5	114137381	114161983	8808a6
4	89700636	89715150	9	47765448	47778768	5c01a6
18	2895946	2909228	11	3524414	3530919	f8e125
3	50688940	50699907	3	70991820	71012873	46039f
16	7600530	7620113	11	21213409	21246352	fdb42f
2	199239972	199253986	2	84433683	84450676	2e0595
7	52601027	52706084	6	58474253	58534833	9c179e
7	79917786	79950209	6	96051853	96078087	9c179e
11	926241	934509	12	26103124	26123527	d8576b
8	76365399	76377728	7	2101	21663	ad2793
5	52873799	52884170	4	65761403	65794700	7201a8
7	22386944	22425577	6	26447680	26496186	9c179e
1	340231323	340253011	1	417771283	417804852	0d0887
8	59283879	59311468	7	40701468	40722653	ad2793
1	104886450	104900072	1	282637915	282651916	0d0887
11	20120297	20129186	12	21076915	21088598	d8576b
6	61173520	61188801	5	42297291	42326992	8808a6
1	329592180	329593497	1	8938422	8939715	0d0887
3	159698446	159705021	3	205538992	205549439	46039f
7	44768409	44775191	6	53630781	53641462	9c179e
4	84482886	84503738	9	53051161	53060649	5c01a6
5	5718216	5737810	4	6040070	6054859	7201a8
3	34621155	34633004	3	45923444	45953704	46039f
5	119459066	119469851	4	127921517	127931687	7201a8
10	14571234	14590861	16	11729734	11762590	cc4778
7	52007836	52025496	6	58231176	58252840	9c179e
1	81079231	81088175	1	313051984	313066779	0d0887
4	25559300	25574093	8	46101447	46121361	5c01a6
1	115932809	115950647	1	270164313	270176455	0d0887
1	189312257	189334663	1	186903624	186922484	0d0887
3	153673231	153679158	3	197042018	197049110	46039f
5	7907643	7925457	4	8702373	8719894	7201a8
1	72223582	72253414	1	325043275	325071730	0d0887
8	60415418	60423115	7	39643652	39651918	ad2793
2	53342598	53403569	2	254343418	254416697	2e0595
1	194034524	194057501	1	180997321	181030394	0d0887
6	99056773	99069765	5	12108515	12116883	8808a6
3	51147321	51156160	3	71522682	71529505	46039f
1	25225921	25227223	1	388829788	388831090	0d0887
12	9474063	9487593	14	15087974	15103249	e3685f
10	1613620	1620538	11	31352333	31361632	cc4778
16	8843129	8860957	11	23092375	23126441	fdb42f
6	3883645	3890997	5	115686639	115694455	8808a6
1	29783630	29786388	1	382680128	382682882	0d0887
1	291493811	291582011	1	56670570	56758327	0d0887
4	30525475	30538311	8	40787997	40795594	5c01a6
3	172676473	172694550	3	224256472	224286910	46039f
5	10024765	10026067	4	10908978	10910280	7201a8
5	30869545	30879903	4	37960222	37979090	7201a8
7	31425718	31431328	6	37529726	37534718	9c179e
4	60710220	60775760	8	7326705	7397048	5c01a6
5	30922694	30954058	4	38035302	38130520	7201a8
2	199598946	199607209	2	83949513	83955142	2e0595
5	64991784	65007484	4	79432041	79457039	7201a8
13	12807006	12825640	13	6469019	6493088	ed7953
2	234014009	234208683	2	39509903	39687369	2e0595
1	286810628	286819209	1	63305231	63322182	0d0887
7	81445999	81491370	6	97482878	97522276	9c179e
10	139758	149429	11	32009383	32013624	cc4778
19	3074461	3088427	17	6535169	6563204	f0f921
5	32405916	32407101	4	39859444	39860707	7201a8
5	64677228	64699089	4	79142822	79162944	7201a8
3	159663227	159686645	3	205502898	205528616	46039f
2	103871544	103901182	2	195921236	195961250	2e0595
5	120621595	120629324	4	126619845	126631262	7201a8
1	116089222	116128026	1	269973861	270009416	0d0887
15	8921977	8965697	15	11888114	11962759	fb9f3a
7	2424844	2440025	6	2696029	2709320	9c179e
15	16237900	16239169	15	1130134	1131388	fb9f3a
8	64511389	64518468	7	41352062	41358503	ad2793
2	241551515	241560027	2	31004538	31015580	2e0595
4	75324109	75354273	9	62990515	63033984	5c01a6
1	33629882	33635234	1	377578577	377584977	0d0887
1	283303008	283321709	1	67936714	67966280	0d0887
14	3195325	3205256	10	4579290	4592072	f58b47
17	1567989	1575446	10	25402428	25408378	fdca26
16	8119868	8129326	11	21950204	21959273	fdb42f
1	61019845	61028222	1	339631995	339646952	0d0887
5	14055038	14064582	4	15678474	15687305	7201a8
1	99821454	99893729	1	288801590	288913030	0d0887
4	40636274	40639900	8	29883872	29887649	5c01a6
1	340043920	340049550	1	417543364	417547613	0d0887
8	60353387	60372745	7	39728923	39742283	ad2793
5	30800905	30810066	4	37843350	37852463	7201a8
14	12652368	12664806	10	18988355	19002876	f58b47
7	92926791	92940356	6	100068273	100083423	9c179e
2	222496841	222513723	2	54686671	54703514	2e0595
14	6529227	6536075	10	9755028	9770310	f58b47
16	12469165	12472783	11	26729690	26735740	fdb42f
7	65802764	65853735	6	70960384	71009042	9c179e
4	24896917	24925388	8	45411420	45444920	5c01a6
2	93505418	93521026	2	208278912	208297700	2e0595
5	13370059	13400044	4	14949162	14972366	7201a8
3	79758955	79766291	3	108708220	108716037	46039f
3	170510964	170525970	3	221327420	221359016	46039f
1	74029708	74054316	1	322457032	322511299	0d0887
6	95169298	95243722	5	5630144	5732864	8808a6
4	31912210	31958622	8	39421022	39457648	5c01a6
8	3290201	3338318	7	91008152	91073743	ad2793
5	21083681	21157733	4	25265237	25348938	7201a8
19	2559848	2564479	17	7499630	7513817	f0f921
10	844367	850185	11	32900917	32909063	cc4778
13	16468162	16478169	13	11647818	11660657	ed7953
1	336365921	336386741	1	1506082	1520743	0d0887
1	51437650	51453643	1	352920712	352938114	0d0887
13	18356319	18358701	13	13901909	13905458	ed7953
12	9007553	9018802	14	14528908	14542680	e3685f
3	140994058	140999287	3	180341130	180348280	46039f
8	44192194	44218561	7	26268323	26308750	ad2793
5	57419697	57446781	4	70816214	70848178	7201a8
7	27166553	27167807	6	32339504	32340770	9c179e
1	36087514	36102059	1	374319719	374331334	0d0887
4	4110673	4118271	8	68645165	68658640	5c01a6
3	134623379	134647147	3	171967278	171997410	46039f
11	22804769	22813342	12	24427825	24436818	d8576b
2	64231923	64233198	2	240523000	240524275	2e0595
15	838530	840777	15	24345925	24349480	fb9f3a
17	8537390	8538614	10	31884125	31885361	fdca26
1	280988810	281066195	1	71156882	71246019	0d0887
4	51238706	51254593	8	17880007	17895393	5c01a6
4	63637609	63638848	8	4514863	4516102	5c01a6
1	195278638	195291210	1	179668386	179692701	0d0887
16	10801898	10803672	11	14376932	14378788	fdb42f
19	5921398	5927000	17	615843	618009	f0f921
15	654434	662283	15	24690976	24701767	fb9f3a
1	166685588	166708183	1	210258626	210280165	0d0887
6	38119812	38133864	5	74504656	74521303	8808a6
12	1158867	1166855	14	1603094	1613613	e3685f
10	5017380	5024915	16	3246202	3255741	cc4778
11	18913833	18925817	12	19475090	19492410	d8576b
2	47455806	47473002	2	262527720	262545585	2e0595
12	9200484	9215104	14	14767100	14785117	e3685f
2	159770554	159842150	2	134077971	134200174	2e0595
1	51455735	51467344	1	352904380	352916878	0d0887
7	28694916	28696194	6	34031411	34032692	9c179e
15	9387493	9393947	15	12489927	12497217	fb9f3a
2	215613580	215620026	2	63358657	63365346	2e0595
1	106517467	106549278	1	280640900	280686351	0d0887
17	10298452	10301733	10	28596305	28605960	fdca26
4	62510600	62522352	8	5439534	5452830	5c01a6
19	3105684	3116569	17	6625708	6635942	f0f921
7	14677630	14687138	6	16956675	16971701	9c179e
13	11159674	11170615	13	4300608	4316296	ed7953
6	47282144	47293590	5	62752412	62766976	8808a6
10	10332413	10344985	16	8942293	8951859	cc4778
13	3362049	3368876	13	19973553	19994664	ed7953
6	42405476	42417171	5	68961582	68978662	8808a6
3	71220739	71238976	3	98247830	98260724	46039f
5	44519636	44540146	4	55682397	55694353	7201a8
2	207639546	207641363	2	73667489	73673044	2e0595
8	70105921	70131894	7	6103631	6138552	ad2793
6	42882611	42896667	5	68425962	68436600	8808a6
6	24338207	24355795	5	93315033	93327527	8808a6
4	22873092	23004751	8	43231567	43389673	5c01a6
3	160251067	160256505	3	206100778	206107863	46039f
6	41821492	41822731	5	69872243	69873479	8808a6
3	110940929	110942192	3	142576775	142578041	46039f
11	17596780	17605342	12	17584629	17598841	d8576b
3	194617436	194657443	3	255385576	255408488	46039f
10	3231306	3259372	16	1300029	1329427	cc4778
5	91952454	91971115	4	100872999	100889053	7201a8
2	209546491	209560287	2	71137022	71165634	2e0595
13	645993	651656	13	15014514	15020062	ed7953
7	80021645	80036740	6	96154514	96176483	9c179e
2	191512196	191520908	2	94107982	94115298	2e0595
8	27950969	27982180	7	44870058	44928618	ad2793
7	8872015	8874436	6	10132694	10142929	9c179e
11	12552542	12555670	12	8313759	8317654	d8576b
1	185173902	185194586	1	191813433	191837112	0d0887
3	16184797	16193661	3	19662758	19674271	46039f
12	664848	668627	14	884103	887889	e3685f
13	1828917	1859387	13	18171061	18179080	ed7953
1	63404924	63415450	1	336226952	336250194	0d0887
11	21362443	21367736	12	22727225	22735678	d8576b
11	20274638	20281337	12	21274011	21284516	d8576b
3	172848198	172849889	3	224536858	224539151	46039f
1	232359832	232361086	1	134747088	134748342	0d0887
19	7306176	7316693	17	2168151	2178347	f0f921
8	78840183	78846594	7	728831	742497	ad2793
2	243612639	243629516	2	28438223	28448118	2e0595
5	122752270	122755460	4	123149938	123154982	7201a8
1	116646586	116655867	1	269388213	269396166	0d0887
4	4128805	4141761	8	68619418	68633386	5c01a6
2	159526696	159561244	2	134428276	134476766	2e0595
1	251162305	251199329	1	110875084	110913454	0d0887
3	34788980	34798456	3	46167767	46185861	46039f
1	117132222	117145892	1	268685434	268698968	0d0887
3	125114560	125132482	3	159651109	159669072	46039f
7	27236416	27253535	6	32433498	32452480	9c179e
5	27016061	27030575	4	33066416	33091071	7201a8
13	17050601	17098710	13	12365729	12430250	ed7953
15	7110245	7123064	15	14476455	14494673	fb9f3a
3	65793206	65817379	3	91535491	91563395	46039f
12	9253953	9291131	14	14815045	14832166	e3685f
1	104196069	104219802	1	283452537	283478879	0d0887
3	145768783	145781091	3	187158476	187171419	46039f
2	55263839	55292514	2	251934933	251968709	2e0595
14	2377473	2378727	10	3278424	3279672	f58b47
15	16977197	16978545	15	60999	62372	fb9f3a
2	225644397	225648425	2	50598253	50602739	2e0595
4	4659586	4660846	8	67802947	67804201	5c01a6
7	85526691	85536785	6	91397507	91406251	9c179e
17	8228748	8233813	10	31353878	31360932	fdca26
3	141627877	141636550	3	181216346	181225612	46039f
1	152579539	152627768	1	226878745	226934718	0d0887
19	5275867	5278780	17	2838011	2841916	f0f921
1	254556653	254566410	1	106692909	106709616	0d0887
2	197259444	197271027	2	86764478	86775556	2e0595
6	98696126	98708310	5	11433831	11448374	8808a6
6	18392184	18405832	5	101375573	101386710	8808a6
7	20642117	20653076	6	24182396	24195831	9c179e
1	38767805	38790192	1	370996569	371023039	0d0887
4	93141032	93175523	9	44222398	44256844	5c01a6
1	335050408	335066890	1	2903777	2910817	0d0887
15	12081624	12097815	15	6945495	6965443	fb9f3a
5	88278427	88299753	4	96240778	96257915	7201a8
1	150352278	150384868	1	229400330	229422066	0d0887
5	10438610	10469460	4	11444195	11468863	7201a8
5	32715205	32751510	4	40343453	40411793	7201a8
2	204370296	204391429	2	77894778	77916727	2e0595
3	25062277	25069164	3	31837576	31844939	46039f
1	50482327	50504036	1	353986696	354005730	0d0887
1	2606632	2635830	1	413806156	413817470	0d0887
15	16980886	16988119	15	65619	86194	fb9f3a
4	44943075	45092049	8	24922780	25095009	5c01a6
1	1909854	1940693	1	413242394	413264092	0d0887
2	149900275	149904739	2	146050116	146055400	2e0595
10	5301126	5316982	16	3800199	3817303	cc4778
11	3055001	3077368	12	29676603	29702635	d8576b
2	154574260	154595519	2	140362256	140384808	2e0595
5	110420843	110434971	4	137022329	137032317	7201a8
4	7824002	7841224	8	64920126	64935748	5c01a6
1	302251649	302274691	1	41826768	41850080	0d0887
1	289257526	289274939	1	59983568	59994038	0d0887
2	133171209	133190918	2	158679274	158696222	2e0595
6	10636752	10645618	5	110588829	110598779	8808a6
13	2305286	2306531	13	18604552	18605794	ed7953
6	36724562	36744851	5	76392535	76419653	8808a6
18	9592318	9594662	11	12086388	12089258	f8e125
2	157655419	157669865	2	136714795	136741817	2e0595
15	6760763	6776292	15	14931233	14949643	fb9f3a
5	88672206	88684822	4	96592101	96600959	7201a8
4	87588588	87592201	9	49801892	49803101	5c01a6
4	41991657	42005476	8	28332052	28349504	5c01a6
5	55301516	55323112	4	68409888	68429191	7201a8
5	91395276	91405649	4	99862518	99878333	7201a8
17	8234614	8249651	10	31362978	31378138	fdca26
3	153958094	153979193	3	197460962	197479322	46039f
2	143169237	143194226	2	153569912	153597907	2e0595
7	2539795	2556962	6	2806756	2830603	9c179e
3	55568939	55586899	3	78274782	78292970	46039f
1	99729872	99752471	1	288992115	289039605	0d0887
11	14481119	14507320	12	5383046	5415905	d8576b
1	283287055	283296985	1	67971167	67988401	0d0887
8	27908440	27916250	7	44800234	44815529	ad2793
11	1149395	1152428	12	26525077	26528136	d8576b
11	8283986	8286080	12	14133748	14135551	d8576b
6	74749577	74766045	5	26109289	26122522	8808a6
1	269824774	269836833	1	86568238	86584996	0d0887
1	226486080	226487319	1	142095060	142096308	0d0887
14	5240166	5244118	10	7759030	7765634	f58b47
3	29977109	30007468	3	39230362	39272317	46039f
13	7785189	7797590	13	28093194	28105974	ed7953
5	30246305	30250433	4	37214581	37221060	7201a8
3	10347067	10372912	3	12173023	12198311	46039f
6	44940788	44946270	5	65692899	65698618	8808a6
1	289720032	289804798	1	59215001	59323128	0d0887
2	230185698	230210865	2	44476620	44508637	2e0595
5	93956284	93991435	4	103809356	103843647	7201a8
7	28216147	28218982	2	138181996	138198417	9c179e
5	30206004	30216562	4	37153998	37168471	7201a8
8	38038564	38054209	7	58141054	58154495	ad2793
11	1853057	1863028	12	27686769	27692229	d8576b
12	8393503	8402068	14	13775357	13782673	e3685f
2	103625697	103670889	2	196406470	196512912	2e0595
1	29211370	29212522	1	383408528	383409705	0d0887
3	59078219	59138377	3	82801124	82881819	46039f
8	830064	834994	7	94389328	94392144	ad2793
1	106652072	106688546	1	280459550	280485516	0d0887
17	2225653	2231714	10	25753170	25757825	fdca26
1	328494019	328528184	1	10148659	10193196	0d0887
1	268304749	268308602	1	88645973	88652523	0d0887
3	157850582	157873982	3	203072357	203098475	46039f
4	91315492	91335893	9	46062222	46082019	5c01a6
3	67646737	67664262	3	93592979	93629703	46039f
4	81391032	81401533	9	50832623	50838850	5c01a6
3	3783724	3784951	3	4286915	4288139	46039f
2	132881813	132955703	2	158351212	158420793	2e0595
2	144170999	144172262	2	152625382	152626639	2e0595
2	138015879	138024571	2	164429211	164439642	2e0595
3	21456200	21462824	3	26596672	26604796	46039f
14	7512030	7520866	10	11202474	11216776	f58b47
3	131412743	131505074	3	167729154	167846886	46039f
1	267612655	267645963	1	89545148	89577373	0d0887
3	59682219	59703050	3	83567739	83584092	46039f
4	59421577	59437157	8	8708519	8730612	5c01a6
1	22959732	22971485	1	391898567	391917133	0d0887
3	157879892	157889329	3	203104738	203110615	46039f
2	86876523	86885410	2	215464695	215465871	2e0595
13	10198576	10208345	13	2894496	2916506	ed7953
1	258626692	258631281	1	101259741	101264902	0d0887
17	10035169	10040955	10	26804184	26815685	fdca26
7	10563162	10598296	6	12083855	12124741	9c179e
15	14100081	14120664	15	4372030	4399528	fb9f3a
1	8323843	8324986	1	408476349	408477483	0d0887
3	192083165	192098891	3	249853617	249882978	46039f
2	132856276	132872347	2	158314178	158332462	2e0595
4	30319595	30343163	8	41186002	41212874	5c01a6
5	92579428	92589311	4	101841863	101851384	7201a8
6	56264290	56276862	5	50460133	50480753	8808a6
11	11518647	11574664	12	9562607	9641874	d8576b
6	71090532	71108085	5	29751286	29753711	8808a6
7	36050627	36070542	6	43206575	43235373	9c179e
3	50661089	50680215	3	70949284	70977639	46039f
1	237996840	238041316	1	127660094	127715129	0d0887
2	204257682	204258900	2	78055666	78056884	2e0595
5	64720762	64753816	4	79186175	79228727	7201a8
1	103156396	103253365	1	284638265	284747049	0d0887
1	170421444	170439833	1	206130635	206164710	0d0887
1	125436893	125441485	1	258285660	258289970	0d0887
10	6881559	6904308	16	5244688	5271161	cc4778
1	22975793	22986434	1	391869119	391891152	0d0887
6	38203204	38223406	5	74408250	74421542	8808a6
15	10286432	10298323	15	14116619	14141369	fb9f3a
3	123363747	123368958	3	157497892	157505819	46039f
3	172527237	172551776	3	224051528	224074826	46039f
5	3899937	3905349	4	3941256	3946146	7201a8
5	38787822	38807597	1	139180811	139195566	7201a8
10	7435711	7457041	16	5815366	5841161	cc4778
14	5812431	5823534	10	8616194	8630488	f58b47
17	10704232	10708069	10	39092827	39095795	fdca26
2	66727476	66741783	2	237509511	237539882	2e0595
2	226648401	226656239	2	49224728	49232020	2e0595
1	63319538	63352542	1	336315545	336343883	0d0887
4	83092716	83151716	9	51889910	51908685	5c01a6
1	221779863	221786211	1	148367858	148378274	0d0887
5	9662719	9682365	4	10462683	10482100	7201a8
8	23620235	23633652	7	64323770	64335820	ad2793
2	220102069	220116009	2	57765282	57779141	2e0595
7	5906446	5925026	6	6429658	6442382	9c179e
8	69802819	69814737	7	15930959	15949255	ad2793
17	7856370	7862510	10	30666128	30682364	fdca26
1	125841861	125864379	1	257851269	257879213	0d0887
1	24716510	24720377	1	389474715	389478204	0d0887
1	317311379	317328295	1	23164833	23190398	0d0887
1	75299111	75366983	1	320538987	320624922	0d0887
3	191822989	191848784	3	249475220	249517430	46039f
12	13291994	13307363	14	21288060	21303442	e3685f
5	40233227	40240127	4	49939232	49945155	7201a8
8	41017459	41035100	7	21757564	21784743	ad2793
7	27924663	27931778	6	33227223	33234092	9c179e
1	51815404	51823093	1	352380710	352381873	0d0887
13	2310292	2323971	13	16853255	16888155	ed7953
3	186968090	186988603	3	243540852	243578449	46039f
2	133863967	133880865	2	159440735	159467335	2e0595
7	62013897	62071171	6	67851612	67862814	9c179e
2	53463921	53477784	2	254260034	254265396	2e0595
12	1719166	1724436	14	2431437	2437127	e3685f
3	147792756	147793962	3	189849130	189850333	46039f
7	34250667	34258550	6	40912337	40923454	9c179e
2	205434691	205454672	2	76461763	76485492	2e0595
2	220364814	220376685	2	57456534	57471618	2e0595
1	98105879	98107076	1	291195629	291196760	0d0887
19	2764352	2777310	17	7069574	7098073	f0f921
3	192657984	192696657	3	250501639	250541630	46039f
4	98105702	98110883	9	38428993	38434093	5c01a6
18	6964344	6971761	11	6573446	6581717	f8e125
7	15887952	15898967	6	18438498	18453501	9c179e
5	40605165	40606401	4	50353072	50354296	7201a8
6	24373758	24428937	5	93201751	93218562	8808a6
15	8437390	8445816	15	11174948	11184232	fb9f3a
3	25494836	25505825	3	32434645	32447594	46039f
7	22788841	22799924	6	26969409	26979419	9c179e
1	23138575	23148333	1	391624064	391641926	0d0887
3	141601879	141609345	3	181186031	181191193	46039f
1	28558267	28570635	1	384241172	384312313	0d0887
15	72934	76711	15	25421643	25426309	fb9f3a
11	6391468	6403950	12	1424999	1437656	d8576b
5	21684206	21700253	4	26185489	26224651	7201a8
4	89674840	89681798	9	47793766	47800767	5c01a6
4	9182305	9205235	8	63466698	63488899	5c01a6
1	149153918	149164749	1	230693470	230713801	0d0887
3	50430330	50440201	3	70620569	70628744	46039f
1	36594640	36616942	1	373779908	373799503	0d0887
3	196644077	196651289	3	257287892	257294542	46039f
1	180163269	180298778	1	196743612	196974777	0d0887
5	30895653	30905607	4	38001982	38013528	7201a8
12	3718154	3752530	14	5944433	5993218	e3685f
2	95526034	95531982	2	205746975	205751265	2e0595
6	99133884	99137080	5	257487	266198	8808a6
3	91154270	91186375	3	123110549	123119268	46039f
1	71252897	71263347	1	326324697	326335284	0d0887
10	6209821	6235907	16	4455845	4490125	cc4778
7	23867628	23868813	6	28375931	28377119	9c179e
1	91661668	91670901	1	299386701	299397426	0d0887
1	183538644	183539835	1	193662618	193663809	0d0887
7	74766391	74794005	6	77585878	77614601	9c179e
1	53783106	53798166	1	349795072	349813372	0d0887
12	1709853	1713533	14	2420879	2425615	e3685f
3	120468352	120474931	3	153988794	153993826	46039f
6	32752955	32762355	5	81598508	81617090	8808a6
3	160223923	160236143	3	206060514	206076724	46039f
1	239678521	239700943	1	125573332	125604305	0d0887
2	232666880	232677071	2	41270968	41280705	2e0595
1	187292300	187297588	1	189362557	189366013	0d0887
1	261571279	261587414	1	97284337	97303064	0d0887
2	242211705	242212905	2	30289536	30290748	2e0595
7	90732658	90745520	6	87083851	87097913	9c179e
1	98707768	98787775	1	290270189	290358705	0d0887
16	2712067	2717779	11	16854152	16862454	fdb42f
1	15465783	15476743	1	401116679	401128110	0d0887
15	16909575	16912469	15	313060	316676	fb9f3a
1	89907928	89920163	1	301707201	301723420	0d0887
8	41280316	41298346	7	22160237	22178430	ad2793
3	123513730	123531410	3	157669905	157685967	46039f
3	44345405	44372364	3	61986114	62016381	46039f
1	80235279	80274545	1	314052416	314147497	0d0887
1	11718483	11721735	1	405098519	405103822	0d0887
11	22367739	22371912	12	23888537	23892811	d8576b
2	160156607	160207305	2	133591440	133647427	2e0595
2	176008935	176014335	2	114036665	114041477	2e0595
1	73577823	73579080	1	323231631	323232888	0d0887
6	91204917	91230952	5	987931	1003644	8808a6
1	60969078	60994265	1	339690746	339718859	0d0887
4	93096521	93105268	9	44287201	44292624	5c01a6
3	166029432	166036132	3	214739238	214747093	46039f
6	23568731	23581035	5	94352135	94373629	8808a6
7	44339136	44358504	6	54027036	54051577	9c179e
3	168681485	168723227	3	218693894	218735145	46039f
6	22650110	22651286	5	95509444	95510617	8808a6
13	11186733	11195663	13	4340933	4353227	ed7953
5	73591831	73626800	4	85967034	85982967	7201a8
1	71276755	71286040	1	326293021	326299289	0d0887
5	100522658	100532458	4	121704085	121720718	7201a8
1	18210023	18213356	1	397893943	397900504	0d0887
6	42318128	42328987	5	69026138	69035245	8808a6
1	25470473	25484355	1	388546700	388560464	0d0887
7	6286342	6310070	6	6973411	6997000	9c179e
13	14896628	14900924	13	9490626	9493285	ed7953
15	16385513	16398937	15	948107	957834	fb9f3a
2	157477900	157486181	2	136965331	136973431	2e0595
7	70586025	70599230	6	73128305	73145366	9c179e
4	85023886	85037971	9	58275590	58295562	5c01a6
5	40305840	40329675	4	50006727	50024612	7201a8
3	59630106	59638361	3	83514814	83521845	46039f
2	101916169	101917330	2	198762440	198763601	2e0595
6	57370131	57371175	5	49074517	49075567	8808a6
5	18956322	18979727	4	22428739	22485490	7201a8
5	849936	858398	4	458251	470872	7201a8
5	92366833	92384571	4	101484592	101508597	7201a8
12	1782532	1787233	14	2518636	2523591	e3685f
3	115245821	115256669	3	147828749	147840387	46039f
3	103333442	103347764	3	133269164	133284362	46039f
12	18621840	18642996	14	27719906	27737784	e3685f
7	36182614	36193136	6	43384884	43404977	9c179e
8	20459426	20473259	7	68775561	68799707	ad2793
6	24207905	24214295	5	93470105	93478701	8808a6
17	7006855	7019271	10	34330492	34337236	fdca26
3	134675615	134692210	3	172031274	172064135	46039f
1	49920614	49936197	1	354760235	354776024	0d0887
1	315587663	315591288	1	25392698	25398809	0d0887
1	333311025	333336275	1	3502755	3522477	0d0887
19	4848851	4892058	17	3401128	3436193	f0f921
1	253849257	253864682	1	107543995	107574896	0d0887
10	116220	129839	11	31976041	31988747	cc4778
1	324671831	324687172	1	14412304	14435183	0d0887
1	115436056	115457470	1	270729567	270747410	0d0887
1	123324771	123395681	1	260729007	260819562	0d0887
1	319366495	319385742	1	20591972	20614160	0d0887
17	523940	538347	10	24482890	24497453	fdca26
5	68649448	68730353	4	82822882	82869500	7201a8
10	14090920	14103538	16	11314057	11327140	cc4778
2	190317660	190318818	2	95462805	95463957	2e0595
14	5614038	5620062	10	8315893	8323480	f58b47
8	74702985	74709251	7	1394043	1406013	ad2793
3	82202712	82223190	3	111826263	111838814	46039f
6	3390661	3404982	5	116134284	116153332	8808a6
7	20018233	20048313	6	23323033	23356436	9c179e
2	230226644	230238753	2	44449541	44464564	2e0595
6	16804307	16827846	5	103297945	103308445	8808a6
1	18469065	18471129	1	397636900	397641212	0d0887
2	105667225	105718678	2	193357924	193425718	2e0595
1	195390791	195415556	1	179533528	179552386	0d0887
15	11110900	11116938	15	8202244	8213328	fb9f3a
6	70503282	70506235	5	30384850	30387583	8808a6
8	8613730	8640792	7	83446416	83478792	ad2793
8	19380518	19401038	7	70391874	70426212	ad2793
2	68999205	69011161	2	234815819	234832143	2e0595
1	36861002	36876734	1	373496464	373511185	0d0887
2	205210992	205222181	2	76711698	76728247	2e0595
1	176931298	176966692	1	200189995	200204837	0d0887
13	8083811	8087249	13	28640442	28644969	ed7953
2	130427991	130429050	2	167761209	167762265	2e0595
1	270232202	270252432	1	86035403	86066967	0d0887
8	77115662	77128524	7	6558296	6568787	ad2793
1	324078825	324129057	1	15018264	15049002	0d0887
5	32454307	32460114	4	39915249	39920021	7201a8
3	103465226	103493784	3	133497536	133520455	46039f
8	62352775	62354072	7	37319428	37320699	ad2793
6	12509455	12526827	5	108274135	108293826	8808a6
7	14071104	14092451	6	16240715	16267262	9c179e
3	84508048	84510505	3	114976197	114978467	46039f
12	11161621	11162773	14	25239369	25240521	e3685f
4	53711662	53731136	8	15210499	15232269	5c01a6
3	179023461	179028636	3	232698963	232717467	46039f
1	2645349	2680666	1	413846137	413854724	0d0887
1	321346111	321360368	1	18313948	18329857	0d0887
1	299140585	299159013	1	45989293	46002829	0d0887
8	2583448	2603375	7	92085014	92101463	ad2793
14	1170822	1179155	10	1517742	1526887	f58b47
2	159383780	159384905	2	134695144	134696269	2e0595
1	244526275	244527421	1	119209662	119210808	0d0887
8	51753503	51758774	7	34111824	34116348	ad2793
1	27724383	27735863	1	385438322	385452505	0d0887
2	230885118	230886270	2	43570316	43571465	2e0595
8	7675390	7685364	7	84449953	84455564	ad2793
7	89297763	89299059	6	85113046	85114345	9c179e
7	44588718	44597154	6	53838651	53844031	9c179e
1	299829672	299872524	1	45056328	45114328	0d0887
1	312418298	312423239	1	29606512	29613537	0d0887
1	39106749	39107862	1	370455060	370490195	0d0887
4	84630618	84648174	9	53187018	53199925	5c01a6
6	26707334	26708339	5	89778338	89788304	8808a6
12	8571059	8582193	14	13985779	14009333	e3685f
3	38972730	38986824	3	53963235	53989602	46039f
2	202193331	202204937	2	80929929	80951642	2e0595
3	157196363	157207303	3	202109540	202122139	46039f
3	169897077	169914897	3	220476801	220504001	46039f
3	183039293	183054830	3	238114834	238139246	46039f
5	90411010	90450200	4	98816492	98860645	7201a8
3	122726061	122759200	3	156742062	156790020	46039f
13	7739746	7747712	13	28037896	28050543	ed7953
3	202891868	202893530	3	264084568	264086211	46039f
15	13254957	13263718	15	5341343	5355643	fb9f3a
2	96457650	96478669	2	204589608	204613028	2e0595
2	100681884	100685190	2	200160667	200166955	2e0595
1	277726108	277730925	1	75654920	75657814	0d0887
8	22634610	22642988	7	65635967	65644393	ad2793
3	118938001	118939138	3	152212228	152213365	46039f
8	19703112	19730197	7	69769186	69793637	ad2793
1	40821004	40878772	1	368138457	368190165	0d0887
7	74686494	74701154	6	77473677	77499878	9c179e
2	156272378	156287159	2	138485568	138500423	2e0595
15	13729178	13733561	15	4868659	4873085	fb9f3a
11	8363782	8368472	12	13996966	14040700	d8576b
8	48379630	48396352	7	30847322	30876031	ad2793
3	92566390	92748571	3	124062801	124139175	46039f
6	10778697	10779828	5	110444763	110445897	8808a6
1	300062570	300082209	1	44823775	44841626	0d0887
7	91043327	91063435	6	97947163	97966453	9c179e
13	2282873	2285768	13	18633577	18637663	ed7953
4	38284140	38289388	8	32660453	32669009	5c01a6
7	13125744	13174610	6	15096657	15143085	9c179e
7	88891501	88917188	6	84635545	84651784	9c179e
3	186991590	187001230	3	243584270	243596761	46039f
2	101207105	101213454	2	199562949	199568981	2e0595
4	83176947	83187807	9	51925366	51933490	5c01a6
1	286883799	286889263	1	63226862	63233965	0d0887
2	165114188	165122268	2	127612919	127624513	2e0595
1	237683575	237770807	1	128065152	128159252	0d0887
16	5711651	5718918	11	18525216	18531243	fdb42f
2	56548012	56549140	2	250196796	250197912	2e0595
1	225099251	225111691	1	143766143	143780002	0d0887
5	3618808	3621498	4	3638919	3639948	7201a8
7	9229352	9260935	6	10592783	10624756	9c179e
4	87490493	87491672	9	49905372	49906551	5c01a6
12	14278970	14335915	14	20538771	20616951	e3685f
1	159966107	159977232	1	218118476	218131259	0d0887
1	285246481	285289373	1	65178706	65249333	0d0887
5	53795571	53796690	4	66931645	66932770	7201a8
3	33682601	33690688	3	44491354	44502733	46039f
8	69292882	69306539	7	16550727	16560755	ad2793
3	191794921	191807483	3	249448633	249456951	46039f
1	330587511	330605480	1	7793518	7819240	0d0887
11	8525113	8526909	12	13782588	13784107	d8576b
1	15622474	15628986	1	400950236	400961884	0d0887
1	337862003	337885689	1	95110	117781	0d0887
1	28456355	28463009	1	384394077	384405982	0d0887
3	149070272	149260652	3	191286131	191532317	46039f
1	160021449	160068682	1	218034078	218075288	0d0887
7	2449357	2461054	6	2722774	2738227	9c179e
2	152493129	152501588	2	142966784	142975866	2e0595
7	64984531	65006465	6	70099489	70130335	9c179e
8	25858811	25884374	7	42144899	42179415	ad2793
16	1940688	1956314	11	30106876	30123084	fdb42f
8	67423922	67430779	7	17884421	17891422	ad2793
1	194829453	194840695	1	180121774	180130507	0d0887
3	81885676	81935218	3	111445111	111471584	46039f
1	254542856	254553655	1	106711871	106724979	0d0887
1	312063751	312070997	1	30021334	30030803	0d0887
5	9920685	9921801	4	10743846	10744962	7201a8
5	86454681	86455797	4	94728409	94729525	7201a8
6	45558737	45565146	5	64935272	64942343	8808a6
5	120773034	120789889	4	126426276	126437603	7201a8
17	9737566	9749505	10	29339971	29362664	fdca26
2	206297940	206306020	2	75279576	75291213	2e0595
6	45404819	45420330	5	65097379	65119033	8808a6
13	16247709	16254254	13	11341310	11349786	ed7953
1	152743364	152746193	1	226737967	226740586	0d0887
2	145979206	145980322	2	150228328	150229444	2e0595
8	13972108	13986645	7	77173787	77187522	ad2793
2	207600450	207615795	2	73718486	73731953	2e0595
3	191860243	191869494	3	249537469	249542814	46039f
1	62945850	62965980	1	336828574	336856766	0d0887
7	62549995	62551105	6	68099566	68100676	9c179e
8	11616102	11628646	7	80030397	80046692	ad2793
5	97257590	97268163	4	108327742	108340060	7201a8
2	100121453	100122572	2	200794488	200795592	2e0595
5	40545880	40546981	4	50307004	50308111	7201a8
5	51739722	51740835	4	64354781	64355900	7201a8
5	46731037	46745619	4	58296103	58313668	7201a8
1	191934916	191988004	1	183742605	183780930	0d0887
4	95236237	95269002	9	41653967	41686224	5c01a6
2	85286506	85323767	2	217002174	217021670	2e0595
1	242890718	242992647	1	121065782	121160760	0d0887
3	37533380	37534490	3	50074934	50076044	46039f
14	13334858	13335950	10	19663085	19664177	f58b47
2	63668762	63685941	2	241284855	241304060	2e0595
5	100540780	100556378	4	121674292	121696516	7201a8
1	309984921	309992893	1	31785918	31789670	0d0887
4	99404498	99417465	9	36979647	36999449	5c01a6
3	168056225	168061949	3	217733949	217739498	46039f
3	157335905	157342583	3	202329991	202336017	46039f
2	134827672	134889599	2	160531027	160591102	2e0595
1	153875253	153882502	1	225328520	225337615	0d0887
3	65590375	65607059	3	91300053	91314914	46039f
6	74295814	74364807	5	26429352	26494085	8808a6
6	57811051	57818632	5	48253949	48262686	8808a6
2	176538799	176539906	2	113445422	113446529	2e0595
7	28183370	28196561	6	33530374	33542370	9c179e
15	14780820	14790086	15	3343983	3361414	fb9f3a
8	11527314	11542694	7	80122999	80142850	ad2793
11	2451134	2452238	12	28382093	28383197	d8576b
15	14914426	14918020	15	3200748	3208126	fb9f3a
3	161493829	161510864	3	207848300	207895996	46039f
8	30902217	30904757	7	48659509	48661879	ad2793
7	2944764	2950970	6	3232615	3238748	9c179e
1	242730034	242739413	1	121369965	121386561	0d0887
15	4145087	4175276	15	19268147	19322869	fb9f3a
6	2774712	2792550	5	116741458	116749094	8808a6
1	46413028	46428597	1	359599450	359615453	0d0887
6	69966400	69971437	5	30954123	30960246	8808a6
7	23011792	23104885	6	27235485	27381922	9c179e
3	196180972	196227080	3	256773746	256831764	46039f
4	50443862	50452450	8	18806593	18817369	5c01a6
1	240047278	240055900	1	125162223	125167492	0d0887
11	14733759	14734875	12	5096290	5097406	d8576b
6	42601816	42603757	5	68765039	68766813	8808a6
6	10648551	10665497	5	110570891	110585478	8808a6
12	1488379	1493807	14	2139068	2145533	e3685f
6	45172766	45179457	5	65385464	65395941	8808a6
5	2812789	2827870	4	2703338	2726399	7201a8
13	3815620	3823886	13	20712472	20724852	ed7953
5	110280203	110312088	4	137116171	137132780	7201a8
3	82964901	82973316	3	112738412	112757812	46039f
18	3103488	3108974	11	4180704	4190885	f8e125
5	97554525	97555599	4	108694986	108696057	7201a8
16	12156854	12164487	11	27244127	27259409	fdb42f
8	70178495	70220260	7	5984552	6045332	ad2793
10	8266030	8268589	16	6552811	6556033	cc4778
1	154293222	154355248	1	224812028	224891670	0d0887
2	121899787	121916221	2	176540937	176553037	2e0595
6	53078855	53091907	5	54516074	54538928	8808a6
17	10376880	10381976	10	26968031	26980194	fdca26
1	256837192	256898454	1	103495250	103569546	0d0887
6	90685521	90699448	5	548624	564417	8808a6
13	18704680	18710384	13	14233587	14238564	ed7953
15	2041717	2054251	15	19663809	19704520	fb9f3a
3	119307887	119323480	3	152612521	152630318	46039f
19	3006219	3007299	17	6409426	6410455	f0f921
1	227615404	227616496	1	140730543	140731623	0d0887
15	13332415	13336053	15	5232443	5241807	fb9f3a
7	20000496	20009868	6	23301204	23310226	9c179e
1	210967143	210968226	1	162147569	162148628	0d0887
3	152921202	152951406	3	196061432	196084251	46039f
1	175698088	175699180	1	201549132	201550227	0d0887
7	8992462	9003253	6	10294137	10304470	9c179e
1	71144410	71145508	1	326464862	326465972	0d0887
5	37412182	37430820	4	46445854	46467071	7201a8
3	168250532	168262281	3	217998884	218016114	46039f
5	40929882	40944111	4	50860435	50875075	7201a8
6	48947338	48963579	5	60385610	60408386	8808a6
7	84594525	84628425	6	92626810	92676688	9c179e
3	130849038	130858480	3	167011177	167026756	46039f
2	199143447	199150556	2	84520688	84530919	2e0595
4	79253433	79308557	9	54906556	54941599	5c01a6
4	2679161	2685981	8	70338456	70342726	5c01a6
3	146019090	146026765	3	187496386	187503358	46039f
14	1227461	1232576	10	1591005	1597989	f58b47
5	96920838	96934325	4	107891261	107911577	7201a8
3	79372640	79377950	3	108271777	108276789	46039f
6	74396666	74410369	5	26360110	26376182	8808a6
1	126295354	126306505	1	257380767	257392568	0d0887
1	63156755	63157826	1	336560182	336561256	0d0887
2	153831814	153842036	2	141282868	141291943	2e0595
8	13578035	13593154	7	77670989	77679660	ad2793
16	12339288	12340380	11	26953907	26954981	fdb42f
15	8213506	8248246	15	10793058	10875259	fb9f3a
7	29446131	29447343	6	34969741	34970918	9c179e
5	82483695	82500125	4	91863236	91871299	7201a8
1	286487022	286499578	1	63656728	63670404	0d0887
6	26040451	26041534	5	91040024	91041107	8808a6
8	10512709	10524537	7	81169239	81185266	ad2793
8	6816876	6831109	7	85820792	85833906	ad2793
6	18314309	18330498	5	101450042	101480745	8808a6
2	223463537	223491923	2	53500699	53534028	2e0595
5	56258537	56268621	4	69371967	69394345	7201a8
5	79420407	79421481	4	90516534	90517596	7201a8
5	40690980	40692087	4	50452209	50453316	7201a8
3	57351371	57367422	3	80530975	80556692	46039f
3	103388042	103401220	3	133344587	133367858	46039f
16	12653790	12656037	11	26416485	26419044	fdb42f
2	188287571	188294187	2	98102079	98107740	2e0595
4	21380182	21387286	8	50423308	50442190	5c01a6
2	175210004	175234493	2	115046414	115072262	2e0595
6	27831079	27832165	5	88332473	88333566	8808a6
1	130902505	130903552	1	251879492	251880542	0d0887
15	14885801	14889280	15	3242017	3246854	fb9f3a
3	34452795	34477699	3	45646691	45686750	46039f
11	461330	471917	12	25139479	25147167	d8576b
3	168186835	168195714	3	217884980	217908081	46039f
8	62300651	62309001	7	37383557	37399822	ad2793
10	216830	226192	11	32088940	32094535	cc4778
7	34750224	34754037	6	41638424	41647026	9c179e
14	1641499	1642567	10	2169596	2170649	f58b47
16	12575131	12580087	11	26546929	26560299	fdb42f
15	16534294	16541023	15	778458	783424	fb9f3a
1	232125605	232126679	1	135023070	135024144	0d0887
1	150707857	150724984	1	229044240	229061471	0d0887
1	69933612	69947560	1	327984758	328001155	0d0887
1	114825369	114832665	1	271477554	271486413	0d0887
2	96484880	96500692	2	204573988	204585253	2e0595
5	87185037	87192813	4	95399084	95415208	7201a8
15	6373584	6379027	15	15445204	15448738	fb9f3a
1	274587568	274598593	1	79723109	79744275	0d0887
1	101581055	101612782	1	286745661	286763397	0d0887
7	37704930	37731574	6	45182921	45216839	9c179e
3	69864816	69884731	3	96482791	96511498	46039f
17	8186912	8189617	10	31283563	31287376	fdca26
1	237533323	237546527	1	128317319	128331686	0d0887
1	101445679	101469732	1	286884092	286930614	0d0887
7	33152643	33156310	6	39558307	39562431	9c179e
10	25601506	25612832	16	22567440	22578470	cc4778
14	7044276	7050003	10	10646825	10658649	f58b47
2	51777595	51867192	2	256633409	256752854	2e0595
4	86687040	86689642	9	56638397	56644374	5c01a6
15	3845666	3851902	15	22595342	22612212	fb9f3a
5	25176159	25196169	4	30618560	30650238	7201a8
1	306897527	306917314	1	35863664	35879515	0d0887
3	38423298	38442766	3	53065743	53147621	46039f
19	2792875	2801458	17	5961982	5975755	f0f921
2	92085531	92092639	2	209848070	209851159	2e0595
3	119084713	119116858	3	152358709	152400682	46039f
1	40710120	40719936	1	368352993	368367225	0d0887
3	127185274	127198117	3	162485368	162503258	46039f
12	8344775	8354483	14	13706958	13716394	e3685f
3	5735204	5736212	3	6736292	6737336	46039f
2	101232333	101248355	2	199522730	199549562	2e0595
13	2290247	2294200	13	18616373	18625019	ed7953
3	199700458	199732038	3	260958802	260990189	46039f
4	55095381	55096449	8	13624029	13625088	5c01a6
13	16874131	16878438	13	12155046	12160235	ed7953
1	315732401	315755449	1	25163382	25183903	0d0887
11	20638902	20644515	12	21791720	21806144	d8576b
3	36722694	36755363	3	48943704	49004940	46039f
13	5011155	5039502	13	22741666	22793129	ed7953
12	4174115	4177343	14	6787774	6791487	e3685f
6	81713985	81721119	5	17935380	17943362	8808a6
6	85110559	85216589	5	21600166	21672734	8808a6
17	10574896	10579730	10	38783727	38789922	fdca26
1	170512787	170537560	1	206041697	206062572	0d0887
5	31481378	31503100	4	38677029	38712082	7201a8
7	30526882	30549073	6	36355440	36373058	9c179e
15	1238662	1249751	15	23988530	24003967	fb9f3a
2	109259836	109264771	2	190217958	190224530	2e0595
15	7403952	7405008	15	9521959	9523018	fb9f3a
17	10742478	10743501	10	39141704	39142715	fdca26
10	4655782	4656829	16	2849443	2850490	cc4778
15	10470413	10485837	15	14390074	14409975	fb9f3a
3	144179471	144197948	3	184761807	184784721	46039f
5	40518394	40527191	4	50278384	50288298	7201a8
8	44137456	44153320	7	26204675	26221849	ad2793
17	10850980	10856412	10	39458144	39464283	fdca26
6	27658233	27673582	5	88510331	88526795	8808a6
12	651407	656584	14	865442	872823	e3685f
1	246966841	246967885	1	116097918	116098959	0d0887
4	55112136	55113192	8	13609491	13610547	5c01a6
16	12195638	12198321	11	27193659	27197576	fdb42f
2	203171883	203232113	2	79537477	79626787	2e0595
4	22191292	22193214	8	42427715	42431386	5c01a6
2	148554949	148577373	2	147214584	147230094	2e0595
1	292918321	292933376	1	54829960	54843342	0d0887
1	23339863	23352822	1	391363794	391383172	0d0887
7	22802270	22811673	6	26981646	26991016	9c179e
18	7929755	7933699	11	7809907	7813094	f8e125
1	165776481	165782646	1	211341470	211348673	0d0887
15	1818425	1827654	15	26120652	26130116	fb9f3a
5	26390841	26407335	4	32230753	32252582	7201a8
1	286904018	286909364	1	63202857	63208887	0d0887
6	40891531	40902924	5	71027533	71037668	8808a6
5	90116861	90148061	4	98356848	98386526	7201a8
7	13182195	13194826	6	15155874	15165972	9c179e
2	151907185	151930343	2	143731180	143751294	2e0595
1	168914063	168915107	1	207825524	207826577	0d0887
3	159354965	159364977	3	205081521	205096426	46039f
10	8219226	8238068	16	6507417	6524045	cc4778
1	247102038	247116464	1	115915191	115936248	0d0887
17	3168216	3169311	10	38592172	38593225	fdca26
19	7583064	7586003	17	2440391	2445640	f0f921
3	171580715	171676640	3	222713371	222869782	46039f
16	11355438	11358751	11	28403996	28415407	fdb42f
1	249208199	249210919	1	113267240	113270581	0d0887
12	3251726	3260188	14	5154066	5167600	e3685f
15	11545058	11552206	15	7679194	7687010	fb9f3a
6	88229504	88239466	5	14680294	14700378	8808a6
14	2436510	2453800	10	3387289	3409277	f58b47
4	25172690	25189378	8	45746694	45758237	5c01a6
1	115994796	116043148	1	270065516	270116219	0d0887
10	16118497	16119487	16	13313268	13314252	cc4778
14	16668093	16706982	10	21065502	21080180	f58b47
1	4752312	4767364	1	412660359	412677175	0d0887
3	146230987	146237163	3	187734009	187743181	46039f
1	98960514	98993027	1	290028320	290065124	0d0887
1	181485529	181508256	1	195807858	195854636	0d0887
3	37997277	37998318	3	50925629	50926667	46039f
5	22800263	22809336	4	27660320	27668733	7201a8
5	97767546	97851713	4	108957013	109083377	7201a8
4	64092570	64112905	8	326354	339542	5c01a6
1	100468055	100469090	1	288146691	288147648	0d0887
6	7906992	7921273	5	112547141	112567175	8808a6
1	72292973	72294268	1	324984566	324988276	0d0887
16	12450941	12454586	11	26758215	26766279	fdb42f
1	259656140	259686908	1	99945595	99983444	0d0887
6	85369993	85389622	5	21832045	21851546	8808a6
5	10091701	10243402	4	10981227	11180869	7201a8
3	141492894	141508735	3	181014472	181031120	46039f
3	63554607	63566648	3	88665382	88681163	46039f
1	299712479	299713295	1	45266477	45267314	0d0887
2	142247982	142262794	2	154699724	154721108	2e0595
6	38438824	38441419	5	74181937	74186246	8808a6
8	8720737	8730157	7	83365058	83370758	ad2793
6	94005393	94017885	5	3990917	4002191	8808a6
13	14918967	14928791	13	9515060	9530398	ed7953
1	115219047	115226720	1	270977298	270989155	0d0887
3	29635480	29645612	3	38692928	38709052	46039f
5	13953037	13967716	4	15572176	15587671	7201a8
3	153708633	153722086	3	197090797	197104066	46039f
10	7979158	7980214	16	6303553	6304609	cc4778
2	193499973	193502451	2	91530061	91532271	2e0595
3	91367155	91381700	3	123257225	123270557	46039f
6	26756781	26757792	5	89718881	89719886	8808a6
2	65514418	65525927	2	238909464	238922376	2e0595
17	10936614	10939518	10	39538590	39545303	fdca26
1	41739249	41740284	1	366237018	366267186	0d0887
1	43130180	43131234	1	364214449	364215466	0d0887
6	45210897	45225296	5	65328424	65345951	8808a6
5	18069851	18071657	4	20987693	20992811	7201a8
12	17351071	17360706	14	25517614	25533758	e3685f
8	44019960	44041888	7	26103598	26116992	ad2793
1	241074763	241087590	1	123734438	123751972	0d0887
10	11607353	11673005	16	10158753	10190609	cc4778
1	52919816	52929393	1	350797101	350808143	0d0887
6	80636656	80654417	5	24716820	24727816	8808a6
1	107575401	107584405	1	279032833	279042193	0d0887
6	43123975	43124989	5	68139856	68140870	8808a6
4	23149425	23165175	8	43595465	43610861	5c01a6
6	10340658	10348683	5	110723288	110735445	8808a6
5	31430278	31438997	4	38627173	38643711	7201a8
7	30950073	30951090	6	36872319	36873339	9c179e
6	94274749	94297383	5	4359732	4388911	8808a6
7	92448677	92454371	6	99524604	99533372	9c179e
14	1067489	1072517	10	1390935	1397959	f58b47
3	34606462	34616096	3	45893837	45917694	46039f
6	113899	125887	5	119653296	119673074	8808a6
6	48142383	48152762	5	61569104	61580606	8808a6
1	311773962	311778046	1	30342219	30345808	0d0887
1	334980758	335028448	1	2949393	3000647	0d0887
1	332339419	332417893	1	5774461	5781245	0d0887
14	13838678	13850408	10	22168617	22200817	f58b47
3	10201406	10226645	3	12056892	12075981	46039f
3	123377319	123386776	3	157518269	157526488	46039f
1	142142418	142150841	1	238351690	238361430	0d0887
12	11429861	11430905	14	24822385	24823429	e3685f
15	6499082	6506384	15	15262250	15272608	fb9f3a
8	40908888	40913919	7	21605734	21615357	ad2793
1	24947510	24957265	1	389151987	389165660	0d0887
6	2797527	2812506	5	116722596	116733705	8808a6
5	21777201	21780650	4	26341974	26347605	7201a8
16	12837685	12839617	11	26140068	26141779	fdb42f
1	48806835	48817831	1	356442191	356452594	0d0887
1	177219791	177220814	1	199997854	199998874	0d0887
1	215695383	215733238	1	155885717	155930211	0d0887
1	239348027	239362240	1	126000403	126009863	0d0887
13	18379496	18381111	13	13923680	13925352	ed7953
1	301798784	301812911	1	42411088	42435784	0d0887
17	4468326	4476514	10	37573965	37579701	fdca26
10	9019741	9034292	16	7405764	7420037	cc4778
6	85796610	85801274	5	17509243	17513338	8808a6
7	85093412	85121781	6	91807034	91839781	9c179e
6	40460725	40463178	5	71623893	71626409	8808a6
2	236743327	236756600	2	36374139	36383213	2e0595
10	6421558	6428193	16	4675138	4680912	cc4778
3	45424599	45447385	3	63584616	63606945	46039f
6	80963915	80976890	5	22347524	22367794	8808a6
6	18265398	18266391	5	101534717	101535728	8808a6
2	59953119	59961933	2	246068772	246079205	2e0595
1	311739196	311750665	1	30566747	30576797	0d0887
2	177691433	177707665	2	112036208	112056876	2e0595
7	82004330	82011548	6	100837705	100850722	9c179e
1	36180669	36225900	1	374234077	374277111	0d0887
3	185021943	185031865	3	240752219	240763146	46039f
2	150247392	150248997	2	145636484	145638049	2e0595
1	302021737	302045398	1	42088607	42124613	0d0887
3	179199049	179202984	3	232925108	232931235	46039f
3	131022712	131030811	3	167279838	167287342	46039f
1	63254576	63265150	1	336379393	336394916	0d0887
10	9001174	9006792	16	7347717	7396366	cc4778
3	126299235	126322880	3	161252317	161272927	46039f
8	9471639	9477303	7	82565720	82571551	ad2793
5	58816304	58822278	4	72520071	72528155	7201a8
4	53143261	53144284	8	15822071	15823109	5c01a6
6	48529315	48532129	5	60960845	60965490	8808a6
5	40625389	40632745	4	50370332	50377837	7201a8
16	6799455	6805076	11	19930384	19934666	fdb42f
1	166655328	166663398	1	210290927	210297932	0d0887
13	16996488	17010329	13	12301646	12314734	ed7953
5	97516027	97604230	4	108657241	108745432	7201a8
1	177055086	177056097	1	200145734	200146745	0d0887
2	215469359	215485677	2	63517738	63543123	2e0595
2	156003969	156013292	2	138842060	138858377	2e0595
1	198330841	198427605	1	175896550	175996872	0d0887
6	60592461	60616584	5	43150713	43199223	8808a6
8	23434267	23444860	7	64564784	64573981	ad2793
4	57600660	57601671	8	10644579	10645590	5c01a6
1	335940169	335947598	1	1884670	1891129	0d0887
15	15305426	15310955	15	2562807	2570680	fb9f3a
2	190026298	190046905	2	95826435	95852119	2e0595
7	46562417	46577740	6	51778476	51803868	9c179e
12	417825	421254	14	567434	571494	e3685f
6	26714190	26715198	5	89778903	89779914	8808a6
3	119432198	119441271	3	152772727	152784912	46039f
3	82000186	82011624	3	111545906	111557067	46039f
2	97227252	97228263	2	203804182	203805193	2e0595
19	4389416	4395881	17	4094007	4104177	f0f921
1	96023668	96030340	1	293699921	293706348	0d0887
10	8634194	8645957	16	6969631	6985466	cc4778
3	99964448	99990170	3	129190809	129210346	46039f
10	3107957	3143016	16	1166524	1190491	cc4778
3	10376394	10383208	3	12200351	12206834	46039f
3	196142225	196143230	3	256689540	256690536	46039f
3	134478656	134495571	3	171793043	171810905	46039f
15	3521919	3527178	15	26446848	26453294	fb9f3a
6	48062593	48083886	5	61649756	61681070	8808a6
7	25968736	25977768	6	30937659	30948415	9c179e
3	127432890	127441699	3	162856451	162864736	46039f
1	257105049	257111603	1	103207138	103215989	0d0887
4	70513076	70646611	9	60901217	60965150	5c01a6
6	45446264	45450552	5	65069277	65072480	8808a6
5	22630984	22631989	4	27415863	27416865	7201a8
3	35023569	35032019	3	46529144	46540953	46039f
7	80788133	80806299	6	96895631	96906667	9c179e
12	13265518	13275612	14	21259640	21272055	e3685f
11	22739175	22747703	12	24348910	24353767	d8576b
6	45476737	45484572	5	65023284	65039294	8808a6
6	71953692	71963230	5	27841183	27858167	8808a6
15	10978212	10987968	15	8375727	8388105	fb9f3a
14	1622077	1623076	10	2140192	2141191	f58b47
13	15758635	15766412	13	10668404	10677554	ed7953
2	94404702	94412044	2	207152323	207158489	2e0595
16	7665985	7670494	11	21281733	21296404	fdb42f
2	215072870	215081627	2	64007023	64012324	2e0595
1	71786686	71929521	1	325452070	325641144	0d0887
1	215580216	215588672	1	156093023	156105393	0d0887
8	38251932	38286341	7	58364958	58423441	ad2793
1	17881551	17887590	1	398275236	398279167	0d0887
7	74360800	74381073	6	77034989	77060878	9c179e
2	154625358	154642439	2	140329418	140338727	2e0595
2	152806093	152807089	2	142538786	142539782	2e0595
2	99466194	99482470	2	201450823	201467044	2e0595
3	15817555	15823516	3	19216458	19226009	46039f
1	311754508	311762199	1	30441731	30533006	0d0887
2	59228271	59244585	3	173244872	173264343	2e0595
7	39920602	39950738	6	47750092	47784895	9c179e
3	71159361	71160357	3	98153333	98154329	46039f
5	94963732	94990436	4	105180698	105216230	7201a8
1	332545097	332545961	1	5572678	5573542	0d0887
4	96535076	96544445	9	40225038	40242721	5c01a6
2	222434095	222439839	2	54799098	54819371	2e0595
2	64714528	64727374	2	239863260	239879423	2e0595
1	246362746	246375312	1	116972436	116986647	0d0887
3	147481140	147491566	3	189448266	189462275	46039f
3	179095038	179126174	3	232798298	232842985	46039f
8	19264187	19271602	7	70555543	70565492	ad2793
8	59623501	59720428	7	40357834	40431729	ad2793
11	12387946	12392991	12	8507143	8511778	d8576b
1	69953916	69963537	1	327957794	327964620	0d0887
4	64250360	64260216	8	463934	479114	5c01a6
13	2924971	2930390	13	19230139	19241305	ed7953
1	293908991	293913669	1	53494395	53501856	0d0887
1	148428908	148429898	1	231614683	231615673	0d0887
6	91359143	91373926	5	1091975	1099691	8808a6
2	84744929	84770055	2	217512898	217536400	2e0595
3	132711035	132717901	3	169162142	169169860	46039f
2	120330037	120331024	2	178539231	178540224	2e0595
8	51820274	51838115	7	34158976	34168344	ad2793
5	92499893	92532502	4	101754374	101783972	7201a8
3	160946859	160987000	3	206996665	207057985	46039f
6	52985988	52998077	5	54678521	54699914	8808a6
3	126790650	126792297	3	162036868	162038466	46039f
3	172445741	172456238	3	223973749	223988767	46039f
8	48525711	48569928	7	31023632	31060842	ad2793
1	274144535	274156679	1	80560172	80573369	0d0887
16	7227402	7242107	11	20646565	20670166	fdb42f
3	119347024	119356910	3	152657799	152674921	46039f
3	169446630	169452803	3	219795087	219820857	46039f
1	22903176	22905372	1	392001721	392004586	0d0887
1	55347149	55400678	1	347607732	347691534	0d0887
6	88269513	88289152	5	14615443	14633312	8808a6
1	104450761	104456803	1	283193336	283205639	0d0887
4	23363527	23366401	8	43717061	43719566	5c01a6
16	2514259	2523986	11	17045294	17053178	fdb42f
1	12049101	12061974	1	404684767	404701641	0d0887
4	99374311	99390487	9	37008320	37021635	5c01a6
17	4671641	4675810	10	37378688	37384249	fdca26
1	48687679	48700814	1	356659190	356673426	0d0887
12	11380850	11381783	14	24894870	24895800	e3685f
5	3498002	3498959	4	3517386	3518352	7201a8
17	8077435	8081002	10	31088025	31097525	fdca26
7	22154035	22171499	6	26045639	26076206	9c179e
4	17270867	17299256	8	54896608	54916662	5c01a6
5	18900991	18918557	4	22338716	22363680	7201a8
1	11727876	11744240	1	405077807	405092599	0d0887
3	98099868	98100693	3	127544540	127545365	46039f
1	199249441	199253659	1	175332624	175335399	0d0887
6	60252237	60261588	5	43941162	43980346	8808a6
7	58593933	58618025	6	64081177	64121527	9c179e
2	76096608	76111979	2	226112162	226122277	2e0595
6	26767234	26797119	5	89698980	89699931	8808a6
1	149672	155534	1	414944043	414954031	0d0887
3	51177085	51178060	3	71554051	71555020	46039f
1	314390842	314398302	1	26950297	26969122	0d0887
2	174997999	175006219	2	115305190	115319699	2e0595
1	150441371	150483117	1	229315960	229354893	0d0887
3	148888426	148894060	3	191127559	191132580	46039f
6	33159067	33175965	5	81063165	81092020	8808a6
2	222363462	222366450	2	54913799	54920396	2e0595
13	2243892	2246984	13	18701175	18717278	ed7953
6	46547831	46617732	5	63631795	63746710	8808a6
13	12874237	12877062	13	6561037	6565429	ed7953
3	89851761	89854122	3	121626083	121629052	46039f
15	3624575	3630448	15	26559316	26568194	fb9f3a
8	30025396	30036760	7	47537432	47550207	ad2793
2	91871230	91882399	2	210093524	210108697	2e0595
15	15798952	15806293	15	1761523	1771973	fb9f3a
2	199763133	199767804	2	83767830	83771006	2e0595
7	20911338	20935409	6	24534646	24564879	9c179e
1	225156754	225193736	1	143660273	143693959	0d0887
5	94056574	94076334	4	103934984	103948966	7201a8
7	30501244	30516615	6	36332816	36346416	9c179e
3	141419523	141468921	3	180779115	180992061	46039f
3	153507475	153528272	3	196823393	196846260	46039f
17	10166811	10181895	10	28205918	28239882	fdca26
16	2034870	2040464	11	17467148	17478564	fdb42f
7	31709098	31721617	6	37912661	37923982	9c179e
2	104966617	104996491	2	194603078	194630948	2e0595
5	97525550	97526501	4	108666412	108667363	7201a8
11	22519435	22523265	12	24075274	24078873	d8576b
6	48537921	48539978	5	60945896	60948912	8808a6
3	91703783	91751360	3	123435443	123477271	46039f
2	217206043	217299946	2	61250698	61366940	2e0595
4	26385379	26393306	8	46723907	46793903	5c01a6
1	28124513	28151774	1	384830502	384869083	0d0887
1	121908789	121913597	1	262477196	262481946	0d0887
16	11072844	11076446	11	28683005	28687561	fdb42f
19	4474789	4478947	17	3960474	3976994	f0f921
3	17334551	17407264	3	20946778	21017680	46039f
4	4675358	4680752	8	67788763	67796300	5c01a6
19	2837316	2856557	17	6056344	6089453	f0f921
2	101819937	101830245	2	198891429	198898002	2e0595
2	152024709	152031327	2	143623611	143632122	2e0595
7	3763048	3779418	6	3751936	3763229	9c179e
3	141942355	141959035	3	181624126	181630618	46039f
1	184800152	184801109	1	192256438	192257395	0d0887
1	257043414	257056255	1	103276776	103290034	0d0887
3	79962025	79969244	3	108975437	108997877	46039f
15	11609747	11618912	15	7575107	7599149	fb9f3a
1	144511717	144549675	1	235889168	235925902	0d0887
1	317795713	317812693	1	22513827	22547654	0d0887
8	49388035	49404591	7	31812076	31826786	ad2793
1	69852085	69863721	1	328083737	328090588	0d0887
4	37394578	37398648	8	33693943	33698663	5c01a6
3	69648377	69668230	3	96255899	96283785	46039f
5	108115640	108133694	4	112116695	112168398	7201a8
2	155167769	155174808	2	139730988	139742135	2e0595
14	3870911	3884291	10	5562143	5575268	f58b47
1	287745968	287758239	1	61959732	61969850	0d0887
3	65819961	65906645	3	91565440	91674060	46039f
6	48513056	48514975	5	60993588	60996510	8808a6
15	14877942	14884938	15	3247884	3251270	fb9f3a
1	340059424	340068864	1	417558666	417569456	0d0887
10	10108212	10125620	16	8682175	8695246	cc4778
3	119133293	119142106	3	152413675	152418114	46039f
10	14476890	14486215	16	11646066	11655826	cc4778
15	7946286	7955549	15	10460551	10470638	fb9f3a
1	41279587	41294517	1	367586500	367605289	0d0887
12	8111226	8125959	14	13374306	13391289	e3685f
3	182323002	182344915	3	237264972	237281545	46039f
16	4663984	4695482	11	29793316	29829629	fdb42f
1	121492982	121513649	1	262935296	262944640	0d0887
3	186156678	186157644	3	242400974	242401940	46039f
3	147836535	147850924	3	189909503	189923372	46039f
1	227733392	227744622	1	140559222	140568035	0d0887
8	28814723	28819444	7	45962830	45968841	ad2793
1	164369013	164387476	1	213081635	213109413	0d0887
7	37778918	37798059	6	45280143	45304025	9c179e
10	1405811	1410656	11	31462004	31465714	cc4778
15	13837458	13847179	15	4720758	4734570	fb9f3a
3	63020543	63034800	3	87954856	87973906	46039f
5	122563566	122580856	4	123551197	123582734	7201a8
16	11156062	11158103	11	28795503	28797245	fdb42f
3	125142861	125167978	3	159676692	159708627	46039f
1	221882984	221902693	1	148208286	148233815	0d0887
5	13198921	13209069	4	14776761	14791243	7201a8
5	2974603	2985468	4	2848099	2859434	7201a8
6	71592159	71593104	5	27452037	27452982	8808a6
5	82056582	82064033	4	91617519	91623489	7201a8
10	298389	301813	11	32180128	32184305	cc4778
6	35104468	35130549	8	64824143	64858885	8808a6
1	292731010	292744256	1	55129490	55141874	0d0887
1	14125200	14137674	1	402561481	402568322	0d0887
1	313567755	313577900	1	28023842	28041349	0d0887
3	2605286	2626636	3	3125802	3153250	46039f
5	56788980	56826916	4	70021379	70063672	7201a8
1	233800614	233818295	1	133042994	133066989	0d0887
4	84622798	84629302	9	53173670	53184998	5c01a6
1	323533029	323534405	1	15661293	15662472	0d0887
6	26490304	26491246	5	90481632	90482574	8808a6
8	13828119	13834483	7	77360222	77366656	ad2793
6	85705415	85727789	5	17582573	17605766	8808a6
1	101633646	101641005	1	286690198	286706691	0d0887
1	71679862	71684213	1	325787735	325796359	0d0887
5	107887894	107888836	4	112497663	112498601	7201a8
16	10043039	10046825	11	14309307	14316243	fdb42f
1	15592279	15604451	1	400992113	401003031	0d0887
2	104042525	104059359	2	195783608	195823002	2e0595
15	8695926	8710301	15	11573119	11585939	fb9f3a
15	4451449	4469383	15	18714751	18734411	fb9f3a
2	86800470	86833265	2	215506648	215540421	2e0595
14	2546099	2552067	10	3561219	3571261	f58b47
3	49925440	49934898	3	69908622	69923466	46039f
5	82528919	82535125	4	91897228	91904222	7201a8
12	1652769	1656295	14	2312458	2316702	e3685f
2	186547442	186579677	2	100503627	100536737	2e0595
12	4418644	4429502	14	7118148	7135195	e3685f
3	139030504	139031446	3	177774336	177775278	46039f
2	104067627	104078661	2	195762628	195775404	2e0595
1	214774649	214785046	1	157590936	157617134	0d0887
18	659655	663393	11	527613	530918	f8e125
4	70131447	70147180	9	60237934	60249313	5c01a6
2	205187647	205204276	2	76737463	76781255	2e0595
8	41180666	41206715	7	21997079	22047031	ad2793
12	15293995	15296354	14	19605631	19610818	e3685f
16	1599566	1610956	11	30396233	30404186	fdb42f
4	8620652	8640261	8	64049112	64081529	5c01a6
4	82413763	82426076	9	51432445	51466741	5c01a6
1	13630224	13639966	1	403107309	403118878	0d0887
13	1732697	1741356	13	18318885	18347186	ed7953
1	94721140	94731038	1	295483172	295501683	0d0887
3	27315336	27321928	3	35083981	35092339	46039f
1	61861450	61874189	1	338553210	338571369	0d0887
3	94801863	94802799	3	125345022	125345958	46039f
3	142635885	142642822	3	182710101	182716199	46039f
3	45126652	45141829	3	63124678	63140357	46039f
16	7539106	7548036	11	21126195	21138382	fdb42f
6	65615466	65632840	5	36301191	36326805	8808a6
3	141483280	141488786	3	180999789	181005538	46039f
16	11215413	11218082	11	28625590	28631324	fdb42f
2	155865948	155902677	2	138966431	139013760	2e0595
2	153879467	153891812	2	141181820	141195160	2e0595
2	182792656	182800050	2	105177306	105185847	2e0595
14	6719342	6740259	10	10082977	10120655	f58b47
1	156246797	156253137	1	222600344	222607282	0d0887
1	324298228	324311674	1	14818499	14834504	0d0887
4	55056982	55070409	8	13645615	13663070	5c01a6
1	27365871	27372522	1	385901655	385921265	0d0887
1	302294552	302302252	1	41771382	41775114	0d0887
5	92281210	92319137	4	101365747	101434248	7201a8
3	177031604	177032585	3	230317922	230318903	46039f
3	51088470	51098062	3	71457534	71465619	46039f
15	8829368	8833665	15	11776596	11780255	fb9f3a
6	43228006	43249193	5	67947769	67991318	8808a6
3	105487727	105504020	3	135982100	135999524	46039f
13	1658227	1664196	13	18450314	18462900	ed7953
3	24389512	24422317	3	30843692	30886117	46039f
3	20679431	20680349	3	25427599	25428517	46039f
8	22037766	22051484	7	66617199	66638536	ad2793
1	33354425	33472724	1	377744389	377791674	0d0887
1	121545686	121546607	1	262888874	262889795	0d0887
1	195297942	195308820	1	179649469	179661947	0d0887
14	3731889	3737295	10	5346550	5352758	f58b47
3	160639541	160645780	3	206602531	206617394	46039f
1	27966154	28090505	1	384920407	385132896	0d0887
3	201427806	201471143	9	54065799	54092597	46039f
8	54922949	54991038	7	10933179	10965051	ad2793
16	7806978	7812998	11	21475362	21482217	fdb42f
10	8994439	8998852	16	7378598	7383094	cc4778
3	62041679	62052045	3	86677820	86687240	46039f
1	68676045	68692101	1	329560332	329580792	0d0887
1	289180686	289190944	1	60085010	60100464	0d0887
1	63373764	63403644	1	336251471	336277865	0d0887
3	159976874	159985553	3	205687995	205706072	46039f
1	124214390	124224961	1	259693464	259709884	0d0887
3	189513228	189514140	3	246507054	246507975	46039f
14	336453	338778	10	444114	446184	f58b47
10	805704	807885	11	32829078	32833305	cc4778
2	126771460	126773979	2	171737194	171739534	2e0595
11	22770616	22772916	12	24390133	24391851	d8576b
1	276224083	276235439	1	77530871	77556067	0d0887
3	31300980	31301889	3	41037176	41038082	46039f
1	36056342	36066725	1	374342615	374354721	0d0887
7	8457513	8472566	6	9642461	9651236	9c179e
14	5390029	5392411	10	7946392	7948731	f58b47
2	182132373	182133261	2	105967352	105968231	2e0595
2	100256038	100266185	2	200630745	200640542	2e0595
12	14838725	14843475	14	19876080	19882193	e3685f
5	30969792	30995175	4	38131694	38162408	7201a8
4	74321715	74322618	9	62689675	62690575	5c01a6
1	259113679	259117601	1	100603221	100614059	0d0887
6	38534346	38539448	5	74049580	74056298	8808a6
14	12784717	12793065	10	20645098	20653210	f58b47
1	51271444	51293521	1	353109630	353128508	0d0887
7	30904032	30912490	6	36783437	36801734	9c179e
1	258637818	258644559	1	101235503	101251096	0d0887
3	168881849	168889416	3	218930824	218948593	46039f
17	8622770	8625967	10	32024458	32030455	fdca26
10	9590942	9591821	16	8089722	8090601	cc4778
8	48898159	48917381	7	31357938	31400893	ad2793
6	1489671	1523508	5	118174205	118205958	8808a6
3	154025595	154040479	3	197574736	197594706	46039f
10	16559312	16572061	16	13763522	13777572	cc4778
5	36229103	36241061	4	44864181	44885269	7201a8
1	239597428	239613525	1	125650526	125675360	0d0887
15	7243547	7258702	15	9252916	9275541	fb9f3a
6	90809904	90821646	5	660658	667470	8808a6
3	141656682	141664134	3	181252524	181267948	46039f
3	161145744	161147918	3	207310978	207313354	46039f
1	299206745	299248879	1	45846674	45900708	0d0887
12	9318350	9319265	14	14893324	14894239	e3685f
1	53464921	53467932	1	350167766	350170697	0d0887
3	98656478	98668829	3	127951555	127968593	46039f
8	48050796	48065468	7	30419683	30435641	ad2793
14	16730789	16739389	10	21044677	21061298	f58b47
19	7205815	7215199	17	2059088	2064807	f0f921
1	63987933	63994024	1	335372193	335383624	0d0887
3	51192279	51193173	3	71588985	71589891	46039f
1	253998669	254022257	1	107470137	107500850	0d0887
2	219842510	219848119	2	58092459	58097515	2e0595
16	2171687	2183856	11	17342489	17358300	fdb42f
3	156999424	157008551	3	201723856	201736404	46039f
1	233842059	233858179	1	133009260	133023285	0d0887
1	115872850	115886494	1	270222747	270250643	0d0887
1	195725915	195736238	1	179245491	179260745	0d0887
2	73961960	73976454	2	228868382	228885679	2e0595
5	69797733	69853268	4	83997840	84036945	7201a8
1	116729582	116740120	1	269294120	269301499	0d0887
3	44029873	44035617	3	61591090	61598543	46039f
2	192072143	192084492	2	93412543	93426997	2e0595
4	82214165	82226647	9	51317429	51323620	5c01a6
1	64064259	64065051	1	335209130	335209916	0d0887
1	116548997	116553394	1	269490071	269499743	0d0887
14	13453037	13483032	10	19417611	19444872	f58b47
14	6490429	6495376	10	9680261	9692701	f58b47
3	186825677	186847069	3	243335731	243369636	46039f
2	152011920	152012820	2	143639136	143640039	2e0595
5	109130339	109133803	5	120441821	120444712	7201a8
2	98247086	98253857	2	202600284	202609012	2e0595
3	147191074	147235651	3	189074848	189136950	46039f
3	1802393	1814558	3	2310749	2318655	46039f
12	17471151	17511633	14	25537225	25606610	e3685f
2	141642582	141656661	2	155269116	155286977	2e0595
17	3069160	3075355	10	38653119	38655903	fdca26
3	197530097	197538082	3	258268289	258272538	46039f
17	9529587	9532221	10	29886578	29892477	fdca26
1	269941830	269943612	1	86432501	86434765	0d0887
1	138347527	138362693	1	242844300	242854289	0d0887
7	6312509	6320160	6	6998549	7006199	9c179e
1	153890669	153908381	1	225296084	225307722	0d0887
8	24570268	24594920	7	63007868	63030215	ad2793
11	8316991	8324157	12	14111412	14116881	d8576b
1	56722420	56723320	1	345741277	345742177	0d0887
1	274508300	274514686	1	79854487	79867791	0d0887
1	169200022	169266649	1	207418276	207505450	0d0887
1	202598687	202599560	1	171294762	171295620	0d0887
7	2582891	2595838	6	2865077	2882506	9c179e
1	257144325	257160403	1	103135835	103158848	0d0887
1	102545557	102563787	1	285424269	285461124	0d0887
3	48554490	48555384	3	68002176	68003070	46039f
11	12557737	12561263	12	8300675	8307592	d8576b
8	22606094	22614125	7	65674680	65685363	ad2793
1	98491722	98497212	1	290599508	290604788	0d0887
2	167951333	167972473	2	124014943	124043786	2e0595
1	285003644	285004535	1	65574484	65575366	0d0887
16	11899647	11911538	11	27643857	27656074	fdb42f
3	37424175	37432021	3	49882863	49888376	46039f
19	5338339	5345652	17	2724638	2728723	f0f921
19	5461109	5463039	17	2637776	2639811	f0f921
12	8361177	8363588	14	13727194	13729959	e3685f
1	187074360	187083196	1	189623076	189632821	0d0887
4	55036367	55039935	8	13672314	13675603	5c01a6
6	1125099	1153463	5	118565020	118580702	8808a6
14	15080029	15094819	10	22449014	22467131	f58b47
4	38904472	38925812	8	31840231	31853496	5c01a6
1	238839123	238849542	1	126581307	126612510	0d0887
1	194990387	195006042	1	179939511	179951370	0d0887
1	34707649	34708534	1	376263558	376264443	0d0887
2	169697580	169702537	2	121967858	121976978	2e0595
17	6459442	6471181	10	35092656	35106562	fdca26
1	214918479	214935673	1	156774641	156795835	0d0887
3	94212603	94213455	3	125047207	125048062	46039f
7	29130364	29142922	6	34589367	34609134	9c179e
1	50404155	50409130	1	354132438	354140651	0d0887
1	281347005	281359181	1	70733198	70753429	0d0887
17	8196851	8201116	10	31297035	31300674	fdca26
1	193436955	193447570	1	181729255	181745156	0d0887
5	69036122	69054615	4	83251841	83292768	7201a8
1	64785259	64796625	1	334220356	334232168	0d0887
4	51164164	51169535	8	17979863	17987451	5c01a6
1	224964945	224989821	1	143871190	143889792	0d0887
2	208938691	209015672	2	71861173	71936717	2e0595
15	13928487	13940701	15	4604811	4618816	fb9f3a
8	76054681	76079630	7	13861125	13905222	ad2793
3	153399497	153416303	3	196679018	196697774	46039f
5	46764623	46772155	4	58338661	58349234	7201a8
2	207650944	207663239	2	73634936	73654960	2e0595
3	63642884	63653336	3	88787695	88796534	46039f
4	119628464	119636862	9	17629426	17636751	5c01a6
3	100068641	100072049	3	129348599	129351566	46039f
13	13758293	13766618	13	7876389	7885272	ed7953
1	71419570	71430767	1	326117175	326151988	0d0887
2	215428801	215442696	2	63565575	63591272	2e0595
1	207170940	207187765	1	166499211	166528604	0d0887
1	283509210	283551242	1	67601449	67654048	0d0887
7	27999693	28012565	6	33305616	33331373	9c179e
5	68350783	68360219	4	82568110	82577272	7201a8
3	61708029	61735276	3	86235192	86269189	46039f
5	50227586	50230754	4	62625287	62637487	7201a8
3	202903178	202906836	3	264100414	264114206	46039f
6	81185630	81224383	5	22199590	22217019	8808a6
5	37380061	37380940	4	46396251	46397130	7201a8
1	226319786	226322115	1	142288454	142291899	0d0887
6	24977235	24983952	5	92511117	92519770	8808a6
1	53801186	53808430	1	349776017	349789031	0d0887
12	9031999	9037567	14	14561682	14569571	e3685f
1	257309801	257322769	1	102963251	102975990	0d0887
12	4397666	4402933	14	7095666	7103964	e3685f
17	4122556	4127757	10	37878851	37881023	fdca26
14	10207303	10219373	10	15289136	15296680	f58b47
18	9348056	9348860	11	11645006	11645825	f8e125
5	39259869	39270425	4	49031809	49051983	7201a8
6	16886085	16907394	5	103211330	103247101	8808a6
1	131988055	132010362	1	250584740	250611227	0d0887
6	89181616	89188838	5	13610198	13615467	8808a6
1	268348600	268362906	1	88589821	88608614	0d0887
6	12889795	12899786	5	107790152	107802874	8808a6
2	97289388	97323679	2	203634008	203676619	2e0595
1	265268174	265285136	1	92542066	92558832	0d0887
12	10114266	10124525	14	15981071	15990527	e3685f
1	25288528	25293982	1	388735803	388740635	0d0887
1	49401635	49416134	1	355515155	355524214	0d0887
1	150193679	150203047	1	229597771	229608396	0d0887
1	319558202	319564842	1	20369402	20385539	0d0887
1	26170786	26178960	1	387650233	387657255	0d0887
15	11815975	11822204	15	7283323	7292785	fb9f3a
7	14137997	14149147	6	16316342	16327434	9c179e
8	55327899	55353461	7	11126084	11130178	ad2793
19	4614832	4619523	17	3751291	3755686	f0f921
2	194804017	194977216	2	89571902	89822755	2e0595
16	12251298	12253216	11	27111754	27116290	fdb42f
6	85821213	85832662	5	17485635	17499286	8808a6
1	194892286	194897795	1	180054732	180064147	0d0887
18	8524843	8546272	11	10501450	10554752	f8e125
1	254741484	254742348	1	106479412	106480276	0d0887
4	89849200	89866806	9	47648838	47657407	5c01a6
1	73176751	73186162	1	323818673	323825436	0d0887
11	18850891	18854159	12	19381522	19387626	d8576b
1	165481809	165493405	1	211781081	211798817	0d0887
1	287728898	287731961	1	62031145	62035099	0d0887
3	156906888	156911165	3	201602746	201608028	46039f
15	16678785	16687782	15	609607	623113	fb9f3a
5	99744196	99758457	4	122799946	122807848	7201a8
2	207667909	207676090	2	73616831	73631037	2e0595
1	211793548	211799708	1	161095943	161099319	0d0887
2	97826616	97827474	2	203084833	203085691	2e0595
1	92855404	92877105	1	297709327	297732369	0d0887
6	84882667	84893085	5	21382422	21410151	8808a6
1	319354887	319362939	1	20617178	20629379	0d0887
2	89832874	89865248	2	212304819	212349296	2e0595
16	8077546	8082426	11	21861226	21871068	fdb42f
14	8207536	8217960	10	12304791	12311286	f58b47
1	61673109	61687240	1	338760015	338778483	0d0887
1	88472720	88476126	1	303765727	303772551	0d0887
10	7938831	7949914	16	6260534	6281447	cc4778
2	199317794	199326674	2	84315018	84325251	2e0595
3	68068687	68083691	3	94292018	94308528	46039f
4	58287057	58315955	8	9840173	9848168	5c01a6
1	223400365	223405759	1	146132568	146139032	0d0887
1	69660684	69678740	1	328343366	328382275	0d0887
13	1668403	1675124	13	18432422	18444232	ed7953
2	185787637	185789688	2	101628765	101631574	2e0595
1	295461490	295499022	1	51036942	51085135	0d0887
1	87683757	87697409	1	304922393	304945861	0d0887
1	53171958	53190608	1	350489536	350505611	0d0887
6	59442253	59450323	5	44472585	44494001	8808a6
3	148005459	148007004	3	190043911	190047156	46039f
1	276994812	276998550	1	76580284	76585849	0d0887
3	119046249	119078625	3	152320882	152353632	46039f
7	9014680	9028964	6	10313958	10331738	9c179e
7	80722813	80741705	6	96803964	96818315	9c179e
2	100379433	100393837	2	200489157	200500034	2e0595
2	126799428	126801676	2	171712126	171714089	2e0595
4	42487466	42503701	8	27703487	27745530	5c01a6
10	5322758	5327764	16	3788202	3794046	cc4778
16	11435811	11438545	11	28279439	28284970	fdb42f
2	76957364	76973634	2	225221578	225246631	2e0595
19	5611251	5613803	17	146301	148993	f0f921
14	5035577	5039948	10	7421779	7426609	f58b47
3	103231650	103239597	3	133131647	133139805	46039f
1	31053813	31054665	1	380887013	380887859	0d0887
3	40899701	40932452	3	56793614	56836488	46039f
17	2250934	2255267	10	25782288	25784146	fdca26
11	15157781	15165510	12	4420371	4427029	d8576b
6	76203661	76233911	5	25003967	25033656	8808a6
1	6557554	6567057	1	410285678	410296545	0d0887
5	31957318	31967013	4	39323299	39336305	7201a8
3	50472232	50481034	3	70700628	70708523	46039f
8	44083195	44092397	7	26149716	26159625	ad2793
2	100320966	100328681	2	200538228	200546878	2e0595
11	8475153	8481049	12	13832627	13843106	d8576b
7	70475989	70515393	6	72979132	73044224	9c179e
1	8722367	8763204	1	408076967	408082969	0d0887
1	340579600	340589603	1	418302080	418321200	0d0887
3	150231919	150240488	3	192551539	192568599	46039f
1	49090090	49103329	1	355973026	355985503	0d0887
8	44452280	44455259	7	26660609	26664052	ad2793
5	94010238	94015502	4	103855312	103859270	7201a8
4	53231249	53248016	8	15708949	15733103	5c01a6
3	64534972	64544898	3	89857682	89870434	46039f
6	93898467	93909308	5	3878380	3893353	8808a6
2	226021126	226089532	2	50057746	50117246	2e0595
2	160856716	160880936	2	132677367	132704176	2e0595
14	16514005	16520638	10	21164969	21168689	f58b47
3	57118807	57147850	3	80283006	80319490	46039f
14	1445313	1447456	10	1876226	1877978	f58b47
4	93191241	93198507	9	44192498	44213411	5c01a6
8	75330020	75339231	7	12765174	12779365	ad2793
6	99223327	99226167	5	76097	78433	8808a6
3	35040490	35054858	3	46552148	46569760	46039f
16	12050693	12051503	11	27417259	27418066	fdb42f
15	1460130	1465592	15	25506235	25515459	fb9f3a
3	66233328	66239918	3	91886599	91894257	46039f
4	24446558	24447386	8	45014810	45015641	5c01a6
12	584630	585467	14	793528	794359	e3685f
2	159633883	159645863	2	134318940	134336797	2e0595
1	337194032	337216063	1	727713	736953	0d0887
5	59054258	59068081	4	72775166	72788295	7201a8
6	23613009	23626822	5	94260392	94283045	8808a6
6	36192078	36196198	5	76990928	76997262	8808a6
14	1242175	1244960	10	1612778	1619682	f58b47
7	47659691	47660504	6	50655626	50656439	9c179e
10	16001659	16012408	16	13173495	13192572	cc4778
6	62301339	62307337	5	40595271	40612363	8808a6
10	10428399	10430480	16	9018029	9020815	cc4778
17	10734880	10738314	10	39123519	39137867	fdca26
8	49368224	49373582	7	31780077	31802787	ad2793
3	13144627	13145497	3	15443749	15444577	46039f
5	1412073	1450046	4	963358	1009799	7201a8
7	72249386	72250202	6	74585187	74586006	9c179e
7	38550743	38583893	6	46146079	46169677	9c179e
15	15693886	15712644	15	1943874	1972329	fb9f3a
4	32331641	32332445	8	39078459	39079257	5c01a6
3	202734335	202740733	3	263880699	263885622	46039f
3	10482896	10497758	3	12303082	12319732	46039f
8	38029180	38036778	7	58127513	58132741	ad2793
14	9733441	9756565	10	14818611	14830444	f58b47
14	9620754	9621606	10	14231166	14232024	f58b47
3	16072733	16094258	3	19532012	19568686	46039f
3	199171788	199190098	3	260485669	260499314	46039f
6	70311337	70318933	5	30591994	30608762	8808a6
1	115679516	115686260	1	270473926	270478083	0d0887
8	76349326	76357359	7	14431275	14445431	ad2793
3	51125888	51133530	3	71499736	71507919	46039f
1	237365545	237396932	1	128527532	128574528	0d0887
1	317159486	317191045	1	23362118	23411861	0d0887
2	216252706	216260225	2	62570061	62583634	2e0595
6	95282177	95307831	5	5800629	5818169	8808a6
4	33981601	33986652	8	37293412	37300080	5c01a6
2	129567894	129585846	2	168621116	168642763	2e0595
13	711571	713925	13	15232395	15236784	ed7953
3	49527192	49538011	3	69326131	69351855	46039f
6	72847179	72848007	5	28915200	28916031	8808a6
6	44858433	44861567	5	65790806	65793363	8808a6
17	2125357	2140485	10	25699811	25708101	fdca26
2	163305303	163390545	2	129702970	129819267	2e0595
14	4831418	4833734	10	7148869	7152226	f58b47
2	150997574	150999717	2	144775360	144780990	2e0595
17	10369657	10373524	10	26948001	26951353	fdca26
8	78955207	78961560	7	948825	954506	ad2793
3	167342435	167371330	3	216701082	216734147	46039f
1	142118263	142124614	1	238391353	238396859	0d0887
6	1266697	1270821	5	118448266	118453500	8808a6
1	178268392	178271854	1	198923769	198926754	0d0887
2	240869385	240875968	2	31335299	31340170	2e0595
3	187292758	187301915	3	243969797	243982873	46039f
11	219179	231491	12	25304880	25312798	d8576b
2	106016739	106030166	2	193633130	193650012	2e0595
1	22908179	22909007	1	391988776	391989604	0d0887
3	122826208	122862881	3	156874003	156906733	46039f
1	178424222	178427669	1	198758855	198771678	0d0887
1	34766406	34770451	1	376176890	376180324	0d0887
6	23681373	23700502	5	94166645	94184749	8808a6
8	62417900	62472583	7	37206964	37263405	ad2793
4	21969591	21973580	8	49774460	49785991	5c01a6
3	40179286	40181999	3	55845530	55848155	46039f
4	6363320	6372653	8	65760551	65764903	5c01a6
12	301006	304935	14	427159	432586	e3685f
1	318090156	318098825	1	22078311	22088002	0d0887
2	241466255	241487402	2	31096381	31121096	2e0595
6	31572528	31576764	5	83312587	83318282	8808a6
1	104368096	104398614	1	283275247	283302193	0d0887
6	22510653	22555382	5	95654483	95714535	8808a6
6	3222482	3242582	5	116287909	116298122	8808a6
10	11136651	11144432	16	9745783	9756418	cc4778
8	67442160	67451290	7	17866033	17870744	ad2793
3	120330781	120334766	3	153804641	153809328	46039f
8	8114356	8121267	7	84034496	84037750	ad2793
1	36032237	36037826	1	374366717	374375470	0d0887
7	17486564	17492128	6	20348349	20354275	9c179e
6	61226730	61364743	5	42058807	42253344	8808a6
3	62847104	62877785	3	87732746	87771652	46039f
3	61952450	61953263	3	86550076	86550886	46039f
1	208667373	208682150	1	164675520	164701601	0d0887
2	236974860	236997731	2	36089391	36120421	2e0595
1	104618577	104628266	1	282966186	282984433	0d0887
2	200143860	200150933	2	83235298	83246651	2e0595
5	32052606	32066785	4	39439424	39446586	7201a8
15	14089309	14093707	15	4406581	4412967	fb9f3a
1	226188701	226221860	1	142429298	142475967	0d0887
4	76943826	77008791	9	53543913	53557358	5c01a6
1	251522801	251568642	1	110438430	110492521	0d0887
7	17494320	17512618	6	20357250	20364742	9c179e
1	313470792	313482485	1	28187360	28196337	0d0887
8	22657135	22679235	7	65585851	65609463	ad2793
3	67298402	67306292	3	93117374	93127501	46039f
5	40947318	40952515	4	50879507	50883802	7201a8
17	9475873	9481164	10	30000025	30002492	fdca26
15	6148725	6154184	15	15812448	15817878	fb9f3a
3	15994668	16001382	3	19431085	19435186	46039f
2	195304687	195315620	2	89119891	89135982	2e0595
3	47595947	47598342	3	66505167	66507597	46039f
6	62277019	62295533	5	40616622	40658528	8808a6
1	277972325	277974700	1	75365016	75367581	0d0887
2	191498295	191507330	2	94119203	94133959	2e0595
3	28762959	28770011	3	37221985	37231030	46039f
13	10271083	10271890	13	3016742	3017552	ed7953
4	5930537	5963779	8	66576508	66612149	5c01a6
13	7419475	7426028	13	27582859	27588575	ed7953
8	22254053	22313554	7	66189878	66270600	ad2793
5	31367810	31375888	4	38536861	38547494	7201a8
1	11781105	11799406	1	405006805	405038548	0d0887
8	76701902	76710293	7	435139	447350	ad2793
6	71016541	71034314	5	29831980	29845867	8808a6
1	249458028	249487122	1	112957868	112974331	0d0887
1	81063247	81067862	1	313077260	313079982	0d0887
4	98708621	98710938	9	37758724	37759504	5c01a6
6	68040762	68163630	5	33148198	33303746	8808a6
17	2149170	2166597	10	25715487	25731197	fdca26
2	184933753	184935532	2	102643025	102645019	2e0595
2	190589678	190624297	2	95143028	95173731	2e0595
2	160127119	160132411	2	133677027	133683991	2e0595
3	37908290	37915933	3	50719638	50729557	46039f
8	11144088	11160918	7	80499757	80513584	ad2793
17	10015948	10017796	10	26872032	26876609	fdca26
1	27115016	27122130	1	386272207	386279946	0d0887
7	50864174	50903716	6	57592747	57607158	9c179e
1	80525011	80542438	1	313758117	313778718	0d0887
15	3493631	3499096	15	26385365	26391795	fb9f3a
17	9847119	9849507	10	29104411	29108818	fdca26
8	49302252	49328278	7	31693305	31717198	ad2793
7	26101433	26103857	6	31119946	31121994	9c179e
12	17319478	17339336	14	25466136	25506493	e3685f
4	69913924	69954851	9	60103329	60116540	5c01a6
17	11032907	11033699	10	39678459	39679188	fdca26
14	7060443	7065364	10	10666920	10675930	f58b47
2	226101434	226102199	2	50048852	50049623	2e0595
4	9780398	9782105	8	62835868	62837280	5c01a6
2	84049990	84050728	2	218270539	218271274	2e0595
2	129532754	129538076	2	168658285	168667688	2e0595
5	5487818	5492862	4	5773302	5781499	7201a8
3	32830483	32848615	3	43316633	43337620	46039f
1	255366356	255393761	1	105677144	105722628	0d0887
4	82101492	82110494	9	51238412	51244843	5c01a6
5	99301871	99307606	4	110883159	110890491	7201a8
3	28420127	28431937	3	36797434	36809386	46039f
1	74651681	74686215	1	321487180	321519387	0d0887
1	25794889	25809798	1	388179354	388203952	0d0887
16	11042279	11043038	11	28642179	28642947	fdb42f
10	6283376	6296776	16	4538508	4550733	cc4778
1	51596797	51605799	1	352678814	352694384	0d0887
8	44525644	44526313	7	26700507	26701176	ad2793
3	159044633	159045422	3	204620064	204620796	46039f
6	4179096	4198833	5	115335265	115343411	8808a6
2	51317079	51328272	2	257398689	257411706	2e0595
2	128176973	128183577	2	170082534	170089470	2e0595
8	11096794	11104635	7	80549421	80555905	ad2793
13	2705636	2710424	13	17504797	17515940	ed7953
5	20647869	20648658	4	24645426	24646215	7201a8
13	1479235	1490881	13	16635010	16658547	ed7953
3	200799305	200819571	3	261998067	262010077	46039f
8	38837171	38864901	7	59235136	59263253	ad2793
10	7618070	7660576	16	6001018	6038816	cc4778
4	78031489	78037150	9	53909886	53918449	5c01a6
1	239572300	239583146	1	125723885	125739983	0d0887
1	152880150	152901618	1	226556582	226575722	0d0887
1	292770892	292785058	1	55064035	55148331	0d0887
6	71967399	71983249	5	27862182	27885961	8808a6
3	120613146	120624580	3	154140946	154161511	46039f
16	7151948	7156727	11	20536142	20542861	fdb42f
1	126232140	126237010	1	257462439	257470221	0d0887
3	63537420	63545510	3	88645934	88656242	46039f
17	8207204	8210759	10	31311124	31315800	fdca26
2	127968619	127974571	2	170290147	170299712	2e0595
3	27289407	27310453	3	35063082	35078610	46039f
10	9013538	9016333	16	7400335	7403208	cc4778
5	86165063	86167974	4	94465716	94468933	7201a8
5	36370568	36376605	4	45058371	45066620	7201a8
6	98662098	98666984	5	6033906	6046505	8808a6
7	64066882	64121463	6	69269709	69327666	9c179e
3	173517467	173524569	3	225373254	225381296	46039f
2	199947706	199959287	2	83487346	83504820	2e0595
8	19664213	19682718	7	69815999	69832955	ad2793
15	13736575	13744051	15	4855205	4863792	fb9f3a
14	15795426	15799596	10	23732074	23745896	f58b47
17	9955066	9958290	10	28799602	28810869	fdca26
3	50648363	50656778	3	70923707	70940493	46039f
2	247707900	247720483	2	23902312	23912700	2e0595
18	9668407	9674040	11	12319855	12327958	f8e125
1	191921613	191929563	1	183790379	183809418	0d0887
19	2994619	3004044	17	6384494	6405170	f0f921
5	56422293	56427023	4	69567749	69572440	7201a8
1	195844793	195856504	1	179090660	179114350	0d0887
5	26719362	26736431	4	32692828	32715199	7201a8
4	91750572	91751352	9	45626641	45627421	5c01a6
1	199863926	199867354	1	174624946	174629904	0d0887
1	68487294	68496616	1	329738139	329751430	0d0887
3	28658183	28675400	3	37111959	37132993	46039f
17	10505894	10510309	10	38688094	38693756	fdca26
1	16134541	16150103	1	400239659	400249492	0d0887
19	7196561	7200345	17	2048708	2053533	f0f921
5	120603322	120607312	4	126653851	126665974	7201a8
16	11350294	11353897	11	28418053	28421764	fdb42f
2	203325022	203331644	2	79393248	79402033	2e0595
3	32382143	32399501	3	42613137	42636789	46039f
1	323520687	323523204	1	15670301	15676410	0d0887
4	47009866	47010640	8	22675458	22676232	5c01a6
8	38599633	38603721	7	58896686	58903911	ad2793
8	78419544	78426717	7	8955722	8973131	ad2793
1	27662686	27666939	1	385528830	385536251	0d0887
10	4637058	4637811	16	2828807	2829569	cc4778
13	10296015	10301671	13	3047379	3057132	ed7953
2	34372735	34379845	1	279351610	279352226	2e0595
5	120842534	120843314	4	126354106	126354934	7201a8
12	1737246	1743880	14	2453566	2463923	e3685f
7	33508222	33508735	6	39935341	39935827	9c179e
8	62976284	62987406	7	36544548	36573355	ad2793
3	35936966	35943526	3	47877859	47883684	46039f
1	96290330	96296583	1	293335964	293343983	0d0887
4	131327812	131337848	9	3175350	3181338	5c01a6
3	147656426	147661498	3	189643240	189654777	46039f
5	96993879	96999990	4	107998706	108016675	7201a8
3	88131677	88144999	3	119758315	119766443	46039f
2	92024807	92031833	2	209926168	209936435	2e0595
2	97611829	97612606	2	203310983	203311754	2e0595
6	38481516	38485403	5	74122892	74128447	8808a6
19	2864200	2868137	17	6098731	6103070	f0f921
15	4758677	4765434	15	18177272	18183736	fb9f3a
1	291903114	291917870	1	56234950	56262933	0d0887
4	83226179	83233981	9	51951229	51957640	5c01a6
1	276900305	276901073	1	76756894	76757659	0d0887
3	163289993	163296818	3	210518267	210523870	46039f
8	23446127	23452768	7	64557018	64563329	ad2793
2	181240681	181249336	2	107136754	107146632	2e0595
1	18691347	18700150	1	397369292	397376159	0d0887
13	11081951	11089776	13	4210793	4220002	ed7953
1	246918795	246942915	1	116135765	116169426	0d0887
5	30400036	30407851	4	37347604	37364771	7201a8
3	172890251	172896884	3	224610416	224619387	46039f
5	74781124	74822154	4	86722724	86731544	7201a8
3	150548369	150552248	3	193014869	193020054	46039f
7	19486662	19520378	6	22627396	22661037	9c179e
1	324259902	324269439	1	14867290	14890114	0d0887
4	29177610	29185843	8	42408413	42418078	5c01a6
3	42043216	42059794	3	58516142	58527034	46039f
3	147023874	147039666	3	188879400	188895097	46039f
7	24466378	24472728	6	29061953	29071464	9c179e
14	5233574	5238663	10	7747636	7757705	f58b47
2	73754069	73755520	2	229096873	229098292	2e0595
1	104104595	104124960	1	283563993	283587429	0d0887
5	41018979	41024704	4	50990923	50998175	7201a8
1	18305097	18310616	1	397808441	397813805	0d0887
1	179472307	179557235	1	197585296	197636924	0d0887
16	11642444	11644982	11	28019065	28023661	fdb42f
5	119964889	119977752	4	127399575	127415256	7201a8
1	269236436	269238997	1	87303344	87308234	0d0887
1	292690304	292712093	1	55171974	55189670	0d0887
1	33172154	33186649	1	378070024	378089130	0d0887
11	5248668	5267255	12	629933	650853	d8576b
3	178919263	178948745	3	232581540	232620520	46039f
2	90311999	90326213	2	211538030	211541500	2e0595
6	40515661	40524632	5	71554713	71569748	8808a6
3	191812422	191821978	3	249462159	249474206	46039f
1	336576769	336588187	1	1319735	1344912	0d0887
10	6918159	6935391	16	5289478	5302429	cc4778
2	191808132	191821247	2	93760495	93792109	2e0595
11	320756	323927	12	24895260	24899759	d8576b
2	76065372	76069847	2	226136834	226144888	2e0595
3	25364648	25365395	3	32280938	32281685	46039f
2	177513342	177532222	2	112251778	112283204	2e0595
1	89992833	90005669	1	301600370	301615436	0d0887
3	30225208	30228152	3	39575494	39579629	46039f
18	7048308	7051747	11	6665497	6669535	f8e125
1	102033226	102045079	1	286176872	286190690	0d0887
16	1384889	1392249	11	30589519	30601195	fdb42f
7	21861268	21866449	6	25687795	25693920	9c179e
1	67819677	67827706	1	330510347	330517422	0d0887
12	1730096	1740888	14	2442682	2446410	e3685f
3	92470809	92492839	3	123812219	123822951	46039f
3	61934861	61946767	3	86454820	86467290	46039f
17	4423788	4428916	10	37626517	37627894	fdca26
2	100664161	100669765	2	200171986	200181298	2e0595
2	180411887	180417725	2	108292870	108304856	2e0595
5	122487215	122506047	4	123738242	123771148	7201a8
3	32854132	32863269	3	43343628	43352914	46039f
14	5441897	5444492	10	8020467	8022309	f58b47
3	197178831	197205346	3	257924537	257945393	46039f
1	331334723	331346378	1	7008465	7019051	0d0887
10	6509375	6514097	16	4752792	4768562	cc4778
1	31008833	31009577	1	380931816	380932560	0d0887
6	4998962	5025052	5	114594343	114606211	8808a6
5	18092663	18108022	4	21027950	21064805	7201a8
8	68755661	68760650	7	16732011	16736396	ad2793
1	87289048	87289786	1	305463123	305463861	0d0887
2	131330801	131338909	2	167039468	167055221	2e0595
3	62156572	62157310	3	86875136	86875874	46039f
11	2942685	2952434	12	27797817	27813927	d8576b
3	29681367	29684479	3	38754373	38763354	46039f
6	57457845	57489327	5	48912992	48967105	8808a6
1	322475354	322480233	1	16997897	17005432	0d0887
5	87232760	87249097	4	95461940	95481907	7201a8
1	178307659	178319494	1	198874725	198884493	0d0887
7	33225792	33226469	6	39637866	39638559	9c179e
1	80456980	80480485	1	313853703	313879829	0d0887
11	8840002	8845704	12	13341809	13347150	d8576b
14	327515	331421	10	430928	438233	f58b47
18	7919843	7925107	11	7796541	7801200	f8e125
4	23141536	23142271	8	43586149	43586884	5c01a6
1	207245286	207253447	1	166422117	166433844	0d0887
3	100512890	100519898	3	129936940	129946896	46039f
1	279153707	279160029	1	73775373	73780864	0d0887
2	216284890	216292693	2	62535029	62539759	2e0595
4	36102970	36111085	8	35026429	35033653	5c01a6
2	149346299	149351211	2	146284553	146292836	2e0595
8	77252959	77253589	7	6779256	6779978	ad2793
5	20794147	20798629	4	24869929	24882921	7201a8
5	13434865	13437159	4	15030352	15031874	7201a8
17	10147267	10149575	10	28151934	28159867	fdca26
7	55042979	55085689	6	60983232	61003651	9c179e
12	157890	159264	14	227287	228505	e3685f
1	139229602	139242245	1	241674235	241685707	0d0887
3	166916586	166917306	3	216122137	216122866	46039f
1	300006988	300012757	1	44895292	44904104	0d0887
5	51274813	51285179	4	63863791	63871647	7201a8
5	29311547	29342158	4	35914999	36040886	7201a8
14	387112	388605	10	513510	515243	f58b47
1	280489106	280524600	1	71979091	72051512	0d0887
2	105008369	105033742	2	194572760	194586531	2e0595
14	2316993	2319943	10	3186624	3189566	f58b47
19	3364951	3369142	17	5953164	5955170	f0f921
6	49159811	49172164	5	60143029	60165034	8808a6
6	57198996	57222766	5	49370721	49403356	8808a6
3	104457457	104466397	3	134687080	134700442	46039f
1	284082576	284089228	1	66923341	66931449	0d0887
6	42661157	42663899	5	68672635	68681861	8808a6
4	51950937	51984709	8	17057491	17090418	5c01a6
7	51229128	51271509	6	57744459	57789697	9c179e
3	183179571	183189550	3	238280927	238311220	46039f
14	16041545	16065113	10	23997002	24013003	f58b47
1	51085563	51098424	1	353343702	353354342	0d0887
1	149261527	149262250	1	230575842	230576562	0d0887
5	9685378	9689614	4	10489261	10497420	7201a8
4	91346138	91360617	9	46041149	46056748	5c01a6
6	24987950	25001538	5	92495462	92504128	8808a6
5	30819616	30826776	4	37870270	37881614	7201a8
1	12266487	12282527	1	404441389	404455497	0d0887
2	195539	196259	5	119899539	119900259	2e0595
1	94914839	94941081	1	295207040	295253858	0d0887
1	69922636	69927827	1	328010133	328012394	0d0887
1	63936136	63942006	1	335461307	335472827	0d0887
14	15051660	15057318	10	22490593	22497664	f58b47
5	13227899	13233721	4	14823296	14826371	7201a8
11	22658948	22660578	12	24253177	24255276	d8576b
14	13701195	13701837	10	19113601	19114267	f58b47
4	63645357	63653831	8	4491536	4506973	5c01a6
11	17589335	17594438	12	17577737	17581706	d8576b
2	182204474	182214344	2	105831412	105860965	2e0595
14	3806376	3810458	10	5453401	5457081	f58b47
15	7433967	7438643	15	9578862	9588659	fb9f3a
4	29877062	29882229	8	41722144	41726083	5c01a6
13	8616442	8619434	13	329707	334429	ed7953
6	51923820	51931579	5	56207644	56221649	8808a6
2	84998724	85002095	2	217272546	217279916	2e0595
2	105840084	105856932	2	193532479	193539957	2e0595
1	65717172	65721586	1	333135810	333139730	0d0887
3	188400294	188407827	3	245381801	245387651	46039f
4	81125543	81126182	9	50695978	50701031	5c01a6
8	69338074	69344254	7	16511586	16521719	ad2793
1	99111041	99113958	1	289868529	289870827	0d0887
8	52249197	52273735	7	34390964	34401363	ad2793
1	216326628	216336173	1	155195624	155207752	0d0887
13	8721370	8722081	13	491625	492336	ed7953
3	25478344	25483648	3	32416557	32419913	46039f
3	200126125	200131413	3	261364132	261383834	46039f
14	1478287	1480312	10	1934859	1940097	f58b47
16	11925471	11928140	11	27619862	27622548	fdb42f
12	18418858	18423955	14	26530111	26535130	e3685f
3	152419510	152423207	3	195386398	195391583	46039f
8	69408206	69421057	7	16419060	16433550	ad2793
3	146512858	146526210	3	188076097	188097277	46039f
2	103844406	103866151	2	195967783	196000302	2e0595
5	53027669	53028374	4	65975644	65976337	7201a8
12	3569181	3574819	14	5652530	5657604	e3685f
6	12960884	12993324	5	107698645	107722836	8808a6
14	8710333	8715082	10	12898543	12903156	f58b47
4	85811429	85828384	9	57437052	57460454	5c01a6
2	134135503	134136160	2	159763328	159763994	2e0595
12	497000	497879	14	665044	665908	e3685f
15	14125645	14132312	15	4362280	4369301	fb9f3a
2	197177592	197190918	2	86850805	86864052	2e0595
3	110415462	110432302	3	141919887	141934111	46039f
15	902349	905505	15	23447491	23450567	fb9f3a
2	134571607	134587889	2	160217436	160241412	2e0595
10	16031542	16036249	16	13212962	13224252	cc4778
15	1010527	1013672	15	23649060	23655235	fb9f3a
8	11129158	11138353	7	80520689	80525009	ad2793
13	18267143	18331559	13	13787533	13789723	ed7953
5	69536191	69586943	4	83852315	83886624	7201a8
5	88692701	88708053	4	96626791	96653339	7201a8
4	96607021	96611629	9	40142508	40151445	5c01a6
8	37570576	37584179	7	57598877	57610946	ad2793
1	104440976	104446146	1	283207982	283217940	0d0887
2	209734113	209744781	2	70925528	70934717	2e0595
7	5187243	5188310	6	5724949	5733496	9c179e
1	100921256	100928467	1	287583075	287590515	0d0887
8	54811734	54812379	7	10899453	10900116	ad2793
1	205764075	205768391	1	168118814	168128095	0d0887
1	75268083	75285794	1	320643406	320662645	0d0887
10	6393568	6410029	16	4658962	4671129	cc4778
19	7191943	7227968	17	2044787	2048103	f0f921
1	31741757	31750166	1	380068307	380074850	0d0887
5	32415328	32418633	4	39872748	39876150	7201a8
11	1020650	1027644	12	26266191	26273385	d8576b
5	59968952	59970169	4	73935992	73939812	7201a8
6	40905813	40911000	5	71016279	71023971	8808a6
3	119978668	119983476	3	153410078	153418125	46039f
3	147105442	147109622	3	188986894	188991415	46039f
3	45553782	45577076	3	63735618	63765683	46039f
12	163559	164234	14	231188	231872	e3685f
5	16258378	16283585	4	18726157	18746575	7201a8
3	30547002	30555281	3	39848369	39862655	46039f
1	93942873	93949163	1	296258120	296277698	0d0887
3	199864182	199919825	3	261143264	261172285	46039f
5	13685211	13704781	4	15282384	15293921	7201a8
2	195055021	195055711	2	89448611	89449301	2e0595
3	59537065	59553351	3	83420184	83436708	46039f
14	16369146	16391466	10	21268210	21291013	f58b47
4	2795099	2802582	8	70177739	70185623	5c01a6
3	142422610	142430719	3	182386785	182400111	46039f
11	3239511	3300787	12	29428098	29505295	d8576b
16	12841718	12843326	11	26136342	26138335	fdb42f
3	49426346	49439463	3	69156812	69167098	46039f
8	75815269	75827986	7	13490055	13496484	ad2793
7	31165169	31170919	6	37191992	37207313	9c179e
3	126932515	126951797	3	162154176	162175752	46039f
1	270290847	270302642	1	85955551	85963839	0d0887
5	59571175	59594761	4	73477333	73489879	7201a8
11	10452585	10454415	12	10830514	10832230	d8576b
4	87824927	87833354	9	49502592	49510754	5c01a6
6	40969049	40973392	5	70955198	70958968	8808a6
3	60372043	60381837	3	84501784	84513846	46039f
1	69969412	69980037	1	327944004	327952873	0d0887
1	199439305	199452790	1	175083786	175107465	0d0887
3	150505749	150506418	3	192951812	192952481	46039f
11	22448612	22451129	12	23995540	23998522	d8576b
1	148764468	148776398	1	231148887	231158069	0d0887
3	163301658	163314364	3	210537537	210548361	46039f
11	20370448	20375915	12	21414807	21415444	d8576b
15	8171234	8177467	15	10773647	10776330	fb9f3a
13	5066412	5070426	13	22825351	22833264	ed7953
3	23483458	23492224	3	29631370	29641586	46039f
1	1555380	1560605	1	412913730	412916257	0d0887
5	31740701	31752830	4	39047622	39067856	7201a8
2	230507557	230593904	2	44079502	44147752	2e0595
6	26827192	26839895	5	89596858	89610619	8808a6
6	63687037	63694191	5	38708461	38718623	8808a6
13	2633208	2641374	13	17385835	17401069	ed7953
13	17025722	17032591	13	12330587	12339804	ed7953
3	105389507	105419792	3	135844025	135880678	46039f
2	195323663	195327891	2	89098450	89102554	2e0595
4	13832853	13836668	8	58498217	58502028	5c01a6
7	41317539	41322158	6	49196599	49197672	9c179e
1	243228894	243234314	1	120774698	120781926	0d0887
12	11361865	11365399	14	24965821	24970634	e3685f
14	7377559	7399236	10	11044693	11072202	f58b47
2	176023651	176029320	2	114017096	114026531	2e0595
7	14464643	14475292	6	16661956	16674127	9c179e
11	20456183	20459427	12	21544609	21554467	d8576b
6	23639699	23648508	5	94238392	94246327	8808a6
1	319300526	319309361	1	20693633	20702337	0d0887
6	36609536	36614202	5	76512499	76520520	8808a6
1	116356323	116377862	1	269669985	269688646	0d0887
6	49100059	49103870	5	60228852	60231154	8808a6
15	6877981	6882286	15	14806823	14809380	fb9f3a
7	74443948	74450668	6	77108481	77121306	9c179e
3	193845767	193849200	3	252167739	252175189	46039f
17	3752583	3779174	10	38136927	38154060	fdca26
6	186136	188124	5	119510441	119514107	8808a6
4	87586630	87587689	9	49814049	49816124	5c01a6
15	16426883	16429018	15	918228	920132	fb9f3a
6	30118608	30119343	5	85153591	85154329	8808a6
4	77673821	77764181	9	53807497	53824888	5c01a6
4	40135286	40158527	8	30552359	30572214	5c01a6
16	8445098	8449619	11	22431816	22436344	fdb42f
17	10783014	10785145	10	39186116	39187607	fdca26
16	11776449	11778594	11	27835123	27838141	fdb42f
3	86273216	86277271	3	117363939	117368282	46039f
4	123759470	123773233	5	66195291	66209210	5c01a6
7	91879097	91909625	6	98900615	98921872	9c179e
16	13068473	13069415	11	25655084	25656620	fdb42f
5	67306286	67355624	4	81617268	81625516	7201a8
4	98496765	98503296	9	38030082	38037631	5c01a6
8	55892387	56072923	7	11583819	11645897	ad2793
1	340613237	340615678	1	418327873	418330476	0d0887
6	8820396	8824699	5	113330586	113337165	8808a6
16	10500906	10504677	11	13255881	13263182	fdb42f
3	88359509	88366204	3	120062262	120066377	46039f
1	207270472	207277559	1	166402926	166411905	0d0887
6	89667964	89676713	5	13109435	13118934	8808a6
1	180699246	180716990	1	196034719	196091768	0d0887
1	216317714	216319044	1	155211290	155212201	0d0887
2	34004911	34008932	3	180571407	180575909	2e0595
4	61503512	61504974	8	6520520	6522235	5c01a6
7	17310802	17324398	6	20144862	20160848	9c179e
1	64130014	64137006	1	335086909	335102055	0d0887
3	153734284	153742180	3	197134691	197144477	46039f
13	8712093	8714153	13	475263	479214	ed7953
2	163988528	163989209	2	128969310	128969985	2e0595
5	98232132	98232597	4	109637516	109637975	7201a8
1	153883459	153889403	1	225314277	225323015	0d0887
1	65531945	65548530	1	333344872	333360298	0d0887
1	302176729	302182645	1	41866754	41941795	0d0887
1	122949515	122962462	1	261257400	261265513	0d0887
5	64843885	64851100	4	79313956	79325499	7201a8
7	22848039	22854945	6	27033773	27042045	9c179e
1	373899	377571	1	414630889	414638326	0d0887
7	29066180	29080756	6	34473837	34489299	9c179e
6	44188021	44209152	5	66641872	66662642	8808a6
4	60681732	60695113	8	7410691	7420098	5c01a6
5	56450314	56465277	4	69599143	69620486	7201a8
3	28872364	28897209	3	37375956	37426810	46039f
1	300929692	300937390	1	43740541	43770119	0d0887
17	3468	28393	10	24022550	24038183	fdca26
15	15313755	15316006	15	2553593	2556537	fb9f3a
3	79437325	79460674	3	108324945	108356939	46039f
1	208689948	208697562	1	164658256	164666694	0d0887
4	78347909	78414406	9	54041504	54044370	5c01a6
2	76704248	76718060	2	225429741	225438625	2e0595
1	298523514	298544047	1	46799014	46830613	0d0887
1	71157221	71164959	1	326428525	326446328	0d0887
12	9503000	9507645	14	15126087	15133655	e3685f
17	4270974	4279616	10	37751046	37756751	fdca26
1	183620600	183630740	1	193567322	193574950	0d0887
6	58548555	58625877	5	46964397	47062115	8808a6
1	289446176	289450516	1	59650425	59665221	0d0887
16	5126817	5130460	11	17783001	17786151	fdb42f
6	60094046	60098006	5	44279863	44291144	8808a6
1	10772773	10785542	1	406085648	406089725	0d0887
4	86699799	86705099	9	50621642	50626720	5c01a6
2	155184353	155236173	2	139676834	139721337	2e0595
2	198914125	198917228	2	84867150	84873817	2e0595
4	20587268	20589924	8	51392263	51394922	5c01a6
8	22054936	22056332	7	66610145	66612078	ad2793
7	58360986	58388411	6	63923649	63928546	9c179e
6	53094814	53232352	5	54328542	54513701	8808a6
1	211244265	211262636	1	161746632	161792060	0d0887
4	88429057	88442522	9	50596668	50605804	5c01a6
1	96183401	96190216	1	293460751	293466205	0d0887
7	80970608	80998761	6	97077770	97089947	9c179e
11	10454717	10459376	12	10821216	10830183	d8576b
8	2607522	2613758	7	92073384	92080856	ad2793
1	292759061	292767239	1	55090108	55098559	0d0887
7	13691892	13695517	6	15644996	15649118	9c179e
1	48896629	48911911	1	356317394	356344071	0d0887
6	12647375	12654676	5	108120044	108130107	8808a6
11	18159149	18185362	12	18377957	18389616	d8576b
1	190080565	190082706	1	186008390	186010781	0d0887
10	93483	105631	11	31965593	31971275	cc4778
5	92451926	92466680	4	101635232	101671037	7201a8
6	70948738	70954713	5	29866392	29871381	8808a6
8	62399927	62411446	7	37270791	37279900	ad2793
1	261554129	261560281	1	97319319	97328062	0d0887
16	8862864	8867015	11	23128213	23139286	fdb42f
16	8747996	8761696	11	22973813	22985058	fdb42f
16	12168178	12170042	11	27237782	27239308	fdb42f
3	166763976	166815126	3	215854046	215928518	46039f
1	193529368	193595726	1	181546968	181635955	0d0887
6	38152316	38174546	5	74457304	74479932	8808a6
3	20381191	20392822	3	25183649	25190608	46039f
3	126976863	126978751	3	162220508	162222309	46039f
2	155146105	155149897	2	139771464	139774721	2e0595
1	149325196	149332024	1	230533544	230540715	0d0887
1	48869365	48872563	1	356367418	356370859	0d0887
1	311964523	311971635	1	30072692	30078951	0d0887
4	100695135	100698589	9	35678118	35682301	5c01a6
15	11002502	11003138	15	8357975	8358611	fb9f3a
7	20657072	20660694	6	24201474	24204733	9c179e
5	10376409	10409750	4	11384524	11418124	7201a8
6	19556540	19574147	5	99825762	99851167	8808a6
4	4598152	4608126	8	67888204	67902600	5c01a6
12	10890271	10910985	14	17080511	17095635	e3685f
3	171749336	171753625	3	222963258	222968549	46039f
5	13190977	13194495	4	14768806	14771703	7201a8
2	188317565	188322880	2	98065073	98070074	2e0595
14	557385	557991	10	735292	735895	f58b47
14	16128136	16134458	10	21453915	21458753	f58b47
11	13200153	13211874	12	7214870	7238732	d8576b
1	192793004	192797407	10	13620424	13626149	0d0887
10	1580773	1586475	11	31314838	31318200	cc4778
1	167342601	167349240	1	209599441	209608781	0d0887
19	7595033	7604135	17	2455686	2461614	f0f921
1	323826794	323841896	1	15309379	15328126	0d0887
12	4499014	4502746	14	7254786	7260059	e3685f
2	64671214	64685424	2	239919878	239937938	2e0595
8	75025323	75032966	7	12342840	12354371	ad2793
1	46892089	46892662	1	359011007	359011574	0d0887
3	155884611	155888417	3	200275486	200282578	46039f
6	61511096	61517538	5	41874599	41880824	8808a6
1	322447973	322448585	1	17033028	17033640	0d0887
10	15982980	15983598	16	13138845	13139460	cc4778
7	31683448	31698236	6	37889560	37905455	9c179e
8	38562587	38570043	7	58844832	58853154	ad2793
2	154320436	154326209	2	140728287	140732887	2e0595
16	2340275	2348154	11	17178224	17185337	fdb42f
3	69338878	69342612	3	95870639	95872423	46039f
3	88037252	88041658	3	119675084	119680303	46039f
4	77567455	77614326	9	53770004	53791458	5c01a6
3	148910475	148916573	3	191160259	191165319	46039f
11	22758390	22761345	12	24377055	24380344	d8576b
4	85226435	85238516	9	57975621	57987862	5c01a6
2	47063191	47067528	2	263130936	263141619	2e0595
5	9237075	9243630	4	10122009	10146697	7201a8
4	35905701	35909208	8	35220475	35224256	5c01a6
1	164314990	164319213	1	213166198	213177994	0d0887
14	3729322	3729838	10	5343320	5343836	f58b47
13	2348193	2370130	13	16927122	16959507	ed7953
1	322403588	322409111	1	17077617	17085449	0d0887
6	22932687	22946958	5	95122561	95133272	8808a6
2	18871153	18878659	1	398709771	398713895	2e0595
6	18097288	18113782	5	101732595	101745690	8808a6
3	163183721	163195801	3	210363966	210375433	46039f
1	226696650	226698708	1	141800411	141809897	0d0887
2	154924588	154927276	2	140043309	140048953	2e0595
1	82136437	82147210	1	311805838	311817698	0d0887
13	7625153	7629411	13	27880293	27882833	ed7953
15	12888118	12890977	15	5805556	5813409	fb9f3a
7	33749014	33759374	6	40197148	40209483	9c179e
8	74370634	74379033	7	1690231	1694847	ad2793
6	98746494	98752454	5	11541916	11549330	8808a6
3	148395538	148465222	3	190525181	190652082	46039f
8	25625821	25660689	7	41835327	41883024	ad2793
4	81468746	81472958	9	50871011	50873929	5c01a6
3	200705348	200724359	3	261931104	261943500	46039f
5	68906581	68970386	4	83036414	83053249	7201a8
2	38680823	38683861	14	15250152	15251407	2e0595
1	268963445	268967264	1	87712635	87714649	0d0887
7	49668921	49679773	6	56895989	56901152	9c179e
6	12681175	12687137	5	108086007	108090622	8808a6
2	157171646	157174902	2	137380044	137386975	2e0595
1	336767970	336771341	1	1183465	1185142	0d0887
1	185089536	185094365	1	191925715	191934081	0d0887
16	9961984	9971100	11	25373138	25390639	fdb42f
4	25301754	25325846	8	45890497	45905667	5c01a6
8	25925588	25934084	7	42229911	42241158	ad2793
15	10366916	10391522	15	14260327	14260924	fb9f3a
11	19447931	19451204	12	20168341	20171532	d8576b
1	318755328	318758376	1	21312526	21316551	0d0887
8	8840174	8849433	7	83213373	83226318	ad2793
5	109554079	109558939	5	120120460	120126000	7201a8
4	41101387	41148805	8	29349747	29387708	5c01a6
14	5920384	5928631	10	8762105	8769216	f58b47
1	321024235	321051239	1	18710603	18734896	0d0887
14	15790508	15794341	10	23723320	23730697	f58b47
6	31158077	31217270	5	83756941	83825589	8808a6
6	46621653	46635071	5	63621244	63629809	8808a6
7	28874984	28880756	6	34243506	34251738	9c179e
2	99803811	99812984	2	201107361	201128027	2e0595
19	3100736	3102682	17	6613409	6618230	f0f921
16	10086006	10098203	11	14215062	14228291	fdb42f
3	89943451	89984166	3	121792785	121825448	46039f
8	28984128	29009467	7	46191965	46227352	ad2793
3	92638879	92748571	3	124091570	124139175	46039f
3	168486132	168490813	3	218384087	218387534	46039f
7	28765478	28772025	6	34110473	34125072	9c179e
3	68163324	68202004	3	94430601	94456835	46039f
1	267352175	267356463	1	89867566	89881251	0d0887
1	178233275	178238945	1	198941988	198948069	0d0887
6	41118769	41130002	5	70730484	70755760	8808a6
3	197470157	197491490	3	258225623	258238987	46039f
1	294068159	294072790	1	53233720	53241289	0d0887
6	38445950	38448441	5	74177670	74178622	8808a6
6	38370194	38381342	5	74289927	74302781	8808a6
3	92865791	92880368	3	124206712	124229792	46039f
1	71147734	71151892	1	326454477	326461389	0d0887
8	622855	624529	7	94789374	94791869	ad2793
6	44846683	44851891	5	65849615	65858032	8808a6
2	174393185	174399553	2	115993244	116008764	2e0595
11	20678536	20682749	12	21848770	21853865	d8576b
1	61844510	61852462	1	338580342	338587229	0d0887
19	7219525	7232980	17	2066680	2080865	f0f921
15	8853369	8881253	15	11808258	11838991	fb9f3a
7	33385247	33394321	6	39810794	39820470	9c179e
1	267155047	267161513	1	90159886	90169341	0d0887
7	22097499	22109116	6	25983421	25996237	9c179e
1	205928129	205933669	1	168071880	168080298	0d0887
2	209838299	209838896	2	70806985	70807537	2e0595
3	64043598	64048280	3	89256022	89260420	46039f
3	160191995	160202484	3	206019536	206038090	46039f
2	122908565	122919621	2	175291600	175324294	2e0595
5	36383699	36396095	4	45078022	45088409	7201a8
17	7885402	7896967	10	30735430	30764002	fdca26
5	50189852	50192716	4	62577689	62583649	7201a8
2	185867117	185870823	2	101514758	101520711	2e0595
8	59322029	59327780	7	40686820	40697174	ad2793
1	23846941	23860676	1	390708602	390732733	0d0887
3	110567946	110574702	3	142135248	142146029	46039f
4	100716346	100720665	9	35646997	35656271	5c01a6
2	214892170	214894185	2	64299621	64302177	2e0595
5	122190876	122201105	4	124376501	124395160	7201a8
5	31100818	31113028	4	38315415	38337011	7201a8
5	7958738	7965841	4	8753920	8762903	7201a8
16	12477456	12479296	11	26720292	26725354	fdb42f
8	35445055	35457194	7	54619584	54624731	ad2793
1	238179295	238193291	1	127455911	127475417	0d0887
10	7409053	7413226	16	5736652	5791441	cc4778
7	29455189	29457452	6	34975320	34978687	9c179e
12	11216472	11221791	14	25186588	25191550	e3685f
1	33080674	33082257	1	378231726	378234489	0d0887
1	263487983	263526400	1	95023220	95077817	0d0887
7	48309406	48312633	6	56162567	56166275	9c179e
1	50655444	50664485	1	353843453	353855201	0d0887
16	3999798	4004101	11	29179012	29182375	fdb42f
5	59929658	59934714	4	73888158	73899477	7201a8
2	59111734	59120363	2	247173709	247192227	2e0595
16	11431729	11434606	11	28287273	28290182	fdb42f
4	28599399	28599993	8	49011806	49012400	5c01a6
1	331222761	331223355	1	7146137	7146731	0d0887
11	10397447	10401520	12	10878045	10880744	d8576b
2	168112725	168116182	2	123856716	123860360	2e0595
2	175999424	176004892	2	114045103	114047528	2e0595
1	211131841	211142373	1	161922547	161925323	0d0887
3	99938674	99954935	3	129152268	129174033	46039f
8	44781156	44808001	7	27060572	27094416	ad2793
15	12917227	12917722	15	5758151	5761970	fb9f3a
12	13089754	13096225	14	22447566	22462488	e3685f
2	151545378	151549078	2	144129871	144132764	2e0595
1	116575158	116582178	1	269456555	269464532	0d0887
1	293333588	293335195	1	54259756	54262424	0d0887
3	153472864	153489230	3	196768062	196802397	46039f
13	11128549	11132938	13	4264744	4266646	ed7953
2	103535565	103538813	2	196668707	196672334	2e0595
3	32653728	32666002	3	43064705	43073907	46039f
14	7292621	7296124	10	10944762	10949734	f58b47
14	14512812	14518860	10	23032957	23036334	f58b47
6	86036079	86049920	5	17243329	17251940	8808a6
6	44221877	44231108	5	66610932	66618410	8808a6
1	195014176	195046733	1	179910318	179930572	0d0887
3	59778572	59780239	3	83702906	83704945	46039f
7	26836755	26843506	6	31942715	31952218	9c179e
14	5784980	5788035	10	8564500	8570908	f58b47
5	56125128	56129180	4	69185169	69193845	7201a8
1	315475279	315481141	1	25498705	25506074	0d0887
1	81780158	81782288	1	312208490	312210093	0d0887
1	164281373	164288985	1	213203137	213208020	0d0887
19	3246394	3274868	17	6899698	6941790	f0f921
16	2150657	2162132	11	17363023	17370914	fdb42f
16	11700227	11702583	11	27939046	27942633	fdb42f
17	4287121	4294277	10	37740714	37745870	fdca26
7	28313833	28318761	6	33644110	33647056	9c179e
1	204536239	204539119	1	169538831	169541434	0d0887
2	105867471	105874549	2	193578695	193593517	2e0595
1	62482691	62507511	1	337452346	337474850	0d0887
4	52972743	52975149	8	15931291	15933712	5c01a6
6	22587987	22588557	5	95607997	95608573	8808a6
8	74931641	74938369	7	12210826	12216184	ad2793
1	199053374	199053962	1	175554161	175554749	0d0887
1	33255276	33259888	1	377940434	377943694	0d0887
3	91098395	91111919	3	123056474	123083046	46039f
6	41586434	41589323	5	70197754	70200254	8808a6
3	120529465	120563748	3	154057243	154096038	46039f
7	28176456	28177032	6	33520832	33521402	9c179e
3	182021886	182026648	3	236915702	236920868	46039f
6	149559	154613	5	119553365	119568880	8808a6
8	75170946	75171519	7	12531885	12532458	ad2793
12	177179	178728	14	245244	247366	e3685f
4	89623283	89627054	9	47846108	47852767	5c01a6
13	18022612	18024637	13	13508458	13511328	ed7953
16	11735261	11739465	11	27879209	27892577	fdb42f
10	603838	607173	11	32557246	32563811	cc4778
11	13162938	13163457	12	7272804	7273305	d8576b
3	167153583	167159846	3	216419373	216424892	46039f
3	98813394	98830919	3	128062445	128075540	46039f
19	1681013	1682925	5	117762597	117786965	f0f921
1	23840621	23843673	1	390742654	390745736	0d0887
3	49251114	49261783	3	68911762	68921282	46039f
17	9035673	9045654	10	32796281	32807417	fdca26
2	159587367	159592375	2	134394411	134401345	2e0595
10	16173361	16195767	16	13345240	13352366	cc4778
1	83769912	83773204	1	309925524	309931904	0d0887
15	1145896	1147654	15	23894997	23896987	fb9f3a
3	22705593	22709741	3	28502670	28505266	46039f
7	28234864	28248584	6	33557457	33564004	9c179e
1	187088522	187093738	1	189613081	189618415	0d0887
4	40088847	40092503	8	30626646	30631913	5c01a6
5	23919832	23929318	4	28922143	28934977	7201a8
6	40613771	40614491	5	71401690	71402410	8808a6
16	8412259	8415477	11	22359079	22367519	fdb42f
2	157326340	157367227	2	137143976	137201094	2e0595
7	24228582	24229149	6	28785672	28786221	9c179e
6	31780069	31783858	5	83020028	83022211	8808a6
3	181239658	181248038	3	236040648	236057694	46039f
2	206312767	206314127	2	75270155	75271247	2e0595
2	185851117	185851681	2	101533137	101533701	2e0595
1	79452355	79462724	1	315038319	315056621	0d0887
8	23502756	23507601	7	64478787	64481631	ad2793
18	8910413	8911678	11	11032903	11034131	f8e125
17	8379266	8382612	10	31611415	31616510	fdca26
3	193754875	193760309	3	252066731	252076218	46039f
1	268266310	268272656	1	88686154	88691825	0d0887
5	90202176	90205339	4	98444845	98447855	7201a8
3	126108751	126116539	3	160981060	160988795	46039f
4	60566125	60573573	8	7489265	7502213	5c01a6
5	30697166	30704283	4	37720985	37727916	7201a8
4	72691225	72815375	9	61976562	61992822	5c01a6
1	101719766	101745499	1	286552696	286594603	0d0887
3	142757363	142761344	3	182872543	182875626	46039f
8	24598863	24599397	7	63003982	63004519	ad2793
2	212033475	212047872	2	67829254	67840729	2e0595
16	11636569	11637127	11	28031943	28032501	fdb42f
6	8804492	8815200	5	113318178	113326490	8808a6
3	17320955	17321901	3	20929151	20930629	46039f
1	5413909	5414467	1	411324633	411325191	0d0887
14	15248799	15257220	10	23093677	23101152	f58b47
2	194055655	194059974	2	90780306	90789296	2e0595
5	38685548	38698669	4	48353691	48365441	7201a8
16	10580870	10582641	11	13031456	13033589	fdb42f
4	45737004	45738792	8	24017169	24020417	5c01a6
3	105339387	105347124	3	135778226	135786802	46039f
1	266707151	266707709	1	90756133	90756688	0d0887
2	106042885	106076534	2	193893204	193905811	2e0595
3	24886662	24895714	3	31545314	31555661	46039f
1	246126786	246144862	1	117183435	117201824	0d0887
8	79079921	79089534	7	1156082	1176743	ad2793
1	101555113	101561050	1	286794932	286802212	0d0887
4	7169003	7175437	8	65615764	65619328	5c01a6
3	65754757	65765094	3	91489158	91503616	46039f
7	50587469	50685748	6	57447123	57487022	9c179e
6	3412910	3414949	5	116123720	116130461	8808a6
2	50265408	50265969	2	258862868	258863429	2e0595
2	212086917	212092190	2	67772157	67778933	2e0595
1	321179041	321180076	1	18565349	18566630	0d0887
3	30124036	30130691	3	39404939	39420236	46039f
1	252381705	252397773	1	109488868	109508661	0d0887
1	27354175	27359765	1	385928820	385940398	0d0887
3	178074973	178083873	3	231704089	231710831	46039f
1	210842605	210847118	1	162295189	162301872	0d0887
2	95571485	95577922	2	205684843	205690396	2e0595
13	17957670	17960411	13	13434139	13437584	ed7953
1	49837866	49841125	1	354856234	354867016	0d0887
1	250230558	250235686	1	112102454	112116313	0d0887
3	145504745	145513820	3	186601276	186610385	46039f
16	7416060	7416609	11	20928893	20929448	fdb42f
18	2515673	2519173	11	4198511	4200524	f8e125
1	258541098	258543520	1	101413362	101416357	0d0887
14	3574049	3578102	10	5125045	5127375	f58b47
5	52018373	52022151	4	64683854	64690065	7201a8
1	238278914	238286144	1	127322933	127332812	0d0887
3	63482492	63486970	3	88583624	88588759	46039f
1	24218518	24224537	1	390273860	390281659	0d0887
4	50920485	50923711	8	18284198	18293096	5c01a6
19	7571279	7575270	17	2418356	2420163	f0f921
10	5571064	5573175	16	3562190	3566223	cc4778
1	166863518	166873559	1	210061636	210071438	0d0887
1	179259976	179265416	1	197932924	197948224	0d0887
4	38560611	38562938	8	32259265	32261585	5c01a6
7	90750501	90755828	6	87109221	87119333	9c179e
3	32616629	32619941	3	43005931	43008486	46039f
15	17031019	17032222	15	117349	118729	fb9f3a
6	84698964	84796369	5	21258458	21351239	8808a6
16	8017452	8019893	11	21780114	21782333	fdb42f
1	292833834	292837246	1	54954073	54960093	0d0887
1	118632127	118647636	1	266747951	266758196	0d0887
2	264193506	264201395	9	53927813	53939661	2e0595
1	26697362	26703558	1	386855653	386862100	0d0887
1	99189258	99204084	1	289786824	289804291	0d0887
1	97593787	97596548	1	291666561	291670157	0d0887
1	16992333	16995949	1	399302080	399306011	0d0887
19	3142931	3151531	17	6693560	6705422	f0f921
11	20594962	20597881	12	21742594	21745149	d8576b
6	70940998	70945238	5	29881695	29884030	8808a6
3	17147722	17168394	3	20705378	20725144	46039f
1	126202841	126211126	1	257491348	257501425	0d0887
8	19686141	19689297	7	69809753	69813223	ad2793
7	46532084	46541419	6	51830081	51836303	9c179e
2	191870363	191877412	2	93687049	93713359	2e0595
2	148765021	148773868	2	146997169	147016336	2e0595
17	8308933	8310835	10	31498587	31500912	fdca26
6	12638486	12644703	5	108135358	108140804	8808a6
1	138150304	138167181	1	243010703	243021518	0d0887
6	81966757	81981004	5	18151547	18163613	8808a6
3	186310325	186314428	3	242571016	242585189	46039f
1	187098340	187106336	1	189602101	189608920	0d0887
1	71289688	71314887	1	326260843	326290174	0d0887
7	92368255	92382374	6	99428982	99438339	9c179e
13	7655240	7659992	13	27909761	27920480	ed7953
7	79453578	79456679	6	83630806	83636044	9c179e
5	2052233	2058663	4	2561004	2569457	7201a8
4	84590487	84594798	9	53124651	53129674	5c01a6
7	48353218	48357186	6	56204741	56210390	9c179e
7	51640696	51648916	6	57963256	57969650	9c179e
17	8263894	8269610	10	31426988	31438124	fdca26
3	119707701	119718686	3	153106001	153122894	46039f
1	317085010	317092436	1	23481030	23487809	0d0887
15	7042018	7045744	15	14570718	14574041	fb9f3a
17	10514639	10516489	10	38697565	38699586	fdca26
10	2902080	2908265	16	924470	931663	cc4778
1	336987839	337011828	1	874498	922846	0d0887
1	61165030	61165546	1	339422795	339423347	0d0887
17	202833	209340	10	24104935	24111967	fdca26
3	160864958	160871886	3	206913302	206919122	46039f
3	14145687	14152665	3	16986783	16995423	46039f
7	39597002	39611348	6	47315358	47339210	9c179e
3	25403569	25410900	3	32334637	32344702	46039f
3	141590542	141598240	3	181161187	181172804	46039f
2	185197476	185213320	2	102284317	102293800	2e0595
1	322451562	322455298	1	17022973	17027122	0d0887
1	242095080	242107856	1	122258053	122265291	0d0887
7	58527235	58528975	6	64053892	64056447	9c179e
10	5891086	5911039	16	4153054	4171547	cc4778
3	110679055	110681532	3	142267682	142270235	46039f
14	507974	509271	10	678279	680294	f58b47
7	18665682	18681274	6	21581851	21610236	9c179e
1	333057085	333057601	1	3306673	3307189	0d0887
2	209719475	209721161	2	70950103	70951694	2e0595
1	30639189	30647763	1	381418751	381438179	0d0887
16	11254551	11255625	11	28578628	28579704	fdb42f
5	64972091	64977976	4	79414429	79419981	7201a8
19	3235425	3241623	17	6870447	6889240	f0f921
16	11440711	11442788	11	28275308	28276740	fdb42f
12	4180441	4184585	14	6796454	6810027	e3685f
1	13015273	13018879	1	403700313	403703568	0d0887
2	155039138	155041755	2	139902835	139905298	2e0595
7	2355498	2365420	6	2616723	2631043	9c179e
7	85566800	85579852	6	91321183	91345292	9c179e
3	41926571	41943810	3	58289011	58307553	46039f
3	178192776	178196994	3	231828937	231834643	46039f
2	48694049	48703094	2	260992841	261010181	2e0595
1	138299566	138310972	1	242885130	242899980	0d0887
7	31073007	31082972	6	37036877	37053396	9c179e
11	3482847	3487746	12	29148402	29162295	d8576b
1	315627317	315643957	1	25302171	25331821	0d0887
4	82003746	82009136	9	51166864	51171930	5c01a6
14	4696230	4696707	10	6951340	6951820	f58b47
2	178194373	178228232	2	111333671	111393959	2e0595
12	8266548	8270141	14	13595362	13598670	e3685f
1	272062027	272062531	1	83779357	83779855	0d0887
4	57788299	57791186	8	10414183	10427556	5c01a6
3	103669014	103674758	3	133698657	133706756	46039f
16	12474271	12474894	11	26727452	26728057	fdb42f
10	6374000	6381634	16	4642452	4648089	cc4778
10	6319377	6327094	16	4578075	4581451	cc4778
7	80083328	80091049	6	96233951	96238394	9c179e
6	95373060	95377294	5	5894258	5897700	8808a6
5	36557387	36557882	4	45331954	45332449	7201a8
1	69695670	69696171	1	328323025	328323526	0d0887
5	86466440	86470749	4	94743578	94749368	7201a8
14	666536	669576	10	872179	874825	f58b47
7	31110519	31111782	6	37087534	37092902	9c179e
10	14489620	14498977	16	11658367	11670787	cc4778
1	50306395	50320330	1	354219818	354241249	0d0887
1	299748754	299750375	1	45234495	45236163	0d0887
7	12209731	12214316	6	14024301	14028329	9c179e
1	301782685	301784771	1	42447132	42451950	0d0887
7	22214712	22217902	6	26129182	26131815	9c179e
3	167424399	167429692	3	216787626	216795280	46039f
19	1156780	1157848	7	15573699	15575823	f0f921
2	230925956	230939172	2	43515099	43522408	2e0595
1	200780994	200781492	1	173609466	173609958	0d0887
1	165769195	165772532	1	211352709	211358616	0d0887
3	168953431	168960511	3	219028612	219050517	46039f
7	92731491	92733674	6	99825608	99828367	9c179e
1	89207154	89219583	1	302732812	302748926	0d0887
3	155105752	155111151	3	199243838	199249177	46039f
3	46554650	46563831	3	65081391	65085667	46039f
10	817518	821440	11	32843245	32847955	cc4778
4	22268525	22275115	8	42501200	42504929	5c01a6
1	319224489	319227410	1	20781742	20785287	0d0887
2	146031074	146034113	2	150166653	150173537	2e0595
15	7394520	7396190	15	9510473	9512554	fb9f3a
11	21569852	21574071	12	23023209	23027899	d8576b
7	36977299	36978925	6	44251664	44253090	9c179e
4	74561731	74593944	9	62760241	62772223	5c01a6
13	17480936	17483427	13	12920475	12924377	ed7953
6	58037356	58046370	5	47775055	47806701	8808a6
3	143079293	143083335	3	183230081	183233314	46039f
6	32994229	32994733	5	81292221	81292725	8808a6
6	38475849	38477030	5	74133042	74134195	8808a6
4	64331948	64342983	8	535885	554331	5c01a6
1	195744255	195747193	1	179237572	179241490	0d0887
2	202225587	202229657	2	80905903	80909290	2e0595
3	64275503	64280378	3	89560952	89564425	46039f
7	14427614	14430493	6	16625352	16629973	9c179e
15	15593186	15594374	15	2155895	2156566	fb9f3a
13	17557106	17559442	13	13013486	13015043	ed7953
12	169662	170504	14	235867	237519	e3685f
17	8192052	8194335	10	31290378	31294833	fdca26
1	187167284	187172418	1	189521384	189530080	0d0887
6	93663914	93677454	5	3619556	3631440	8808a6
7	32950974	32967871	6	39327290	39338400	9c179e
5	5502835	5506854	4	5789043	5796702	7201a8
10	11104666	11107634	16	9703294	9705940	cc4778
2	96579574	96586021	2	204519727	204524377	2e0595
2	154958033	154962078	2	140001841	140009176	2e0595
1	261799247	261806490	1	97228163	97230484	0d0887
2	197229986	197236230	2	86799020	86806507	2e0595
1	97882598	97889880	1	291225946	291238533	0d0887
14	8303822	8315966	10	12413394	12421623	f58b47
1	287652432	287655955	1	62127613	62136931	0d0887
12	8455230	8457771	14	13857140	13860365	e3685f
4	53703613	53706064	8	15247132	15251325	5c01a6
1	287506118	287581938	1	62266681	62365881	0d0887
16	12571768	12573395	11	26568060	26570224	fdb42f
7	47592816	47597950	6	50707584	50710128	9c179e
1	50179619	50182630	1	354403759	354408332	0d0887
2	97461149	97468662	2	203451700	203457918	2e0595
16	11059030	11062174	11	28667740	28671521	fdb42f
4	68152377	68253676	8	4422486	4455489	5c01a6
8	7783033	7803716	7	84343120	84348634	ad2793
14	4050310	4062511	10	5799149	5822387	f58b47
14	16017040	16027198	10	23942418	23952582	f58b47
12	8131734	8137250	14	13397550	13402533	e3685f
5	23394563	23401529	4	28449534	28455744	7201a8
3	66627561	66650336	3	92196899	92217888	46039f
3	32604713	32612146	3	42994410	43000872	46039f
2	191058677	191063842	2	94548232	94552495	2e0595
2	186416452	186424135	2	100727682	100736478	2e0595
16	12647938	12648751	11	26423383	26424734	fdb42f
5	3018411	3024949	4	2892738	2895295	7201a8
3	50494106	50496866	3	70722660	70727245	46039f
1	260740393	260753304	1	98445526	98476442	0d0887
2	220412610	220414564	2	57418909	57423925	2e0595
13	4996071	4998427	13	22722825	22728038	ed7953
14	1403840	1419992	10	1822591	1849772	f58b47
13	7478642	7487287	13	27678688	27691790	ed7953
8	29957069	29962309	7	47486947	47498465	ad2793
4	87038756	87040852	9	50335243	50344593	5c01a6
14	2321286	2323726	10	3193392	3197007	f58b47
13	1920599	1925202	13	17979750	17991436	ed7953
14	5269420	5272956	10	7795224	7806174	f58b47
2	130846420	130854731	2	167320651	167327758	2e0595
12	3269425	3270958	14	5175511	5177742	e3685f
1	224660827	224663976	1	144346547	144356691	0d0887
13	16540489	16542615	13	11731262	11735117	ed7953
1	210825645	210836058	1	162306731	162317076	0d0887
6	88258559	88265626	5	14643131	14652966	8808a6
16	7553981	7554806	11	21144402	21146491	fdb42f
2	155055081	155067278	2	139879445	139901191	2e0595
7	12967529	12971481	6	14921102	14925867	9c179e
1	246146416	246153076	1	117173846	117181810	0d0887
1	336749677	336753679	1	1171283	1175190	0d0887
7	26137628	26148066	6	31172905	31182264	9c179e
7	31031674	31041268	6	36963854	36974000	9c179e
16	2552102	2553686	11	17014834	17015850	fdb42f
7	84046690	84054452	6	93246091	93255335	9c179e
2	222397432	222399353	2	54869621	54870635	2e0595
1	300849133	300858735	1	43867784	43884664	0d0887
19	5670720	5672207	17	248075	249274	f0f921
7	71824126	71827494	6	74337778	74340273	9c179e
1	50883329	50887935	1	353576340	353578797	0d0887
6	44577242	44578996	5	66187078	66192117	8808a6
4	50851606	50858172	8	18366365	18372243	5c01a6
3	156404462	156408308	3	200996269	201000241	46039f
14	13661587	13671643	10	19147997	19155565	f58b47
2	189803121	189820477	2	96143444	96155250	2e0595
5	66488780	66497100	4	80838998	80848053	7201a8
6	85851838	85852267	5	17474121	17474568	8808a6
2	207409440	207417512	2	73933086	73938803	2e0595
2	100835201	100837573	2	199953025	199954847	2e0595
3	137864584	137872004	3	176178902	176185744	46039f
1	97779034	97783809	1	291376342	291381617	0d0887
13	1231663	1232113	13	16276127	16276577	ed7953
6	27388070	27391391	5	88843452	88845677	8808a6
7	62120784	62130137	6	67871954	67885663	9c179e
2	47423769	47425809	2	262577279	262582778	2e0595
3	59015670	59020796	3	82727638	82740396	46039f
3	193622216	193631215	3	251899353	251906222	46039f
1	280775957	280782344	1	71603517	71610087	0d0887
19	3122065	3124346	17	6648827	6654928	f0f921
1	317041423	317043989	1	23571973	23574148	0d0887
5	22722967	22725738	4	27567829	27570405	7201a8
1	129245080	129271085	1	253680166	253714092	0d0887
13	14970970	14974587	13	9582185	9589999	ed7953
14	12632318	12640609	10	18940995	18951905	f58b47
1	323497750	323506795	1	15690983	15703143	0d0887
8	22960639	22965490	7	65223913	65228827	ad2793
2	97104712	97108777	2	203933594	203935611	2e0595
1	165495973	165502391	1	211772025	211777307	0d0887
3	155077355	155081592	3	199197161	199207715	46039f
4	98508898	98516015	9	38016384	38024219	5c01a6
17	11013697	11014108	10	39650794	39651205	fdca26
1	208737150	208749780	1	164585151	164599684	0d0887
8	53385711	53392192	7	10179762	10184598	ad2793
1	317414750	317416436	1	23064516	23066671	0d0887
2	69111528	69117425	2	234651904	234658811	2e0595
4	84866770	84868689	9	53363985	53365743	5c01a6
14	481563	482197	10	649249	650369	f58b47
2	101937373	101943570	2	198740910	198749053	2e0595
7	36938411	36942899	6	44216920	44224666	9c179e
1	89175274	89206887	1	302749645	302791916	0d0887
17	6657043	6663635	10	34851600	34857188	fdca26
10	1647823	1649569	11	31406108	31407731	cc4778
1	187051244	187059576	1	189665932	189678407	0d0887
1	339538498	339542480	1	417065899	417070172	0d0887
5	7972810	7974582	4	8772212	8778549	7201a8
7	36535127	36539709	6	43808557	43815726	9c179e
5	100064100	100067486	4	122259056	122267765	7201a8
6	45467807	45471356	5	65043288	65046429	8808a6
2	177537602	177541309	2	112235621	112243735	2e0595
3	65739564	65743649	3	91474040	91478469	46039f
1	242764701	242769078	1	121337097	121343186	0d0887
4	38714990	38724301	8	32019195	32022667	5c01a6
15	8679307	8682071	15	11541493	11544425	fb9f3a
3	94999229	95031724	3	125532815	125549504	46039f
14	3581603	3582990	10	5134328	5136093	f58b47
14	5194885	5196656	10	7681331	7684240	f58b47
1	298683200	298691812	1	46645685	46649869	0d0887
15	7027018	7036768	15	14585031	14608649	fb9f3a
1	335732773	335739881	1	2081545	2085584	0d0887
1	82074448	82087388	1	311867666	311875773	0d0887
3	55463244	55467680	3	78144739	78157074	46039f
17	11106516	11107623	10	39817571	39818769	fdca26
2	61378402	61381460	2	244191407	244197471	2e0595
7	16095294	16155461	6	18770787	18777129	9c179e
1	152141770	152148989	1	227482460	227489310	0d0887
7	33125856	33128379	6	39512832	39519146	9c179e
13	15828967	15835780	13	10756330	10768455	ed7953
6	43217633	43220988	5	68002607	68006946	8808a6
1	72620233	72623024	1	324561289	324562655	0d0887
1	104566145	104568656	1	283056315	283057872	0d0887
5	50297369	50337869	4	62727560	62766068	7201a8
1	255738651	255740872	1	105162022	105165059	0d0887
2	177885194	177893091	2	111781321	111786864	2e0595
12	13722843	13728549	14	21815927	21822948	e3685f
7	26519875	26534917	6	31603380	31614074	9c179e
4	81370530	81374435	9	50807931	50815268	5c01a6
1	82198386	82204454	1	311735937	311740032	0d0887
13	1910005	1916937	13	17995736	18001012	ed7953
10	6504131	6504545	16	4747586	4748000	cc4778
5	69915893	69924416	4	84080369	84085126	7201a8
2	94358585	94364804	2	207195465	207202079	2e0595
1	55403936	55405794	1	347599294	347602194	0d0887
19	7465773	7468057	17	2340980	2342437	f0f921
17	10426748	10427165	10	27085707	27086124	fdca26
1	306769724	306770141	1	36013813	36014230	0d0887
1	312476716	312482925	1	29518425	29522736	0d0887
4	38899792	38900919	8	31868324	31869482	5c01a6
2	153910371	153916607	2	141154549	141162079	2e0595
1	106289336	106298830	1	280970394	280978826	0d0887
13	12473168	12475098	13	6055931	6060947	ed7953
5	20787448	20787764	4	24863126	24863426	7201a8
14	7530516	7533087	10	11230260	11233313	f58b47
1	96403439	96405553	1	293263410	293265325	0d0887
5	32396830	32398888	4	39850953	39853938	7201a8
5	24228612	24233073	4	29330584	29342536	7201a8
6	26959597	26963541	5	89400121	89402672	8808a6
1	319270179	319272241	1	20728921	20731958	0d0887
5	120881821	120886469	4	126305225	126306959	7201a8
4	60589986	60595013	8	7475449	7479179	5c01a6
1	323739356	323742265	1	15429781	15431229	0d0887
1	104425676	104426087	1	283232820	283233231	0d0887
16	7817504	7822545	11	21487966	21499457	fdb42f
5	52204550	52204916	4	64910932	64911298	7201a8
4	82155016	82157934	9	51283552	51285864	5c01a6
2	220349036	220356184	2	57481097	57485100	2e0595
8	30367199	30368287	7	47936967	47938141	ad2793
4	49827794	49831811	8	19471539	19475179	5c01a6
3	106256617	106266078	3	136860578	136866455	46039f
2	212001426	212014250	2	67865226	67875108	2e0595
5	53239696	53245446	4	66256560	66263946	7201a8
1	156238669	156242371	1	222611606	222615673	0d0887
3	85464619	85469375	3	116243073	116249981	46039f
7	88500198	88500600	6	87561999	87562401	9c179e
4	64131285	64135768	8	351317	366852	5c01a6
3	82806809	82808732	3	112544251	112546178	46039f
7	10718007	10729988	6	12245463	12251703	9c179e
19	4787838	4796612	17	3513093	3530076	f0f921
5	57825831	57828510	4	71377238	71385471	7201a8
3	195396208	195409212	3	255900289	255904083	46039f
2	134606778	134607177	2	160262866	160263265	2e0595
1	210673727	210679501	1	162550485	162556582	0d0887
3	166737091	166739283	3	215807878	215809999	46039f
8	38763798	38766675	7	59161530	59164780	ad2793
8	48506126	48512304	7	30997981	31011361	ad2793
1	39032024	39032782	1	370607244	370608334	0d0887
3	172504775	172511632	3	224037462	224042596	46039f
1	249709398	249712782	1	112783363	112787129	0d0887
17	8369986	8371852	10	31592610	31594999	fdca26
6	93482686	93494269	5	3423171	3432302	8808a6
1	118977533	118989282	1	266346970	266359822	0d0887
1	88409109	88410491	1	303844744	303848419	0d0887
12	8389944	8391395	14	13772192	13774640	e3685f
7	22248880	22296196	6	26188962	26257090	9c179e
1	12288298	12293595	1	404417881	404434912	0d0887
14	5934523	5942396	10	8777004	8783510	f58b47
1	266726425	266736592	1	90711115	90717144	0d0887
1	29073505	29077594	1	383573271	383580794	0d0887
6	96286443	96294271	5	10193560	10207887	8808a6
4	54685075	54690642	8	14134023	14141514	5c01a6
13	279318	281178	13	15104665	15106809	ed7953
2	86841162	86841525	2	215499087	215499465	2e0595
7	36991717	37000474	6	44267135	44274294	9c179e
3	157148970	157151024	3	202056986	202058801	46039f
17	10543639	10545107	10	38733862	38735594	fdca26
3	185062139	185064563	3	240797592	240800010	46039f
3	186225710	186227818	3	242458982	242461171	46039f
11	15054643	15063606	12	4587476	4595967	d8576b
2	209537925	209540563	2	71180662	71185342	2e0595
3	100523685	100526085	3	129964472	129965292	46039f
2	164068720	164069173	2	128895094	128895547	2e0595
8	11611309	11614893	7	80047399	80050792	ad2793
2	168036498	168039915	2	123930569	123934048	2e0595
7	93104067	93108901	6	100295212	100298271	9c179e
1	322547857	322548298	1	16886582	16887020	0d0887
2	156365900	156372211	2	138352206	138364918	2e0595
6	8083988	8092906	5	112681305	112684373	8808a6
12	1611754	1614106	14	2255285	2256941	e3685f
3	113893647	113911728	3	146028835	146047713	46039f
7	28324795	28329215	6	33654610	33658222	9c179e
7	10628098	10637655	6	12164418	12185650	9c179e
16	1383223	1384512	11	30602316	30603353	fdb42f
3	3401289	3455513	3	3899077	3923342	46039f
1	126413735	126425730	1	257259325	257269961	0d0887
2	103359027	103362062	2	196875005	196878081	2e0595
10	6530053	6537478	16	4857042	4860980	cc4778
6	24674724	24680114	5	92905870	92909488	8808a6
7	28859822	28864392	6	34227063	34233659	9c179e
2	160145737	160148994	2	133659951	133663859	2e0595
11	22751172	22751717	12	24366008	24367469	d8576b
1	53630615	53634490	1	349987064	349993470	0d0887
1	337472712	337478786	1	470101	471708	0d0887
1	48974186	48978557	1	356180456	356185624	0d0887
1	50141366	50151571	1	354436155	354448112	0d0887
5	52246562	52246937	4	64975965	64976340	7201a8
1	44204	44946	1	415080581	415081174	0d0887
1	227824479	227828950	1	140449654	140453378	0d0887
16	13058278	13059054	11	25660973	25664598	fdb42f
4	49848604	49853876	8	19452972	19458397	5c01a6
1	194781477	194788425	1	180180209	180185805	0d0887
2	72755808	72756183	2	230179432	230179807	2e0595
1	318073214	318075355	1	22106172	22107776	0d0887
1	118663588	118665422	1	266733745	266734954	0d0887
14	984520	985927	10	1279283	1281006	f58b47
11	20703857	20706566	12	21890512	21894790	d8576b
1	272453761	272456263	1	83224090	83226823	0d0887
15	12929485	12932128	15	5731935	5733763	fb9f3a
12	10970210	10973482	14	17157966	17165686	e3685f
5	5606945	5615235	4	5886110	5892301	7201a8
14	1921134	1921806	10	2593931	2594511	f58b47
2	55123649	55130861	2	252212269	252216176	2e0595
6	63839952	63841137	5	38549682	38552532	8808a6
14	5358772	5360700	10	7906633	7909802	f58b47
4	125709916	125711856	9	25330136	25332655	5c01a6
3	89358509	89413474	3	121150601	121198560	46039f
1	285016211	285017666	1	65558532	65561131	0d0887
1	62395777	62397971	1	337605265	337607735	0d0887
14	16413201	16413782	10	21257235	21258149	f58b47
14	9179118	9185857	10	13456293	13461946	f58b47
1	227621079	227625402	1	140708856	140711305	0d0887
8	4151793	4158258	7	90033962	90036400	ad2793
1	71179144	71180970	1	326404204	326406518	0d0887
4	53327749	53330519	8	15656911	15660865	5c01a6
2	157675845	157677107	2	136707549	136708966	2e0595
7	33812889	33814996	6	40301193	40303731	9c179e
11	1213007	1216294	12	26639110	26645977	d8576b
1	233949873	233951686	1	132903540	132908515	0d0887
3	16028281	16032793	3	19478929	19492170	46039f
17	8392822	8393176	10	31630574	31630928	fdca26
17	11002935	11003433	10	39639838	39640487	fdca26
15	869193	871619	15	23402088	23406452	fb9f3a
1	319413064	319415505	1	20551577	20554835	0d0887
1	273414840	273418676	1	81672334	81680272	0d0887
2	89880601	89880952	2	212036949	212037291	2e0595
1	55580961	55585355	1	347375652	347397882	0d0887
1	292903506	292906421	1	54860369	54863370	0d0887
1	16705168	16716826	1	399601315	399606906	0d0887
4	82562879	82567375	9	51563511	51567424	5c01a6
1	295170731	295177119	1	51513867	51515633	0d0887
15	12454052	12454400	15	6393998	6394343	fb9f3a
5	54478616	54493392	4	67478499	67498426	7201a8
1	5384184	5397338	1	411333514	411344918	0d0887
4	29983897	29998908	8	41642534	41647235	5c01a6
1	50867681	50869361	1	353602892	353604959	0d0887
12	9493580	9496263	14	15109871	15115080	e3685f
6	12092910	12096665	5	108816331	108818871	8808a6
3	29770768	29776004	3	38915942	38934820	46039f
3	166609059	166612732	3	215589064	215595354	46039f
1	107647842	107650903	1	278974970	278977667	0d0887
1	8158536	8166056	1	408622205	408639205	0d0887
4	88986060	88986393	9	48562905	48563238	5c01a6
3	29804535	29807669	3	38963146	38967956	46039f
5	30422948	30427726	4	37389855	37397857	7201a8
6	85232501	85248056	5	21684403	21694813	8808a6
3	155389564	155391528	3	199586232	199588556	46039f
14	4774282	4776919	10	7040791	7055257	f58b47
1	177123120	177124503	1	200079873	200082987	0d0887
15	15792536	15795457	15	1781507	1789038	fb9f3a
3	141639083	141642962	3	181229886	181234522	46039f
6	80676355	80766535	5	24743804	24751694	8808a6
7	20380575	20391431	6	23783322	23794854	9c179e
3	24506215	24508985	3	30971201	30974707	46039f
5	49292822	49298746	4	61398293	61400874	7201a8
3	63571776	63577628	3	88689451	88694318	46039f
1	166473103	166476487	1	210576446	210589295	0d0887
1	20880183	20883202	1	394753900	394760397	0d0887
1	100866365	100868635	1	287672149	287672907	0d0887
5	26276636	26276954	4	32105721	32106042	7201a8
1	18589540	18594027	1	397508042	397511744	0d0887
1	246467437	246472655	1	116822724	116826447	0d0887
7	33321806	33326967	6	39719066	39726617	9c179e
19	5308331	5311325	17	2777265	2779490	f0f921
5	90516738	90521946	4	98925283	98926535	7201a8
2	84730442	84741187	2	217538623	217551073	2e0595
11	3127183	3127495	12	29622143	29622455	d8576b
1	285066748	285078367	1	65477408	65489516	0d0887
2	85868957	85877213	2	216501505	216507103	2e0595
3	16419270	16451687	3	19801660	19847217	46039f
5	21004572	21004878	4	25183175	25183478	7201a8
3	178140422	178142038	3	231766440	231767853	46039f
10	6963319	6968536	16	5329835	5332705	cc4778
4	31829479	31830987	8	39546770	39549642	5c01a6
13	3757695	3762840	13	20636193	20637959	ed7953
1	214686345	214692140	1	157542942	157549595	0d0887
3	163070613	163070952	3	210208448	210208784	46039f
12	3602946	3603927	14	5736867	5741587	e3685f
8	74980402	74994729	7	12272287	12295019	ad2793
4	2741324	2745950	8	70263328	70265772	5c01a6
1	221497393	221499812	1	148737318	148739620	0d0887
2	120112681	120114286	2	178780313	178783030	2e0595
1	292797929	292805194	1	55015054	55025291	0d0887
1	165883410	165885884	1	211232949	211234498	0d0887
1	227695965	227697486	1	140619257	140621182	0d0887
7	83874689	83881540	6	93624504	93632421	9c179e
2	97293310	97293601	2	203666861	203667152	2e0595
3	29664628	29666082	3	38726599	38728332	46039f
1	279404367	279416879	1	73417940	73451690	0d0887
2	141081791	141083561	2	155904430	155908804	2e0595
1	50080112	50082055	1	354517420	354525905	0d0887
3	20399559	20405886	3	25210954	25219750	46039f
17	4329867	4339359	10	37693168	37702438	fdca26
1	40389522	40412727	1	368718901	368747291	0d0887
10	4694062	4694341	16	2896749	2897028	cc4778
11	6381860	6384765	12	1412548	1416182	d8576b
3	145595470	145598255	3	186778237	186781469	46039f
3	6472656	6473520	3	7385421	7386677	46039f
2	103234791	103238602	2	197041698	197045787	2e0595
13	629866	632952	11	31011148	31013913	ed7953
18	9056294	9056570	11	11226962	11227253	f8e125
1	328890537	328896414	1	9743106	9744949	0d0887
1	26778437	26782074	1	386745786	386749638	0d0887
3	153948284	153951976	3	197442658	197444643	46039f
1	63365548	63372153	1	336279450	336296729	0d0887
1	228934996	228937770	1	139005844	139009361	0d0887
3	178042139	178042400	3	231663424	231663685	46039f
5	65920569	65940545	4	80346555	80350613	7201a8
3	81805727	81841619	3	111398807	111435217	46039f
3	26306156	26334502	3	33599206	33650548	46039f
2	212917607	212920737	2	66760090	66763339	2e0595
1	1875011	1875263	1	413225042	413225294	0d0887
3	177914771	177920765	3	231497272	231503937	46039f
14	472981	473233	10	638318	638570	f58b47
3	37952335	37957392	3	50771327	50775708	46039f
1	252511787	252513542	1	109350033	109352154	0d0887
15	9361085	9361328	15	12457757	12458000	fb9f3a
6	22232607	22232835	5	96046699	96046927	8808a6
8	28559284	28562626	7	45662076	45664714	ad2793
3	83471032	83474465	3	113599125	113601202	46039f
6	30713790	30715322	5	84461865	84467290	8808a6
3	169678392	169679077	3	220119738	220124414	46039f
1	329104370	329115809	1	9495861	9504825	0d0887
12	18761288	18763391	14	27858864	27862887	e3685f
3	30574796	30576603	3	39895682	39896571	46039f
13	15709697	15711455	13	10608480	10610844	ed7953
2	182396062	182397673	2	105626868	105628371	2e0595
3	23274407	23276212	3	29355024	29357362	46039f
6	38992139	38994329	5	73373600	73375539	8808a6
3	15563865	15564998	3	18836752	18840906	46039f
2	192136763	192139586	2	93351971	93356543	2e0595
1	51390208	51395001	1	352996238	353000439	0d0887
2	182008946	182009132	2	106132001	106132187	2e0595
1	287014445	287020253	1	63080068	63082039	0d0887
3	146240468	146241259	3	187746973	187747682	46039f
3	23649436	23651663	3	29867325	29869782	46039f
1	41273832	41275831	1	367618524	367625425	0d0887
1	243073411	243073567	1	120962387	120962543	0d0887
