Species_1	Start_1	End_1	Species_2	Start_2	End_2	fill
1	65746531	65838890	1	46887893	46981904	placeholder
1	148936096	149069608	1	128885546	129023952	placeholder
8	42966448	43092062	8	42207679	42313777	placeholder
5	21571446	21593801	4	21337322	21360051	placeholder
1	198202236	198243518	1	177473611	177516993	placeholder
2	191945511	192002093	2	70474023	70530773	placeholder
14	14408711	14503783	12	2679936	2775325	placeholder
4	22456142	22582721	5	21413371	21527140	placeholder
1	270038753	270125470	1	248255597	248337166	placeholder
1	126070166	126166134	1	106328226	106398343	placeholder
14	5859568	5915779	12	11084934	11138872	placeholder
1	310054045	310226185	1	288323974	288481994	placeholder
7	41879020	42009147	7	39330341	39455102	placeholder
5	24709095	24743371	4	24418232	24451157	placeholder
1	239740195	239799764	1	218034988	218115993	placeholder
4	56879587	56937975	5	55401619	55460978	placeholder
3	64068408	64111453	3	127624797	127683522	placeholder
3	65933528	65979642	3	125771923	125819560	placeholder
2	47369246	47409108	2	208238874	208285484	placeholder
3	197899120	197959211	16	4922027	4984411	placeholder
2	198317496	198392263	2	64105302	64148539	placeholder
5	77784247	77837529	4	76179907	76220100	placeholder
12	11705357	11955692	11	11540315	11782374	placeholder
1	40467695	40605557	1	21468821	21604461	placeholder
16	10002106	10041753	15	3034606	3072944	placeholder
3	153841800	153945808	3	39210577	39321046	placeholder
13	13692774	13730122	10	18783956	18820732	placeholder
8	55648999	55715066	8	54627480	54693348	placeholder
17	7820850	7849822	19	3003962	3034489	placeholder
1	227650323	227674007	1	206186203	206207764	placeholder
1	55495909	55568752	1	36532202	36610926	placeholder
17	1875274	1969990	2	94833812	94886325	placeholder
1	337045295	337197606	1	314630752	314771245	placeholder
2	152269843	152317762	2	107908308	107954882	placeholder
1	173115847	173225833	1	152845865	152951446	placeholder
7	88785669	88883444	7	83097349	83190995	placeholder
1	226244444	226301853	1	204852051	204909563	placeholder
7	30649792	30742536	7	28390252	28491754	placeholder
16	13020831	13048086	15	51731	79068	placeholder
1	254251440	254273160	1	232341544	232362553	placeholder
1	340441203	340457170	1	317966455	317982370	placeholder
7	15905138	16030611	7	14175181	14296838	placeholder
1	63230614	63248112	1	44369645	44398200	placeholder
1	139247389	139332755	1	119497669	119545201	placeholder
15	14731807	14746046	13	14475287	14489612	placeholder
5	52903400	52945682	4	52229253	52269453	placeholder
4	19829077	19898892	5	19093028	19171182	placeholder
1	143309865	143409578	1	123337636	123437077	placeholder
2	90211784	90306194	3	73038947	73147792	placeholder
16	8925450	9028643	15	4039704	4143935	placeholder
2	103475212	103503025	2	154477271	154499287	placeholder
4	57144996	57220345	5	55661104	55731845	placeholder
6	85593186	85678509	6	13473118	13557075	placeholder
2	243389519	243490749	2	18978470	19081834	placeholder
16	11856908	11882451	15	1208320	1233733	placeholder
1	333403470	333571816	1	311067977	311240472	placeholder
7	29771975	29948810	7	27506349	27694245	placeholder
14	1843998	1869919	12	15125238	15149767	placeholder
1	270326380	270370401	1	248543175	248583193	placeholder
5	38723730	38762385	4	38292329	38338237	placeholder
1	17345116	17409434	1	333702742	333764765	placeholder
1	276478812	276524718	1	254526934	254571674	placeholder
16	10138522	10204439	15	2864468	2931109	placeholder
1	217716540	217754577	1	196492297	196531758	placeholder
1	273477741	273804175	1	251548524	251861239	placeholder
6	30925131	30997296	6	66200859	66266172	placeholder
2	67273630	67354026	2	188619679	188730346	placeholder
8	41225517	41275540	8	40508983	40559199	placeholder
15	4578186	4642046	13	4547406	4609074	placeholder
2	156393146	156424112	2	103728340	103758956	placeholder
1	71974059	72090517	1	52895417	52970221	placeholder
6	89352107	89457309	6	9663965	9765994	placeholder
3	87273107	87430496	3	104401759	104584327	placeholder
8	21681298	21700178	8	21021320	21040428	placeholder
5	119878978	119912385	4	117348416	117380310	placeholder
7	31477671	31525503	7	29263915	29305072	placeholder
1	41301800	41347926	1	22316078	22352968	placeholder
4	93612604	93700625	5	88523521	88622681	placeholder
6	97386734	97463640	6	1784025	1855156	placeholder
1	130705502	130730074	1	110923109	110953285	placeholder
14	10099259	10150034	12	6937811	6979986	placeholder
1	39647603	39686272	1	20672689	20712250	placeholder
6	70123998	70172573	6	27934957	27999233	placeholder
2	158407906	158505750	2	101721104	101826299	placeholder
2	100057344	100092342	2	157826471	157861172	placeholder
15	6795598	6816406	13	6756634	6777005	placeholder
1	116661377	116673484	1	96867823	96880578	placeholder
2	217968864	218317612	2	43924795	44302839	placeholder
14	14554076	14601311	12	2579036	2629526	placeholder
1	65642528	65680170	1	46791412	46827370	placeholder
1	277621622	277638293	1	255631559	255648281	placeholder
10	16434487	16447306	9	15402241	15414012	placeholder
2	84884676	84975111	2	171172606	171250432	placeholder
15	1758966	1793963	13	1729441	1764634	placeholder
7	21239400	21296110	7	19251563	19306040	placeholder
2	155944757	155999368	2	104177245	104240168	placeholder
1	265601318	265694508	1	243755134	243849786	placeholder
7	89923509	89977359	7	84191525	84243332	placeholder
3	57057604	57110484	3	134539829	134598023	placeholder
7	46611936	46651584	7	43817377	43866691	placeholder
5	85860881	85961163	4	83841489	83937993	placeholder
14	16075595	16123807	12	1044217	1093136	placeholder
19	5983239	6019948	18	2173235	2201955	placeholder
8	75119664	75143890	8	72187055	72210209	placeholder
17	10092750	10111182	19	632879	651190	placeholder
3	25696020	25727393	3	165891632	165919496	placeholder
1	18148351	18207975	1	334511598	334572011	placeholder
1	286115006	286261800	1	264303156	264453260	placeholder
8	74273556	74304933	8	71361595	71392146	placeholder
1	116303632	116347770	1	96495012	96546002	placeholder
14	6397046	6421387	12	10584616	10608977	placeholder
13	474334	546105	10	5720183	5737817	placeholder
1	339620078	339678289	1	317181923	317234727	placeholder
2	199267891	199304830	2	63204809	63245533	placeholder
1	340401255	340412468	1	317921600	317932781	placeholder
14	8248162	8293241	12	8743585	8793252	placeholder
1	13668449	13726046	1	329985892	330044751	placeholder
3	152339458	152404353	3	40806894	40878796	placeholder
5	8042920	8068159	4	7986861	8010668	placeholder
2	133124550	133156532	2	126112738	126144851	placeholder
12	4882637	4944016	11	4813167	4844339	placeholder
14	9854934	9888403	12	7164593	7198536	placeholder
7	16305383	16355037	7	14565703	14613591	placeholder
3	114830030	114916385	3	78253009	78339357	placeholder
5	109376910	109521772	4	106799534	106946010	placeholder
1	255446735	255500403	1	233524630	233573527	placeholder
1	268763022	268834137	1	246954629	247026338	placeholder
2	206213535	206273600	2	56199534	56253096	placeholder
8	60638174	60798671	8	59119892	59273531	placeholder
5	36410076	36467420	4	35946672	36000215	placeholder
1	71525710	71607930	1	52399187	52477795	placeholder
1	62339399	62392219	1	43506287	43549454	placeholder
7	52747782	52867614	7	49344546	49481796	placeholder
1	272654955	272721331	1	250728824	250797318	placeholder
1	166157898	166199410	1	145827672	145868440	placeholder
6	31417461	31463732	6	65720953	65776494	placeholder
17	9549693	9575015	19	1297410	1322205	placeholder
3	152262743	152301892	3	40915829	40955473	placeholder
1	64641729	64776176	1	45768473	45891876	placeholder
1	332636091	332794298	1	310323747	310467292	placeholder
19	241781	256145	18	7802520	7817130	placeholder
2	11596379	11609758	2	243653611	243669449	placeholder
3	49301918	49375407	3	142273233	142346340	placeholder
3	142593126	142633794	3	50586571	50620130	placeholder
3	66422137	66495018	3	125343412	125411378	placeholder
5	70801597	70858812	4	69683459	69748104	placeholder
17	4936784	5003635	19	5729359	5795499	placeholder
1	238870745	238912380	1	217176482	217216792	placeholder
15	1857484	1871877	13	1828177	1839361	placeholder
5	50690613	50767089	4	49997320	50097159	placeholder
3	180826430	180940954	3	11794358	11914916	placeholder
1	176836776	176918133	1	156590543	156664097	placeholder
3	123249956	123295873	3	69897175	69945341	placeholder
5	67763398	67802533	4	66722748	66765966	placeholder
3	39113724	39157371	3	152382512	152426910	placeholder
1	53694873	53742432	1	34655297	34703418	placeholder
5	51303523	51358748	4	50636970	50691046	placeholder
1	262199614	262249198	1	240257560	240301941	placeholder
5	91215382	91237293	4	88876910	88900171	placeholder
14	220670	238661	12	16763594	16783469	placeholder
16	1772462	1839689	15	11143246	11210682	placeholder
2	95579626	95619839	2	162244280	162276303	placeholder
3	130717001	130760659	3	62326649	62369989	placeholder
4	90938011	90962116	5	85885407	85910088	placeholder
5	5528377	5604304	4	5509584	5582681	placeholder
6	69893270	69897716	6	28204508	28208948	placeholder
1	288140427	288174228	1	266303057	266334265	placeholder
8	66446636	66703663	8	63833522	64093357	placeholder
15	11631271	11661660	13	11511730	11542400	placeholder
8	25544782	25586932	8	24995054	25062877	placeholder
1	257459716	257510039	1	235562282	235615056	placeholder
6	43290076	43341584	6	54246153	54301181	placeholder
16	6745275	6768804	15	6265126	6288022	placeholder
2	31532027	31598392	2	223896509	223961626	placeholder
7	65935264	66036415	7	63219941	63314256	placeholder
10	5047427	5106248	9	4902591	4959522	placeholder
11	22591404	22598268	14	480799	487650	placeholder
1	55155058	55168832	1	36185773	36199539	placeholder
8	76739548	76786316	8	73761815	73805528	placeholder
1	221445330	221488744	1	200103343	200143946	placeholder
1	277656680	277685325	1	255664272	255690919	placeholder
5	122421188	122467925	4	119887957	119921139	placeholder
3	169968203	170016443	3	22938783	22987101	placeholder
2	203692098	203727305	2	58815198	58850677	placeholder
1	159387198	159481033	1	139372169	139475286	placeholder
2	243252377	243294448	2	19178772	19221809	placeholder
7	88174371	88409672	7	82466004	82704824	placeholder
2	194020657	194049214	2	68381842	68409577	placeholder
12	8498031	8517940	11	8433847	8452582	placeholder
11	17532655	17569365	14	5404507	5439657	placeholder
7	56448764	56508055	7	53568358	53624289	placeholder
4	87252174	87311993	5	82345055	82400295	placeholder
17	3356830	3388473	19	7322786	7354165	placeholder
5	26598873	26708861	4	26340757	26444192	placeholder
1	296534198	296569541	1	274846808	274890416	placeholder
7	37143476	37191008	7	34693918	34741253	placeholder
3	33815248	33870085	3	157746467	157803407	placeholder
14	4705538	4723856	12	12269804	12287633	placeholder
4	5290407	5335474	5	4464026	4508216	placeholder
1	260910412	260955704	1	239086710	239133993	placeholder
1	212036948	212125948	1	190578251	190656337	placeholder
3	63498087	63531695	3	128221611	128256754	placeholder
1	222821071	222886448	1	201473348	201536993	placeholder
2	235291097	235552557	2	26875605	27003168	placeholder
13	18053883	18076417	10	23116162	23138442	placeholder
6	37761343	37834443	6	59506009	59576092	placeholder
15	14152287	14166274	13	13901376	13914394	placeholder
1	137800680	137829527	1	118037503	118066177	placeholder
1	64357789	64413404	1	45504541	45558496	placeholder
13	18324394	18342253	10	23378887	23395977	placeholder
2	9338111	9358535	2	245882092	245904277	placeholder
1	170590766	170751966	1	150296977	150431022	placeholder
1	114341305	114376522	1	94512002	94548873	placeholder
2	69157800	69205702	2	186765225	186817582	placeholder
1	59090684	59137284	1	40232883	40274216	placeholder
2	203790679	203816443	2	58709904	58735185	placeholder
1	323234194	323353163	1	300885678	301005944	placeholder
8	36952098	36993073	8	36243645	36277938	placeholder
10	6545356	6594373	9	6388105	6443646	placeholder
5	58731851	58784444	4	57921346	57972495	placeholder
7	14501130	14527304	7	12764752	12790475	placeholder
3	7944295	8038861	3	183661370	183749146	placeholder
1	226703011	226743012	1	205307094	205348684	placeholder
1	92879617	92922599	1	73825809	73867383	placeholder
2	199901084	199946125	2	62559891	62606897	placeholder
1	62899545	62916979	1	44035027	44051817	placeholder
7	65511714	65600287	7	62813018	62901896	placeholder
2	97487021	97514881	2	160283907	160313525	placeholder
2	141510596	141569048	2	117704823	117765666	placeholder
1	296633681	296728182	1	274956589	275049862	placeholder
3	120154147	120199347	3	72985427	73031098	placeholder
1	299037803	299126962	1	277383018	277462502	placeholder
16	5011379	5053912	15	7929598	7971005	placeholder
1	179138712	179176680	1	158775795	158809491	placeholder
14	7308527	7343068	12	9680215	9711959	placeholder
4	51608750	51641624	5	50159708	50190543	placeholder
15	1899943	2021609	13	1867452	1992157	placeholder
2	190077598	190154079	2	72246230	72319995	placeholder
2	155294036	155338081	2	104831032	104880012	placeholder
1	211828633	211922561	1	190353342	190454190	placeholder
1	256613682	256721885	1	234701316	234814958	placeholder
15	7337377	7389348	13	7291381	7341196	placeholder
1	249005722	249048972	1	227218734	227265026	placeholder
2	148811305	149196028	2	110567865	110962687	placeholder
1	225929935	225969758	1	204528949	204566663	placeholder
2	67452584	67521925	2	188463289	188483281	placeholder
8	74792764	74835711	8	71879385	71921693	placeholder
1	164234628	164261118	1	143934025	143960746	placeholder
11	15300587	15321220	14	7635386	7656346	placeholder
14	7214832	7264790	12	9754665	9806557	placeholder
3	71242012	71354018	3	120532103	120633824	placeholder
8	67712144	67766246	8	65081624	65139853	placeholder
1	146563261	146611757	1	126514529	126555758	placeholder
19	5532872	5559813	18	2601366	2627979	placeholder
1	65842572	65871978	1	46985606	47013519	placeholder
5	100158559	100311027	4	97696375	97860930	placeholder
3	44699290	44918746	3	146661413	146878845	placeholder
1	116607547	116631639	1	96817638	96841467	placeholder
5	23250637	23350957	4	23080637	23178456	placeholder
1	302623759	302655942	1	281058066	281097019	placeholder
1	17650518	17720537	1	334024269	334090922	placeholder
14	719665	740263	12	16255729	16276243	placeholder
4	23612693	23640751	5	22587098	22625054	placeholder
1	26592420	26654162	1	7731481	7796065	placeholder
2	190353589	190376469	2	72030448	72051345	placeholder
3	147386754	147437623	3	45726070	45777204	placeholder
7	31115328	31158679	7	28894427	28922284	placeholder
11	11963727	12054570	14	10908315	10989739	placeholder
15	3377859	3431258	13	3359927	3408504	placeholder
3	58309119	58314897	3	133387710	133393525	placeholder
1	269844171	269908809	1	248066032	248132551	placeholder
19	4629440	4672443	18	3477284	3518865	placeholder
6	36540287	36567047	6	60748220	60776241	placeholder
1	259388280	259411447	1	237528203	237550962	placeholder
2	199769794	199872773	2	62644087	62745678	placeholder
13	13059948	13078794	10	18155388	18176376	placeholder
15	6517800	6546048	13	6479214	6507687	placeholder
6	43150111	43198579	6	54388809	54439043	placeholder
4	84273448	84317475	5	79411104	79452409	placeholder
4	20123778	20131399	5	19367349	19375054	placeholder
6	45583401	45606589	6	52041444	52064548	placeholder
1	284215054	284224877	1	262378643	262388102	placeholder
15	16761366	16777795	13	16523974	16540366	placeholder
15	11707112	11727607	13	11588601	11608884	placeholder
6	22656842	22694996	6	74342035	74380438	placeholder
18	9160510	9165550	17	8855795	8860884	placeholder
3	161020942	161073502	3	31981506	32037098	placeholder
3	45471755	45503488	3	146066839	146094762	placeholder
19	6412945	6477042	18	1718580	1792566	placeholder
8	48589652	48660041	8	47725342	47806148	placeholder
6	52093880	52121137	6	45677323	45705292	placeholder
3	56826965	56898702	3	134745456	134811028	placeholder
1	285975811	286023115	1	264178425	264226573	placeholder
8	23550171	23592750	8	22931155	22976342	placeholder
3	177449269	177543844	3	15225228	15324916	placeholder
6	42554280	42646994	6	54935861	55033338	placeholder
4	90968442	90998753	5	85916415	85947005	placeholder
1	270442240	270521068	1	248654992	248736240	placeholder
6	37963864	37993682	6	59351942	59383782	placeholder
13	3419802	3466320	10	8617740	8663582	placeholder
5	99248350	99300338	4	96840164	96889009	placeholder
1	114613967	114655901	1	94780204	94820363	placeholder
1	326092131	326181486	1	303864037	303961010	placeholder
5	86572881	86627955	4	84493729	84544101	placeholder
2	176341799	176368796	2	83945738	83970093	placeholder
1	250866748	250943357	1	229117756	229192789	placeholder
6	254736	281183	5	119477163	119493156	placeholder
3	136578647	136663095	3	56622792	56706955	placeholder
5	57009854	57040207	4	56201395	56235457	placeholder
1	65894818	65952585	1	47036339	47096514	placeholder
3	165989207	166012035	3	26976360	27004987	placeholder
3	62739178	62843728	3	128889922	129002518	placeholder
4	78522802	78869637	5	75628786	75964646	placeholder
5	122762927	122769705	4	120234979	120241746	placeholder
8	38897809	38919812	8	38190970	38211634	placeholder
3	9518619	9636007	3	181978163	182112978	placeholder
4	22196146	22239206	5	21172303	21221827	placeholder
13	12106485	12265297	10	17265481	17426119	placeholder
8	24695495	24718111	8	24070952	24091559	placeholder
1	157045668	157107335	1	137109417	137171674	placeholder
4	131285596	131325384	5	116928800	116967701	placeholder
18	1007273	1053613	17	1000520	1047295	placeholder
12	15740445	15919202	11	15401045	15579354	placeholder
7	21399659	21476818	7	19395909	19485075	placeholder
3	42347327	42398999	3	149206378	149260209	placeholder
2	228443966	228530724	2	33879956	33971261	placeholder
3	52982617	52986250	3	138705054	138708687	placeholder
13	390293	420483	10	5585289	5615804	placeholder
1	135477797	135520808	1	115723666	115767035	placeholder
5	86517313	86569499	4	84454198	84490368	placeholder
3	34738913	34747905	3	156876712	156885697	placeholder
15	1336079	1354237	13	1270899	1320545	placeholder
6	42747753	42832878	6	54745073	54832199	placeholder
6	48970621	49005507	6	48605797	48640524	placeholder
1	337986849	338039904	1	315550505	315602233	placeholder
4	84333065	84462595	5	79468134	79578050	placeholder
14	4661495	4685591	12	12307164	12329087	placeholder
1	331136396	331210844	1	308817231	308885445	placeholder
6	10988868	11055278	6	85734677	85797239	placeholder
3	70184883	70231912	3	121626288	121673324	placeholder
8	44586934	44675788	8	43771711	43870938	placeholder
6	93129308	93183623	6	6048282	6096561	placeholder
7	75934480	75979747	7	70579187	70625808	placeholder
1	142742239	142855468	1	122837326	122938402	placeholder
1	277887252	277932505	1	255905558	255944882	placeholder
2	160533564	160681251	2	99499355	99650693	placeholder
1	183698300	183978040	1	162978302	163277225	placeholder
1	291813352	291889328	1	270047750	270117460	placeholder
1	154693946	154798106	1	134809110	134855828	placeholder
2	189233669	189514460	2	72916421	73191367	placeholder
8	23358941	23390731	8	22739010	22769860	placeholder
1	42905937	42946244	1	23877074	23920609	placeholder
2	98330260	98352873	2	159452678	159476869	placeholder
1	27644084	27661116	1	8765589	8783193	placeholder
1	200561649	200596682	1	179519719	179553682	placeholder
1	330850821	330895787	1	308542209	308584114	placeholder
1	266503929	266547698	1	244660372	244716334	placeholder
5	55628572	55661714	4	54896875	54930375	placeholder
7	62911398	62963516	7	60209352	60267813	placeholder
6	89930570	89980070	6	9162963	9207508	placeholder
5	40154817	40229061	4	39557810	39626817	placeholder
7	75905235	75908736	7	70550865	70554363	placeholder
14	6269487	6298685	12	10712994	10740375	placeholder
3	105745030	105797379	3	87144864	87192792	placeholder
3	152980872	153007086	3	40176727	40210261	placeholder
5	31395215	31420786	4	31136460	31161317	placeholder
2	157084301	157111087	2	103103311	103131745	placeholder
15	16934840	17038921	13	16692993	16730455	placeholder
8	6900984	7043115	8	6527937	6676604	placeholder
1	216257284	216305951	1	194978160	194998217	placeholder
1	294083175	294103082	1	272392231	272414968	placeholder
11	21320332	21342767	14	1717926	1740349	placeholder
11	15261459	15294596	14	7662361	7695777	placeholder
5	45901162	45904639	4	45371234	45374711	placeholder
2	66899867	66927113	2	189079360	189110576	placeholder
4	131357993	131385499	5	116999726	117055378	placeholder
1	100421757	100464644	1	81179997	81222342	placeholder
4	19487277	19532078	5	18751740	18793953	placeholder
3	13820501	13854005	3	177709602	177744725	placeholder
1	113180726	113251416	1	93387926	93463719	placeholder
3	136134953	136176735	3	57060298	57100436	placeholder
1	13757420	13812830	1	330078264	330132899	placeholder
1	323748761	323798676	1	301424785	301480618	placeholder
3	155404606	155520328	3	37623835	37762488	placeholder
4	61577987	61622891	5	60138176	60183824	placeholder
1	109788909	109814707	1	90100486	90125949	placeholder
5	39233154	39241767	4	38802019	38811153	placeholder
14	2568319	2597280	12	14408549	14436677	placeholder
7	51694396	51773957	7	48390773	48602918	placeholder
1	114668450	114696496	1	94831915	94861026	placeholder
6	56361559	56409865	6	41463786	41521124	placeholder
3	124278032	124301650	3	68867907	68894582	placeholder
12	20339340	20432523	11	19745505	19872870	placeholder
6	16945176	17070086	6	80030942	80147112	placeholder
12	2127838	2147551	11	2074800	2094669	placeholder
3	105944458	105994158	3	86964050	87009090	placeholder
4	12758044	12860455	5	12007933	12044202	placeholder
6	98994434	99039920	6	178570	224077	placeholder
3	101673636	101814059	3	91098236	91251041	placeholder
7	21934189	21984017	7	19934276	19983646	placeholder
1	257081025	257095445	1	235171561	235185984	placeholder
14	9817803	9859925	12	7207799	7233831	placeholder
6	62235133	62271068	6	35836345	35868989	placeholder
3	165722871	165823291	3	27187426	27294573	placeholder
8	44416689	44449583	8	43599798	43630602	placeholder
14	5001756	5071889	12	11972760	11999722	placeholder
1	98860299	98894814	1	79626015	79663023	placeholder
7	23607724	23671416	7	21579266	21641479	placeholder
3	11628522	11738446	3	179862140	179967249	placeholder
5	20901514	20947084	4	20696713	20737027	placeholder
2	200499394	200582071	2	61879023	61987918	placeholder
19	346734	353632	18	7687692	7741666	placeholder
8	25803465	25835695	8	25259099	25291402	placeholder
15	9309410	9354641	13	9228309	9272603	placeholder
1	11941280	11972529	1	328308086	328342092	placeholder
1	90344169	90441576	1	71226572	71317493	placeholder
1	25181596	25214292	1	6266016	6297981	placeholder
8	31454788	31462344	8	30919577	30927104	placeholder
2	79989101	80052621	2	175966752	176026066	placeholder
1	95107043	95180475	1	75984568	76068878	placeholder
2	155344224	155435561	2	104732737	104824899	placeholder
8	66913314	66941797	8	64307293	64339566	placeholder
2	52516907	52528520	2	203215822	203228174	placeholder
14	13558291	13599575	12	3593609	3636067	placeholder
1	300028831	300051069	1	278398208	278420580	placeholder
2	140628795	140681990	2	118583506	118633269	placeholder
5	87427724	87474421	4	85343299	85391595	placeholder
3	89622	98181	3	191399779	191408866	placeholder
1	40663527	40702694	1	21660340	21702522	placeholder
2	20104226	20162689	2	235312835	235382193	placeholder
2	172950529	173058112	2	87313602	87411785	placeholder
10	16367918	16376729	9	15335981	15345239	placeholder
2	242936708	242966346	2	19488019	19517287	placeholder
10	6036331	6087106	9	5883149	5932772	placeholder
16	1458758	1512663	15	11470950	11520425	placeholder
15	3512100	3519644	13	3486603	3493737	placeholder
3	183104886	183112716	3	9671223	9678232	placeholder
12	5881391	5931910	11	5823345	5873637	placeholder
5	50931435	50966316	4	50253271	50287921	placeholder
11	20986969	21142747	14	1910753	2054678	placeholder
13	3390946	3415351	10	8588320	8613364	placeholder
1	164602503	164652134	1	144271859	144314553	placeholder
6	95976941	96021746	6	3202385	3247526	placeholder
3	59490873	59533755	3	132220872	132264283	placeholder
5	30512808	30544920	4	30300689	30332089	placeholder
8	76924163	76973335	8	73941969	73983040	placeholder
8	38784572	38819842	8	38073035	38106216	placeholder
1	174334334	174508676	1	154097527	154262666	placeholder
12	3685720	3707009	11	3625724	3645254	placeholder
7	49393193	49559980	7	46478504	46624111	placeholder
7	20547078	20581194	7	18560313	18597521	placeholder
6	90419595	90554253	6	8592230	8743470	placeholder
1	115839301	115861107	1	96028426	96049545	placeholder
4	89764301	89805546	5	84709953	84750840	placeholder
16	7562846	7588990	15	5442113	5468439	placeholder
2	148262245	148349717	2	111402647	111483877	placeholder
5	24202809	24214412	4	23925823	23939097	placeholder
2	193955195	193997336	2	68443591	68486981	placeholder
1	130509289	130565585	1	110723400	110777692	placeholder
6	42088511	42109820	6	55475991	55498813	placeholder
14	8739736	8782728	12	8268580	8311951	placeholder
7	89495486	89513516	7	83784053	83802466	placeholder
1	21034332	21059657	1	2184939	2207041	placeholder
1	200826653	200868823	1	179722972	179764212	placeholder
1	130610177	130673335	1	110834129	110891459	placeholder
1	333579236	333628440	1	311248601	311296874	placeholder
8	28915151	28948715	8	28343679	28373731	placeholder
1	300734952	300763457	1	279150755	279178176	placeholder
6	27562791	27589588	6	69492847	69517741	placeholder
15	10891677	10907414	13	10771914	10787457	placeholder
1	89920934	89970006	1	70787017	70832770	placeholder
14	8534423	8555709	12	8490704	8510455	placeholder
4	22319448	22368926	5	21304579	21341969	placeholder
1	123425656	123603183	1	103699896	103872570	placeholder
13	11353677	11472934	10	16534183	16630978	placeholder
4	73178136	73372373	5	69918910	70135596	placeholder
2	190458598	190502516	2	71900635	71946078	placeholder
19	1735681	1814915	18	6301662	6378601	placeholder
1	294318319	294331890	1	272633741	272651368	placeholder
3	201472379	201503814	16	8240035	8263703	placeholder
1	140049299	140126528	1	120175422	120251110	placeholder
6	89861023	89911025	6	9228957	9274861	placeholder
13	435757	451231	10	5629822	5645531	placeholder
2	232767532	232786603	2	29662902	29682453	placeholder
1	130464757	130474262	1	110679544	110689028	placeholder
19	6134582	6155279	18	2035609	2055777	placeholder
16	3961097	3993406	15	8973134	9004305	placeholder
3	14648598	14678471	3	176890962	176920507	placeholder
15	678565	715507	13	652447	688169	placeholder
12	7948396	8059519	11	7898236	8007357	placeholder
1	299302832	299335169	1	277626781	277651936	placeholder
15	5191455	5400849	13	5153680	5362943	placeholder
3	56181601	56184787	3	135454721	135457910	placeholder
2	11302081	11313147	2	243960814	243971584	placeholder
3	183724567	183730970	3	9043353	9049741	placeholder
11	22717112	22731704	14	345572	365511	placeholder
4	10720246	10751018	5	9842024	9878583	placeholder
3	184776439	184786795	3	8021438	8031727	placeholder
16	4137511	4280573	15	8689356	8833049	placeholder
1	292575819	292667255	1	270837592	270933086	placeholder
3	59602784	59626835	3	132118338	132146984	placeholder
5	55718750	55721930	4	54986336	54989516	placeholder
3	59049955	59059932	3	132680763	132696800	placeholder
13	2218249	2238089	10	7396270	7416985	placeholder
1	267928775	267953202	1	246136882	246161895	placeholder
2	229844903	230056863	2	32370375	32584707	placeholder
2	101041721	101072046	2	156858843	156890159	placeholder
13	8726782	8758868	10	13915391	13948321	placeholder
4	81860935	81884704	5	77164104	77182422	placeholder
14	8178794	8200375	12	8839024	8857841	placeholder
2	220716134	220813398	2	41615171	41715103	placeholder
5	32351975	32382292	4	32092189	32123613	placeholder
2	155798704	155864653	2	104307028	104378485	placeholder
6	10677155	10854898	6	85929008	86094849	placeholder
1	335909821	335912974	1	313521856	313525009	placeholder
7	9117484	9211114	7	7355993	7447688	placeholder
8	29579720	29600157	8	29014803	29035381	placeholder
1	40986552	41040908	1	22002895	22053643	placeholder
8	9406373	9455867	8	9016504	9065830	placeholder
4	42642534	42727973	5	41375074	41460817	placeholder
6	45536726	45556253	6	52091568	52111055	placeholder
1	22987767	23018835	1	4069193	4095414	placeholder
5	32435312	32450522	4	32179466	32196715	placeholder
1	223755001	223848508	1	202388982	202474043	placeholder
1	79303073	79306214	1	60208128	60211266	placeholder
5	120687296	120757748	4	118144543	118196570	placeholder
16	5628984	5701990	15	7283705	7354552	placeholder
4	27691706	27825097	5	26711613	26845279	placeholder
2	234696683	234772079	2	27685040	27760925	placeholder
19	4515649	4538096	18	3613960	3635267	placeholder
2	156133189	156173887	2	103989028	104030291	placeholder
1	166537207	166605735	1	146213437	146301449	placeholder
1	274602106	274619816	1	252680772	252700863	placeholder
1	300181577	300298183	1	278562781	278671297	placeholder
8	30578286	30690404	8	30000929	30132141	placeholder
7	84389438	84550855	7	78673034	78844163	placeholder
2	155621514	155667898	2	104505189	104554494	placeholder
7	22029157	22058718	7	20029604	20058801	placeholder
1	10971505	11035747	1	327366740	327393689	placeholder
8	39044291	39111508	8	38305454	38361653	placeholder
3	169179173	169208448	3	23778818	23809314	placeholder
5	97053634	97078659	4	94639706	94664976	placeholder
3	159004280	159030514	3	34026959	34047737	placeholder
17	9279253	9292979	19	1577761	1591205	placeholder
6	42975125	43002411	6	54576704	54604373	placeholder
2	207561962	207615795	2	54868406	54928204	placeholder
1	155509294	155557402	1	135521903	135568771	placeholder
3	137659573	137686690	3	55596806	55628410	placeholder
13	1397056	1423940	10	6576859	6603706	placeholder
3	103681867	103718112	3	89268836	89306370	placeholder
15	15609965	15621999	13	15380273	15391936	placeholder
5	112851631	112854727	4	110360449	110363545	placeholder
1	109087253	109116937	1	89428479	89460540	placeholder
1	215471967	215499371	1	194125881	194155238	placeholder
14	578422	613969	12	16380961	16417663	placeholder
7	30407939	30452883	7	28149699	28196178	placeholder
7	24099156	24171613	7	22053655	22125141	placeholder
1	176642749	176698074	1	156391080	156451624	placeholder
2	180025322	180077273	2	80268609	80319815	placeholder
6	30143208	30175388	6	66973894	67006134	placeholder
5	88489342	88543009	4	86260501	86316012	placeholder
3	67697820	67720705	3	124151996	124174838	placeholder
1	81813416	81891784	1	62665809	62749903	placeholder
5	82296412	82347616	4	80534234	80595249	placeholder
12	506307	517182	11	461394	472245	placeholder
5	31892847	31913769	4	31653499	31675489	placeholder
14	1094935	1104790	12	15887189	15897057	placeholder
15	16583080	16595450	13	16328780	16341212	placeholder
7	30838053	30882711	7	28599783	28644643	placeholder
6	93452572	93477784	6	5759624	5784131	placeholder
6	96593056	96699135	6	2532351	2639202	placeholder
5	69858617	69910122	4	68816176	68874062	placeholder
14	5701141	5713229	12	11284667	11296552	placeholder
1	17779433	17801489	1	334149314	334171401	placeholder
3	28809924	28828171	3	162794902	162815359	placeholder
8	26420749	26465803	8	25908069	25953887	placeholder
6	27604072	27625672	6	69459069	69480954	placeholder
4	80151832	80276918	5	74271851	74391805	placeholder
1	317744804	317757442	1	295496253	295508492	placeholder
5	5777442	5796329	4	5733640	5755303	placeholder
6	58253800	58279502	6	39709843	39733838	placeholder
2	146008178	146030296	2	113637961	113659121	placeholder
4	2188271	2269676	5	1549680	1630925	placeholder
1	61112973	61125248	1	42308471	42320922	placeholder
5	20287270	20319090	4	20062214	20110463	placeholder
1	106369866	106442519	1	87206404	87272595	placeholder
7	10889647	10978043	7	9113860	9204451	placeholder
3	169849808	169880295	3	23077518	23109593	placeholder
5	57047557	57062227	4	56242776	56259019	placeholder
3	91243797	91339593	3	100402317	100499631	placeholder
5	24958998	24972751	4	24664232	24676538	placeholder
13	1517327	1541711	10	6690296	6715032	placeholder
6	44397276	44400195	6	53235046	53237965	placeholder
6	406632	463754	6	95624883	95678568	placeholder
1	93761448	93774546	1	74735548	74748674	placeholder
3	136793771	136824710	3	56453924	56494567	placeholder
3	25506899	25527260	3	166085365	166105192	placeholder
2	154450557	154504014	2	105698301	105752515	placeholder
19	4543385	4566809	18	3579452	3608975	placeholder
12	14456243	14580018	11	14349791	14474643	placeholder
7	31189914	31212813	7	28961497	28984974	placeholder
16	2000033	2023678	15	10952541	10978681	placeholder
15	8049500	8058039	13	7982779	7991948	placeholder
19	7171047	7190243	18	998528	1020770	placeholder
4	36452675	36543388	5	35239992	35318292	placeholder
15	15962590	15976106	13	15729444	15742298	placeholder
8	44244373	44260056	8	43411039	43426703	placeholder
7	51553508	51596133	7	48256386	48299788	placeholder
2	198487399	198505395	2	63994569	64012615	placeholder
7	52942930	53031024	7	49533568	49615820	placeholder
3	21783745	21789463	3	169844824	169850529	placeholder
2	149974190	149996811	2	110155213	110242901	placeholder
1	313297447	313322657	1	290993352	291023644	placeholder
4	91962449	92020931	5	86905482	86962527	placeholder
3	196740665	196774898	16	3727283	3767857	placeholder
1	184325975	184377654	1	163578070	163617904	placeholder
1	116744674	116777585	1	96963602	97001150	placeholder
3	88254233	88314594	3	103550160	103606886	placeholder
4	93231538	93301803	5	88157237	88227825	placeholder
17	9279253	9292982	19	1577758	1591205	placeholder
2	140539324	140588275	2	118675117	118723909	placeholder
1	63550054	63561275	1	44699696	44710927	placeholder
4	33458375	33592197	5	32322365	32466791	placeholder
10	5750384	5771304	9	5598083	5633802	placeholder
5	5616879	5659217	4	5594613	5635658	placeholder
13	8414261	8432425	10	13606067	13623022	placeholder
6	48695776	48769907	6	48865217	48933911	placeholder
3	181137435	181166449	3	11553496	11576866	placeholder
8	20541074	20597090	8	19888227	19944047	placeholder
2	40846012	40873029	2	214810468	214838197	placeholder
2	20003899	20070920	2	235400991	235465534	placeholder
2	190382745	190426184	2	71978158	72024170	placeholder
5	9260008	9308628	4	9184573	9233400	placeholder
5	36574361	36581601	4	36109954	36117351	placeholder
11	20286440	20297885	14	2726287	2733927	placeholder
19	4340681	4356124	18	3798509	3813648	placeholder
1	118669676	118704362	1	98932991	98965980	placeholder
2	99349228	99385045	2	158524350	158561065	placeholder
10	175048	196014	9	83716	104523	placeholder
5	34168019	34232791	4	33811702	33885659	placeholder
1	293043878	293093933	1	271340200	271385387	placeholder
1	39451300	39497196	1	20478624	20527913	placeholder
15	13702501	13723804	13	13455079	13475672	placeholder
1	103085952	103136446	1	83912609	83964586	placeholder
1	130481558	130508149	1	110697131	110722263	placeholder
5	39563972	39665180	4	39132494	39201919	placeholder
1	332483509	332525805	1	310155617	310206819	placeholder
1	174200408	174225182	1	153930730	153957626	placeholder
1	85161841	85200393	1	65954419	65995371	placeholder
3	147494076	147533871	3	45629870	45669388	placeholder
4	93215841	93301782	5	88157237	88227804	placeholder
1	242063390	242075412	1	220396817	220408887	placeholder
1	246419710	246461214	1	224568881	224611339	placeholder
1	168776711	168795981	1	148468671	148487048	placeholder
1	96256258	96283671	1	77124704	77143360	placeholder
8	23785905	23829716	8	23167620	23216993	placeholder
1	200800861	200815396	1	179699356	179714011	placeholder
7	6202920	6243137	7	4657242	4701182	placeholder
4	85853986	85880373	5	80924995	80948111	placeholder
4	50929907	50957802	5	49502789	49532711	placeholder
13	15774006	15799794	10	20827917	20854284	placeholder
3	168352301	168472129	3	24500766	24624533	placeholder
3	86919166	87003259	3	104890941	104967487	placeholder
4	24547680	24592992	5	23553504	23604065	placeholder
13	8814194	8824995	10	14012089	14022322	placeholder
5	30775772	30795526	4	30545105	30560455	placeholder
5	85569428	85595640	4	83576039	83593743	placeholder
1	310260484	310295084	1	288508812	288542629	placeholder
4	23255896	23313588	5	22241577	22280531	placeholder
8	53201370	53238182	8	52243598	52277844	placeholder
16	12173893	12185611	15	910329	922098	placeholder
1	87111173	87200807	1	67898629	67973449	placeholder
1	279703147	280021428	1	257811341	258121527	placeholder
17	3804622	3823345	19	6872640	6910740	placeholder
15	13684455	13697405	13	13435552	13449963	placeholder
1	236609894	236661444	1	214944286	214992902	placeholder
15	16519291	16531218	13	16263499	16275481	placeholder
15	11080990	11104701	13	10963817	10988226	placeholder
1	340342936	340382075	1	317875790	317918916	placeholder
2	101832610	101866767	2	156113177	156147754	placeholder
16	9429134	9470799	15	3604861	3644775	placeholder
5	85999461	86093524	4	83978070	84063140	placeholder
1	284284000	284362226	1	262444811	262508346	placeholder
12	13645021	13647820	11	13514249	13517051	placeholder
19	450817	459942	18	7628913	7637931	placeholder
4	86435006	86493488	5	81488278	81547464	placeholder
1	18656041	18672354	1	11889	26478	placeholder
14	1089917	1093711	12	15898287	15902076	placeholder
4	88512763	88552041	5	83481463	83518116	placeholder
8	19573014	19604134	8	18925531	18956795	placeholder
3	70267426	70321482	3	121541205	121601367	placeholder
5	91929495	91932462	4	89566992	89569965	placeholder
13	8551471	8569704	10	13738975	13754876	placeholder
11	22975826	23001583	14	76474	102330	placeholder
12	8682132	8702781	11	8617282	8636661	placeholder
1	302657167	302693295	1	281098238	281134282	placeholder
1	168452123	168615001	1	148156336	148317511	placeholder
1	238947527	239029884	1	217250124	217329378	placeholder
4	4076299	4105335	5	3499262	3528502	placeholder
6	49230271	49296983	6	48331897	48394021	placeholder
1	159876070	159929636	1	139856019	139898725	placeholder
4	73065416	73177551	5	69799092	69918325	placeholder
1	87574714	87622491	1	68360147	68410243	placeholder
7	17676099	17744007	7	15912429	15988616	placeholder
5	100032497	100061378	4	97578500	97602126	placeholder
1	6139098	6179656	1	322472981	322513444	placeholder
2	25191602	25207160	2	230344781	230360309	placeholder
1	242435645	242458332	1	220814386	220839282	placeholder
3	115060351	115094897	3	78085498	78114210	placeholder
3	166440949	166479246	3	26477083	26511575	placeholder
3	183490588	183557734	3	9222741	9292021	placeholder
12	8311466	8329312	11	8251550	8269505	placeholder
14	5975954	6031457	12	10973028	11026863	placeholder
11	15490185	15524820	14	7433919	7465767	placeholder
4	15322490	15358130	5	14538840	14573149	placeholder
2	189779697	189792787	2	72624294	72637343	placeholder
12	18671557	18702074	11	18206602	18238477	placeholder
3	68286554	68378304	3	123495140	123580945	placeholder
4	51728686	51773822	5	50263343	50309011	placeholder
1	51609739	51624147	1	32644973	32660866	placeholder
6	36175674	36191677	6	61119842	61141587	placeholder
7	16906940	16947714	7	15144773	15180223	placeholder
6	89309700	89342504	6	9779812	9815681	placeholder
5	92597051	92626912	4	90226907	90257489	placeholder
2	100956456	100988530	2	156938264	156972876	placeholder
4	18575322	18714891	5	17819663	17963931	placeholder
7	43973094	43993795	7	41219786	41241330	placeholder
16	1237957	1259737	15	11706290	11729737	placeholder
1	251230943	251248913	1	229472316	229491317	placeholder
14	5658712	5695327	12	11302236	11339052	placeholder
15	6972432	6980370	13	6928343	6936419	placeholder
7	38707458	38744386	7	36256200	36286390	placeholder
12	710533	727072	11	666567	684672	placeholder
6	91513858	91598858	6	7620857	7699781	placeholder
5	115351634	115354361	4	112920947	112923674	placeholder
1	177068372	177071099	1	156791727	156794451	placeholder
7	34217506	34242458	7	31866950	31892118	placeholder
1	90103684	90157997	1	70979410	71033581	placeholder
3	32950139	33090892	3	158541615	158679626	placeholder
6	8197532	8238818	6	88560512	88602494	placeholder
4	76129734	76495785	5	72076809	72416551	placeholder
4	60826505	60950732	5	59445701	59575368	placeholder
1	18405884	18455044	1	334777067	334825993	placeholder
6	25624808	25649471	6	71448596	71475067	placeholder
4	54990336	55031673	5	53521291	53573791	placeholder
1	338198137	338209208	1	315747866	315760112	placeholder
3	25950087	25979658	3	165634403	165664931	placeholder
6	12224871	12250608	6	84534681	84560209	placeholder
3	113155440	113169168	3	80027185	80040904	placeholder
1	46322975	46399520	1	27338106	27410008	placeholder
2	51463784	51509182	2	204256435	204303835	placeholder
8	14608345	14640294	8	14124494	14155033	placeholder
6	54221868	54247433	6	43582210	43607276	placeholder
1	25296888	25319260	1	6379917	6400390	placeholder
2	199041677	199054891	2	63454775	63468243	placeholder
17	9940432	9950621	19	924389	935135	placeholder
16	6777891	6794191	15	6238838	6256941	placeholder
3	127595735	127676603	3	65436934	65505600	placeholder
7	28288882	28311193	7	26077867	26100293	placeholder
1	226506770	226593069	1	205095811	205199326	placeholder
3	58531249	58636486	3	133081238	133186998	placeholder
1	194735671	194762389	1	173920217	173941747	placeholder
3	131228209	131251739	3	61879101	61903608	placeholder
1	237815531	237923775	1	216113516	216232787	placeholder
1	166007450	166027246	1	145657348	145688773	placeholder
2	98283771	98294110	2	159516298	159526614	placeholder
8	43286374	43297331	8	42512104	42523385	placeholder
2	214557334	214588909	2	47793693	47827194	placeholder
8	408689	495249	8	178802	261610	placeholder
3	43592045	43708570	3	147906270	148013443	placeholder
1	6619161	6669861	1	322957991	323008059	placeholder
8	67458923	67512188	8	64821651	64871225	placeholder
5	103995949	103998847	4	101465642	101468537	placeholder
1	104279177	104304700	1	85145726	85172039	placeholder
1	274536958	274583633	1	252614678	252661700	placeholder
16	10962176	10990656	15	2091916	2119305	placeholder
2	83765002	83807799	2	172333396	172377197	placeholder
3	17958954	17999656	3	173627615	173674011	placeholder
2	199534420	199563893	2	62949334	62981692	placeholder
2	217449250	217467615	2	44843393	44863327	placeholder
2	117300540	117318630	2	140826023	140844237	placeholder
1	317541292	317572653	1	295293138	295323820	placeholder
14	1035132	1056553	12	15935506	15957028	placeholder
15	1833693	1847385	13	1804294	1818058	placeholder
2	32041279	32060929	2	223414332	223433197	placeholder
1	222573211	222707517	1	201239646	201366598	placeholder
12	1067825	1076293	11	1018816	1031541	placeholder
3	169626122	169628756	3	23307312	23309946	placeholder
6	46390232	46429145	6	51236656	51265312	placeholder
13	1375866	1390049	10	6556068	6569851	placeholder
15	3378355	3481230	13	3360423	3458686	placeholder
8	74060981	74082452	8	71160177	71183219	placeholder
2	103406035	103469712	2	154504772	154571261	placeholder
4	36290662	36330321	5	35086683	35120740	placeholder
4	31803620	31818120	5	30743594	30763234	placeholder
8	37430172	37561672	8	36709763	36837594	placeholder
3	106546350	106574481	3	86352505	86379498	placeholder
14	7822437	7854781	12	9184830	9214713	placeholder
5	15693573	15839014	4	15487142	15643411	placeholder
3	58720321	58765201	3	132966539	133001962	placeholder
15	4771410	4831150	13	4740817	4798908	placeholder
10	11268552	11337196	9	11107518	11186255	placeholder
1	245316639	245376171	1	223496303	223560781	placeholder
2	177007178	177120913	2	83278559	83400751	placeholder
17	8039869	8052308	19	2808314	2819930	placeholder
3	132229355	132287895	3	60980922	61032386	placeholder
3	127035920	127089573	3	66036064	66089173	placeholder
1	50684637	50698583	1	31743808	31757827	placeholder
14	462805	471211	12	16531728	16539987	placeholder
1	40012616	40132599	1	21081176	21130581	placeholder
7	85177219	85200373	7	79521110	79544346	placeholder
8	51860702	51916594	8	50978613	51031148	placeholder
1	18367493	18382647	1	334736189	334752235	placeholder
16	4993712	5008274	15	7974461	7988403	placeholder
4	6550271	6593361	5	5760320	5807290	placeholder
3	14630218	14632819	3	176938471	176941072	placeholder
6	93948619	93993545	6	5265281	5310055	placeholder
1	40141480	40202995	1	21138937	21206115	placeholder
1	287659987	287721306	1	265757389	265826624	placeholder
2	195214093	195250278	2	67173811	67209163	placeholder
2	85950719	85978840	2	170279786	170305811	placeholder
11	6211361	6220420	14	16731433	16740515	placeholder
1	298349188	298403629	1	276678368	276728658	placeholder
1	164020763	164063725	1	143721904	143766273	placeholder
16	7703167	7718811	15	5313386	5328328	placeholder
8	76568065	76592895	8	73593623	73619221	placeholder
6	54475603	54612384	6	43243925	43372202	placeholder
2	129837934	129847360	2	129178062	129186289	placeholder
14	15147651	15187395	12	2007068	2049827	placeholder
1	288101205	288103788	1	266260683	266263263	placeholder
1	68997353	69023508	1	50043661	50069292	placeholder
4	87547774	87580416	5	82619400	82651969	placeholder
3	124890468	124893042	3	68270325	68272899	placeholder
4	24020760	24196219	5	23011941	23194398	placeholder
1	105496186	105513439	1	86312472	86330101	placeholder
5	19895648	19919032	4	19715848	19735250	placeholder
12	2730103	2732677	11	2684792	2687366	placeholder
19	7488913	7512241	18	680346	703972	placeholder
8	30768598	30816935	8	30208154	30238986	placeholder
3	22303381	22335008	3	169282065	169291650	placeholder
2	198167013	198181937	2	64254109	64269393	placeholder
2	206464446	206555948	2	55924895	56017468	placeholder
7	48036513	48063826	7	45150441	45178328	placeholder
1	151741036	151806580	1	131736116	131802705	placeholder
1	107673959	107695012	1	88465997	88486871	placeholder
2	56394819	56418743	2	199411526	199435575	placeholder
1	16163405	16184845	1	332522719	332544789	placeholder
11	20235116	20257129	14	2764012	2785871	placeholder
1	163510085	163526771	1	143196894	143214109	placeholder
5	24341221	24362885	4	24051178	24072822	placeholder
4	37534786	37544869	5	36288895	36300179	placeholder
14	4818117	4827115	12	12169347	12179190	placeholder
15	4843469	4908124	13	4842807	4876172	placeholder
8	35886256	35906676	8	35225513	35246160	placeholder
1	195374552	195384759	1	174559117	174569217	placeholder
3	46033115	46056697	3	145527362	145544264	placeholder
5	13646855	13677363	4	13367960	13396994	placeholder
6	47508441	47560686	6	50121636	50176629	placeholder
1	302318657	302389417	1	280717520	280794855	placeholder
2	153958436	154014237	2	106205900	106237401	placeholder
3	10731146	10909995	3	180721936	180751963	placeholder
4	26575	46561	5	16277	35354	placeholder
13	11714072	11723284	10	16878794	16888023	placeholder
16	11094973	11105498	15	1975153	1985511	placeholder
6	4613566	4711673	6	91365622	91458813	placeholder
4	90493366	90545489	5	85443631	85490147	placeholder
6	27039371	27082326	6	70010847	70053133	placeholder
7	13766859	13801584	7	12012570	12040091	placeholder
2	12093136	12107872	2	243285526	243294351	placeholder
2	212328001	212439163	2	50017755	50133166	placeholder
2	30425345	30465865	2	224968467	225007300	placeholder
6	67181465	67243493	6	30948072	31013289	placeholder
1	279364270	279399877	1	257431759	257466207	placeholder
7	6332775	6481577	7	4791310	4938087	placeholder
7	21186477	21217275	7	19199814	19230990	placeholder
2	215173939	215264053	2	47116505	47201575	placeholder
6	88106031	88141747	6	10945815	10981341	placeholder
13	1842561	1855971	10	7024262	7037846	placeholder
3	82025879	82071402	3	109830091	109869473	placeholder
19	1426642	1437522	18	6673893	6684766	placeholder
2	21106444	21129370	2	234372127	234399930	placeholder
5	105016344	105018867	4	102473643	102476166	placeholder
1	115753136	115799004	1	95943304	95985714	placeholder
5	32463054	32479811	4	32208457	32226438	placeholder
17	379482	468879	3	77539576	77733491	placeholder
3	41973738	42017682	3	149587282	149630809	placeholder
5	69112721	69122002	4	68128770	68137283	placeholder
1	63078687	63114592	1	44225248	44272560	placeholder
13	18730071	18745642	10	23794326	23807697	placeholder
4	53637819	53652169	5	52193401	52207753	placeholder
4	95176195	95226825	5	90096249	90146651	placeholder
17	5699679	5705478	19	5085544	5091600	placeholder
2	199004552	199024977	2	63484996	63506519	placeholder
1	23957571	23994732	1	5056471	5094299	placeholder
8	35832137	35864093	8	35162526	35203367	placeholder
2	156087984	156121126	2	104042367	104076020	placeholder
7	40977993	41107856	7	38424355	38543232	placeholder
16	12848617	12853599	15	247172	252116	placeholder
19	5347758	5362868	18	2793464	2807486	placeholder
1	65501385	65525222	1	46652808	46676228	placeholder
1	64493247	64546650	1	45628594	45681151	placeholder
13	15858817	15876415	10	20912555	20929813	placeholder
12	14782046	14794669	11	14666114	14675804	placeholder
14	2517303	2524944	12	14479746	14487439	placeholder
14	3919063	3946017	12	13040051	13067113	placeholder
2	142578060	142623645	2	116790275	116835962	placeholder
6	24188386	24292386	6	72842540	72949948	placeholder
3	14716784	14719184	3	176848340	176850740	placeholder
4	54832468	54884122	5	53374014	53431628	placeholder
13	8499997	8513921	10	13687650	13702008	placeholder
1	242493410	242529914	1	220870608	220904945	placeholder
1	278845073	278878385	1	256884290	256918574	placeholder
1	318862190	318907731	1	296609509	296655210	placeholder
1	149186625	149212937	1	129130229	129153724	placeholder
1	48995712	49030159	1	30026062	30069732	placeholder
1	99672147	99714640	1	80440870	80480384	placeholder
4	15247752	15320366	5	14466384	14536715	placeholder
6	52941382	52969338	6	44846880	44873827	placeholder
2	140903549	140943209	2	118333963	118371758	placeholder
1	250796316	250831360	1	229047940	229082829	placeholder
11	15344429	15362792	14	7596455	7614711	placeholder
7	13303961	13372968	7	11560706	11633202	placeholder
1	237650734	237663057	1	215946202	215958219	placeholder
2	105233991	105311649	2	152714686	152791527	placeholder
2	18579085	18601940	2	236787529	236811165	placeholder
3	69414086	69438341	3	122419742	122450730	placeholder
1	141722764	141786135	1	121834851	121899955	placeholder
1	116782679	116810003	1	97006268	97033320	placeholder
1	229124061	229164749	1	207675698	207718284	placeholder
1	183318460	183349493	1	162623481	162632696	placeholder
3	186289204	186304781	3	6488366	6504664	placeholder
6	46068338	46070786	6	51569901	51572346	placeholder
1	36624156	36639839	1	17695939	17710951	placeholder
1	233857288	233876608	1	212324992	212342936	placeholder
3	202793831	202847079	16	9462401	9516822	placeholder
1	28423353	28445523	1	9557369	9579695	placeholder
11	22531101	22539181	14	540394	548620	placeholder
5	67377364	67424757	4	66362688	66407726	placeholder
1	233889702	233935422	1	212356052	212399249	placeholder
2	183991532	184202764	8	60082295	60298058	placeholder
1	335766239	335839158	1	313379454	313447438	placeholder
2	179321993	179365287	2	80993165	81039101	placeholder
1	37176000	37178034	1	18223137	18225171	placeholder
8	76446153	76455808	8	73475237	73486380	placeholder
5	49665274	49708802	4	48997014	49038654	placeholder
13	2723755	2794594	10	7909025	7980381	placeholder
12	601462	617229	11	556772	572606	placeholder
6	3595193	3724203	6	92353767	92480955	placeholder
2	46937396	46972623	2	208716362	208744665	placeholder
3	119672205	119690427	3	73493113	73521852	placeholder
1	66610876	66638694	1	47703324	47731576	placeholder
3	61902946	61925328	3	129823286	129844311	placeholder
14	6466388	6485693	12	10522140	10541047	placeholder
3	88189274	88232883	3	103627924	103668620	placeholder
3	63047379	63058983	3	128689245	128700807	placeholder
13	766846	781207	10	5952238	5966591	placeholder
1	217604610	217612034	1	196369219	196376702	placeholder
1	36410002	36470024	1	17481857	17543713	placeholder
3	64404405	64436845	3	127292365	127323624	placeholder
6	2639274	2703796	6	93365976	93422294	placeholder
7	58262313	58281626	7	55649234	55662111	placeholder
15	15267835	15347089	13	15036785	15059830	placeholder
3	69533262	69560529	3	122282025	122319047	placeholder
1	5925046	5973728	1	322270949	322313031	placeholder
2	163636166	163660163	2	96693274	96722295	placeholder
3	23582895	23604935	3	168036474	168051275	placeholder
3	157716787	157734761	3	35299895	35317868	placeholder
8	20598915	20647587	8	19945868	19995256	placeholder
16	9662466	9678411	15	3395940	3412020	placeholder
8	4071589	4073980	8	3764047	3766450	placeholder
17	10070731	10077097	19	610498	616924	placeholder
5	65136728	65164518	4	64265340	64293203	placeholder
1	56142156	56195708	1	37191735	37240207	placeholder
7	27457170	27459582	7	25289084	25291496	placeholder
2	154830577	154864480	2	105327972	105358401	placeholder
5	91355020	91367211	4	89009134	89020470	placeholder
14	5726242	5743861	12	11254169	11273774	placeholder
1	272418100	272438404	1	250481064	250504805	placeholder
12	10072732	10086824	11	9975167	9989297	placeholder
11	22470078	22479205	14	604180	622133	placeholder
1	9541340	9588013	1	325862683	325907690	placeholder
3	160109997	160146606	3	33008060	33040753	placeholder
7	14698004	14720050	7	12954069	12967173	placeholder
7	28488254	28510823	7	26290201	26312582	placeholder
1	159744629	159771310	1	139732247	139763417	placeholder
12	19552262	19624079	11	19060282	19132684	placeholder
5	122207969	122225285	4	119671404	119688986	placeholder
1	180597383	180633813	1	160088618	160121897	placeholder
1	248194628	248235475	1	226376039	226416944	placeholder
3	125015084	125023599	3	68140341	68148837	placeholder
1	264596762	264669333	1	242731994	242804138	placeholder
3	135173765	135192612	3	58033034	58046507	placeholder
3	125065037	125069237	3	68098542	68102743	placeholder
4	55486412	55515170	5	53971908	54000318	placeholder
3	50522524	50547211	3	141150554	141174673	placeholder
7	33640740	33718164	7	31324750	31398191	placeholder
6	2878147	2913707	6	93153904	93189220	placeholder
15	1163141	1176722	13	1127455	1141368	placeholder
6	44584137	44604395	6	53048038	53065340	placeholder
1	40221714	40237732	1	21225261	21239308	placeholder
18	8943646	8953328	17	8651648	8661200	placeholder
2	55453734	55466315	2	200397604	200410655	placeholder
14	2053351	2055739	12	14943420	14945808	placeholder
5	53482944	53508988	4	52799478	52825682	placeholder
3	114823759	114826180	3	78343211	78345638	placeholder
6	89550321	89599259	6	9528597	9574836	placeholder
2	140628846	140681282	12	561230	595382	placeholder
13	7755391	7765029	10	12956174	12965754	placeholder
1	340331640	340342392	1	317863710	317875256	placeholder
2	79862189	79889400	2	176116044	176144503	placeholder
1	156046673	156071967	1	136070451	136095987	placeholder
11	4908415	4918745	10	419791	429768	placeholder
3	85562443	85594745	3	106290968	106323288	placeholder
3	5973063	6000024	3	185632399	185664108	placeholder
5	64812075	64824746	4	63962130	63975466	placeholder
1	205729197	205759994	1	184364972	184396211	placeholder
6	71304593	71322530	6	26802491	26819924	placeholder
4	56354737	56439151	5	54890630	54978072	placeholder
8	14354701	14356984	8	13884895	13887178	placeholder
13	6687882	6723156	10	11889080	11924031	placeholder
1	125778152	125803398	1	106019213	106043589	placeholder
1	237305639	237330706	1	215603838	215629348	placeholder
1	46260460	46292962	1	27275526	27308237	placeholder
1	309546482	309691210	1	287839234	287897968	placeholder
1	115727812	115742916	1	95920214	95932826	placeholder
7	91369237	91386502	7	85593466	85609951	placeholder
15	16989266	17001326	13	16747291	16759402	placeholder
5	55566062	55596983	4	54839481	54870661	placeholder
1	19247830	19254699	1	565547	572386	placeholder
7	60399844	60447909	7	57690175	57760636	placeholder
7	27048886	27075486	7	24917739	24945159	placeholder
5	81962024	82011983	4	80232323	80277586	placeholder
3	91492460	91574413	3	100193882	100278664	placeholder
13	11063368	11078990	10	16238610	16253433	placeholder
1	160098186	160119118	1	140070728	140092932	placeholder
1	252005157	252016813	1	230226222	230237960	placeholder
6	32525718	32545665	6	64651396	64670063	placeholder
5	23187801	23240871	4	23010948	23068464	placeholder
1	192743763	192751708	1	171944543	171952212	placeholder
2	150029839	150086444	2	110120267	110182345	placeholder
3	52012381	52104300	3	139606571	139705123	placeholder
15	16634093	16661140	13	16381220	16417896	placeholder
3	146244948	146263220	3	46952957	46971141	placeholder
3	70091631	70111239	3	121748363	121766625	placeholder
3	5893230	5940219	3	185703130	185751595	placeholder
4	52608599	52638301	5	51152573	51180167	placeholder
6	30288051	30305896	6	66835260	66852163	placeholder
1	228882924	228931547	1	207447881	207499008	placeholder
7	30983320	31016144	7	28754443	28789941	placeholder
14	412935	420696	12	16581655	16589357	placeholder
1	181602825	181636603	1	160963226	160992116	placeholder
3	40532203	40541125	3	150937349	150946620	placeholder
2	211124016	211138917	2	51399501	51412351	placeholder
14	9327947	9340104	12	7709643	7721327	placeholder
19	3912406	3945764	18	4207076	4238904	placeholder
3	102039885	102098657	3	90840495	90902847	placeholder
3	141787358	141923005	3	51303901	51455626	placeholder
3	130559669	130654553	3	62425281	62527104	placeholder
3	137583554	137592606	3	55692884	55701948	placeholder
7	89683716	89726628	7	83963911	84002647	placeholder
10	8381028	8401202	9	8221869	8236247	placeholder
3	177659440	177674838	3	15079238	15094781	placeholder
7	58722452	58878178	7	56248260	56401890	placeholder
1	335035357	335044655	1	312703712	312712004	placeholder
1	10724589	10758801	1	327065158	327099351	placeholder
2	206317391	206336911	2	56134967	56155512	placeholder
7	30374911	30403439	7	28117961	28145194	placeholder
14	5400900	5418474	12	11578021	11595425	placeholder
3	170614275	170634623	3	22332653	22352685	placeholder
16	6896387	6907997	15	6128341	6140305	placeholder
2	241663560	241683350	2	20694168	20724014	placeholder
1	16331011	16341193	1	332689746	332699037	placeholder
18	8802060	8865215	17	8543771	8573022	placeholder
2	188118139	188156270	2	74331291	74367950	placeholder
1	20951264	20973804	1	2098222	2119703	placeholder
2	176040392	176070108	2	84238383	84268643	placeholder
5	13118308	13120594	4	12868232	12870512	placeholder
1	336895643	336919122	1	314478408	314500951	placeholder
1	190959887	190974713	1	170156592	170171282	placeholder
1	328017774	328123511	1	305641252	305748240	placeholder
8	77286157	77326597	8	74290314	74328378	placeholder
6	54341760	54365907	6	43476704	43501146	placeholder
7	22819550	22839162	7	20800078	20821755	placeholder
6	18055910	18085045	6	78984815	79013388	placeholder
6	12257018	12275286	6	84510713	84528278	placeholder
3	113349643	113497158	3	79651439	79837629	placeholder
8	40922070	40948703	8	40202051	40228006	placeholder
14	15267830	15290875	12	1899400	1923205	placeholder
1	46450273	46504842	1	27460388	27499345	placeholder
4	119763564	119844637	5	107940191	107955189	placeholder
4	67666547	67771090	5	65755693	65848172	placeholder
11	5039398	5088875	10	259498	309244	placeholder
7	83814472	83843885	7	78123790	78152308	placeholder
3	163567015	163575289	3	29453178	29461463	placeholder
4	6483352	6532583	5	5689788	5741744	placeholder
1	232245665	232280519	1	210805293	210841162	placeholder
17	10021716	10028484	19	561938	568703	placeholder
1	106580604	106632789	1	87425269	87466283	placeholder
1	257847511	257898060	1	235965666	236019303	placeholder
1	266742900	266767040	1	244910287	244929982	placeholder
5	39095584	39129103	4	38662143	38696796	placeholder
2	100909659	100922789	2	157000085	157013277	placeholder
1	172716022	172767232	1	152442622	152494143	placeholder
1	282268967	282346846	1	260385036	260458381	placeholder
3	119964900	119973407	3	73210044	73217346	placeholder
5	53110445	53144445	4	52444342	52477896	placeholder
10	6346572	6365282	9	6188368	6207164	placeholder
11	2248786	2268135	10	3011741	3033126	placeholder
8	13856940	13877267	8	13388212	13409202	placeholder
17	5377996	5420692	19	5370127	5410387	placeholder
2	104103350	104135518	2	153893444	153928672	placeholder
2	221716428	221732724	2	40693149	40710053	placeholder
8	76512381	76542712	8	73538366	73566652	placeholder
15	4433486	4441153	13	4398836	4406430	placeholder
1	202104566	202130697	1	181069353	181095909	placeholder
2	100754989	100767370	2	157151045	157162721	placeholder
3	146265041	146288831	3	46928867	46951366	placeholder
7	16617209	16669643	7	14872394	14922322	placeholder
1	306743574	306761478	1	285006095	285020222	placeholder
5	57704259	57753792	4	56931008	56980062	placeholder
5	50364522	50375600	4	49669060	49679701	placeholder
3	202896188	202902216	16	9564567	9570920	placeholder
3	34760720	34776705	3	156848779	156864664	placeholder
2	183616685	183758237	8	59119973	59246423	placeholder
3	44260511	44321927	3	147270219	147333707	placeholder
6	71680208	71718998	6	26428924	26462071	placeholder
1	276391933	276418337	1	254447597	254472650	placeholder
1	54091939	54322255	1	35081296	35305982	placeholder
3	106091652	106188593	3	86750604	86845991	placeholder
7	47012740	47102735	7	44205269	44289018	placeholder
7	89230210	89265177	7	83520353	83554251	placeholder
15	15537972	15558696	13	15309660	15331240	placeholder
1	149223736	149239837	1	129164767	129183558	placeholder
1	255417593	255420854	1	233497265	233500511	placeholder
15	8733937	8742505	13	8660665	8668444	placeholder
3	98170120	98218103	3	94522686	94597202	placeholder
1	169579394	169651189	1	149300223	149354472	placeholder
1	55758980	55782926	1	36786970	36810076	placeholder
8	11346139	11366633	8	10874275	10894551	placeholder
1	160479228	160514389	1	140483977	140515578	placeholder
3	107876217	107934681	3	85231914	85279916	placeholder
1	180637665	180655805	1	160125916	160153885	placeholder
3	13986511	14139700	3	177421087	177565167	placeholder
14	13852178	13867461	12	3316605	3333016	placeholder
4	43439703	43522968	5	42190227	42271257	placeholder
3	168497283	168506902	3	24463414	24471084	placeholder
6	43008988	43028207	6	54551141	54570456	placeholder
2	215700458	215827157	2	46538795	46660214	placeholder
3	196918123	196954792	16	3916819	3951255	placeholder
5	92219301	92275501	4	89852598	89897700	placeholder
1	160431378	160468142	1	140436473	140469821	placeholder
6	32602963	32632607	6	64574363	64603002	placeholder
1	323582222	323600191	1	301242101	301263940	placeholder
2	41189648	41225575	2	214479363	214509997	placeholder
3	200442583	200467322	16	7224997	7251795	placeholder
14	97554	106047	12	16896924	16905944	placeholder
3	123022639	123040509	3	70153105	70168109	placeholder
1	252446964	252487698	1	230671571	230708194	placeholder
1	145869421	145871659	1	125846861	125849099	placeholder
5	85620567	85638336	4	83613557	83633748	placeholder
3	199957800	200005234	16	6721598	6768091	placeholder
6	72750233	72782840	6	25423552	25462720	placeholder
1	143613209	143645881	1	123626390	123667143	placeholder
1	130427210	130458126	1	110646942	110672915	placeholder
5	31719102	31735567	4	31477249	31492476	placeholder
1	118898521	118952578	1	99157973	99206706	placeholder
7	83677813	83721974	7	77986029	78031447	placeholder
6	23631385	23673138	6	73447096	73488646	placeholder
11	936520	942414	10	4312073	4318798	placeholder
3	131079722	131097042	3	62027190	62044416	placeholder
7	48249681	48289994	7	45338514	45388672	placeholder
10	1631518	1642727	9	1564522	1575787	placeholder
5	98259540	98304742	4	95844088	95887862	placeholder
2	153652587	153695920	2	106509552	106550996	placeholder
4	21957183	21959391	5	20944176	20946384	placeholder
1	265979758	265989463	1	244130550	244139604	placeholder
7	9512545	9942610	7	7738322	8174630	placeholder
2	137768360	137799558	2	121567864	121597833	placeholder
3	66714719	66820708	3	125071437	125177842	placeholder
1	267042108	267056522	1	245211412	245225645	placeholder
11	21293448	21302107	14	1759096	1767754	placeholder
18	978867	1007023	17	954013	979846	placeholder
1	125689672	125755134	1	105927221	105992022	placeholder
19	192456	197653	18	7865770	7871168	placeholder
7	30759242	30790237	7	28506821	28538517	placeholder
1	137938181	137968690	1	118171204	118200029	placeholder
1	40925044	40943268	1	21941440	21959534	placeholder
8	39153821	39186877	8	38425598	38455835	placeholder
14	149102	153570	12	16849084	16853540	placeholder
4	22382850	22414817	5	21354074	21378355	placeholder
13	17942288	17954276	10	23007276	23019333	placeholder
5	4739637	4750492	4	4751005	4761909	placeholder
1	294050625	294062592	1	272359360	272371475	placeholder
3	167271448	167313591	3	25687373	25734861	placeholder
5	30073736	30092213	4	29808918	29827313	placeholder
1	332870976	332903402	1	310544764	310570723	placeholder
8	29055582	29124585	8	28481887	28556419	placeholder
2	204504323	204564734	2	57907212	57971535	placeholder
7	51003783	51105799	7	47851496	47910646	placeholder
10	8116633	8172327	9	7954259	8010081	placeholder
1	315806017	315830083	1	293574319	293597461	placeholder
8	68480375	68552992	8	65863690	65932110	placeholder
4	21783919	21801259	5	20757566	20780784	placeholder
17	7398842	7420285	19	3441563	3463581	placeholder
2	33290204	33302497	2	222204623	222216976	placeholder
1	25417066	25420564	1	6491146	6494642	placeholder
3	155853209	155860822	3	37265992	37273635	placeholder
1	42852354	42887848	1	23823886	23859309	placeholder
2	214663548	214800498	2	47595910	47722026	placeholder
1	293016018	293039238	1	271312522	271335624	placeholder
2	169717403	169737288	2	90604096	90625856	placeholder
1	239233260	239258897	1	217530046	217559362	placeholder
7	5203543	5271619	7	3749633	3821550	placeholder
4	30284394	30313562	5	29251385	29278550	placeholder
2	48219522	48262306	2	207400739	207447378	placeholder
1	168847594	168873900	1	148542499	148571685	placeholder
7	40143617	40169164	7	37617064	37643239	placeholder
3	193296561	193326436	16	279605	307374	placeholder
3	151008978	151031151	3	42169602	42192876	placeholder
1	306974594	307004182	1	285242255	285268764	placeholder
1	288286767	288300578	1	266457424	266471574	placeholder
5	12926141	12980483	4	12672079	12724431	placeholder
13	8219798	8231022	10	13420070	13431156	placeholder
17	8347709	8365554	19	2502046	2518691	placeholder
1	286732618	286760073	1	264842413	264866152	placeholder
1	12575220	12601740	1	328940186	328964743	placeholder
14	5095423	5111418	12	11890084	11906648	placeholder
17	9419637	9432600	19	1442231	1456185	placeholder
2	140778051	140830650	2	118447789	118500615	placeholder
11	1720059	1731883	10	3539076	3551783	placeholder
1	6754463	6756350	1	323091040	323092924	placeholder
1	227784396	227820607	1	206316356	206353901	placeholder
5	56602697	56611665	4	55798324	55807309	placeholder
6	20709303	20712195	6	76326450	76329342	placeholder
3	114023954	114044983	3	79148084	79166170	placeholder
13	421344	434979	10	5616672	5629062	placeholder
5	66595718	66631045	4	65586342	65616539	placeholder
1	80041066	80120586	1	60936182	61016650	placeholder
1	111308671	111310855	1	91687147	91689331	placeholder
15	10625778	10633834	13	10502920	10510358	placeholder
1	191124621	191189069	1	170327611	170391605	placeholder
14	3125655	3136285	12	13841388	13852956	placeholder
11	18491829	18504101	14	4496869	4509632	placeholder
1	292080507	292137011	1	270280816	270338907	placeholder
4	11760994	11775773	5	10905194	10920017	placeholder
14	7419723	7440789	12	9580754	9602688	placeholder
8	50041348	50119433	8	49039035	49114573	placeholder
1	75049816	75110933	1	56055432	56132085	placeholder
5	55676704	55701335	4	54945016	54970561	placeholder
6	24913648	24940704	6	72168707	72194687	placeholder
2	103259514	103315350	2	154715275	154723609	placeholder
13	7716567	7732475	10	12918631	12934098	placeholder
1	274165805	274188228	1	252225074	252247474	placeholder
3	24443573	24461576	3	167175284	167192327	placeholder
11	22480558	22485831	14	596339	601437	placeholder
2	226309896	226312044	2	36080483	36082631	placeholder
1	267488790	267510119	1	245680077	245698530	placeholder
2	160574976	160578661	2	99604698	99608324	placeholder
17	5988864	5990796	19	4809272	4811204	placeholder
4	56957150	57001300	5	55480553	55524250	placeholder
14	5247934	5261747	12	11736987	11751235	placeholder
5	52073852	52075985	4	51411890	51414023	placeholder
14	3338985	3355378	12	13626866	13642078	placeholder
7	79429587	79441703	7	73954592	73966708	placeholder
8	37656214	37658377	8	36920429	36922592	placeholder
6	33022946	33053583	6	64155833	64186705	placeholder
3	181186276	181212748	3	11510548	11532762	placeholder
7	36349630	36358372	7	33951452	33959899	placeholder
2	32251051	32269975	2	223197167	223216253	placeholder
1	107119915	107131353	1	87950964	87980916	placeholder
2	208838297	208888736	2	53670338	53725457	placeholder
12	13743077	13764157	11	13613167	13634786	placeholder
10	9252137	9273147	9	9086855	9110219	placeholder
16	6817002	6832310	15	6202115	6216062	placeholder
6	5749027	5810286	6	90366656	90428972	placeholder
3	86019211	86042321	3	105841242	105869736	placeholder
3	22730272	22748181	3	168854174	168873114	placeholder
5	97291013	97323002	4	94883776	94915117	placeholder
4	64164224	64166258	5	62393797	62395831	placeholder
11	21154272	21173694	14	1879289	1900190	placeholder
6	2463214	2474449	6	93598967	93609772	placeholder
7	60957800	60959930	7	58286734	58288864	placeholder
2	214901462	214934696	2	47417936	47467490	placeholder
6	61604426	61645481	6	36435411	36476660	placeholder
7	85815569	85840053	7	80154526	80177998	placeholder
1	267426003	267465367	1	245616052	245658250	placeholder
1	29805675	29807799	1	11011446	11013573	placeholder
1	299957968	299978675	1	278322383	278342818	placeholder
1	26903201	26906925	1	8052654	8056366	placeholder
15	7157139	7227663	13	7118588	7187272	placeholder
6	51787914	51809061	6	46002888	46018789	placeholder
6	38612353	38640982	6	58729309	58756880	placeholder
3	46418073	46431624	3	145132745	145147041	placeholder
12	4312006	4315339	11	4251079	4253967	placeholder
6	45153207	45164675	6	52486685	52498215	placeholder
10	1413933	1424699	9	1337640	1348610	placeholder
1	25876478	25896785	1	6963831	6981738	placeholder
3	202570433	202578919	16	9228671	9237168	placeholder
14	5069027	5087072	12	11915022	11932742	placeholder
4	53783926	53808500	5	52330402	52354446	placeholder
2	18899355	18922142	2	236494688	236512059	placeholder
3	119809001	119836363	3	73344989	73373138	placeholder
3	107619582	107636339	3	85507504	85524870	placeholder
3	135699719	135721423	3	57507563	57525835	placeholder
10	5334389	5354566	9	5186145	5203648	placeholder
3	105301171	105315873	3	87628258	87646021	placeholder
12	10425316	10453835	11	10316992	10339690	placeholder
2	201952037	202036528	2	60456122	60546752	placeholder
1	151438976	151447941	1	131431613	131440581	placeholder
7	62223587	62244025	7	59567488	59594367	placeholder
7	6039489	6068063	7	4495397	4522815	placeholder
11	12919108	12930530	14	10030932	10042113	placeholder
3	99343622	99353077	3	93500674	93510796	placeholder
13	3489110	3539839	10	8689299	8741267	placeholder
3	104317282	104372808	3	88592785	88649885	placeholder
7	37753906	37772295	7	35297069	35314917	placeholder
7	57808960	57836160	7	55064858	55088821	placeholder
10	9338784	9358860	9	9179423	9199130	placeholder
4	27828410	27949756	5	26848576	26967348	placeholder
1	276174601	276212676	1	254234995	254273080	placeholder
1	125941679	125972003	1	106191759	106237704	placeholder
1	75132112	75151198	1	56154810	56171133	placeholder
7	30813374	30825818	7	28575044	28587538	placeholder
1	154378000	154414117	1	134435554	134470568	placeholder
3	68090248	68106212	3	123766114	123782023	placeholder
5	61863009	61872181	4	61038750	61047162	placeholder
6	19292408	19349616	6	77700219	77765945	placeholder
6	3799348	3822245	6	92262379	92287383	placeholder
15	10535260	10553339	13	10413333	10430105	placeholder
16	6638905	6663554	15	6367577	6392443	placeholder
3	158380427	158382521	3	34669844	34671938	placeholder
1	26298500	26344136	1	7412841	7458531	placeholder
5	78539546	78541637	4	77017463	77019545	placeholder
1	256973326	256992255	1	235064641	235081351	placeholder
1	303239497	303312151	1	281535431	281605450	placeholder
6	90780463	90802658	6	8373080	8395430	placeholder
1	178086714	178108728	1	157848945	157871081	placeholder
1	51576826	51584596	1	32612046	32619783	placeholder
14	15294804	15307434	12	1881447	1895446	placeholder
7	28886776	28904523	7	26665708	26685554	placeholder
15	3674274	3694956	13	3647079	3666232	placeholder
1	104470487	104508888	1	85318927	85354020	placeholder
1	277555437	277584143	1	255566953	255594833	placeholder
5	106181144	106183202	4	103617609	103619667	placeholder
6	1565163	1644185	6	94434051	94504599	placeholder
5	56751200	56770397	4	55936207	55955932	placeholder
12	16081471	16109931	11	15742180	15768874	placeholder
3	175819175	175847480	3	16981644	17007800	placeholder
5	21723301	21772953	4	21489467	21538404	placeholder
5	108587871	108608774	4	105999423	106020542	placeholder
10	6009711	6021040	9	5857061	5868089	placeholder
1	38997309	39026644	1	20031814	20064814	placeholder
6	39025962	39042138	6	58328471	58342283	placeholder
3	87663629	87681163	3	104204538	104219504	placeholder
14	2346156	2355076	12	14648859	14657925	placeholder
6	22177860	22182565	6	74849670	74879404	placeholder
1	205908500	205924970	1	184498433	184521435	placeholder
8	59050664	59062013	8	57371597	57384136	placeholder
5	22851896	22868430	4	22665797	22681650	placeholder
2	204610022	204625246	2	57857273	57872437	placeholder
12	8162204	8178711	11	8106165	8123347	placeholder
12	1026031	1045074	11	981561	1000587	placeholder
7	23253420	23269120	7	21233101	21251795	placeholder
2	99098184	99120335	2	158794638	158813750	placeholder
3	25986930	25989228	3	165624819	165627120	placeholder
7	26577078	26591845	7	24466319	24486468	placeholder
1	51173462	51175484	1	32195079	32197101	placeholder
14	5421400	5426391	12	11570132	11575133	placeholder
7	73703274	73712064	7	68289744	68305332	placeholder
5	108179688	108204221	4	105592072	105610738	placeholder
4	42129131	42152342	5	40871153	40893716	placeholder
6	38460978	38468666	6	58906868	58912113	placeholder
5	31924295	31948433	4	31686022	31709905	placeholder
1	224840678	224860871	1	203409237	203425405	placeholder
1	63741051	63752681	1	44877975	44891330	placeholder
15	3762358	3810332	13	3732875	3779045	placeholder
3	183906201	183920031	3	8852759	8866738	placeholder
1	165196606	165294594	1	144852791	144948836	placeholder
13	1449839	1459379	10	6624853	6634311	placeholder
1	208840728	208908407	1	187430508	187490427	placeholder
5	66662905	66784378	4	65644698	65784019	placeholder
7	74596691	74627661	7	69198135	69230530	placeholder
5	5807841	5863742	4	5766221	5820556	placeholder
12	4410499	4412533	11	4344365	4346396	placeholder
1	158148691	158163760	1	138182133	138196938	placeholder
3	48369482	48440599	3	143206229	143282766	placeholder
1	127265797	127311346	1	107543450	107587289	placeholder
3	156829284	156836721	3	36200958	36214064	placeholder
1	300807653	300845326	1	279220477	279255138	placeholder
1	192939460	192986400	1	172139046	172179036	placeholder
14	13711897	13745447	12	3443336	3475991	placeholder
16	11519761	11540819	15	1549588	1570174	placeholder
2	68303553	68335008	2	187669852	187695314	placeholder
1	69985824	70027742	1	51038759	51071730	placeholder
17	7967694	7971107	19	2889521	2892947	placeholder
8	76966852	76988365	8	73982569	74007508	placeholder
6	26944218	26948019	6	70136991	70140791	placeholder
5	79299714	79305837	4	77940461	77946579	placeholder
2	98207390	98228996	2	159574960	159596533	placeholder
2	191734979	191765888	2	70720059	70752591	placeholder
13	3807246	3809657	10	8997078	8999489	placeholder
2	100871946	100890291	2	157026612	157045259	placeholder
6	42133525	42183111	6	55397187	55450396	placeholder
6	81732579	81754460	6	17284833	17302664	placeholder
17	3219629	3253592	19	7444208	7477175	placeholder
13	1794461	1806478	10	6976877	7007488	placeholder
5	22490364	22494039	4	22275873	22279548	placeholder
2	141174238	141202811	2	118075583	118097533	placeholder
5	110440385	110474533	4	107827125	107889224	placeholder
2	156642611	156682926	2	103560331	103599306	placeholder
3	147716809	147764538	3	45420119	45465829	placeholder
1	242690408	242719292	1	221068496	221109780	placeholder
14	8977538	8992230	12	8061785	8077373	placeholder
1	2393884	2421574	1	319989205	320009753	placeholder
3	141669456	141688815	3	51557034	51576035	placeholder
15	13442619	13464273	13	13314300	13336320	placeholder
3	46377981	46401201	3	145168441	145189635	placeholder
4	84536506	84584852	5	79638672	79691042	placeholder
3	23660683	23665880	3	167976765	167981971	placeholder
1	251290581	251314335	1	229535990	229612817	placeholder
1	192817189	192837384	1	172011998	172031688	placeholder
13	14847741	14870565	10	19927536	19951312	placeholder
19	3029259	3051627	18	5089875	5113244	placeholder
14	14086228	14124886	12	3065749	3105546	placeholder
6	24584050	24613693	6	72507129	72545204	placeholder
1	62637726	62663444	1	43776436	43801591	placeholder
2	133202140	133228758	2	126039772	126066215	placeholder
7	55088506	55139210	7	52010843	52055012	placeholder
3	192503100	192536146	3	371626	408288	placeholder
2	99391377	99416032	2	158494166	158519280	placeholder
8	35702137	35722667	8	35035277	35058152	placeholder
1	332409042	332443729	1	310082110	310115221	placeholder
7	71769248	71815482	7	66331505	66363025	placeholder
7	46464416	46515335	7	43677880	43714128	placeholder
4	84989915	85020894	5	80070656	80097092	placeholder
3	20336981	20374339	3	171165668	171207655	placeholder
17	10153359	10160715	19	694041	701682	placeholder
17	6668703	6698380	19	4145120	4170447	placeholder
8	7887896	7925263	8	7506732	7540507	placeholder
13	2969322	2994221	10	8167271	8192695	placeholder
4	86594670	86637716	5	81667612	81708095	placeholder
4	6782576	6815028	5	5979987	6008787	placeholder
5	91973527	91993430	4	89609031	89629012	placeholder
6	93832371	93863244	6	5391067	5418504	placeholder
10	7486274	7529399	9	7335765	7377531	placeholder
7	27955049	27984528	7	25742794	25773317	placeholder
1	88345235	88347221	1	69211914	69213900	placeholder
8	4043067	4050313	8	3736312	3742946	placeholder
13	18720326	18722306	10	23784572	23786552	placeholder
2	76130319	76197140	2	179760128	179826136	placeholder
2	173064567	173087225	2	87288345	87307870	placeholder
13	2605139	2625199	10	7788953	7807999	placeholder
11	8329387	8351147	14	14603265	14625561	placeholder
4	21437446	21464421	5	20394222	20423643	placeholder
7	92765029	92785142	7	87003345	87021401	placeholder
1	50352555	50367427	1	31420257	31435130	placeholder
1	44304223	44306212	1	25279186	25281175	placeholder
1	238854191	238864806	1	217160125	217170581	placeholder
5	51042224	51070414	4	50376504	50407510	placeholder
13	8587675	8610232	10	13776084	13798007	placeholder
12	17023730	17081666	11	16648837	16708353	placeholder
3	70137077	70155399	3	121706442	121724704	placeholder
4	92341892	92353509	5	87291023	87302678	placeholder
6	10913750	10940124	6	85845723	85873850	placeholder
13	14750270	14772578	10	19835351	19855445	placeholder
1	187386399	187414397	1	166560017	166582636	placeholder
1	82853155	82880989	1	63704887	63734738	placeholder
1	280656639	280765480	1	258779865	258889512	placeholder
7	10650204	10670668	7	8880140	8897807	placeholder
15	8484689	8498860	13	8400781	8417425	placeholder
2	157533851	157547077	2	102675632	102688373	placeholder
15	16791579	16885398	13	16554588	16641700	placeholder
1	267199755	267223821	1	245379018	245402286	placeholder
1	6742690	6744661	1	323081100	323083068	placeholder
19	4485279	4498901	18	3652249	3667770	placeholder
8	40993642	41010012	8	40274267	40291001	placeholder
3	146453069	146478667	3	46733425	46761233	placeholder
3	86007855	86016312	3	105872581	105881429	placeholder
19	7525352	7541629	18	655228	672194	placeholder
1	322413830	322431842	1	300011305	300025906	placeholder
16	2818971	2827957	15	10143710	10151819	placeholder
1	114858261	114867187	1	95027310	95038258	placeholder
1	99041624	99057412	1	79797647	79813128	placeholder
7	89769446	89793019	7	84042430	84062751	placeholder
1	147068889	147148267	1	127006988	127099287	placeholder
14	15332763	15341106	12	1847828	1856139	placeholder
15	4681819	4736864	13	4649318	4707116	placeholder
13	12620550	12636546	10	17727836	17744801	placeholder
6	25575903	25609549	6	71490034	71524899	placeholder
17	4305069	4319996	19	6388340	6403607	placeholder
1	189031107	189033051	1	168209114	168211058	placeholder
12	139269	143657	11	90249	94688	placeholder
1	205604055	205641011	1	184235033	184269036	placeholder
12	9934418	9994213	11	9854359	9897074	placeholder
1	215016454	215044251	1	193697289	193725360	placeholder
6	5498541	5523888	6	90634876	90656487	placeholder
16	2085637	2140164	15	10831978	10894923	placeholder
16	12123123	12128197	15	967595	972663	placeholder
15	3586863	3602538	13	3560344	3576058	placeholder
3	35895379	35907861	3	155691100	155703860	placeholder
1	339876493	339901042	1	317418431	317448239	placeholder
3	173972661	173986473	3	18927780	18940897	placeholder
3	200347600	200378899	16	7112895	7148670	placeholder
2	156761734	156804323	2	103428579	103483474	placeholder
12	8371088	8384512	11	8311542	8323814	placeholder
14	3584079	3589731	12	13394037	13399750	placeholder
1	83968339	84026997	1	64842704	64903075	placeholder
1	187427525	187508310	1	166595639	166679868	placeholder
7	36135064	36154646	7	33761651	33778849	placeholder
6	41046556	41070802	6	56522671	56546950	placeholder
1	153564488	153566495	1	133618663	133620670	placeholder
15	615328	634618	13	588935	608525	placeholder
7	89189125	89217896	7	83480754	83509753	placeholder
1	73092780	73125118	1	54002529	54035826	placeholder
6	25657645	25696495	6	71401355	71439067	placeholder
7	25899762	25915322	7	23780738	23797664	placeholder
3	107122323	107132137	3	86023478	86033394	placeholder
3	119368106	119385867	3	73794317	73811967	placeholder
1	239834566	239859774	1	218133689	218153651	placeholder
14	4962005	4976400	12	12025464	12038202	placeholder
1	66066018	66096837	1	47209061	47230841	placeholder
3	47313647	47326889	3	144403673	144416479	placeholder
1	204912027	204949717	1	183557010	183591888	placeholder
6	56069654	56126986	6	41751254	41809421	placeholder
1	277813024	277830382	1	255831913	255848781	placeholder
13	7545770	7557490	10	12748431	12760144	placeholder
15	15599732	15605616	13	15370291	15376286	placeholder
3	50629654	50645262	3	141051866	141067493	placeholder
16	1144925	1162051	15	11800423	11820092	placeholder
2	190653840	190678006	2	71731889	71755797	placeholder
15	8265911	8276334	13	8186217	8197396	placeholder
14	389153	401353	12	16600948	16613340	placeholder
5	4147975	4179947	4	4180077	4210597	placeholder
2	177571989	177580763	2	82814850	82823604	placeholder
2	11280998	11299131	2	243974182	243988328	placeholder
3	23426112	23438338	3	168183095	168196581	placeholder
1	50515460	50520954	1	31592061	31596509	placeholder
6	38731727	38785467	6	58594747	58646826	placeholder
13	3651811	3664641	10	8843264	8856727	placeholder
14	6541196	6563813	12	10447795	10470688	placeholder
6	93625338	93627003	6	5615904	5617575	placeholder
5	18082782	18085040	4	17879769	17882552	placeholder
2	205376374	205394974	2	57076850	57087000	placeholder
6	31816202	31818119	6	65361374	65363291	placeholder
2	133676320	133800936	2	125460637	125596629	placeholder
1	77310533	77312441	1	58328115	58330023	placeholder
11	22499388	22508049	14	571803	582700	placeholder
1	215075059	215087155	1	193753615	193765526	placeholder
1	40294343	40313049	1	21290586	21309015	placeholder
1	159783942	159787447	1	139772537	139776046	placeholder
12	740925	747660	11	699342	706070	placeholder
1	27942839	27958970	1	9080841	9096054	placeholder
2	195352896	195388075	2	67023441	67058553	placeholder
8	55041225	55058536	8	53879896	53897491	placeholder
16	2187264	2211752	15	10765449	10788778	placeholder
1	111410788	111438357	1	91795515	91830733	placeholder
5	26156373	26169504	4	25888881	25901901	placeholder
1	66651694	66666731	1	47745481	47767080	placeholder
4	50490751	50522083	5	49038156	49071604	placeholder
6	45310155	45329743	6	52320327	52340066	placeholder
1	55710135	55757126	1	36747177	36785124	placeholder
2	28663235	28689030	2	226820292	226845431	placeholder
16	7960094	7976163	15	5056081	5070576	placeholder
1	319234287	319260116	1	296904219	296930094	placeholder
6	86009206	86027263	6	13117210	13136152	placeholder
8	43238262	43259373	8	42457226	42485939	placeholder
1	227713155	227727986	1	206246616	206262534	placeholder
2	152511667	152550859	2	107678678	107720201	placeholder
6	93919580	93928190	6	5327256	5335745	placeholder
1	336396964	336429115	1	313998255	314031463	placeholder
3	164297061	164320082	3	28658107	28679034	placeholder
6	32863814	32865629	6	64325380	64327195	placeholder
8	21804074	21833125	8	21139887	21167779	placeholder
1	254653653	254681658	1	232729988	232755770	placeholder
8	69758963	69798107	8	66921440	66958790	placeholder
2	217368933	217412554	2	44903651	44935904	placeholder
1	259637474	259655383	1	237756791	237781486	placeholder
11	20693908	20700021	14	2313887	2320010	placeholder
15	9032792	9065306	13	8959519	8990715	placeholder
7	33058257	33081253	7	30771731	30796997	placeholder
1	181514667	181528618	1	160900050	160911635	placeholder
8	19207512	19253844	8	18567155	18612467	placeholder
3	131049597	131073748	3	62050422	62073335	placeholder
11	7692819	7694370	14	15254919	15256470	placeholder
4	9153652	9171600	5	8270386	8286835	placeholder
2	21138398	21189555	2	234311349	234362958	placeholder
1	236791516	236832009	1	215113354	215154456	placeholder
5	119346617	119401107	4	116845580	116892902	placeholder
4	86378	92021	5	75324	83120	placeholder
1	104159522	104231367	1	85019875	85033865	placeholder
3	17301378	17316037	3	174302055	174316806	placeholder
3	114923396	114930964	3	78238534	78246379	placeholder
2	212895695	212912720	2	49511497	49539744	placeholder
3	194934037	195003133	16	1912462	1975576	placeholder
2	191642585	191683670	2	70801789	70843900	placeholder
19	2885873	2898232	18	5240279	5252694	placeholder
1	179015947	179051668	1	158665719	158702305	placeholder
3	123198904	123223578	3	69971187	69995945	placeholder
3	64614252	64643193	3	127100709	127130121	placeholder
6	51598703	51624092	6	46161895	46188903	placeholder
3	168967006	168991231	3	23984743	24007783	placeholder
1	8854688	8898018	1	325146379	325188933	placeholder
5	56080699	56114605	4	55268287	55295158	placeholder
1	41746528	41777448	1	22757279	22779191	placeholder
3	159153667	159216358	3	33843390	33909957	placeholder
11	20578512	20581864	14	2439507	2442857	placeholder
14	4834247	4851514	12	12146160	12163828	placeholder
3	63662055	63739870	3	128005391	128078997	placeholder
5	30255138	30298051	4	29997905	30068910	placeholder
2	220680735	220705365	2	41725847	41749930	placeholder
1	119023463	119043568	1	99265276	99284979	placeholder
2	217116870	217164118	2	45160786	45207374	placeholder
17	8626861	8630354	19	2238136	2241629	placeholder
7	90675268	90700028	7	84909384	84934611	placeholder
5	20753608	20780597	4	20544026	20569516	placeholder
1	35823694	35902139	1	16856983	16936034	placeholder
1	68963381	68977297	1	50009782	50023647	placeholder
1	229377961	229408027	1	207961119	207990752	placeholder
4	5243910	5257733	5	4417528	4430266	placeholder
11	15402863	15414290	14	7545227	7556707	placeholder
14	6511294	6523354	12	10488120	10498789	placeholder
1	126052168	126067625	1	106309593	106325680	placeholder
2	156468600	156484408	2	103673711	103689618	placeholder
16	11012189	11019694	15	2061123	2068426	placeholder
3	27369474	27376557	3	164190339	164198985	placeholder
3	157822405	157838351	3	35198581	35215255	placeholder
1	184067595	184150763	1	163359472	163443879	placeholder
13	15839662	15845438	10	20893276	20899214	placeholder
6	18412489	18423650	6	78631525	78641531	placeholder
8	76328783	76346073	8	73356678	73375464	placeholder
6	56036037	56063656	6	41814319	41842455	placeholder
11	8485569	8511649	14	14448233	14474281	placeholder
4	58149573	58193921	5	56659707	56698647	placeholder
1	165595561	165612962	1	145256878	145273403	placeholder
3	160649964	160682193	3	32392200	32416902	placeholder
6	58221307	58246547	6	39742182	39770262	placeholder
1	73260286	73290399	1	54192775	54229234	placeholder
1	233605389	233628171	1	212094525	212116625	placeholder
15	14336425	14338267	13	14079742	14081584	placeholder
11	10562621	10567401	14	12381183	12385354	placeholder
5	34099014	34147642	4	33672439	33790992	placeholder
1	340309939	340331299	1	317839134	317863524	placeholder
8	25493162	25516035	8	24890673	24921355	placeholder
2	214825719	214836982	2	47559343	47570665	placeholder
3	175624518	175653282	3	17190709	17216680	placeholder
3	155741986	155766935	3	37357884	37385874	placeholder
16	11838015	11843820	15	1246843	1253326	placeholder
6	44444388	44463329	6	53188813	53207116	placeholder
4	24403869	24426836	5	23407431	23424812	placeholder
4	73907481	73935381	5	70444300	70467917	placeholder
2	179470086	179498426	2	80884719	80909602	placeholder
6	38421591	38427460	6	58956319	58965493	placeholder
11	20216916	20229271	14	2791717	2804013	placeholder
15	13299243	13312449	13	13168922	13182302	placeholder
2	21669356	21685370	2	233824831	233838190	placeholder
2	68278635	68285811	2	187715543	187722951	placeholder
1	287210371	287231053	1	265345409	265367502	placeholder
2	147672991	147723432	2	112028788	112079207	placeholder
19	7319111	7344918	18	846354	883879	placeholder
14	7067819	7069625	12	9950153	9951959	placeholder
1	72170070	72192852	1	53052103	53077624	placeholder
2	99917309	99931627	2	157991557	158005905	placeholder
3	25652516	25685149	3	165930267	165963534	placeholder
3	95039472	95109661	3	97373970	97389329	placeholder
14	9437963	9462171	12	7590741	7614912	placeholder
10	627084	637812	9	534786	551043	placeholder
1	314335973	314346419	1	292076308	292089154	placeholder
1	13323015	13350861	1	329659131	329692294	placeholder
3	123636865	123666471	3	69515314	69548218	placeholder
8	35463358	35492728	8	34831004	34847938	placeholder
15	11793579	11806467	13	11677648	11688778	placeholder
5	16437473	16447415	4	16229240	16239173	placeholder
5	79507345	79539153	4	78100944	78127886	placeholder
4	9552705	9576166	5	8657509	8685213	placeholder
3	119151451	119208276	3	73983408	74061952	placeholder
2	212855477	212864660	2	49573006	49584223	placeholder
1	149168312	149180477	1	129112501	129122613	placeholder
2	80519096	80520914	2	175576942	175578760	placeholder
1	250242810	250251958	1	228475460	228485035	placeholder
1	317241862	317255699	1	294997570	295011705	placeholder
3	184909490	184954954	3	7859172	7900413	placeholder
3	141125752	141228375	3	52033481	52140769	placeholder
1	194063525	194082722	1	173259923	173279652	placeholder
3	179579713	179621224	3	13113539	13154805	placeholder
1	265781759	265815390	1	243932423	243963359	placeholder
1	195064456	195097211	1	174247791	174286544	placeholder
5	64873578	64887517	4	64025088	64038698	placeholder
13	3231649	3240306	10	8428911	8437495	placeholder
1	335179739	335207323	1	312840313	312864766	placeholder
6	53388279	53601497	6	44235833	44444166	placeholder
2	61550665	61573377	2	194499451	194522095	placeholder
12	3471024	3487830	11	3416512	3433014	placeholder
1	42227314	42252118	1	23222749	23251331	placeholder
12	13108326	13132001	11	12964398	12989212	placeholder
3	144660198	144687093	3	48511525	48538184	placeholder
2	1810342	1824508	2	253246675	253259443	placeholder
1	11485536	11497538	1	327837781	327848931	placeholder
2	189731869	189751404	2	72670682	72691850	placeholder
1	122925250	122944613	1	103167790	103187460	placeholder
8	38335773	38340948	8	37598524	37603733	placeholder
16	9644456	9655587	15	3418838	3429962	placeholder
3	100078431	100116554	3	92781637	92819401	placeholder
2	234423899	234435922	2	28036806	28048861	placeholder
16	11784848	11792140	15	1298466	1305735	placeholder
6	67288079	67311123	6	30877097	30897991	placeholder
3	131113922	131145715	3	61979556	62012054	placeholder
2	147348718	147364328	2	112278854	112294170	placeholder
1	336132016	336161346	1	313731605	313764792	placeholder
1	113199	118670	1	318248185	318253780	placeholder
6	38828008	38850928	6	58518870	58541822	placeholder
3	32622240	32628257	3	158975814	158981868	placeholder
6	20407055	20437691	6	76599384	76635941	placeholder
19	3008338	3018296	18	5124170	5131790	placeholder
1	271836579	271838373	1	249900570	249902364	placeholder
3	107039223	107054104	3	86095756	86110631	placeholder
4	20613571	20655223	5	19855663	19895342	placeholder
1	1949424	1972083	1	319577235	319599102	placeholder
7	33913366	33937095	7	31583551	31601187	placeholder
8	28954937	28974395	8	28380026	28399210	placeholder
5	3998839	4081979	4	4026252	4116730	placeholder
4	44439047	44451214	5	43173883	43181784	placeholder
1	301552530	301565588	1	279949827	279964103	placeholder
2	67036979	67070254	2	188933590	188968686	placeholder
3	140120971	140156402	3	53134831	53170471	placeholder
14	8419143	8449534	12	8595124	8623943	placeholder
17	10696587	10701778	19	183790	189016	placeholder
3	45504036	45525355	3	146044074	146066291	placeholder
5	74541862	74668493	4	73013627	73107409	placeholder
3	169040500	169063314	3	23917598	23939476	placeholder
2	133234377	133264465	2	126005595	126034148	placeholder
1	251660397	251675799	1	229909277	229924095	placeholder
2	30004920	30043650	2	225407250	225461089	placeholder
2	152161450	152178871	2	108045118	108061587	placeholder
6	55934118	55962245	6	41908124	41936205	placeholder
10	11464076	11511550	9	11283692	11331692	placeholder
3	62066597	62098907	3	129641602	129677540	placeholder
3	186248096	186254310	3	6542024	6548392	placeholder
6	85459466	85469273	6	13678653	13688563	placeholder
12	16542351	16547035	11	16182394	16188001	placeholder
1	129332858	129716183	1	109550922	109920637	placeholder
14	10156425	10167203	12	6921306	6931526	placeholder
2	101021629	101033175	2	156898727	156910920	placeholder
13	7897418	7899366	10	13101435	13104809	placeholder
1	273423470	273432459	1	251488582	251497518	placeholder
2	133043230	133084339	2	126184978	126225969	placeholder
2	214943016	214952176	2	47400649	47409846	placeholder
8	30861702	30897105	8	30286984	30323275	placeholder
1	260861429	260884234	1	239040213	239064358	placeholder
2	198855826	198877724	2	63631360	63653573	placeholder
1	94572924	94592623	1	75477706	75498215	placeholder
13	12483339	12500266	10	17581597	17597463	placeholder
7	71840461	71853070	7	66382369	66395162	placeholder
8	75223828	75240148	8	72284834	72300387	placeholder
8	70317262	70337824	8	67430544	67451407	placeholder
3	197297025	197349323	16	4316667	4373101	placeholder
1	17531440	17542199	1	333892200	333902965	placeholder
12	982787	994294	11	938465	950006	placeholder
1	116556674	116569222	1	96763340	96775516	placeholder
19	3889509	3902841	18	4250607	4262761	placeholder
1	267883849	267890766	1	246090753	246097855	placeholder
15	5126166	5127933	13	5087456	5089223	placeholder
13	18047069	18053331	10	23109163	23115607	placeholder
11	19495646	19524242	14	3491762	3520777	placeholder
2	32321588	32323355	2	223139553	223141320	placeholder
17	10131528	10138826	19	671604	679112	placeholder
1	195499238	195503521	1	174674947	174679227	placeholder
13	16975555	16985609	10	22025449	22036250	placeholder
5	35241311	35257611	4	34892551	34908539	placeholder
6	62415695	62522939	6	35594487	35704377	placeholder
1	173068176	173109692	1	152790819	152840112	placeholder
14	992487	1001882	12	15989852	15999256	placeholder
1	6055681	6086855	1	322390230	322421907	placeholder
6	26996007	27013964	6	70077880	70095401	placeholder
3	20409143	20441020	3	171104086	171133036	placeholder
6	80858695	80885112	6	18166322	18197449	placeholder
1	142507090	142642933	1	122619996	122732573	placeholder
8	7702023	7753255	8	7329194	7379649	placeholder
1	334753133	334818459	1	312414966	312480360	placeholder
3	201629447	201739908	16	8384412	8514345	placeholder
2	25954031	25961169	2	229574497	229581645	placeholder
1	284098536	284122410	1	262259569	262283526	placeholder
3	137969465	138060651	3	55207171	55301667	placeholder
1	64006165	64025695	1	45149733	45168781	placeholder
5	65998036	65999788	4	64992589	64994335	placeholder
13	17690890	17725094	10	22751586	22785491	placeholder
15	14796425	14821547	13	14540100	14563606	placeholder
3	188734513	188754497	3	4119753	4138474	placeholder
1	75641562	75657505	1	56676818	56691804	placeholder
5	22067757	22090552	4	21851826	21874276	placeholder
8	29462365	29486035	8	28892343	28919442	placeholder
1	327545809	327588880	1	305188636	305230058	placeholder
1	23678791	23706015	1	4772645	4803530	placeholder
3	147164245	147177339	3	46000468	46013442	placeholder
6	52344711	52364582	6	45438021	45459859	placeholder
2	168092553	168108271	2	92291680	92306512	placeholder
3	50573972	50600844	3	141096190	141123566	placeholder
7	13003250	13052407	7	11254138	11302404	placeholder
7	47664049	47684437	7	44799910	44821324	placeholder
1	108428	110252	1	318243437	318245261	placeholder
1	312096940	312125730	1	289749115	289777906	placeholder
16	10814396	10822355	15	2258235	2266376	placeholder
8	48091017	48117555	8	47202922	47230115	placeholder
4	73619236	73705552	5	70217287	70336128	placeholder
6	86301607	86402555	6	12720001	12831105	placeholder
6	18341279	18378763	6	78672431	78684536	placeholder
6	42351421	42365591	6	55212149	55224227	placeholder
1	244878381	244896471	1	223053991	223072010	placeholder
14	1491669	1497561	12	15493846	15500414	placeholder
3	14457778	14470832	3	177094475	177107467	placeholder
3	142364452	142376090	3	50836354	50849191	placeholder
2	212498068	212523024	2	49932177	49957728	placeholder
2	177137148	177149805	2	83249229	83261917	placeholder
16	11768037	11774111	15	1316427	1322556	placeholder
4	20240117	20257089	5	19487595	19499440	placeholder
4	50744472	50746206	5	49299628	49301362	placeholder
3	134725636	134739849	3	58489669	58504616	placeholder
4	98973992	99045246	5	93871917	93954512	placeholder
5	81606318	81689224	4	79934641	80002789	placeholder
14	15884627	15895783	12	1262368	1273754	placeholder
17	8564620	8577562	19	2289511	2302792	placeholder
5	94021260	94048685	4	91608288	91640237	placeholder
8	24737535	24752363	8	24116165	24142339	placeholder
2	61253659	61255342	2	194822445	194824128	placeholder
2	168862454	169019274	2	91344802	91515910	placeholder
17	10390491	10396167	19	498203	503807	placeholder
1	86777462	86796300	1	67578603	67602434	placeholder
5	91102570	91128332	4	88763156	88786000	placeholder
7	80176112	80196066	7	74624864	74644824	placeholder
2	152842661	152859025	2	107367744	107377501	placeholder
1	70919357	70979978	1	51810762	51866517	placeholder
3	115307260	115335352	3	77834242	77864340	placeholder
13	13475904	13553844	10	18567996	18646215	placeholder
5	9547918	9596543	4	9323608	9376428	placeholder
2	216844410	217005297	2	45319417	45487680	placeholder
13	1928773	1947336	10	7111070	7129919	placeholder
3	115230212	115243642	3	77930982	77944318	placeholder
7	23119574	23149674	7	21108069	21139071	placeholder
16	7868196	7869906	15	5159008	5160718	placeholder
3	140078906	140103855	3	53186883	53214929	placeholder
5	68174538	68271797	4	67166998	67280645	placeholder
3	171522617	171540388	3	21447562	21463877	placeholder
2	212535270	212568319	2	49893475	49918085	placeholder
3	165866680	165875687	3	27131924	27140963	placeholder
2	190883362	190891257	2	71507596	71515023	placeholder
2	206281362	206296011	2	56177300	56189659	placeholder
13	3838939	3859343	10	9030071	9049000	placeholder
6	10258474	10292530	6	86506528	86540074	placeholder
11	6901554	6944970	14	16016581	16060485	placeholder
1	190801953	190812705	1	169997574	170008727	placeholder
8	37738626	37750539	8	37001826	37012295	placeholder
16	7518755	7535132	15	5495733	5510072	placeholder
8	25249079	25263785	8	24653326	24673514	placeholder
6	48555080	48676754	6	48953591	49116915	placeholder
3	177870010	177894900	3	14849652	14876949	placeholder
1	319426974	319443584	1	297095824	297114226	placeholder
3	175702374	175768378	3	17057960	17140714	placeholder
12	8211060	8225087	11	8152212	8165574	placeholder
1	20896966	20904052	1	2043057	2050137	placeholder
8	75837281	75866453	8	72873618	72903743	placeholder
6	93933343	93940987	6	5314206	5321682	placeholder
3	89052558	89113961	3	102721324	102789585	placeholder
4	7745120	7755079	5	6858154	6868733	placeholder
6	33123045	33156662	6	64048361	64095555	placeholder
3	170278818	170306682	3	22659965	22691663	placeholder
1	247177383	247199231	1	225317595	225335839	placeholder
19	5970695	5977401	18	2207864	2214803	placeholder
15	13757791	13763621	13	13509312	13515135	placeholder
11	13127830	13135807	14	9834904	9842897	placeholder
1	51212066	51238331	1	32234741	32261859	placeholder
2	51195843	51235086	2	204510608	204552123	placeholder
5	32497015	32509560	4	32239813	32255534	placeholder
11	20561910	20576841	14	2444569	2458638	placeholder
3	159756320	159761710	3	33278660	33284069	placeholder
14	3096014	3115083	12	13862714	13882364	placeholder
1	28093433	28098926	1	9236292	9241796	placeholder
3	13857990	13886416	3	177681580	177705590	placeholder
7	33574648	33606763	7	31261010	31290084	placeholder
1	259707479	259732881	1	237835362	237863018	placeholder
8	8015552	8033904	8	7613084	7632056	placeholder
1	34175503	34207769	1	15267927	15294505	placeholder
1	116879232	116905917	1	97101786	97132622	placeholder
16	12318399	12328534	15	766324	776457	placeholder
1	340024789	340030876	1	317552163	317559106	placeholder
3	2801656	2826662	3	188649884	188674061	placeholder
7	85859042	85874646	7	80204000	80219678	placeholder
1	45900	70338	1	318181794	318203015	placeholder
16	1331938	1363363	15	11614000	11642982	placeholder
2	28625774	28641421	2	226867855	226882803	placeholder
16	11443845	11449189	15	1628663	1634011	placeholder
7	23492757	23522678	7	21470272	21501301	placeholder
13	740114	741857	10	5925455	5927643	placeholder
15	14766585	14776516	13	14509575	14519626	placeholder
15	11175533	11205848	13	11057819	11088742	placeholder
17	8082730	8092146	19	2768359	2777460	placeholder
3	124083269	124102498	3	69064739	69084685	placeholder
8	77201254	77224642	8	74212980	74237281	placeholder
1	195986243	196071918	1	175169685	175254977	placeholder
1	259218322	259261335	1	237363056	237410636	placeholder
1	8277153	8317455	1	324582195	324620073	placeholder
16	6881592	6891441	15	6145234	6154844	placeholder
12	777109	785002	11	735465	743394	placeholder
15	13201806	13239611	13	13071890	13110967	placeholder
3	89784691	89801397	3	102037345	102053945	placeholder
4	31615429	31627733	5	30542728	30555326	placeholder
1	150153694	150175936	1	130089844	130108490	placeholder
4	89314525	89327299	5	84272125	84284896	placeholder
2	206172754	206202470	2	56264158	56304377	placeholder
1	277591492	277606952	1	255602208	255617383	placeholder
2	133967763	133991502	2	125269217	125293903	placeholder
1	16762580	16788990	1	333110871	333135781	placeholder
2	135044506	135089976	2	124144059	124201193	placeholder
6	60845603	60863166	6	37205844	37223946	placeholder
7	31876739	31907054	7	29657599	29693295	placeholder
2	165129374	165148329	2	95262018	95280912	placeholder
11	6187196	6237257	14	16713619	16722221	placeholder
1	73193739	73210337	1	54112324	54134161	placeholder
5	61898419	61937877	4	61069686	61108629	placeholder
4	86341768	86362690	5	81393665	81412833	placeholder
2	61430968	61480765	2	194586856	194636648	placeholder
15	1288276	1293872	13	1252339	1257858	placeholder
1	292677507	292684846	1	270946389	270955354	placeholder
1	4383886	4396165	1	321170778	321183579	placeholder
7	2508999	2527777	7	1659857	1681352	placeholder
8	20888170	20897417	8	20242661	20253854	placeholder
15	6178649	6187689	13	6141825	6150976	placeholder
1	94502716	94536856	1	75419181	75443708	placeholder
10	11045210	11056578	9	10890126	10901146	placeholder
6	31537668	31569830	6	65608450	65640210	placeholder
14	8109539	8118866	12	8915554	8924487	placeholder
1	293364573	293384390	1	271651583	271671123	placeholder
6	91655350	91657958	6	7554416	7557094	placeholder
5	51669894	51691318	4	51000386	51021818	placeholder
5	84167307	84328048	4	82235429	82369093	placeholder
8	60406268	60414289	8	58890639	58898654	placeholder
1	37568	42424	1	318173009	318177998	placeholder
7	19961185	19983299	7	17940833	17957264	placeholder
6	38178162	38190372	6	59140817	59153442	placeholder
19	443921	509425	18	7641489	7645045	placeholder
2	41528097	41540924	2	214130984	214143591	placeholder
2	199061766	199071091	2	63440063	63449938	placeholder
1	265703753	265740803	1	243855331	243893218	placeholder
2	203684905	203686573	2	58856222	58857893	placeholder
18	418464	425968	17	410698	418204	placeholder
3	110839883	110850552	3	82258074	82271020	placeholder
3	178648784	178662058	3	14067063	14087048	placeholder
11	2204763	2217296	10	3061645	3074920	placeholder
1	215154216	215247936	1	193823857	193911008	placeholder
3	37272072	37347501	3	154271845	154362754	placeholder
2	73875944	73903463	2	182035017	182056284	placeholder
3	194413321	194422436	16	1371912	1381046	placeholder
7	47826812	47842732	7	44962644	44979616	placeholder
1	149268449	149276773	1	129212637	129218202	placeholder
6	49197784	49199431	6	48424558	48426205	placeholder
2	154816321	154821743	2	105363116	105368479	placeholder
2	152049744	152138674	2	108084592	108177940	placeholder
2	217347122	217348760	2	44955292	44956930	placeholder
7	48577911	48579504	7	45696375	45697968	placeholder
1	285510326	285672795	1	263717344	263886588	placeholder
2	40877522	40895184	2	214788862	214805991	placeholder
1	72262731	72286442	1	53141824	53166089	placeholder
16	2736803	2772751	15	10193479	10229324	placeholder
2	16065664	16087186	2	239353614	239376080	placeholder
1	81679581	81707178	1	62516255	62542889	placeholder
1	337944991	337975105	1	315500090	315536993	placeholder
4	71430569	71496111	5	68746738	68818047	placeholder
16	11911553	11924553	15	1166892	1179877	placeholder
7	26602347	26612505	7	24496789	24506995	placeholder
3	160695819	160706308	3	32370791	32380393	placeholder
6	84258148	84297751	6	14829037	14867349	placeholder
6	81129328	81164238	6	17856974	17892209	placeholder
1	262068372	262091396	1	240127811	240151075	placeholder
3	48174822	48176499	3	143493236	143494913	placeholder
2	18236430	18259940	2	237117291	237144320	placeholder
17	7071690	7078733	19	3765642	3772303	placeholder
3	68247674	68267179	3	123600290	123619951	placeholder
1	98903455	98929935	1	79670261	79686487	placeholder
7	55816197	55840577	7	52805102	52836584	placeholder
1	308010295	308078095	1	286301315	286405719	placeholder
2	232700706	232710029	2	29749444	29759730	placeholder
3	179652495	179658131	3	13070464	13077292	placeholder
2	96982759	96994689	2	160830956	160845874	placeholder
7	25928515	25947720	7	23810867	23830048	placeholder
3	99034228	99171484	3	93684603	93802006	placeholder
3	139954718	140055148	3	53238675	53335839	placeholder
14	9769511	9801962	12	7247761	7280199	placeholder
6	46703015	46719441	6	50943543	50960528	placeholder
7	15321228	15359438	7	13569235	13602870	placeholder
6	71057720	71074858	6	27051102	27067004	placeholder
1	48653011	48665925	1	29648767	29661583	placeholder
1	79341420	79351108	1	60244024	60256326	placeholder
3	91219638	91235950	3	100512960	100529602	placeholder
10	16577847	16587472	9	15534438	15544863	placeholder
6	30678227	30706391	6	66484343	66518605	placeholder
2	167987471	167989085	2	92406589	92408206	placeholder
7	47274316	47302423	7	44464662	44491730	placeholder
1	239375047	239391788	1	217673214	217690482	placeholder
5	10859323	10933178	4	10618793	10677143	placeholder
1	226302809	226316478	1	204910492	204923194	placeholder
5	13251398	13267060	4	12997941	13019314	placeholder
5	36490524	36516237	4	36041782	36047536	placeholder
1	127319799	127333454	1	107595728	107609382	placeholder
7	28444222	28449256	7	26244814	26250009	placeholder
1	159689026	159695829	1	139687977	139694774	placeholder
16	12457578	12466576	15	631017	639879	placeholder
8	57632596	57785238	8	56063968	56202016	placeholder
7	27086594	27108372	7	24956084	24978346	placeholder
4	21532010	21574661	5	20490110	20536743	placeholder
1	302229078	302248388	1	280639537	280658704	placeholder
8	60316742	60344586	8	58745402	58761983	placeholder
1	72606591	72608040	1	53481637	53483086	placeholder
3	202721066	202725806	16	9390418	9395117	placeholder
5	30438361	30448413	4	30192447	30202103	placeholder
1	227748285	227771504	1	206286257	206308905	placeholder
8	64570186	64589052	8	62804716	62823024	placeholder
11	20339119	20346335	14	2678103	2685273	placeholder
2	243048515	243144239	2	19325898	19412794	placeholder
6	95917166	95937150	6	3282949	3300379	placeholder
5	68331092	68340767	4	67387172	67397100	placeholder
1	32921016	32988014	1	14053685	14121467	placeholder
4	86638654	86679636	5	81709036	81757202	placeholder
1	107608999	107633048	1	88405455	88428914	placeholder
14	5761021	5773640	12	11228213	11238786	placeholder
11	20651509	20657958	14	2362299	2369809	placeholder
1	339430157	339434718	1	316987896	316992423	placeholder
3	123162573	123195126	3	69999731	70034709	placeholder
2	93280545	93314738	2	164604608	164635717	placeholder
1	176709540	176748026	1	156461345	156500355	placeholder
17	9868357	9883571	19	996196	1007836	placeholder
19	6994265	7003631	18	1185829	1195933	placeholder
2	54762332	54763892	2	201059553	201061113	placeholder
2	103303772	103329908	2	154650062	154676548	placeholder
7	41677704	41709687	7	39131504	39167004	placeholder
13	7579502	7581110	10	12783081	12784689	placeholder
7	72004564	72037875	7	66548013	66592771	placeholder
5	51596381	51626215	4	50925814	50962669	placeholder
17	8296076	8302327	19	2562492	2568379	placeholder
3	83288874	83314405	3	108606373	108628281	placeholder
1	267659791	267693894	1	245851529	245878479	placeholder
1	18622917	18639867	1	334990665	335011725	placeholder
1	226640267	226677700	1	205254595	205286571	placeholder
8	17218546	17235424	8	16586925	16600583	placeholder
14	1082173	1087103	12	15904923	15909920	placeholder
2	33942814	33964610	2	221622985	221638900	placeholder
8	4553653	4575723	8	4236475	4259147	placeholder
2	72682165	72697596	2	183213999	183230484	placeholder
3	25932833	25934441	3	165680144	165681752	placeholder
2	232797021	232820599	2	29630033	29654272	placeholder
2	33627711	33655058	2	221868189	221895888	placeholder
13	721452	729247	10	5907212	5915078	placeholder
1	124021603	124180242	1	104337032	104507325	placeholder
3	150895092	150914611	3	42287074	42361761	placeholder
4	134295215	134306179	5	119914434	119925447	placeholder
3	54076244	54077843	3	137590133	137591732	placeholder
1	316970512	316976229	1	294715782	294721499	placeholder
1	194607517	194609062	1	173784543	173786088	placeholder
4	8990078	9120186	5	8099767	8230646	placeholder
2	189683490	189700644	2	72726586	72742157	placeholder
3	197448638	197459666	16	4467883	4478625	placeholder
2	159714299	159745125	2	100452363	100480643	placeholder
4	49086020	49114837	5	47645618	47673530	placeholder
7	71865780	71874592	7	66409588	66418995	placeholder
1	241868124	241917533	1	220198353	220247064	placeholder
1	319333087	319345305	1	297006367	297018801	placeholder
3	179882707	179951014	3	12794937	12858494	placeholder
3	55025967	55108733	3	136554317	136630614	placeholder
1	321099250	321118180	1	298717580	298747744	placeholder
14	15931527	15967050	12	1189453	1216233	placeholder
3	197822092	197846713	16	4845036	4868339	placeholder
7	8073025	8269598	7	6325547	6518600	placeholder
1	165819870	165852109	1	145481553	145505150	placeholder
5	90604962	90628104	4	88257925	88281827	placeholder
12	15249096	15277577	11	14908904	14936500	placeholder
2	216332758	216342296	2	45999667	46009194	placeholder
1	298617699	298619280	1	276957400	276958981	placeholder
1	273133711	273135277	1	251196356	251197922	placeholder
15	10937490	10953979	13	10818633	10835071	placeholder
3	139113223	139138606	3	54117647	54142931	placeholder
4	86550225	86571058	5	81610554	81635035	placeholder
2	90679868	90693781	2	254084156	254124439	placeholder
3	2461247	2502534	3	188988586	189031657	placeholder
1	68737845	68838220	1	49790489	49891775	placeholder
14	3214759	3223924	12	13753413	13762857	placeholder
1	239107038	239107911	1	217398228	217399101	placeholder
2	201236857	201259151	2	61182575	61205210	placeholder
1	205486740	205491838	1	184120102	184124881	placeholder
3	142387077	142412612	3	50796017	50822265	placeholder
1	61817478	61819065	1	42996169	42997756	placeholder
3	193729741	193740045	16	715733	725236	placeholder
8	43191114	43217808	8	42417304	42442142	placeholder
3	87784301	87834256	3	104033587	104082577	placeholder
1	309958272	309979149	1	288234549	288251596	placeholder
14	12711570	12740939	12	4437770	4464469	placeholder
16	8767562	8820073	15	4246908	4293249	placeholder
8	78942785	78948350	8	75944220	75949862	placeholder
1	16273906	16293668	1	332631672	332652913	placeholder
1	172151289	172267097	1	151876041	151978167	placeholder
5	31971071	31984719	4	31732799	31746242	placeholder
7	2774262	2788439	7	1928630	1943513	placeholder
10	6266624	6279988	9	6106038	6121031	placeholder
5	30887377	30893854	4	30656352	30662829	placeholder
8	77139481	77156963	8	74155496	74171844	placeholder
13	871522	882775	10	6050826	6062144	placeholder
6	47754782	47803930	6	49866029	49921010	placeholder
1	166482056	166506619	1	146150590	146177472	placeholder
2	142977593	142985896	2	116431922	116439049	placeholder
1	71766528	71784061	1	52645972	52661134	placeholder
3	160081247	160107046	3	33043706	33062864	placeholder
1	79291421	79292969	1	60190621	60192169	placeholder
19	3215735	3228802	18	4914882	4927840	placeholder
7	24311074	24321048	7	22261672	22271482	placeholder
3	150771840	150773379	3	42442593	42444132	placeholder
3	182008892	182012441	3	10711643	10714526	placeholder
17	10088221	10089790	19	628383	629952	placeholder
16	974962	983365	15	11973566	11982007	placeholder
1	169109336	169119330	1	148815410	148825636	placeholder
18	6898519	6910390	17	6880533	6891927	placeholder
19	4292680	4305208	18	3848592	3861722	placeholder
2	104902949	104935811	2	153098606	153134297	placeholder
3	49724760	49741234	3	141910500	141927286	placeholder
5	100567962	100584886	4	98111628	98131975	placeholder
7	38205520	38257640	7	35768657	35823615	placeholder
8	5424007	5425573	8	5133488	5135054	placeholder
3	45241696	45259648	3	146304362	146322294	placeholder
3	147779777	147788886	3	45395978	45405531	placeholder
18	885485	897938	17	860335	872130	placeholder
5	71306689	71363948	4	70177067	70223125	placeholder
6	87672400	87693766	6	11376841	11400002	placeholder
1	277952427	277959657	1	255964734	255971472	placeholder
7	55511510	55513049	7	52575430	52576969	placeholder
2	207100920	207129103	2	55345904	55375788	placeholder
5	31383763	31390117	4	31126565	31132219	placeholder
19	860473	870747	18	7219972	7230685	placeholder
7	47696276	47705036	7	44833179	44844252	placeholder
1	64466064	64467486	1	45603378	45604800	placeholder
12	4926267	4935241	11	4857824	4866707	placeholder
17	8675425	8747875	19	2120333	2192437	placeholder
1	237549383	237561329	1	215839750	215851707	placeholder
5	2111909	2117300	4	2110812	2117213	placeholder
10	16060814	16095969	9	15070685	15093430	placeholder
2	150264374	150286483	2	109923529	109945809	placeholder
16	13051056	13057693	15	22795	97978	placeholder
2	31887847	31910484	2	223557729	223586920	placeholder
17	8459011	8473763	19	2393278	2407810	placeholder
1	119166064	119278583	1	99376947	99501279	placeholder
2	18536069	18562416	2	236827438	236850889	placeholder
2	202167779	202186931	2	60315879	60333748	placeholder
11	8707370	8714578	14	14258873	14266083	placeholder
1	305952616	305990776	1	284171744	284210655	placeholder
6	45612934	45639681	6	52006186	52023108	placeholder
1	71171336	71178188	1	52058719	52065584	placeholder
15	1811253	1816895	13	1781640	1787297	placeholder
7	23588362	23598818	7	21565939	21575273	placeholder
15	8630718	8643520	13	8555921	8571002	placeholder
12	3242941	3249450	11	3191320	3197700	placeholder
3	115101629	115112113	3	78066451	78078714	placeholder
5	120753678	120767420	4	118208005	118219178	placeholder
2	34015956	34017465	2	221560275	221561784	placeholder
7	89411240	89424430	7	83693862	83707270	placeholder
7	32014190	32033182	7	29791739	29815128	placeholder
4	91651824	91692101	5	86585413	86625228	placeholder
5	59708578	59732606	4	58890642	58913984	placeholder
1	51486100	51496765	1	32515514	32524027	placeholder
4	38587794	38616757	5	37370145	37399443	placeholder
7	30150215	30182450	7	27901000	27928046	placeholder
15	3632915	3648523	13	3605987	3622192	placeholder
3	160034295	160062267	3	33082054	33111753	placeholder
6	30876763	30884462	6	66305552	66313238	placeholder
4	42158200	42160965	5	40901826	40904559	placeholder
1	195806490	195833648	1	175002816	175024747	placeholder
15	11514822	11533016	13	11396758	11415077	placeholder
1	222721174	222747529	1	201379870	201399182	placeholder
1	79363320	79398696	1	60269354	60303705	placeholder
7	14641519	14663790	7	12884734	12911325	placeholder
7	20858796	20874674	7	18867787	18883843	placeholder
13	11214105	11226522	10	16387616	16400525	placeholder
8	59937722	59970903	8	58261346	58298244	placeholder
7	29303649	29318276	7	27074136	27085272	placeholder
15	6860841	6872909	13	6819083	6831301	placeholder
4	82162629	82174093	5	77456858	77466654	placeholder
3	37449686	37457430	3	154161488	154169329	placeholder
1	257780166	257785391	1	235898323	235903582	placeholder
1	164325463	164349710	1	144023750	144048010	placeholder
8	4586426	4623895	8	4270205	4306090	placeholder
5	24399445	24445855	4	24106902	24149468	placeholder
1	697036	701625	1	318842194	318846791	placeholder
2	151348363	151370671	2	108857486	108878419	placeholder
11	4166653	4182874	10	1156975	1172566	placeholder
2	28649538	28658977	2	226849731	226859938	placeholder
3	27388794	27400847	3	164167787	164180656	placeholder
10	724444	732554	9	637653	645760	placeholder
16	10531484	10553685	15	2511797	2534081	placeholder
2	151803150	151815999	2	108404406	108417502	placeholder
1	287609974	287647241	1	265709976	265743847	placeholder
2	98048985	98056031	2	159736716	159741941	placeholder
1	48783232	48792262	1	29788050	29796900	placeholder
17	7222291	7228291	19	3619024	3625278	placeholder
2	32874584	32889468	2	222626744	222641435	placeholder
3	105997369	106020543	3	86937325	86960857	placeholder
13	2263450	2273981	10	7443548	7454076	placeholder
5	50248537	50256710	4	49553852	49561901	placeholder
8	77091336	77108502	8	74063436	74126300	placeholder
7	89171701	89179230	7	83462472	83470361	placeholder
3	156705184	156713631	3	36327362	36335007	placeholder
13	13885816	13944399	10	18970405	19029388	placeholder
16	12116020	12120316	15	975242	979609	placeholder
1	142244742	142270940	1	122369688	122396159	placeholder
6	57011482	57038377	6	40956501	40982660	placeholder
6	67627045	67628536	6	30532568	30534059	placeholder
6	47712568	47731326	6	49944657	49959323	placeholder
3	183220754	183230288	3	9561403	9572363	placeholder
4	21266610	21377503	5	20233574	20329805	placeholder
5	8071273	8097140	4	7972526	8038174	placeholder
4	2540787	2552693	5	1932885	1945881	placeholder
6	91260218	91269523	6	7937477	7947267	placeholder
3	89812469	89823801	3	102014795	102026132	placeholder
17	4678011	4718031	19	6005681	6040997	placeholder
11	22654203	22657848	14	421832	425488	placeholder
1	328926418	329054569	1	306577055	306707329	placeholder
3	151178778	151189621	3	42020422	42031506	placeholder
6	30522871	30571649	6	66611757	66647183	placeholder
7	71889504	71914799	7	66433705	66452052	placeholder
16	12132631	12140072	15	955670	963244	placeholder
17	3990963	3996010	19	6708096	6712780	placeholder
1	269950920	269975039	1	248174512	248198484	placeholder
1	332468806	332470315	1	310140747	310142256	placeholder
7	89083749	89099921	7	83383410	83400251	placeholder
6	48170407	48178833	6	49477683	49486391	placeholder
1	340458136	340520752	1	318038324	318046438	placeholder
16	12512962	12522549	15	576691	586337	placeholder
3	20279917	20287937	3	171260699	171270136	placeholder
2	205160461	205174902	2	57293149	57308878	placeholder
2	232150544	232200585	2	30258655	30309123	placeholder
3	159049902	159070752	3	33988982	34010544	placeholder
15	1371003	1377120	13	1337197	1343319	placeholder
1	63454650	63486521	1	44606610	44638850	placeholder
3	135266218	135292734	3	57929078	57956299	placeholder
7	24247941	24257883	7	22203726	22213703	placeholder
3	150400716	150405633	3	42815899	42821865	placeholder
7	83915170	83929972	7	78215863	78230927	placeholder
6	42072009	42073506	6	55513823	55515320	placeholder
16	1400303	1415455	15	11563762	11578897	placeholder
7	89573946	89594616	7	83858362	83877336	placeholder
2	164759402	164782340	2	95624973	95642984	placeholder
14	1252701	1273360	12	15718197	15732650	placeholder
6	98746494	98775786	6	436089	466180	placeholder
12	3760238	3769202	11	3697762	3706848	placeholder
15	16414047	16423780	13	16168342	16178441	placeholder
4	5218551	5237267	5	4397350	4413118	placeholder
15	13133094	13145093	13	13003837	13015253	placeholder
14	9305370	9312390	12	7736917	7743214	placeholder
2	37405185	37428516	2	218294780	218317146	placeholder
7	78874520	78905948	7	73426493	73457596	placeholder
6	22256648	22276496	6	74762676	74783398	placeholder
3	138743001	138838524	3	54417495	54508091	placeholder
1	68582396	68666762	1	49691882	49726295	placeholder
2	222953486	223041392	2	39313637	39407724	placeholder
19	1365254	1369128	18	6730121	6734204	placeholder
5	40639766	40650784	4	40078038	40089026	placeholder
1	293396311	293426262	1	271685181	271702299	placeholder
3	100136495	100145272	3	92755753	92760567	placeholder
8	31123612	31183394	8	30582918	30635209	placeholder
1	192805519	192812611	1	171999958	172007445	placeholder
1	126639066	126660995	1	106900203	106921416	placeholder
3	86281857	86292337	3	105605280	105616895	placeholder
14	2532856	2538054	12	14467586	14472781	placeholder
2	26869853	26896729	2	228626661	228653669	placeholder
3	137082394	137102691	3	56167367	56192914	placeholder
2	221952529	221968214	2	40410654	40428228	placeholder
3	202548014	202557723	16	9206286	9216065	placeholder
1	323919442	323944750	1	301599601	301623319	placeholder
1	293253416	293259122	1	271548165	271553864	placeholder
5	22591640	22607680	4	22379781	22393812	placeholder
1	239720261	239726305	1	218021201	218026973	placeholder
1	184298693	184324289	1	163557807	163576392	placeholder
13	18785390	18834098	10	23849712	23877786	placeholder
4	50101450	50119220	5	48653692	48671136	placeholder
1	261808084	261838754	1	239887619	239910239	placeholder
3	35338549	35453699	3	156158983	156265946	placeholder
1	160200686	160250943	1	140184116	140240307	placeholder
7	20672581	20696256	7	18693497	18717528	placeholder
3	165372891	165386262	3	27618507	27632529	placeholder
3	37981339	37983327	3	153619807	153621795	placeholder
5	86655407	86718129	4	84580641	84631097	placeholder
16	8141946	8173148	15	4863606	4878594	placeholder
13	7930077	7955605	10	13134929	13159640	placeholder
2	198524957	198542509	2	63960349	63978286	placeholder
7	29412199	29413702	7	27178591	27180094	placeholder
2	152215152	152233525	2	107990797	108007197	placeholder
3	169378216	169380777	3	23601537	23604109	placeholder
3	33969893	33989036	3	157628616	157648577	placeholder
14	2463496	2483302	12	14520967	14542373	placeholder
1	101790939	101869848	1	82542192	82630116	placeholder
15	12147592	12154359	13	12018310	12025108	placeholder
2	104625702	104655579	2	153398366	153428236	placeholder
2	154332734	154401100	2	105801979	105867203	placeholder
5	56026694	56040771	4	55212831	55229004	placeholder
1	116634708	116641299	1	96844494	96851037	placeholder
17	9770233	9790928	19	1082503	1103137	placeholder
1	319580289	319617211	1	297249606	297284116	placeholder
17	10714757	10724867	19	160600	170803	placeholder
8	26375659	26409279	8	25863162	25897992	placeholder
4	58738276	58834185	5	57219373	57318042	placeholder
19	204192	207331	18	7855674	7858796	placeholder
19	3197703	3204087	18	4938274	4945778	placeholder
15	11428066	11443359	13	11312620	11327705	placeholder
5	50258174	50269291	4	49563360	49574746	placeholder
15	16664767	16670180	13	16421520	16466110	placeholder
2	143096696	143125858	2	116290390	116321559	placeholder
1	90060946	90069435	1	70925827	70934807	placeholder
2	132837282	132851091	2	126405147	126415802	placeholder
8	64549386	64562309	8	62784143	62796642	placeholder
16	13060170	13066601	15	33155	39503	placeholder
8	53344889	53366608	8	52370388	52390606	placeholder
1	200747053	200748538	1	179645709	179647194	placeholder
4	13868545	13899774	5	13036254	13074429	placeholder
8	58633111	58639351	8	57008273	57013728	placeholder
2	101870383	101887631	2	156092354	156109389	placeholder
6	70702522	70714580	6	27409572	27421965	placeholder
3	79390398	79401857	3	112511607	112523909	placeholder
6	96369695	96390159	6	2827033	2846536	placeholder
5	13974214	13993676	4	13695530	13713445	placeholder
5	119015218	119049120	4	116520117	116553685	placeholder
4	89644671	89667076	5	84594615	84616917	placeholder
8	74953910	74968567	8	72019245	72032611	placeholder
13	2113558	2119442	10	7291722	7297692	placeholder
7	91420665	91422144	7	85643126	85644605	placeholder
14	3764003	3800173	12	13186016	13221692	placeholder
1	34398002	34526957	1	15501874	15634840	placeholder
4	49998157	50002961	5	48544546	48550208	placeholder
1	100792276	100817853	1	81527796	81551613	placeholder
13	8662509	8680142	10	13849641	13867776	placeholder
3	79778114	79883812	3	112045391	112150161	placeholder
3	195446949	195507308	16	2399327	2466025	placeholder
7	18011785	18047139	7	16233209	16267955	placeholder
2	153813558	153860003	2	106340199	106388801	placeholder
1	48821548	48843822	1	29825892	29850006	placeholder
3	46350278	46374336	3	145193258	145223128	placeholder
2	92150619	92167421	2	165801982	165818942	placeholder
12	9055709	9068512	11	8982093	8996027	placeholder
15	13771713	13777324	13	13523810	13529337	placeholder
1	248560000	248561482	1	226767039	226768515	placeholder
16	7991379	7996006	15	5036768	5040970	placeholder
5	17103502	17178725	4	16843419	16916516	placeholder
1	257060310	257071969	1	235150496	235162129	placeholder
2	53437341	53460752	2	202268134	202288423	placeholder
1	62318377	62334374	1	43480959	43501116	placeholder
1	246483574	246505820	1	224632286	224654892	placeholder
6	38391499	38418904	6	58968174	58994527	placeholder
6	70902649	70919282	6	27210765	27227974	placeholder
14	430052	433425	12	16569229	16572604	placeholder
2	155013575	155029526	2	105154369	105170311	placeholder
13	12522593	12539146	10	17616179	17633171	placeholder
3	188199115	188207271	3	4653090	4661267	placeholder
2	241505881	241534330	2	20851257	20883403	placeholder
2	209758424	209768887	2	52786049	52796446	placeholder
15	7778235	7783188	13	7710232	7715244	placeholder
5	121153354	121236202	4	118620351	118699758	placeholder
5	24058736	24088573	4	23787608	23822631	placeholder
3	170644533	170650537	3	22313832	22320931	placeholder
7	16278205	16294815	7	14542518	14558355	placeholder
1	71228506	71239249	1	52089330	52116349	placeholder
1	204805478	204806939	1	183445284	183446745	placeholder
1	126438286	126446742	1	106679763	106688409	placeholder
1	316938971	316945958	1	294684457	294691426	placeholder
2	141418412	141431114	2	117863311	117876111	placeholder
3	28840255	28846237	3	162776782	162782765	placeholder
15	82106	93232	13	64294	75475	placeholder
8	39114042	39131753	8	38364193	38380290	placeholder
4	49144334	49224645	5	47695706	47779873	placeholder
8	70047896	70069531	8	67171234	67191388	placeholder
7	39547895	39560614	7	37052886	37064116	placeholder
7	75870213	75901269	7	70521529	70546899	placeholder
2	207490900	207521822	2	54964242	54990839	placeholder
1	250661891	250670886	1	228906504	228915276	placeholder
7	51171047	51218942	7	47964411	48014366	placeholder
4	23327525	23331595	5	22296146	22300236	placeholder
4	91890939	91898909	5	86834029	86841670	placeholder
4	86095253	86125494	5	81162095	81192587	placeholder
3	95528443	95553065	3	96958901	96984519	placeholder
1	335962376	336056818	1	313586432	313674777	placeholder
8	75194258	75203441	8	72256093	72263808	placeholder
10	884452	892627	9	797742	806265	placeholder
1	123229624	123264358	1	103496165	103542534	placeholder
7	56209690	56279515	7	53280475	53410147	placeholder
2	152242801	152263541	2	107962198	107981391	placeholder
3	147052100	147058576	3	46130245	46136552	placeholder
7	19872263	19897661	7	17853774	17878357	placeholder
7	91461931	91463326	7	85678939	85680382	placeholder
19	2262229	2268611	18	5866854	5873200	placeholder
2	219864289	219898652	2	42520326	42553505	placeholder
1	339949426	340019966	1	317540828	317547137	placeholder
13	931879	940999	10	6111689	6120189	placeholder
3	47290376	47311370	3	144418688	144450380	placeholder
7	30343317	30362941	7	28083718	28103715	placeholder
8	68554402	68587821	8	65933527	65968730	placeholder
14	4628631	4650364	12	12339833	12360453	placeholder
6	35016646	35043471	6	62312185	62338294	placeholder
3	200395791	200398180	16	7167472	7170344	placeholder
1	2050889	2073379	1	319674877	319697077	placeholder
14	16444792	16456610	12	699039	708277	placeholder
2	140872681	140878862	2	118393127	118399285	placeholder
1	317072497	317080805	1	294820487	294828808	placeholder
5	51837826	51870465	4	51180839	51211579	placeholder
1	4465066	4500055	1	321257500	321289894	placeholder
1	288519760	288548290	1	266710677	266739314	placeholder
8	35769226	35780746	8	35114330	35124920	placeholder
1	199086110	199108625	1	178067630	178087640	placeholder
1	158016596	158020998	1	138046231	138050589	placeholder
13	17561407	17583482	10	22620022	22642816	placeholder
11	22607990	22617887	14	461110	471065	placeholder
1	288323475	288341639	1	266494671	266509362	placeholder
1	166878980	166907957	1	146598765	146626607	placeholder
3	83326608	83365746	3	108553763	108593867	placeholder
1	99000343	99015298	1	79757584	79773508	placeholder
1	165944189	165958040	1	145595822	145608731	placeholder
1	130681895	130701394	1	110900850	110921033	placeholder
6	12804291	12809908	6	83960797	83966376	placeholder
4	86379812	86410957	5	81433428	81467009	placeholder
1	146488572	146542087	1	126437341	126493584	placeholder
1	222787557	222807764	1	201440606	201458408	placeholder
2	80285002	80298885	2	175772553	175785946	placeholder
1	279215099	279216542	1	257272582	257274025	placeholder
1	128857256	128880227	1	109188256	109211127	placeholder
3	158268143	158297990	3	34751117	34779744	placeholder
1	34056739	34139945	1	15143141	15220230	placeholder
4	11668635	11722401	5	10814993	10865167	placeholder
1	92027338	92049214	1	72923695	72943992	placeholder
1	314054969	314077011	1	291769833	291791599	placeholder
4	101153350	101198429	5	96032576	96058777	placeholder
7	54664118	54722321	7	50611830	50693880	placeholder
11	14784045	14790670	14	8173278	8178618	placeholder
1	281160548	281190599	1	259305396	259339917	placeholder
5	53829786	53846782	4	53134950	53156156	placeholder
1	25727981	25749243	1	6817649	6836214	placeholder
3	92818128	92835876	3	99435072	99452097	placeholder
7	92429376	92434751	7	86644372	86649577	placeholder
3	162948368	162974272	3	30054903	30082332	placeholder
1	143273951	143297035	1	123305818	123329838	placeholder
2	225498217	225511122	2	36900994	36912567	placeholder
3	148922370	148926489	3	44205983	44210126	placeholder
5	122087517	122101529	4	119553121	119569435	placeholder
3	24297763	24299194	3	167323102	167324533	placeholder
1	277976349	277989462	1	255982555	255995555	placeholder
14	15259398	15263439	12	1927240	1931371	placeholder
3	201133014	201154780	16	7907497	7930188	placeholder
4	34791836	34884657	5	33619774	33714474	placeholder
14	10182074	10201228	12	6888241	6906836	placeholder
1	31309005	31310433	1	12497626	12499054	placeholder
7	16860795	16904845	7	15100322	15142685	placeholder
1	116591184	116603895	1	96799549	96813992	placeholder
5	56062128	56074332	4	55248749	55261513	placeholder
3	38883837	38908035	3	152629801	152653736	placeholder
3	22379475	22389074	3	169218317	169226438	placeholder
1	73985391	74003859	1	54959208	54977599	placeholder
1	158385804	158428126	1	138413968	138452901	placeholder
16	12404908	12414828	15	680247	690258	placeholder
1	276761272	276789272	1	254752069	254776109	placeholder
1	329752108	329782063	1	307416138	307445123	placeholder
1	274442970	274477540	1	252514330	252554031	placeholder
1	104579710	104614076	1	85428233	85456173	placeholder
7	22727519	22746830	7	20708531	20728387	placeholder
1	336724500	336738845	1	314313410	314326327	placeholder
1	240057305	240070942	1	218344697	218363440	placeholder
12	863418	872220	11	820887	829654	placeholder
2	91855614	91863311	2	166100927	166106306	placeholder
15	4003058	4004905	13	3964555	3976251	placeholder
16	2315239	2326995	15	10641717	10653939	placeholder
16	9681340	9684266	15	3342911	3393327	placeholder
12	109736	126012	11	61774	78029	placeholder
3	45533719	45544575	3	146023768	146035285	placeholder
10	16040089	16046236	9	15052462	15058568	placeholder
1	296577548	296606000	1	274901318	274925605	placeholder
1	43165127	43183991	1	24118979	24137412	placeholder
7	47967513	47992692	7	45095190	45114445	placeholder
3	192022617	192071736	3	834839	892527	placeholder
1	134436990	134535526	1	114639577	114745510	placeholder
3	193859570	193893189	16	835006	872561	placeholder
12	8189375	8194756	11	8133253	8137816	placeholder
14	5219785	5230822	12	11766730	11777759	placeholder
1	315776560	315794427	1	293536807	293561887	placeholder
7	5976760	5994566	7	4426140	4444649	placeholder
1	228142749	228144168	1	206704669	206706088	placeholder
1	36012510	36022786	1	17066000	17076043	placeholder
16	12142675	12149408	15	946257	953069	placeholder
2	221230325	221245481	2	41181513	41196255	placeholder
15	4228535	4273866	13	4203383	4242838	placeholder
14	4780342	4793197	12	12202558	12215458	placeholder
1	307225049	307397669	1	285487198	285644146	placeholder
5	51872243	51884955	4	51213352	51226004	placeholder
17	8387489	8391113	19	2476361	2480138	placeholder
16	11847794	11855489	15	1237027	1242864	placeholder
2	18523751	18534374	2	236852580	236865686	placeholder
14	260286	273505	12	16728901	16742089	placeholder
1	177075470	177086152	1	156802797	156813404	placeholder
2	208827417	208828863	2	53737754	53739200	placeholder
17	8273988	8280760	19	2582923	2589834	placeholder
1	151905143	151924083	1	131904550	131921376	placeholder
1	339399770	339414610	1	316952270	316973511	placeholder
1	296873807	296911740	1	275179977	275212901	placeholder
3	117403172	117421978	3	75664181	75682981	placeholder
3	64597510	64603063	3	127142811	127150577	placeholder
5	13734949	13746614	4	13448431	13460155	placeholder
4	23989702	23994712	5	22983253	22988253	placeholder
16	12675188	12681579	15	414121	420521	placeholder
15	10426810	10454999	13	10305280	10335266	placeholder
12	9217744	9230450	11	9136714	9148150	placeholder
1	316938381	316942276	1	294683654	294687751	placeholder
1	227299803	227327717	1	205791000	205817524	placeholder
19	4775132	4786570	18	3365616	3375993	placeholder
7	10674606	10692704	7	8902524	8919320	placeholder
2	20978175	20993700	2	234496063	234511553	placeholder
7	81839808	81856598	7	76245917	76263938	placeholder
3	118464898	118529638	3	74504020	74573666	placeholder
14	15217405	15225300	12	1965245	1973182	placeholder
1	40887882	40903821	1	21900789	21917216	placeholder
4	26399239	26420242	5	25433554	25454441	placeholder
1	98837603	98853931	1	79602477	79619482	placeholder
7	39555303	39560602	7	37060109	37064104	placeholder
1	249669156	249696465	1	227945354	227970334	placeholder
7	8515810	8523367	7	6752864	6762026	placeholder
1	340480389	340492486	1	318005564	318018411	placeholder
1	329415245	329431728	1	307079863	307095266	placeholder
11	6995812	7020122	14	15938165	15963214	placeholder
2	154890802	154913522	2	105284608	105307279	placeholder
1	247695402	247713723	1	225827823	225844483	placeholder
1	130769559	130815481	1	110991820	111045756	placeholder
5	26300172	26316273	4	26032153	26052339	placeholder
1	104795261	104801774	1	85640746	85647242	placeholder
1	11982275	11996916	1	328351417	328364952	placeholder
6	72640400	72660749	6	25519394	25539794	placeholder
1	215370584	215416932	1	194037295	194072451	placeholder
11	280494	294247	10	4982038	4995692	placeholder
4	20289371	20307143	5	19528880	19546092	placeholder
2	191530232	191552573	2	70935787	70952920	placeholder
14	5048972	5053127	12	11949352	11953833	placeholder
3	141081237	141082635	3	52181325	52182723	placeholder
7	14437459	14459346	7	12695745	12717558	placeholder
7	19387077	19388481	7	17355398	17356802	placeholder
13	15801031	15810904	10	20855517	20864625	placeholder
10	9042415	9051662	9	8880431	8889650	placeholder
1	22932854	22946179	1	4012948	4024002	placeholder
8	54368250	54457203	8	53260773	53358453	placeholder
1	9800662	9893116	1	326128390	326219940	placeholder
1	63972848	63984814	1	45114677	45126226	placeholder
7	93118961	93131152	7	87357009	87369680	placeholder
7	29432837	29435517	7	27200582	27203263	placeholder
6	59730069	59763982	6	38277421	38301688	placeholder
2	201998995	202012636	2	60496765	60502412	placeholder
3	156493667	156506003	3	36606249	36617952	placeholder
2	234353709	234379702	2	28104178	28131426	placeholder
1	238331589	238384838	1	216632896	216688720	placeholder
1	177094100	177120898	1	156821337	156869738	placeholder
6	58136088	58141055	6	39863088	39868066	placeholder
19	1217378	1219105	18	6874289	6875980	placeholder
2	192165835	192185321	2	70294408	70316883	placeholder
3	168581571	168627188	3	24355014	24400837	placeholder
2	152434464	152439475	2	107786081	107791308	placeholder
4	49662164	49676423	5	48211467	48229306	placeholder
3	163149100	163160118	3	29865890	29876936	placeholder
2	43743435	43758643	2	211908974	211924533	placeholder
5	121350800	121385071	4	118817543	118850322	placeholder
1	155562391	155592550	1	135573953	135601118	placeholder
3	137505455	137516626	3	55770635	55781276	placeholder
16	12361776	12363831	15	731394	733441	placeholder
18	5106865	5115656	17	5061989	5070982	placeholder
5	45680854	45685540	4	45119686	45124381	placeholder
1	71689142	71712878	1	52568788	52593134	placeholder
2	232746978	232765992	2	29683988	29716575	placeholder
6	3503104	3510711	6	92566377	92572711	placeholder
3	148612712	148653313	3	44489773	44530213	placeholder
6	83378691	83426934	6	15688870	15732337	placeholder
12	1416682	1457451	11	1368170	1408839	placeholder
3	147770883	147773951	3	45410636	45413771	placeholder
1	279132924	279137009	1	257184639	257188734	placeholder
1	286982706	286999457	1	265094027	265111350	placeholder
13	637120	643363	10	5830133	5835457	placeholder
2	100839834	100849117	2	157068129	157076729	placeholder
17	7533284	7540956	19	3329593	3336333	placeholder
1	254691570	254702318	1	232765305	232776534	placeholder
4	42072117	42117486	5	40813725	40860580	placeholder
4	29466019	29496618	5	28440899	28465609	placeholder
2	198572373	198618203	2	63882967	63929266	placeholder
12	554121	559384	11	509238	514497	placeholder
8	21788047	21800365	8	21125492	21136214	placeholder
5	38765438	38773988	4	38342408	38350534	placeholder
5	23407434	23417099	4	23228341	23238406	placeholder
16	2280445	2307751	15	10661439	10691197	placeholder
2	209524640	209537027	2	53011225	53023455	placeholder
6	36950455	37147177	6	60177052	60373250	placeholder
15	3558357	3559743	13	3532134	3533520	placeholder
2	75926705	75937330	2	180001861	180012495	placeholder
5	45717110	45775592	4	45160909	45224415	placeholder
6	82508490	82512910	6	16552105	16556510	placeholder
7	56107083	56116951	7	53190923	53200792	placeholder
4	46682196	46685336	5	45378356	45381473	placeholder
7	28336550	28360487	7	26126008	26148617	placeholder
1	205008691	205014445	1	183651774	183657504	placeholder
8	43714267	43727322	8	42927369	42942088	placeholder
3	33887357	33894796	3	157723801	157729345	placeholder
1	274485762	274503268	1	252562235	252578617	placeholder
3	119357644	119367922	3	73812148	73822003	placeholder
7	79460689	79467306	7	73986897	73992665	placeholder
1	149916901	149937838	1	129856324	129880220	placeholder
1	252548783	252554279	1	230755773	230761318	placeholder
7	36686302	36689043	7	34274120	34277183	placeholder
11	12565062	12568140	14	10389657	10392733	placeholder
1	115386481	115396186	1	95564621	95574405	placeholder
1	265410784	265430625	1	243556946	243575494	placeholder
14	5056433	5065454	12	11936290	11945139	placeholder
1	160126051	160141155	1	140099884	140113409	placeholder
19	137502	142064	18	7922096	7926665	placeholder
13	8101585	8105910	10	13304287	13308552	placeholder
1	51403826	51419686	1	32433627	32446332	placeholder
3	97916337	97986300	3	94753850	94823689	placeholder
2	100505034	100513127	2	157411912	157420056	placeholder
3	10667846	10705254	3	180923695	180966457	placeholder
5	69078318	69101082	4	68087556	68114682	placeholder
2	217323437	217346454	2	44957598	44987836	placeholder
4	28173431	28204663	5	27179187	27208719	placeholder
2	217011707	217031415	2	45291499	45313559	placeholder
17	10053815	10060053	19	593599	599864	placeholder
13	922818	928380	10	6102460	6107518	placeholder
1	333238263	333254108	1	310907316	310923174	placeholder
1	286779910	286797195	1	264886669	264903020	placeholder
2	199791159	199792512	2	62722818	62724171	placeholder
1	257014175	257030637	1	235104203	235120954	placeholder
2	92107211	92135357	2	165833924	165854974	placeholder
17	10685720	10699961	19	192032	200074	placeholder
13	18762078	18767276	10	23824050	23829259	placeholder
2	32174526	32175900	2	223300797	223302171	placeholder
1	63208526	63211678	1	44358303	44361457	placeholder
3	119331469	119344139	3	73839672	73852323	placeholder
5	49303793	49324911	4	48620048	48635656	placeholder
1	153365541	153372226	1	133390153	133396891	placeholder
1	267479379	267484178	1	245672462	245677235	placeholder
6	41829826	41848225	6	55742321	55760322	placeholder
2	18851159	18866637	2	236537366	236551337	placeholder
2	189945508	189954748	2	72461744	72470974	placeholder
1	313087002	313127139	1	290779918	290819024	placeholder
2	31181684	31204423	2	224189976	224218402	placeholder
2	85934076	85939415	2	170316945	170322280	placeholder
17	7546469	7552839	19	3318249	3324393	placeholder
1	340299884	340301168	1	317828857	317830135	placeholder
1	66671459	66681791	1	47771790	47782065	placeholder
8	66727384	66734356	8	64113608	64118313	placeholder
2	155583189	155592900	2	104585034	104599058	placeholder
6	73064743	73078299	6	25116121	25129714	placeholder
3	178263835	178286449	3	14424927	14448075	placeholder
8	11380664	11397936	8	10911542	10925272	placeholder
1	179406121	179410032	1	159016051	159019943	placeholder
12	13986464	14011979	11	13858697	13887328	placeholder
15	16903214	16908629	13	16661164	16666852	placeholder
2	179204059	179205418	2	81155166	81156522	placeholder
3	191919393	191952940	3	964313	994993	placeholder
16	3912112	3933480	15	9031201	9054266	placeholder
5	119478761	119490816	4	116970146	116986618	placeholder
1	339838642	339848053	1	317377133	317387311	placeholder
16	1103030	1125994	15	11844143	11859367	placeholder
7	62277820	62327924	7	59608533	59656375	placeholder
1	182591147	182631811	1	161883247	161923338	placeholder
1	306056789	306058307	1	284271868	284273386	placeholder
1	279237679	279245003	1	257297142	257304478	placeholder
2	195286493	195303048	2	67122017	67136743	placeholder
11	22557070	22561374	14	518090	522353	placeholder
3	13892063	13893596	3	177674672	177675818	placeholder
3	179562322	179564227	3	13170367	13172282	placeholder
3	89774104	89775427	3	102070455	102071778	placeholder
10	16040101	16046146	9	15052474	15058478	placeholder
3	147256104	147349674	3	45813775	45915819	placeholder
3	22823132	22839040	3	168770564	168785965	placeholder
1	324697143	324719411	1	302396063	302413985	placeholder
7	33194899	33207002	7	30902890	30910582	placeholder
1	33264247	33265597	1	14379403	14380753	placeholder
15	8662272	8670464	13	8587466	8596217	placeholder
1	307032265	307069546	1	285295256	285335519	placeholder
8	69671732	69701655	8	66835085	66864645	placeholder
14	355113	360749	12	16641803	16647417	placeholder
11	14633471	14722868	14	8238858	8328439	placeholder
5	91451630	91472431	4	89095283	89117533	placeholder
1	214882090	214898479	1	193564866	193580523	placeholder
1	49734787	49767443	1	30794247	30834401	placeholder
1	301938466	301946931	1	280343083	280350846	placeholder
1	288042912	288065295	1	266180818	266212830	placeholder
12	2078750	2086640	11	2021803	2033595	placeholder
13	18711571	18713714	10	23775759	23777925	placeholder
3	47949566	47950907	3	143724619	143725960	placeholder
2	154774479	154783814	2	105399103	105408466	placeholder
14	13425821	13445546	12	3743143	3759410	placeholder
1	204860981	204875402	1	183507527	183522284	placeholder
17	4899551	4930306	19	5805293	5833427	placeholder
1	242392145	242404248	1	220774614	220783553	placeholder
5	92366842	92386334	4	89992218	90011352	placeholder
1	234239549	234260779	1	212708437	212724377	placeholder
7	51650676	51657543	7	48331675	48339757	placeholder
2	18225679	18227023	2	237154014	237155358	placeholder
2	157687514	157707292	2	102520387	102540090	placeholder
11	21192930	21198499	14	1854117	1859699	placeholder
12	8485544	8490159	11	8420960	8425358	placeholder
3	107640936	107663506	3	85481524	85502907	placeholder
7	34782150	34812213	7	32433557	32461058	placeholder
14	2325717	2333349	12	14670541	14678171	placeholder
2	30403033	30418059	2	225014631	225028103	placeholder
5	59916222	59921298	4	59107364	59112443	placeholder
3	25022713	25050816	3	166565982	166588362	placeholder
3	22676168	22693750	3	168907161	168924753	placeholder
3	20814150	20834324	3	170793620	170813963	placeholder
3	62981577	62990205	3	128757936	128766990	placeholder
7	81548859	81599609	7	75965692	76016793	placeholder
8	7771699	7773022	8	7396351	7397671	placeholder
1	279084830	279102631	1	257128336	257146135	placeholder
3	79475689	79482130	3	112418568	112424977	placeholder
4	94399984	94441500	5	89305317	89341994	placeholder
2	84796832	84807664	2	171334522	171347930	placeholder
1	321132898	321152962	1	298765232	298787146	placeholder
3	155807244	155819386	3	37304904	37318815	placeholder
3	169651136	169670556	3	23267686	23284910	placeholder
15	15293825	15300584	13	15063812	15068164	placeholder
7	61853651	61952432	7	59256107	59327766	placeholder
1	96044933	96087137	1	76894707	76929510	placeholder
1	331274424	331327920	1	308944571	308997297	placeholder
15	13749545	13753806	13	13500705	13505326	placeholder
1	302106912	302123749	1	280518715	280533410	placeholder
1	250284367	250291010	1	228511296	228517698	placeholder
3	24598524	24608375	3	167027656	167037812	placeholder
7	90888674	90898260	7	85118177	85130718	placeholder
4	68002454	68013256	5	66092521	66103364	placeholder
1	334708563	334731889	1	312364734	312386292	placeholder
18	9651194	9657416	17	9355333	9361388	placeholder
6	5829286	5854411	6	90322357	90345720	placeholder
16	593047	633361	15	12384577	12431635	placeholder
4	89700636	89715150	5	84650832	84664239	placeholder
18	2895946	2909228	17	2900028	2912417	placeholder
3	50688940	50699907	3	140996406	141007888	placeholder
16	7600530	7620113	15	5411864	5431127	placeholder
2	199239972	199253986	2	63259131	63273586	placeholder
7	52601027	52706084	7	49188417	49297192	placeholder
7	79917786	79950209	7	74428106	74459910	placeholder
11	926241	934509	10	4320796	4329020	placeholder
8	76365399	76377728	8	73397293	73408204	placeholder
5	52873799	52884170	4	52200124	52210352	placeholder
7	22386944	22425577	7	20362384	20400896	placeholder
1	340231323	340253011	1	317757534	317780014	placeholder
8	59283879	59311468	8	57593919	57608860	placeholder
1	104886450	104900072	1	85739173	85753297	placeholder
11	20120297	20129186	14	2894951	2903993	placeholder
6	61173520	61188801	6	36891822	36907491	placeholder
1	329592180	329593497	1	307258067	307259384	placeholder
3	159698446	159705021	3	33334574	33341473	placeholder
7	44768409	44775191	7	42063159	42075121	placeholder
4	84482886	84503738	5	79594176	79617350	placeholder
5	5718216	5737810	4	5680736	5695833	placeholder
3	34621155	34633004	3	156979924	156994107	placeholder
6	96318502	96339086	6	2878211	2897901	placeholder
5	119459066	119469851	4	116952662	116962576	placeholder
10	14571234	14590861	9	13692006	13711736	placeholder
7	52007836	52025496	7	48662538	48680411	placeholder
1	81079231	81088175	1	61948874	61958163	placeholder
4	25559300	25574093	5	24610419	24630886	placeholder
1	115932809	115950647	1	96130227	96148140	placeholder
2	16986560	17004801	2	238403712	238432511	placeholder
1	189312257	189334663	1	168506502	168531159	placeholder
3	153673231	153679158	3	39490003	39497530	placeholder
5	7907643	7925457	4	7853070	7871206	placeholder
1	72223582	72253414	1	53107642	53132453	placeholder
8	60415418	60423115	8	58899783	58907509	placeholder
2	53342598	53403569	2	202315870	202366052	placeholder
19	1668943	1678460	18	6435149	6444840	placeholder
1	194034524	194057501	1	173232242	173253983	placeholder
6	99056773	99069765	6	141029	154214	placeholder
3	51147321	51156160	3	140586966	140595986	placeholder
1	25225921	25227223	1	6309827	6311135	placeholder
12	9474063	9487593	11	9393790	9406388	placeholder
10	1613620	1620538	9	1547882	1554359	placeholder
16	8843129	8860957	15	4206944	4224613	placeholder
6	3883645	3890997	6	92192164	92200516	placeholder
1	29783630	29786388	1	10990229	10992998	placeholder
2	21757251	21761319	2	233748163	233752213	placeholder
1	291493811	291582011	1	269759604	269831137	placeholder
4	30525475	30538311	5	29522652	29543544	placeholder
3	172676473	172694550	3	20229881	20250341	placeholder
5	10024765	10026067	4	9801714	9803016	placeholder
5	30869545	30879903	4	30638709	30648882	placeholder
7	31425718	31431328	7	29209035	29214641	placeholder
6	3136029	3147946	6	92911775	92922031	placeholder
4	60710220	60775760	5	59317001	59382660	placeholder
5	30922694	30954058	4	30692848	30723264	placeholder
2	199598946	199607209	2	62910022	62919234	placeholder
5	64991784	65007484	4	64143194	64157960	placeholder
13	12807006	12825640	10	17902175	17920331	placeholder
2	234014009	234208683	2	28281739	28465813	placeholder
1	286810628	286819209	1	264918019	264926602	placeholder
7	81445999	81491370	7	75865106	75909419	placeholder
10	139758	149429	9	48511	58084	placeholder
19	3074461	3088427	18	5051443	5066868	placeholder
5	32405916	32407101	4	32148028	32152656	placeholder
5	64677228	64699089	4	63826187	63849897	placeholder
3	159663227	159686645	3	33353393	33380816	placeholder
2	103871544	103901182	2	154039384	154068751	placeholder
5	120621595	120629324	4	118075281	118085489	placeholder
1	116089222	116128026	1	96286289	96324708	placeholder
15	8921977	8965697	13	8851350	8894292	placeholder
7	2424844	2440025	7	1579330	1597105	placeholder
15	16237900	16239169	13	16001663	16002932	placeholder
8	64511389	64518468	8	62750306	62757396	placeholder
2	241551515	241560027	2	20829595	20837067	placeholder
4	75324109	75354273	5	71519168	71556126	placeholder
1	33629882	33635234	1	14684777	14690145	placeholder
1	283303008	283321709	1	261448104	261466778	placeholder
14	3195325	3205256	12	13772522	13782278	placeholder
16	8119868	8129326	15	4905801	4914638	placeholder
1	61019845	61028222	1	42217351	42222229	placeholder
5	14055038	14064582	4	13781182	13790332	placeholder
1	99821454	99893729	1	80579722	80650791	placeholder
4	40636274	40639900	5	39401795	39405417	placeholder
1	340043920	340049550	1	317572389	317578011	placeholder
8	60353387	60372745	8	58773244	58790828	placeholder
5	30800905	30810066	4	30565838	30575431	placeholder
14	12652368	12664806	12	4516977	4528538	placeholder
7	92926791	92940356	7	87156752	87170845	placeholder
2	222496841	222513723	2	39854016	39870400	placeholder
14	6529227	6536075	12	10475820	10481986	placeholder
16	12469165	12472783	15	624784	628418	placeholder
7	65802764	65853735	7	63109608	63144905	placeholder
4	24896917	24925388	5	23955486	23982961	placeholder
2	93505418	93521026	2	164401696	164418301	placeholder
5	13370059	13400044	4	13124128	13161937	placeholder
3	79758955	79766291	3	112162228	112169270	placeholder
3	170510964	170525970	3	22440697	22455162	placeholder
6	38339249	38343614	6	59017887	59022228	placeholder
1	74029708	74054316	1	55008663	55033065	placeholder
6	95169298	95243722	6	4004143	4075787	placeholder
4	31912210	31958622	5	30848379	30889792	placeholder
8	3290201	3338318	8	3040412	3087616	placeholder
5	21083681	21157733	4	20863780	20926932	placeholder
19	2559848	2564479	18	5569385	5574019	placeholder
10	844367	850185	9	757246	763087	placeholder
13	16468162	16478169	10	21512463	21522490	placeholder
1	336365921	336386741	1	313970791	313985651	placeholder
1	51437650	51453643	1	32465466	32481986	placeholder
13	18356319	18358701	10	23409945	23412338	placeholder
12	9007553	9018802	11	8932825	8943944	placeholder
3	140994058	140999287	3	52268242	52273481	placeholder
8	44192194	44218561	8	43357512	43386690	placeholder
5	57419697	57446781	4	56646459	56680030	placeholder
7	27166553	27167807	7	25039708	25040962	placeholder
1	36087514	36102059	1	17132418	17147024	placeholder
4	4110673	4118271	5	3485406	3493722	placeholder
3	134623379	134647147	3	58587726	58609871	placeholder
11	22804769	22813342	14	265388	273853	placeholder
2	64231923	64233198	2	191767687	191768962	placeholder
1	181310451	181343278	1	160760961	160786021	placeholder
15	838530	840777	13	804207	806459	placeholder
17	8537390	8538614	19	2271813	2330498	placeholder
1	280988810	281066195	1	259147239	259215111	placeholder
4	51238706	51254593	5	49828962	49845630	placeholder
4	63637609	63638848	5	61829051	61830290	placeholder
1	195278638	195291210	1	174460863	174470772	placeholder
16	10801898	10803672	15	2278401	2280174	placeholder
19	5921398	5927000	18	2253655	2259475	placeholder
15	654434	662283	13	628327	636146	placeholder
1	166685588	166708183	1	146386253	146407181	placeholder
6	38119812	38133864	6	59206246	59220274	placeholder
12	1158867	1166855	11	1114685	1122734	placeholder
10	5017380	5024915	9	4875112	4882667	placeholder
11	18913833	18925817	14	4074933	4087160	placeholder
2	47455806	47473002	2	208175858	208193232	placeholder
12	9200484	9215104	11	9120834	9133683	placeholder
2	159770554	159842150	2	100355987	100427430	placeholder
1	51455735	51467344	1	32484082	32495126	placeholder
7	28694916	28696194	7	26486183	26487461	placeholder
15	9387493	9393947	13	9304821	9311307	placeholder
2	215613580	215620026	2	46745203	46751641	placeholder
1	106517467	106549278	1	87359590	87390338	placeholder
17	10298452	10301733	19	838925	842207	placeholder
4	62510600	62522352	5	60751896	60771112	placeholder
19	3105684	3116569	18	5023111	5033850	placeholder
7	14677630	14687138	7	12925409	12934835	placeholder
13	11159674	11170615	10	16335117	16345998	placeholder
6	47282144	47293590	6	50388108	50400519	placeholder
10	10332413	10344985	9	10174166	10179447	placeholder
13	3362049	3368876	10	8558768	8565580	placeholder
6	42405476	42417171	6	55159554	55175129	placeholder
3	71220739	71238976	3	120636880	120648529	placeholder
5	44519636	44540146	4	43932050	43946059	placeholder
2	207639546	207641363	2	54841129	54842948	placeholder
8	70105921	70131894	8	67225238	67249563	placeholder
6	42882611	42896667	6	54684791	54698813	placeholder
6	24338207	24355795	6	72788153	72805879	placeholder
4	22873092	23004751	5	21854226	21985171	placeholder
3	160251067	160256505	3	32885892	32891345	placeholder
6	41821492	41822731	6	55767440	55768679	placeholder
3	110940929	110942192	3	82173127	82174390	placeholder
11	17596780	17605342	14	5366211	5374569	placeholder
3	194617436	194657443	16	1586833	1626094	placeholder
10	3231306	3259372	9	3145893	3174367	placeholder
5	91952454	91971115	4	89590577	89606631	placeholder
2	209546491	209560287	2	52989417	53002060	placeholder
13	645993	651656	10	5838032	5844813	placeholder
7	80021645	80036740	7	74528397	74544089	placeholder
2	191512196	191520908	2	70963764	70972493	placeholder
8	27950969	27982180	8	27367915	27398769	placeholder
7	8872015	8874436	7	7115329	7117764	placeholder
11	12552542	12555670	14	10402110	10405226	placeholder
1	185173902	185194586	1	164419735	164440449	placeholder
3	16184797	16193661	3	175329182	175338026	placeholder
12	664848	668627	11	621645	625424	placeholder
13	1828917	1859387	10	7010705	7041186	placeholder
1	63404924	63415450	1	44554972	44566361	placeholder
11	21362443	21367736	14	1693485	1698775	placeholder
11	20274638	20281337	14	2739010	2745639	placeholder
3	172848198	172849889	3	20085015	20086706	placeholder
1	232359832	232361086	1	210919569	210920823	placeholder
19	7306176	7316693	18	873901	883657	placeholder
8	78840183	78846594	8	75836774	75843344	placeholder
2	243612639	243629516	2	18841657	18858372	placeholder
5	122752270	122755460	4	120214786	120218048	placeholder
1	116646586	116655867	1	96855469	96862404	placeholder
4	4128805	4141761	5	3459686	3473814	placeholder
2	159526696	159561244	2	100624931	100660146	placeholder
1	251162305	251199329	1	229406561	229441315	placeholder
3	34788980	34798456	3	156823049	156831201	placeholder
1	117132222	117145892	1	97386884	97400537	placeholder
3	125114560	125132482	3	68040396	68056881	placeholder
7	27236416	27253535	7	25097726	25113702	placeholder
5	27016061	27030575	4	26740723	26761895	placeholder
13	17050601	17098710	10	22116508	22154943	placeholder
15	7110245	7123064	13	7067272	7080949	placeholder
3	65793206	65817379	3	125937740	125961251	placeholder
12	9253953	9291131	11	9169645	9203958	placeholder
1	104196069	104219802	1	85058232	85081111	placeholder
3	145768783	145781091	3	47420594	47432904	placeholder
2	55263839	55292514	2	200541512	200569639	placeholder
14	2377473	2378727	12	14625074	14626328	placeholder
15	16977197	16978545	13	16735162	16736498	placeholder
2	225644397	225648425	2	36753691	36757732	placeholder
4	4659586	4660846	5	2946888	2948148	placeholder
7	85526691	85536785	7	79871346	79881004	placeholder
17	8228748	8233813	19	2627949	2632928	placeholder
3	141627877	141636550	3	51611148	51619048	placeholder
1	152579539	152627768	1	132582756	132631767	placeholder
19	5275867	5278780	18	2879598	2882486	placeholder
1	254556653	254566410	1	232633481	232642771	placeholder
2	197259444	197271027	2	65152480	65164157	placeholder
6	98696126	98708310	6	504946	517689	placeholder
6	18392184	18405832	6	78647268	78659395	placeholder
7	20642117	20653076	7	18663294	18673628	placeholder
1	38767805	38790192	1	19802346	19823926	placeholder
4	93141032	93175523	5	88051032	88090454	placeholder
1	335050408	335066890	1	312716011	312748175	placeholder
15	12081624	12097815	13	11954567	11969283	placeholder
5	88278427	88299753	4	86025009	86051802	placeholder
1	150352278	150384868	1	130295109	130318806	placeholder
1	119094903	119136102	1	99332524	99353602	placeholder
5	10438610	10469460	4	10201155	10227078	placeholder
5	32715205	32751510	4	32485154	32524725	placeholder
2	204370296	204391429	2	58095038	58116095	placeholder
3	25062277	25069164	3	166550043	166556929	placeholder
1	50482327	50504036	1	31558650	31580402	placeholder
1	2606632	2635830	1	320185607	320213741	placeholder
15	16980886	16988119	13	16738844	16746119	placeholder
3	147859923	147872119	3	45312539	45324594	placeholder
4	44943075	45092049	5	43663769	43803993	placeholder
1	1909854	1940693	1	319537912	319570555	placeholder
2	149900275	149904739	2	110317218	110321674	placeholder
10	5301126	5316982	9	5154860	5169207	placeholder
11	3055001	3077368	10	2222966	2243962	placeholder
2	154574260	154595519	2	105609843	105626463	placeholder
2	40569154	40584452	2	215095593	215111126	placeholder
5	110420843	110434971	4	107832493	107846634	placeholder
4	7824002	7841224	5	6935390	6952820	placeholder
1	302251649	302274691	1	280661243	280679601	placeholder
1	289257526	289274939	1	267457802	267468539	placeholder
2	133171209	133190918	2	126077382	126096914	placeholder
6	10636752	10645618	6	86135669	86141218	placeholder
13	2305286	2306531	10	7486454	7487699	placeholder
6	36724562	36744851	6	60561364	60582077	placeholder
18	9592318	9594662	17	9296356	9298706	placeholder
2	157655419	157669865	2	102555308	102569186	placeholder
15	6760763	6776292	13	6720003	6738410	placeholder
5	88672206	88684822	4	86441914	86456058	placeholder
4	87588588	87592201	5	82660118	82663834	placeholder
4	41991657	42005476	5	40737822	40751567	placeholder
6	60120205	60130619	6	37944491	37954767	placeholder
5	55301516	55323112	4	54598947	54617490	placeholder
5	91395276	91405649	4	89046555	89056939	placeholder
17	8234614	8249651	19	2622652	2627160	placeholder
3	153958094	153979193	3	39179189	39198258	placeholder
2	143169237	143194226	2	116221568	116246913	placeholder
7	2539795	2556962	7	1695156	1710286	placeholder
3	55568939	55586899	3	136075122	136092576	placeholder
1	99729872	99752471	1	80495728	80517097	placeholder
11	14481119	14507320	14	8453581	8478086	placeholder
1	283287055	283296985	1	261432084	261442045	placeholder
8	27908440	27916250	8	27328103	27335580	placeholder
11	1149395	1152428	10	4103381	4106411	placeholder
11	8283986	8286080	14	14671855	14673806	placeholder
6	74749577	74766045	6	23598852	23614317	placeholder
1	269824774	269836833	1	248045251	248058684	placeholder
1	226486080	226487319	1	205070533	205071772	placeholder
14	5240166	5244118	12	11754591	11758504	placeholder
3	29977109	30007468	3	161584914	161616450	placeholder
13	7785189	7797590	10	12985938	12999684	placeholder
5	30246305	30250433	4	29989331	29993458	placeholder
3	10347067	10372912	3	181261263	181289555	placeholder
6	44940788	44946270	6	52719657	52725154	placeholder
1	289720032	289804798	1	267924562	268016484	placeholder
2	230185698	230210865	2	32198611	32222197	placeholder
5	93956284	93991435	4	91542515	91577826	placeholder
7	28216147	28218982	7	26007683	26015785	placeholder
5	30206004	30216562	4	29950063	29960539	placeholder
8	38038564	38054209	8	37312779	37339610	placeholder
11	1853057	1863028	10	3415472	3418010	placeholder
12	8393503	8402068	11	8332702	8339759	placeholder
2	103625697	103670889	2	154290812	154332787	placeholder
1	29211370	29212522	1	10423681	10424833	placeholder
3	59078219	59138377	3	132604642	132662445	placeholder
8	830064	834994	8	606123	612991	placeholder
1	106652072	106688546	1	87493127	87521973	placeholder
1	328494019	328528184	1	306131527	306163879	placeholder
1	268304749	268308602	1	246497295	246501147	placeholder
3	157850582	157873982	3	35158046	35186324	placeholder
4	91315492	91335893	5	86262657	86282481	placeholder
3	67646737	67664262	3	124209588	124231805	placeholder
4	81391032	81401533	5	76562743	76572141	placeholder
3	3783724	3784951	3	187797225	187798452	placeholder
2	132881813	132955703	2	126307607	126378276	placeholder
2	144170999	144172262	2	115464056	115465316	placeholder
2	138015879	138024571	2	121320663	121328597	placeholder
3	21456200	21462824	3	170172056	170177132	placeholder
14	7512030	7520866	12	9506497	9514544	placeholder
3	131412743	131505074	3	61607857	61718405	placeholder
1	267612655	267645963	1	245798655	245837007	placeholder
3	59682219	59703050	3	132055643	132067989	placeholder
2	10966939	10982575	2	244268961	244286012	placeholder
4	59421577	59437157	5	57951956	57967903	placeholder
1	22959732	22971485	1	4039786	4052794	placeholder
3	157879892	157889329	3	35145941	35152185	placeholder
2	86876523	86885410	2	169401559	169408312	placeholder
13	10198576	10208345	10	15385077	15394872	placeholder
1	258626692	258631281	1	236755940	236760477	placeholder
17	10035169	10040955	19	575351	581052	placeholder
7	10563162	10598296	7	8797914	8828496	placeholder
2	12362763	12363987	2	243062014	243063238	placeholder
15	14100081	14120664	13	13850398	13870382	placeholder
1	8323843	8324986	1	324626082	324627225	placeholder
3	192083165	192098891	3	808087	821503	placeholder
2	132856276	132872347	2	126387678	126401753	placeholder
4	30319595	30343163	5	29284274	29312797	placeholder
5	92579428	92589311	4	90209922	90219768	placeholder
6	56264290	56276862	6	41603322	41614956	placeholder
11	11518647	11574664	14	11380505	11437433	placeholder
6	71090532	71108085	6	27016518	27035368	placeholder
7	36050627	36070542	7	33661759	33680898	placeholder
3	50661089	50680215	3	141016114	141036253	placeholder
1	237996840	238041316	1	216313120	216354708	placeholder
2	204257682	204258900	2	58243655	58244873	placeholder
5	64720762	64753816	4	63872110	63905702	placeholder
1	103156396	103253365	1	83983446	84109839	placeholder
1	170421444	170439833	1	150131229	150151823	placeholder
1	125436893	125441485	1	105706214	105710780	placeholder
10	6881559	6904308	9	6729754	6752072	placeholder
1	22975793	22986434	1	4057094	4067853	placeholder
6	38203204	38223406	6	59110770	59129538	placeholder
15	10286432	10298323	13	10166707	10179816	placeholder
3	123363747	123368958	3	69822478	69834029	placeholder
3	172527237	172551776	3	20370916	20394665	placeholder
5	3899937	3905349	4	3926014	3931561	placeholder
5	38787822	38807597	4	38359068	38381318	placeholder
10	7435711	7457041	9	7286537	7306485	placeholder
14	5812431	5823534	12	11175035	11187995	placeholder
17	10704232	10708069	19	177481	181328	placeholder
2	66727476	66741783	2	189267550	189284119	placeholder
2	226648401	226656239	2	35725533	35737034	placeholder
1	63319538	63352542	1	44477580	44503195	placeholder
4	83092716	83151716	5	78234152	78288163	placeholder
1	221779863	221786211	1	200441865	200447710	placeholder
5	9662719	9682365	4	9433202	9452675	placeholder
6	26517838	26543915	6	70537733	70546925	placeholder
8	23620235	23633652	8	23003415	23016378	placeholder
2	220102069	220116009	2	42296660	42310668	placeholder
7	5906446	5925026	7	4352654	4372827	placeholder
8	69802819	69814737	8	66963509	66974601	placeholder
17	7856370	7862510	19	2992119	2997683	placeholder
1	125841861	125864379	1	106087809	106122078	placeholder
1	24716510	24720377	1	5803389	5807222	placeholder
1	317311379	317328295	1	295067801	295082279	placeholder
1	75299111	75366983	1	56342314	56409093	placeholder
3	191822989	191848784	3	1070813	1096787	placeholder
3	131865605	132052863	3	61196623	61383190	placeholder
12	13291994	13307363	11	13157125	13171682	placeholder
5	40233227	40240127	4	39630987	39637924	placeholder
8	41017459	41035100	8	40298430	40316066	placeholder
7	27924663	27931778	7	25712012	25718556	placeholder
1	51815404	51823093	1	32863107	32864277	placeholder
13	2310292	2323971	10	7491375	7506014	placeholder
3	186968090	186988603	3	5798531	5822204	placeholder
2	133863967	133880865	2	125378673	125394371	placeholder
7	62013897	62071171	7	59370684	59426475	placeholder
2	53463921	53477784	2	202251339	202265024	placeholder
12	1719166	1724436	11	1667281	1672540	placeholder
3	147792756	147793962	3	45391168	45392371	placeholder
7	34250667	34258550	7	31900568	31908205	placeholder
2	205434691	205454672	2	57010426	57029926	placeholder
2	220364814	220376685	2	42054418	42063892	placeholder
1	98105879	98107076	1	78894247	78895444	placeholder
19	2764352	2777310	18	5360233	5372374	placeholder
3	192657984	192696657	3	206675	244196	placeholder
4	98105702	98110883	5	93023395	93028548	placeholder
18	6964344	6971761	17	6946186	6953857	placeholder
7	15887952	15898967	7	14158169	14169020	placeholder
5	40605165	40606401	4	40043111	40044341	placeholder
6	24373758	24428937	6	72701320	72715659	placeholder
15	8437390	8445816	13	8353191	8363446	placeholder
3	25494836	25505825	3	166106269	166117325	placeholder
7	22788841	22799924	7	20769577	20780754	placeholder
1	23138575	23148333	1	4221391	4230977	placeholder
3	141601879	141609345	3	51638168	51645978	placeholder
1	28558267	28570635	1	9701368	9713830	placeholder
15	72934	76711	13	52764	56547	placeholder
11	6391468	6403950	14	16550076	16559987	placeholder
5	21684206	21700253	4	21448017	21465502	placeholder
4	89674840	89681798	5	84624715	84631627	placeholder
4	9182305	9205235	5	8297265	8319750	placeholder
1	149153918	149164749	1	129100327	129109074	placeholder
3	50430330	50440201	3	141258554	141268420	placeholder
1	36594640	36616942	1	17674710	17690451	placeholder
3	196644077	196651289	16	3623332	3629963	placeholder
1	180163269	180298778	1	159647822	159785017	placeholder
1	64803830	64808885	1	45914805	45920322	placeholder
5	30895653	30905607	4	30664631	30674575	placeholder
12	3718154	3752530	11	3655029	3690042	placeholder
2	95526034	95531982	2	162326757	162331972	placeholder
6	99133884	99137080	6	79184	82424	placeholder
3	91154270	91186375	3	100552810	100588868	placeholder
1	71252897	71263347	1	52129993	52140444	placeholder
10	6209821	6235907	9	6048864	6073998	placeholder
7	23867628	23868813	7	21834705	21835890	placeholder
1	91661668	91670901	1	72544339	72553619	placeholder
1	183538644	183539835	1	162814534	162815725	placeholder
7	74766391	74794005	7	69383742	69413257	placeholder
1	53783106	53798166	1	34737735	34753184	placeholder
12	1709853	1713533	11	1657917	1661631	placeholder
3	120468352	120474931	3	72725447	72732971	placeholder
6	32752955	32762355	6	64417995	64427728	placeholder
3	160223923	160236143	3	32900380	32917289	placeholder
1	239678521	239700943	1	217978487	218001840	placeholder
2	232666880	232677071	2	29789040	29798827	placeholder
1	187292300	187297588	1	166472317	166477624	placeholder
1	261571279	261587414	1	239763831	239780225	placeholder
2	242211705	242212905	2	20156820	20158020	placeholder
1	195677912	195688281	1	174864315	174874417	placeholder
2	15864376	15879642	2	239565575	239580918	placeholder
7	90732658	90745520	7	84966436	84979083	placeholder
1	98707768	98787775	1	79477966	79554809	placeholder
16	2712067	2717779	15	10247551	10253601	placeholder
1	15465783	15476743	1	331787833	331798445	placeholder
15	16909575	16912469	13	16667789	16670693	placeholder
2	33838007	33853347	2	221729984	221746308	placeholder
1	89907928	89920163	1	70774052	70786282	placeholder
8	41280316	41298346	8	40563944	40579724	placeholder
3	123513730	123531410	3	69659499	69677030	placeholder
3	44345405	44372364	3	147217552	147244771	placeholder
1	80235279	80274545	1	61124284	61167331	placeholder
1	11718483	11721735	1	328073802	328077050	placeholder
11	22367739	22371912	14	735950	740148	placeholder
2	160156607	160207305	2	99989457	100043110	placeholder
2	176008935	176014335	2	84293952	84299354	placeholder
1	73577823	73579080	1	54542247	54543504	placeholder
6	91204917	91230952	6	7972524	7997078	placeholder
1	185121890	185152087	1	164367707	164397731	placeholder
1	60969078	60994265	1	42158780	42185643	placeholder
4	93096521	93105268	5	88011872	88020172	placeholder
3	166029432	166036132	3	26953042	26959795	placeholder
6	23568731	23581035	6	73539909	73551681	placeholder
7	44339136	44358504	7	41628742	41654634	placeholder
3	168681485	168723227	3	24259454	24302190	placeholder
6	22650110	22651286	6	74386077	74387253	placeholder
13	11186733	11195663	10	16362009	16371539	placeholder
5	73591831	73626800	4	72133396	72165194	placeholder
1	71276755	71286040	1	52153128	52161211	placeholder
5	100522658	100532458	4	98065909	98075767	placeholder
1	18210023	18213356	1	334574105	334577904	placeholder
6	42318128	42328987	6	55246889	55256874	placeholder
1	25470473	25484355	1	6545003	6558589	placeholder
7	6286342	6310070	7	4748625	4768411	placeholder
13	14896628	14900924	10	19977820	19980245	placeholder
15	16385513	16398937	13	16143859	16154871	placeholder
2	157477900	157486181	2	102733409	102743784	placeholder
7	70586025	70599230	7	65184336	65196930	placeholder
4	85023886	85037971	5	80100107	80115087	placeholder
5	40305840	40329675	4	39719963	39739260	placeholder
3	59630106	59638361	3	132106833	132115108	placeholder
2	101916169	101917330	2	156063558	156064719	placeholder
6	57370131	57371175	6	40604746	40605790	placeholder
5	18956322	18979727	4	18809464	18826253	placeholder
5	849936	858398	4	823001	831761	placeholder
5	92366833	92384571	4	89992209	90009593	placeholder
12	1782532	1787233	11	1730239	1734948	placeholder
3	115245821	115256669	3	77917374	77928760	placeholder
3	103333442	103347764	3	89611002	89625388	placeholder
12	18621840	18642996	11	18156533	18176921	placeholder
7	36182614	36193136	7	33803984	33814512	placeholder
8	20459426	20473259	8	19805502	19819594	placeholder
6	24207905	24214295	6	72927258	72933595	placeholder
17	7006855	7019271	19	3824194	3837546	placeholder
3	134675615	134692210	3	58541677	58557922	placeholder
1	49920614	49936197	1	30987969	31002729	placeholder
1	315587663	315591288	1	293345628	293349759	placeholder
1	333311025	333336275	1	310976063	311002378	placeholder
19	4848851	4892058	18	3263679	3305034	placeholder
1	253849257	253864682	1	232059821	232080888	placeholder
10	116220	129839	9	24933	38513	placeholder
1	324671831	324687172	1	302363485	302380677	placeholder
1	115436056	115457470	1	95619439	95634994	placeholder
1	123324771	123395681	1	103592646	103671940	placeholder
1	319366495	319385742	1	297033766	297053832	placeholder
5	68649448	68730353	4	67689310	67770441	placeholder
10	14090920	14103538	9	13269950	13281062	placeholder
2	190317660	190318818	2	72089595	72090753	placeholder
2	12078587	12092616	2	243294862	243307962	placeholder
14	5614038	5620062	12	11378130	11384146	placeholder
8	74702985	74709251	8	71785759	71793648	placeholder
3	82202712	82223190	3	109690999	109704509	placeholder
6	3390661	3404982	6	92672442	92688078	placeholder
19	323204	329557	18	7759037	7765361	placeholder
7	20018233	20048313	7	17994318	18025305	placeholder
2	230226644	230238753	2	32172674	32184841	placeholder
6	16804307	16827846	6	80252774	80269498	placeholder
1	18469065	18471129	1	334837166	334839231	placeholder
2	105667225	105718678	2	152301196	152347498	placeholder
1	195390791	195415556	1	174575199	174598765	placeholder
15	11110900	11116938	13	10994379	11000118	placeholder
6	70503282	70506235	6	27627539	27630489	placeholder
8	8613730	8640792	8	8197182	8227250	placeholder
8	19380518	19401038	8	18736704	18757944	placeholder
2	68999205	69011161	2	186964769	186975867	placeholder
1	36861002	36876734	1	17910343	17923741	placeholder
2	205210992	205222181	2	57238396	57249808	placeholder
1	176931298	176966692	1	156679033	156700692	placeholder
13	8083811	8087249	10	13287241	13290665	placeholder
2	130427991	130429050	2	128675256	128676315	placeholder
1	270232202	270252432	1	248444201	248464500	placeholder
8	77115662	77128524	8	74132527	74145197	placeholder
1	324078825	324129057	1	301770013	301822348	placeholder
5	32454307	32460114	4	32200019	32205478	placeholder
3	103465226	103493784	3	89482485	89502035	placeholder
8	62352775	62354072	8	60856483	60857780	placeholder
6	12509455	12526827	6	84243740	84258388	placeholder
7	14071104	14092451	7	12315020	12349349	placeholder
3	84508048	84510505	3	107400820	107403320	placeholder
11	20482472	20490549	14	2528793	2537102	placeholder
12	11161621	11162773	11	11022719	11023871	placeholder
4	53711662	53731136	5	52251682	52271928	placeholder
6	52396823	52398014	6	45406090	45407281	placeholder
19	294008	312731	18	7766365	7780517	placeholder
3	179023461	179028636	3	13694539	13699710	placeholder
1	2645349	2680666	1	320221609	320250242	placeholder
1	321346111	321360368	1	298970001	298983372	placeholder
1	299140585	299159013	1	277476097	277490207	placeholder
8	2583448	2603375	8	2346131	2363999	placeholder
14	1170822	1179155	12	15812558	15820893	placeholder
2	159383780	159384905	2	100802861	100803986	placeholder
1	244526275	244527421	1	222802872	222804018	placeholder
8	51753503	51758774	8	50851622	50856634	placeholder
1	27724383	27735863	1	8854123	8865237	placeholder
2	230885118	230886270	2	31556175	31557327	placeholder
8	7675390	7685364	8	7300417	7313944	placeholder
7	89297763	89299059	7	83584668	83585964	placeholder
7	44588718	44597154	7	41889710	41898143	placeholder
1	299829672	299872524	1	278193774	278230510	placeholder
1	312418298	312423239	1	290088196	290093096	placeholder
1	39106749	39107862	1	20142741	20143878	placeholder
4	84630618	84648174	5	79745373	79766641	placeholder
6	26707334	26708339	6	70384383	70385388	placeholder
12	8571059	8582193	11	8506255	8524864	placeholder
3	38972730	38986824	3	152548508	152562221	placeholder
2	202193331	202204937	2	60296775	60307533	placeholder
3	157196363	157207303	3	35847112	35858039	placeholder
3	169897077	169914897	3	23045068	23059686	placeholder
3	183039293	183054830	3	9727713	9742300	placeholder
5	90411010	90450200	4	88069323	88108000	placeholder
3	122726061	122759200	3	70444036	70482642	placeholder
13	7739746	7747712	10	12941393	12949026	placeholder
3	202891868	202893530	16	9554416	9561777	placeholder
15	13254957	13263718	13	13126655	13136186	placeholder
2	100681884	100685190	2	157236089	157240600	placeholder
1	277726108	277730925	1	255743495	255748297	placeholder
8	22634610	22642988	8	22007505	22018204	placeholder
3	118938001	118939138	3	74239419	74240556	placeholder
8	19703112	19730197	8	19056414	19076161	placeholder
1	40821004	40878772	1	21829710	21891681	placeholder
7	74686494	74701154	7	69292248	69309938	placeholder
2	156272378	156287159	2	103866943	103880061	placeholder
15	13729178	13733561	13	13481033	13484816	placeholder
4	82140761	82149422	5	77434876	77444416	placeholder
11	8363782	8368472	14	14586478	14590828	placeholder
8	48379630	48396352	8	47510648	47528182	placeholder
3	92566390	92748571	3	99484021	99604048	placeholder
6	10778697	10779828	6	85999485	86000616	placeholder
1	300062570	300082209	1	278430537	278449611	placeholder
7	91043327	91063435	7	85267064	85281738	placeholder
13	2282873	2285768	10	7463680	7466531	placeholder
4	38284140	38289388	5	37048368	37053634	placeholder
7	13125744	13174610	7	11378159	11424617	placeholder
7	88891501	88917188	7	83198816	83222766	placeholder
3	186991590	187001230	3	5786635	5795594	placeholder
2	101207105	101213454	2	156723374	156730012	placeholder
4	83176947	83187807	5	78307201	78317182	placeholder
1	286883799	286889263	1	264998572	265003588	placeholder
2	165114188	165122268	2	95288007	95296125	placeholder
1	237683575	237770807	1	215979485	216064721	placeholder
16	5711651	5718918	15	7268902	7274521	placeholder
2	56548012	56549140	2	199278798	199279926	placeholder
1	225099251	225111691	1	203699436	203712362	placeholder
5	3618808	3621498	4	3630007	3632751	placeholder
7	9229352	9260935	7	7467332	7500258	placeholder
4	87490493	87491672	5	82557923	82559102	placeholder
12	14278970	14335915	11	14172782	14227886	placeholder
1	159966107	159977232	1	139940740	139948762	placeholder
1	285246481	285289373	1	263445781	263488381	placeholder
5	53795571	53796690	4	53088368	53089493	placeholder
3	33682601	33690688	3	157936168	157944242	placeholder
8	69292882	69306539	8	66465448	66478489	placeholder
3	191794921	191807483	3	1112214	1123825	placeholder
1	330587511	330605480	1	308269854	308288729	placeholder
11	8525113	8526909	14	14433214	14435011	placeholder
1	15622474	15628986	1	331940373	331947164	placeholder
1	337862003	337885689	1	315424564	315445476	placeholder
1	28456355	28463009	1	9590627	9597832	placeholder
3	149070272	149260652	3	43881465	44069096	placeholder
1	160021449	160068682	1	139998146	140040443	placeholder
7	2449357	2461054	7	1604278	1617597	placeholder
2	152493129	152501588	2	107729779	107738508	placeholder
7	64984531	65006465	7	62253045	62275190	placeholder
8	25858811	25884374	8	25315431	25341138	placeholder
16	1940688	1956314	15	11022022	11042200	placeholder
8	67423922	67430779	8	64789215	64796017	placeholder
1	194829453	194840695	1	174007914	174024757	placeholder
3	81885676	81935218	3	109949060	109995159	placeholder
1	254542856	254553655	1	232619349	232630114	placeholder
1	312063751	312070997	1	289722818	289729277	placeholder
5	9920685	9921801	4	9705418	9706534	placeholder
2	23972473	23975909	2	231557737	231561216	placeholder
5	86454681	86455797	4	84395419	84396535	placeholder
6	45558737	45565146	6	52082627	52089074	placeholder
5	120773034	120789889	4	118225041	118248698	placeholder
17	9737566	9749505	19	1124186	1136461	placeholder
2	206297940	206306020	2	56166831	56175370	placeholder
6	45404819	45420330	6	52235770	52250562	placeholder
13	16247709	16254254	10	21295933	21302239	placeholder
1	152743364	152746193	1	132747315	132750148	placeholder
2	145979206	145980322	2	113689161	113690277	placeholder
8	13972108	13986645	8	13507953	13523054	placeholder
2	207600450	207615795	2	54868406	54890193	placeholder
3	191860243	191869494	3	1050082	1059379	placeholder
1	62945850	62965980	1	44072634	44093852	placeholder
7	62549995	62551105	7	59846161	59847271	placeholder
8	11616102	11628646	8	11127100	11138906	placeholder
5	97257590	97268163	4	94849930	94860348	placeholder
2	100121453	100122572	2	157796361	157797480	placeholder
5	40545880	40546981	4	39980167	39981268	placeholder
5	51739722	51740835	4	51067331	51068444	placeholder
5	46731037	46745619	4	46117825	46132609	placeholder
1	191934916	191988004	1	171141971	171185150	placeholder
4	95236237	95269002	5	90156763	90187777	placeholder
2	85286506	85323767	2	170903915	170926828	placeholder
1	242890718	242992647	1	221285973	221387965	placeholder
3	37533380	37534490	3	154080622	154081732	placeholder
3	61881098	61895686	3	129851558	129867078	placeholder
14	13334858	13335950	12	3853251	3854343	placeholder
2	63668762	63685941	2	192357496	192375225	placeholder
5	100540780	100556378	4	98084220	98099748	placeholder
1	309984921	309992893	1	288257366	288266322	placeholder
4	99404498	99417465	5	94286564	94301133	placeholder
3	168056225	168061949	3	24924332	24930618	placeholder
3	157335905	157342583	3	35713877	35719929	placeholder
2	134827672	134889599	2	124354262	124415603	placeholder
1	153875253	153882502	1	133935559	133943189	placeholder
3	65590375	65607059	3	126162644	126179387	placeholder
6	74295814	74364807	6	23981425	24055256	placeholder
6	57811051	57818632	6	40183748	40192124	placeholder
2	176538799	176539906	2	83825832	83826939	placeholder
7	28183370	28196561	7	25972873	25985107	placeholder
15	14780820	14790086	13	14523950	14533707	placeholder
8	11527314	11542694	8	11040791	11056359	placeholder
11	2451134	2452238	10	2840415	2841513	placeholder
15	14914426	14918020	13	14652814	14656197	placeholder
10	1677187	1683711	9	1614532	1621759	placeholder
3	161493829	161510864	3	31529937	31542533	placeholder
8	30902217	30904757	8	30328690	30333524	placeholder
7	2944764	2950970	7	2041333	2059879	placeholder
1	242730034	242739413	1	221126233	221135639	placeholder
15	4145087	4175276	13	4122744	4151685	placeholder
6	2774712	2792550	6	93275998	93295620	placeholder
1	46413028	46428597	1	27423828	27440675	placeholder
6	69966400	69971437	6	28134842	28139914	placeholder
7	23011792	23104885	7	20998353	21092303	placeholder
3	196180972	196227080	16	3140026	3185397	placeholder
4	50443862	50452450	5	48992706	49001313	placeholder
17	7219230	7220337	19	3627209	3628316	placeholder
1	240047278	240055900	1	218334123	218343304	placeholder
11	14733759	14734875	14	8227494	8228610	placeholder
6	42601816	42603757	6	54980584	54982513	placeholder
6	10648551	10665497	6	86105744	86123709	placeholder
12	1488379	1493807	11	1439794	1445212	placeholder
6	45172766	45179457	6	52471383	52478062	placeholder
5	2812789	2827870	4	2844709	2864355	placeholder
13	3815620	3823886	10	9005617	9014516	placeholder
5	110280203	110312088	4	107691861	107721818	placeholder
3	82964901	82973316	3	108922929	108931361	placeholder
18	3103488	3108974	17	3110300	3117700	placeholder
5	97554525	97555599	4	95146066	95147140	placeholder
16	12156854	12164487	15	931490	938790	placeholder
8	70178495	70220260	8	67296405	67337313	placeholder
10	8266030	8268589	9	8105464	8107996	placeholder
1	154293222	154355248	1	134350457	134413139	placeholder
2	121899787	121916221	2	136587006	136597634	placeholder
6	53078855	53091907	6	44726909	44737125	placeholder
17	10376880	10381976	19	514467	519619	placeholder
1	256837192	256898454	1	234915701	234991467	placeholder
6	90685521	90699448	6	8472571	8486365	placeholder
13	18704680	18710384	10	23768855	23774571	placeholder
5	30415167	30416245	4	30168690	30169768	placeholder
15	2041717	2054251	13	2011878	2024388	placeholder
3	119307887	119323480	3	73860635	73874700	placeholder
19	3006219	3007299	18	5132841	5133921	placeholder
1	65985418	65990096	1	47128472	47133139	placeholder
1	227615404	227616496	1	206150545	206151637	placeholder
15	13332415	13336053	13	13203700	13207331	placeholder
7	20000496	20009868	7	17976035	17986318	placeholder
1	210967143	210968226	1	189491483	189492566	placeholder
3	152921202	152951406	3	40226256	40256906	placeholder
1	175698088	175699180	1	155447582	155448674	placeholder
7	8992462	9003253	7	7243117	7253320	placeholder
1	71144410	71145508	1	52031767	52032871	placeholder
5	37412182	37430820	4	36926316	36945300	placeholder
3	168250532	168262281	3	24716467	24728598	placeholder
5	40929882	40944111	4	40373291	40387519	placeholder
6	48947338	48963579	6	48651816	48667995	placeholder
7	84594525	84628425	7	78888612	78923407	placeholder
3	130849038	130858480	3	62246421	62255258	placeholder
1	320908235	320911136	1	298539929	298542829	placeholder
10	26734537	26736575	9	25034604	25046570	placeholder
2	199143447	199150556	2	63359446	63366487	placeholder
4	79253433	79308557	5	75191137	75269303	placeholder
4	2679161	2685981	5	2057696	2065901	placeholder
3	146019090	146026765	3	47178487	47186562	placeholder
14	1227461	1232576	12	15758936	15764072	placeholder
5	96920838	96934325	4	94515399	94528840	placeholder
3	79372640	79377950	3	112536987	112542277	placeholder
6	74396666	74410369	6	23927695	23950126	placeholder
2	31570211	31571285	2	223920766	223921840	placeholder
1	126295354	126306505	1	106538960	106549162	placeholder
1	63156755	63157826	1	44314790	44315861	placeholder
2	153831814	153842036	2	106358403	106369057	placeholder
8	13578035	13593154	8	13109004	13123725	placeholder
16	12339288	12340380	15	754874	755960	placeholder
15	8213506	8248246	13	8138338	8169493	placeholder
7	29446131	29447343	7	27214342	27215554	placeholder
2	11313486	11321927	2	243952328	243960471	placeholder
5	82483695	82500125	4	80710243	80720404	placeholder
1	286487022	286499578	1	264672418	264684564	placeholder
6	26040451	26041534	6	71059792	71060875	placeholder
8	10512709	10524537	8	10136862	10149141	placeholder
8	6816876	6831109	8	6458754	6480169	placeholder
6	18314309	18330498	6	78730823	78746239	placeholder
2	223463537	223491923	2	38835425	38863299	placeholder
5	56258537	56268621	4	55439923	55450115	placeholder
5	79420407	79421481	4	78038207	78039281	placeholder
5	40690980	40692087	4	40139786	40140893	placeholder
3	57351371	57367422	3	134305121	134323141	placeholder
3	179291050	179301708	3	13440819	13451456	placeholder
3	103388042	103401220	3	89568298	89582045	placeholder
16	12653790	12656037	15	439714	441947	placeholder
2	188287571	188294187	2	74193748	74200276	placeholder
4	21380182	21387286	5	20332482	20339595	placeholder
2	175210004	175234493	2	85098856	85118009	placeholder
6	27831079	27832165	6	69266870	69267956	placeholder
1	130902505	130903552	1	111147803	111148850	placeholder
15	14885801	14889280	13	14624091	14627535	placeholder
3	34452795	34477699	3	157134705	157154037	placeholder
11	461330	471917	10	4798127	4808688	placeholder
3	168186835	168195714	3	24784641	24795453	placeholder
8	62300651	62309001	8	60783482	60791948	placeholder
10	216830	226192	9	125624	132326	placeholder
7	34750224	34754037	7	32406618	32410418	placeholder
14	1641499	1642567	12	15349703	15350771	placeholder
2	12276284	12333906	2	243090557	243156542	placeholder
16	12575131	12580087	15	518884	523875	placeholder
15	16534294	16541023	13	16278534	16284843	placeholder
1	232125605	232126679	1	210692691	210693765	placeholder
1	150707857	150724984	1	130624233	130642935	placeholder
1	69933612	69947560	1	50987571	51002050	placeholder
1	114825369	114832665	1	94992605	94999913	placeholder
1	178832845	178847041	1	158487102	158495588	placeholder
2	96484880	96500692	2	161311525	161324402	placeholder
5	87185037	87192813	4	85085919	85100126	placeholder
15	6373584	6379027	13	6330694	6335928	placeholder
1	274587568	274598593	1	252665635	252677651	placeholder
19	708567	723194	18	7365565	7379665	placeholder
1	101581055	101612782	1	82331423	82350927	placeholder
7	37704930	37731574	7	35248827	35275945	placeholder
3	69864816	69884731	3	121971070	121988870	placeholder
17	8186912	8189617	19	2672381	2675092	placeholder
1	237533323	237546527	1	215823602	215836937	placeholder
2	104348720	104369986	2	153657954	153674820	placeholder
1	101445679	101469732	1	82183971	82216183	placeholder
7	33152643	33156310	7	30868301	30871963	placeholder
10	25601506	25612832	9	23937607	23948815	placeholder
14	7044276	7050003	12	9969797	9975045	placeholder
2	51777595	51867192	2	203882961	203975824	placeholder
4	86687040	86689642	5	81764617	81767220	placeholder
15	3845666	3851902	13	3814490	3820773	placeholder
5	25176159	25196169	4	24871562	24900049	placeholder
1	306897527	306917314	1	285170611	285190670	placeholder
3	38423298	38442766	3	153110743	153132899	placeholder
19	2792875	2801458	18	5336532	5344675	placeholder
2	92085531	92092639	2	165868063	165875375	placeholder
3	119084713	119116858	3	74079527	74110221	placeholder
1	40710120	40719936	1	21709978	21721605	placeholder
3	127185274	127198117	3	65921972	65935619	placeholder
12	8344775	8354483	11	8285665	8295768	placeholder
3	5735204	5736212	3	185875649	185876684	placeholder
2	101232333	101248355	2	156688970	156705600	placeholder
13	2290247	2294200	10	7470931	7474918	placeholder
4	55095381	55096449	5	53638552	53639617	placeholder
13	16874131	16878438	10	21922133	21926613	placeholder
1	315732401	315755449	1	293493920	293515545	placeholder
11	20638902	20644515	14	2375944	2381566	placeholder
3	36722694	36755363	3	154851807	154884620	placeholder
13	5011155	5039502	10	10199159	10227384	placeholder
12	4174115	4177343	11	4112458	4115661	placeholder
6	81713985	81721119	6	17322512	17329643	placeholder
6	85110559	85216589	6	13941242	14043999	placeholder
17	10574896	10579730	19	306165	311008	placeholder
1	170512787	170537560	1	150223916	150246024	placeholder
5	31481378	31503100	4	31231857	31253550	placeholder
7	30526882	30549073	7	28273066	28293981	placeholder
15	1238662	1249751	13	1203345	1213810	placeholder
2	109259836	109264771	2	148857108	148861800	placeholder
1	181559202	181560261	1	160924429	160925488	placeholder
15	7403952	7405008	13	7355675	7356731	placeholder
17	10742478	10743501	19	142060	143083	placeholder
10	4655782	4656829	9	4515941	4516988	placeholder
6	26745818	26746826	6	70343168	70344176	placeholder
15	10470413	10485837	13	10349813	10365224	placeholder
3	144179471	144197948	3	48995330	49014790	placeholder
5	40518394	40527191	4	39949971	39958741	placeholder
2	33095055	33097085	2	222427351	222429387	placeholder
5	4482352	4483405	4	4503087	4504140	placeholder
8	44137456	44153320	8	43294364	43311257	placeholder
17	10850980	10856412	19	5451	10883	placeholder
6	27658233	27673582	6	69417963	69433442	placeholder
12	651407	656584	11	608126	613290	placeholder
1	246966841	246967885	1	225106339	225107383	placeholder
4	55112136	55113192	5	53652136	53653201	placeholder
16	12195638	12198321	15	897455	899978	placeholder
2	203171883	203232113	2	59289653	59336030	placeholder
4	22191292	22193214	5	21167421	21169358	placeholder
2	148554949	148577373	2	111176854	111198811	placeholder
1	292918321	292933376	1	271199266	271223110	placeholder
1	23339863	23352822	1	4426896	4438024	placeholder
7	22802270	22811673	7	20783102	20792499	placeholder
18	7929755	7933699	17	7653915	7657827	placeholder
1	165776481	165782646	1	145438517	145444644	placeholder
15	1818425	1827654	13	1788825	1798070	placeholder
5	26390841	26407335	4	26115627	26138060	placeholder
1	286904018	286909364	1	265018479	265023758	placeholder
6	40891531	40902924	6	56688358	56700511	placeholder
5	90116861	90148061	4	87770991	87802651	placeholder
7	13182195	13194826	7	11432280	11445274	placeholder
2	151907185	151930343	2	108296473	108318734	placeholder
1	168914063	168915107	1	148605345	148606389	placeholder
3	159354965	159364977	3	33687530	33697560	placeholder
10	8219226	8238068	9	8056775	8075947	placeholder
1	247102038	247116464	1	225241567	225256794	placeholder
17	3168216	3169311	19	7524844	7525939	placeholder
19	7583064	7586003	18	617336	620554	placeholder
3	171580715	171676640	3	21294889	21400107	placeholder
16	11355438	11358751	15	1718446	1721759	placeholder
1	249208199	249210919	1	227430923	227433656	placeholder
12	3251726	3260188	11	3199939	3208370	placeholder
15	11545058	11552206	13	11427779	11433623	placeholder
6	88229504	88239466	6	10848185	10859529	placeholder
14	2436510	2453800	12	14551694	14568145	placeholder
19	5397167	5401590	18	2755134	2760133	placeholder
4	25172690	25189378	5	24221911	24238599	placeholder
1	115994796	116043148	1	96185206	96236063	placeholder
10	16118497	16119487	9	15108134	15109106	placeholder
14	16668093	16706982	12	409602	450310	placeholder
1	4752312	4767364	1	321540606	321555443	placeholder
3	146230987	146237163	3	46978877	46986886	placeholder
1	98960514	98993027	1	79717931	79750136	placeholder
1	181485529	181508256	1	160879398	160893647	placeholder
3	37997277	37998318	3	153603962	153605003	placeholder
5	22800263	22809336	4	22602871	22611480	placeholder
5	97767546	97851713	4	95350715	95437872	placeholder
4	64092570	64112905	5	62322069	62343437	placeholder
1	100468055	100469090	1	81225743	81226778	placeholder
6	7906992	7921273	6	88899324	88913109	placeholder
1	72292973	72294268	1	53172601	53173897	placeholder
16	12450941	12454586	15	642793	646458	placeholder
1	259656140	259686908	1	237782242	237810085	placeholder
6	85369993	85389622	6	13767777	13785938	placeholder
5	10091701	10243402	4	9868743	10024624	placeholder
3	141492894	141508735	3	51729519	51749596	placeholder
3	63554607	63566648	3	128187103	128198525	placeholder
1	299712479	299713295	1	278071780	278072596	placeholder
2	142247982	142262794	2	117171554	117191872	placeholder
6	38438824	38441419	6	58932485	58935076	placeholder
8	8720737	8730157	8	8300918	8310979	placeholder
6	94005393	94017885	6	5241259	5253013	placeholder
13	14918967	14928791	10	19997498	20006059	placeholder
1	115219047	115226720	1	95403039	95412019	placeholder
3	29635480	29645612	3	161948234	161960441	placeholder
5	13953037	13967716	4	13675942	13689358	placeholder
3	153708633	153722086	3	39447432	39460853	placeholder
10	7979158	7980214	9	7818727	7819783	placeholder
2	31440124	31455602	2	224032778	224047544	placeholder
2	193499973	193502451	2	68948938	68951424	placeholder
3	91367155	91381700	3	100359870	100370183	placeholder
6	26756781	26757792	6	70331203	70332229	placeholder
1	41739249	41740284	1	22749984	22751077	placeholder
1	43130180	43131234	1	24084940	24085994	placeholder
6	45210897	45225296	6	52425616	52437931	placeholder
5	18069851	18071657	4	17864597	17867565	placeholder
12	17351071	17360706	11	16976976	16989752	placeholder
8	44019960	44041888	8	43207264	43227160	placeholder
1	241074763	241087590	1	219360148	219374748	placeholder
10	11607353	11673005	9	11407759	11495091	placeholder
1	52919816	52929393	1	33947237	33956757	placeholder
6	80636656	80654417	6	18396348	18412117	placeholder
1	107575401	107584405	1	88371404	88380566	placeholder
6	43123975	43124989	6	54463223	54464201	placeholder
4	23149425	23165175	5	22129514	22145494	placeholder
6	10340658	10348683	6	86451454	86459425	placeholder
5	31430278	31438997	4	31171041	31179950	placeholder
7	30950073	30951090	7	28721091	28722108	placeholder
6	94274749	94297383	6	4955803	4978506	placeholder
7	92448677	92454371	7	86666786	86672765	placeholder
14	1067489	1072517	12	15919604	15924653	placeholder
3	34606462	34616096	3	156998750	157008364	placeholder
2	29978167	30001392	2	225464098	225485381	placeholder
6	48142383	48152762	6	49504236	49508299	placeholder
1	311773962	311778046	1	289451386	289455465	placeholder
1	334980758	335028448	1	312659007	312696574	placeholder
1	332339419	332417893	1	310016733	310089457	placeholder
14	13838678	13850408	12	3334814	3345311	placeholder
3	10201406	10226645	3	181403053	181424266	placeholder
3	123377319	123386776	3	69804621	69814077	placeholder
1	142142418	142150841	1	122267939	122276090	placeholder
12	11429861	11430905	11	11262131	11263175	placeholder
15	6499082	6506384	13	6460224	6468038	placeholder
8	40908888	40913919	8	40191662	40196735	placeholder
1	24947510	24957265	1	6028902	6039555	placeholder
6	2797527	2812506	6	93256149	93271396	placeholder
5	21777201	21780650	4	21542701	21546070	placeholder
16	12837685	12839617	15	261105	263037	placeholder
1	48806835	48817831	1	29811836	29822174	placeholder
1	177219791	177220814	1	156975841	156976864	placeholder
1	215695383	215733238	1	194353599	194390779	placeholder
1	239348027	239362240	1	217636353	217648479	placeholder
19	269788	271723	18	7786972	7788909	placeholder
13	18379496	18381111	10	23433295	23434899	placeholder
1	301798784	301812911	1	280216281	280231621	placeholder
17	4468326	4476514	19	6237919	6245774	placeholder
6	68199933	68210861	6	29951968	29958502	placeholder
10	9019741	9034292	9	8855143	8872838	placeholder
6	85796610	85801274	6	13352660	13357218	placeholder
7	85093412	85121781	7	79428894	79461343	placeholder
6	40460725	40463178	6	57135252	57137704	placeholder
2	236743327	236756600	2	25675347	25687141	placeholder
10	6421558	6428193	9	6263489	6271071	placeholder
3	45424599	45447385	3	146118461	146145434	placeholder
6	80963915	80976890	6	18049221	18061900	placeholder
6	18265398	18266391	6	78800462	78801455	placeholder
2	59953119	59961933	2	196111731	196120757	placeholder
1	311739196	311750665	1	289417523	289428302	placeholder
2	177691433	177707665	2	82682308	82700717	placeholder
7	82004330	82011548	7	76426105	76433263	placeholder
1	36180669	36225900	1	17207038	17258279	placeholder
3	185021943	185031865	3	7791329	7803578	placeholder
2	150247392	150248997	2	109961461	109962808	placeholder
1	302021737	302045398	1	280426720	280451932	placeholder
3	179199049	179202984	3	13549177	13553475	placeholder
3	131022712	131030811	3	62085134	62092703	placeholder
1	63254576	63265150	1	44403036	44412560	placeholder
10	9001174	9006792	9	8836709	8842378	placeholder
3	126299235	126322880	3	66831924	66855563	placeholder
8	9471639	9477303	8	9079537	9085990	placeholder
5	58816304	58822278	4	57996406	58002435	placeholder
4	53143261	53144284	5	51665237	51666260	placeholder
6	48529315	48532129	6	49140142	49142956	placeholder
5	40625389	40632745	4	40063621	40070929	placeholder
16	6799455	6805076	15	6227614	6233633	placeholder
1	166655328	166663398	1	146360369	146369315	placeholder
13	16996488	17010329	10	22057531	22070807	placeholder
5	97516027	97604230	4	95109478	95197107	placeholder
1	177055086	177056097	1	156779387	156780398	placeholder
2	215469359	215485677	2	46869370	46888422	placeholder
2	156003969	156013292	2	104164114	104172890	placeholder
1	198330841	198427605	1	177606643	177702856	placeholder
6	60592461	60616584	6	37449484	37474985	placeholder
8	23434267	23444860	8	22814669	22827414	placeholder
4	57600660	57601671	5	56108812	56109823	placeholder
1	335940169	335947598	1	313553564	313560139	placeholder
15	15305426	15310955	13	15073066	15076786	placeholder
2	190026298	190046905	2	72368885	72389323	placeholder
7	46562417	46577740	7	43765139	43778280	placeholder
12	417825	421254	11	372660	376127	placeholder
6	26714190	26715198	6	70377924	70378932	placeholder
3	119432198	119441271	3	73745966	73756312	placeholder
3	82000186	82011624	3	109883733	109896650	placeholder
2	97227252	97228263	2	160599955	160600966	placeholder
19	4389416	4395881	18	3758017	3764831	placeholder
1	96023668	96030340	1	76874801	76881917	placeholder
10	8634194	8645957	9	8466006	8476368	placeholder
3	99964448	99990170	3	92909283	92936035	placeholder
10	3107957	3143016	9	3023859	3055652	placeholder
3	10376394	10383208	3	181250912	181257780	placeholder
3	196142225	196143230	16	3097962	3098970	placeholder
3	134478656	134495571	3	58721899	58738319	placeholder
15	3521919	3527178	13	3495998	3501346	placeholder
6	48062593	48083886	6	49570238	49591566	placeholder
7	25968736	25977768	7	23854576	23862824	placeholder
1	66104448	66113669	1	47238836	47254036	placeholder
3	127432890	127441699	3	65671366	65678921	placeholder
1	257105049	257111603	1	235195054	235202352	placeholder
4	70513076	70646611	5	67900675	68048375	placeholder
6	45446264	45450552	6	52204803	52208898	placeholder
5	22630984	22631989	4	22433078	22434083	placeholder
3	35023569	35032019	3	156585267	156594215	placeholder
7	80788133	80806299	7	75238267	75251623	placeholder
12	13265518	13275612	11	13130815	13140813	placeholder
11	22739175	22747703	14	329908	338132	placeholder
6	45476737	45484572	6	52171654	52179152	placeholder
2	33105203	33110394	2	222413153	222415689	placeholder
6	71953692	71963230	6	26167594	26177147	placeholder
15	10978212	10987968	13	10859531	10868536	placeholder
14	1622077	1623076	12	15369722	15370721	placeholder
13	15758635	15766412	10	20812896	20820448	placeholder
2	94404702	94412044	2	163504819	163515738	placeholder
16	7665985	7670494	15	5361432	5365916	placeholder
2	215072870	215081627	2	47277086	47286319	placeholder
1	71786686	71929521	1	52663713	52808555	placeholder
1	215580216	215588672	1	194239142	194247569	placeholder
8	38251932	38286341	8	37501447	37550533	placeholder
1	17881551	17887590	1	334253020	334259029	placeholder
7	74360800	74381073	7	68966319	68986805	placeholder
2	154625358	154642439	2	105553938	105570998	placeholder
2	152806093	152807089	2	107416629	107417625	placeholder
2	99466194	99482470	2	158416965	158430394	placeholder
3	15817555	15823516	3	175699387	175705263	placeholder
1	311754508	311762199	1	289432746	289440422	placeholder
2	59228271	59244585	2	196832440	196848329	placeholder
7	39920602	39950738	7	37410853	37438736	placeholder
3	71159361	71160357	3	120726073	120727069	placeholder
5	94963732	94990436	4	92577618	92603344	placeholder
1	332545097	332545961	1	310230024	310230888	placeholder
4	96535076	96544445	5	91418713	91427487	placeholder
2	222434095	222439839	2	39925316	39931049	placeholder
2	64714528	64727374	2	191258660	191271446	placeholder
1	246362746	246375312	1	224515413	224528378	placeholder
3	147481140	147491566	3	45671862	45683416	placeholder
3	179095038	179126174	3	13608622	13627456	placeholder
8	19264187	19271602	8	18622627	18629994	placeholder
8	59623501	59720428	8	57946265	58047037	placeholder
11	12387946	12392991	14	10564230	10569257	placeholder
1	69953916	69963537	1	51008385	51016811	placeholder
4	64250360	64260216	5	62472533	62485822	placeholder
13	2924971	2930390	10	8125057	8130517	placeholder
1	293908991	293913669	1	272204253	272208924	placeholder
1	148428908	148429898	1	128384603	128385593	placeholder
6	91359143	91373926	6	7835427	7848010	placeholder
2	84744929	84770055	2	171367790	171388136	placeholder
3	132711035	132717901	3	60561662	60568836	placeholder
2	120330037	120331024	2	137984112	137985099	placeholder
8	51820274	51838115	8	50926580	50952992	placeholder
2	34867920	34871732	2	220735928	220739755	placeholder
5	92499893	92532502	4	90131892	90160721	placeholder
3	160946859	160987000	3	32075096	32119773	placeholder
6	52985988	52998077	6	44817268	44828510	placeholder
3	126790650	126792297	3	66338459	66340090	placeholder
3	172445741	172456238	3	20468916	20478833	placeholder
8	48525711	48569928	8	47654972	47703725	placeholder
1	274144535	274156679	1	252201723	252211734	placeholder
16	7227402	7242107	15	5795366	5809183	placeholder
3	119347024	119356910	3	73824204	73836736	placeholder
3	169446630	169452803	3	23521935	23528124	placeholder
1	22903176	22905372	1	3979739	3982677	placeholder
2	33377753	33392644	2	222110997	222125877	placeholder
1	55347149	55400678	1	36382753	36438255	placeholder
6	88269513	88289152	6	10796062	10817866	placeholder
1	104450761	104456803	1	85299234	85305304	placeholder
4	23363527	23366401	5	22336868	22339748	placeholder
16	2514259	2523986	15	10441594	10450221	placeholder
1	12049101	12061974	1	328417300	328428076	placeholder
4	99374311	99390487	5	94260933	94278850	placeholder
17	4671641	4675810	19	6043175	6047358	placeholder
1	48687679	48700814	1	29677507	29688135	placeholder
12	11380850	11381783	11	11213022	11213952	placeholder
5	3498002	3498959	4	3511923	3512880	placeholder
17	8077435	8081002	19	2779527	2783030	placeholder
7	22154035	22171499	7	20144137	20160716	placeholder
4	17270867	17299256	5	16504262	16528482	placeholder
5	18900991	18918557	4	18754394	18771582	placeholder
1	11727876	11744240	1	328083143	328098668	placeholder
3	98099868	98100693	3	94645166	94645991	placeholder
1	199249441	199253659	1	178228483	178232722	placeholder
6	60252237	60261588	6	37811681	37820724	placeholder
7	58593933	58618025	7	55949282	55999062	placeholder
2	76096608	76111979	2	179843445	179856004	placeholder
6	26767234	26797119	6	70322128	70323070	placeholder
3	94443798	94482740	3	97915848	97960250	placeholder
1	149672	155534	1	318285364	318291907	placeholder
3	51177085	51178060	3	140563103	140564078	placeholder
1	314390842	314398302	1	292121778	292129175	placeholder
2	174997999	175006219	2	85334205	85342414	placeholder
1	150441371	150483117	1	130364397	130406755	placeholder
3	148888426	148894060	3	44239215	44244675	placeholder
6	33159067	33175965	6	64028519	64045970	placeholder
2	222363462	222366450	2	39994190	39997187	placeholder
13	2243892	2246984	10	7421631	7427038	placeholder
6	46547831	46617732	6	51048850	51116912	placeholder
13	12874237	12877062	10	17968866	17971701	placeholder
3	89851761	89854122	3	101980811	101983164	placeholder
15	3624575	3630448	13	3598089	3603520	placeholder
8	30025396	30036760	8	29449054	29460790	placeholder
2	91871230	91882399	2	166081961	166092697	placeholder
15	15798952	15806293	13	15569338	15576732	placeholder
2	199763133	199767804	2	62747667	62752291	placeholder
7	20911338	20935409	7	18923247	18947919	placeholder
1	225156754	225193736	1	203755414	203796276	placeholder
5	94056574	94076334	4	91648144	91667736	placeholder
7	30501244	30516615	7	28247390	28262795	placeholder
19	829217	832626	18	7258153	7261441	placeholder
3	141419523	141468921	3	51770717	51816445	placeholder
3	153507475	153528272	3	39638033	39657405	placeholder
17	10166811	10181895	19	707852	722398	placeholder
16	2034870	2040464	15	10939604	10947212	placeholder
7	31709098	31721617	7	29487002	29499607	placeholder
2	104966617	104996491	2	153038886	153065883	placeholder
5	97525550	97526501	4	95123323	95124274	placeholder
11	22519435	22523265	14	556512	560269	placeholder
6	48537921	48539978	6	49130968	49134398	placeholder
3	91703783	91751360	3	100012603	100075417	placeholder
2	217206043	217299946	2	45014064	45118593	placeholder
2	2823163	2849783	2	252211591	252237036	placeholder
4	26385379	26393306	5	25422408	25427557	placeholder
1	28124513	28151774	1	9265182	9298001	placeholder
1	121908789	121913597	1	102153602	102158405	placeholder
16	11072844	11076446	15	2004078	2007477	placeholder
19	4474789	4478947	18	3674062	3678222	placeholder
3	17334551	17407264	3	174217872	174280833	placeholder
4	4675358	4680752	5	2932082	2937049	placeholder
19	2837316	2856557	18	5283235	5300566	placeholder
2	101819937	101830245	2	156150714	156162713	placeholder
2	152024709	152031327	2	108193834	108200527	placeholder
1	272334026	272337620	1	250397630	250401182	placeholder
7	3763048	3779418	7	2399323	2419942	placeholder
3	141942355	141959035	3	51282025	51288453	placeholder
1	184800152	184801109	1	164012940	164013897	placeholder
1	257043414	257056255	1	235133696	235146429	placeholder
3	79962025	79969244	3	111960731	111967805	placeholder
15	11609747	11618912	13	11489707	11499381	placeholder
1	144511717	144549675	1	124523932	124559555	placeholder
1	317795713	317812693	1	295548698	295559835	placeholder
8	49388035	49404591	8	48487338	48503422	placeholder
1	69852085	69863721	1	50903814	50915246	placeholder
4	37394578	37398648	5	36158829	36162933	placeholder
3	69648377	69668230	3	122184874	122203544	placeholder
5	108115640	108133694	4	105521127	105536831	placeholder
2	155167769	155174808	2	105001470	105008466	placeholder
14	3870911	3884291	12	13102455	13115573	placeholder
1	287745968	287758239	1	265851081	265865234	placeholder
3	65819961	65906645	3	125848758	125935158	placeholder
6	48513056	48514975	6	49159676	49161596	placeholder
15	14877942	14884938	13	14618512	14623223	placeholder
1	340059424	340068864	1	317589534	317598901	placeholder
10	10108212	10125620	9	9951894	9968375	placeholder
3	119133293	119142106	3	74057893	74066136	placeholder
10	14476890	14486215	9	13590279	13599613	placeholder
15	7946286	7955549	13	7880910	7889505	placeholder
1	41279587	41294517	1	22292075	22303240	placeholder
12	8111226	8125959	11	8052452	8069537	placeholder
3	182323002	182344915	3	10392806	10408135	placeholder
16	4663984	4695482	15	8284726	8314496	placeholder
2	21470521	21476403	2	234026630	234032558	placeholder
1	121492982	121513649	1	101760693	101786705	placeholder
2	137513682	137537845	2	121834308	121852337	placeholder
3	186156678	186157644	3	6633829	6634795	placeholder
3	147836535	147850924	3	45333592	45347583	placeholder
1	227733392	227744622	1	206270286	206283257	placeholder
8	28814723	28819444	8	28236395	28241265	placeholder
1	164369013	164387476	1	144065597	144085534	placeholder
7	37778918	37798059	7	35331357	35352864	placeholder
10	1405811	1410656	9	1329556	1334386	placeholder
15	13837458	13847179	13	13588370	13598043	placeholder
3	63020543	63034800	3	128713542	128727770	placeholder
5	122563566	122580856	4	120015093	120030130	placeholder
16	11156062	11158103	15	1922438	1924474	placeholder
3	125142861	125167978	3	68005454	68030428	placeholder
1	221882984	221902693	1	200542221	200559636	placeholder
5	13198921	13209069	4	12947189	12957220	placeholder
5	2974603	2985468	4	3006508	3017750	placeholder
6	71592159	71593104	6	26544616	26545561	placeholder
5	82056582	82064033	4	80305217	80315283	placeholder
10	298389	301813	9	204656	208036	placeholder
2	11752417	11764056	2	243496548	243510334	placeholder
6	35104468	35130549	6	62224446	62243816	placeholder
1	292731010	292744256	1	271003459	271016178	placeholder
1	14125200	14137674	1	330451815	330464238	placeholder
1	313567755	313577900	1	291250506	291260408	placeholder
3	2605286	2626636	3	188859076	188880707	placeholder
5	56788980	56826916	4	55971420	56014227	placeholder
1	233800614	233818295	1	212271196	212289044	placeholder
4	84622798	84629302	5	79737563	79744059	placeholder
1	323533029	323534405	1	301199125	301200505	placeholder
6	26490304	26491246	6	70569898	70570843	placeholder
8	13828119	13834483	8	13360649	13366866	placeholder
6	85705415	85727789	6	13421341	13450085	placeholder
1	101633646	101641005	1	82375138	82382488	placeholder
1	71679862	71684213	1	52560689	52563871	placeholder
5	107887894	107888836	4	105300058	105301000	placeholder
16	10043039	10046825	15	3029778	3033382	placeholder
1	15592279	15604451	1	331912075	331922074	placeholder
2	104042525	104059359	2	153968224	153985808	placeholder
15	8695926	8710301	13	8623649	8636959	placeholder
15	4451449	4469383	13	4418834	4438559	placeholder
2	86800470	86833265	2	169458063	169491272	placeholder
14	2546099	2552067	12	14453619	14459615	placeholder
3	49925440	49934898	3	141725129	141734591	placeholder
5	82528919	82535125	4	80755509	80763627	placeholder
12	1652769	1656295	11	1600851	1604378	placeholder
2	186547442	186579677	2	75954753	75987343	placeholder
2	18283311	18295325	2	237082490	237094450	placeholder
12	4418644	4429502	11	4352443	4363931	placeholder
3	139030504	139031446	3	54229318	54230260	placeholder
2	104067627	104078661	2	153947999	153959543	placeholder
18	659655	663393	17	673744	677512	placeholder
4	70131447	70147180	5	67447433	67471041	placeholder
2	205187647	205204276	2	57256484	57280298	placeholder
8	41180666	41206715	8	40458498	40486052	placeholder
12	15293995	15296354	11	14954576	14957305	placeholder
16	1599566	1610956	15	11375851	11387728	placeholder
2	32893468	32901883	2	222615035	222623909	placeholder
4	8620652	8640261	5	7724799	7743565	placeholder
4	82413763	82426076	5	77688502	77700817	placeholder
1	13630224	13639966	1	329949580	329958566	placeholder
13	1732697	1741356	10	6911422	6919556	placeholder
1	94721140	94731038	1	75618602	75628547	placeholder
3	27315336	27321928	3	164250793	164258219	placeholder
2	30103829	30130485	2	225325434	225349566	placeholder
1	61861450	61874189	1	43040521	43053440	placeholder
3	94801863	94802799	3	97584937	97585873	placeholder
2	37061664	37073579	2	218658667	218672159	placeholder
3	142635885	142642822	3	50577922	50584482	placeholder
3	45126652	45141829	3	146428940	146441837	placeholder
16	7539106	7548036	15	5483226	5491905	placeholder
6	65615466	65632840	6	32577064	32594296	placeholder
3	141483280	141488786	3	51753701	51759366	placeholder
16	11215413	11218082	15	1861390	1864054	placeholder
2	155865948	155902677	2	104265439	104305734	placeholder
2	153879467	153891812	2	106307189	106319965	placeholder
3	135474273	135485518	3	57745012	57756303	placeholder
14	6719342	6740259	12	10276048	10294964	placeholder
1	156246797	156253137	1	136290048	136296374	placeholder
1	324298228	324311674	1	301990351	302003399	placeholder
4	55056982	55070409	5	53604957	53616118	placeholder
1	27365871	27372522	1	8490772	8497472	placeholder
1	302294552	302302252	1	280694925	280707316	placeholder
5	92281210	92319137	4	89904056	89947700	placeholder
3	177031604	177032585	3	15752718	15753699	placeholder
3	51088470	51098062	3	140646836	140656939	placeholder
15	8829368	8833665	13	8756883	8761787	placeholder
6	43228006	43249193	6	54340290	54361474	placeholder
3	105487727	105504020	3	87428757	87446518	placeholder
13	1658227	1664196	10	6834665	6840560	placeholder
3	24389512	24422317	3	167214947	167243217	placeholder
3	20679431	20680349	3	170947007	170947925	placeholder
8	22037766	22051484	8	21369465	21389369	placeholder
1	33354425	33472724	1	14478914	14523128	placeholder
1	121545686	121546607	1	101819223	101820144	placeholder
1	195297942	195308820	1	174477860	174493964	placeholder
14	3731889	3737295	12	13248263	13253432	placeholder
3	160639541	160645780	3	32421104	32426476	placeholder
1	27966154	28090505	1	9103249	9233354	placeholder
3	201427806	201471143	5	76074940	76142358	placeholder
8	54922949	54991038	8	53763814	53813165	placeholder
16	7806978	7812998	15	5220114	5226776	placeholder
10	8994439	8998852	9	8829971	8834387	placeholder
3	62041679	62052045	3	129692439	129703725	placeholder
1	68676045	68692101	1	49735587	49751565	placeholder
1	289180686	289190944	1	267379481	267389689	placeholder
1	63373764	63403644	1	44524590	44553678	placeholder
1	124214390	124224961	1	104543425	104557410	placeholder
3	189513228	189514140	3	3372823	3373735	placeholder
14	336453	338778	12	16663747	16666082	placeholder
10	805704	807885	9	693336	720414	placeholder
2	126771460	126773979	2	132331468	132333958	placeholder
11	22770616	22772916	14	304610	306906	placeholder
1	276224083	276235439	1	254283611	254310707	placeholder
3	31300980	31301889	3	160292400	160293309	placeholder
1	36056342	36066725	1	17111187	17120485	placeholder
7	8457513	8472566	7	6695596	6710353	placeholder
14	5390029	5392411	12	11602350	11604732	placeholder
2	100256038	100266185	2	157656892	157667038	placeholder
12	14838725	14843475	11	14718405	14722623	placeholder
5	30969792	30995175	4	30735833	30764717	placeholder
4	74321715	74322618	5	70858620	70859523	placeholder
1	259113679	259117601	1	237268767	237272296	placeholder
6	38534346	38539448	6	58836172	58841254	placeholder
14	12784717	12793065	12	4391389	4400628	placeholder
1	51271444	51293521	1	32295242	32316817	placeholder
7	30904032	30912490	7	28674058	28682607	placeholder
1	258637818	258644559	1	236767932	236773731	placeholder
3	168881849	168889416	3	24083470	24091042	placeholder
17	8622770	8625967	19	2242513	2245618	placeholder
10	9590942	9591821	9	9425349	9426228	placeholder
8	48898159	48917381	8	48030387	48049680	placeholder
6	1489671	1523508	6	94543902	94579451	placeholder
3	154025595	154040479	3	39117080	39132203	placeholder
10	16559312	16572061	9	15515920	15528688	placeholder
5	36229103	36241061	4	35761160	35773728	placeholder
1	239597428	239613525	1	217895268	217910802	placeholder
2	28693817	28705324	2	226806246	226815500	placeholder
15	7243547	7258702	13	7203128	7212125	placeholder
6	90809904	90821646	6	8357538	8365875	placeholder
3	141656682	141664134	3	51581314	51589949	placeholder
3	161145744	161147918	3	31920993	31923129	placeholder
1	299206745	299248879	1	277534904	277574939	placeholder
3	37935328	37948512	3	153653957	153667641	placeholder
12	9318350	9319265	11	9230354	9231269	placeholder
1	53464921	53467932	1	34446785	34449448	placeholder
3	98656478	98668829	3	94100612	94113213	placeholder
8	48050796	48065468	8	47170759	47185760	placeholder
14	16730789	16739389	12	380839	389835	placeholder
19	7205815	7215199	18	976928	983199	placeholder
1	63987933	63994024	1	45131391	45192637	placeholder
3	51192279	51193173	3	140550362	140551256	placeholder
1	253998669	254022257	1	232094696	232120991	placeholder
2	219842510	219848119	2	42574258	42579208	placeholder
16	2171687	2183856	15	10791541	10802664	placeholder
3	156999424	157008551	3	36048824	36057853	placeholder
1	233842059	233858179	1	212307793	212325883	placeholder
19	1248471	1253320	18	6840773	6845399	placeholder
1	115872850	115886494	1	96060288	96073525	placeholder
1	195725915	195736238	1	174914417	174925050	placeholder
2	73961960	73976454	2	181959729	181973284	placeholder
5	69797733	69853268	4	68759126	68811009	placeholder
1	116729582	116740120	1	96940367	96959022	placeholder
3	44029873	44035617	3	147561720	147567437	placeholder
2	192072143	192084492	2	70389647	70403853	placeholder
4	82214165	82226647	5	77503110	77515523	placeholder
1	64064259	64065051	1	45203609	45204401	placeholder
1	116548997	116553394	1	96755314	96760052	placeholder
14	13453037	13483032	12	3705760	3735894	placeholder
14	6490429	6495376	12	10512449	10517407	placeholder
3	186825677	186847069	3	5955975	5980137	placeholder
2	152011920	152012820	2	108215798	108216698	placeholder
5	109130339	109133803	4	106553745	106556835	placeholder
2	98247086	98253857	2	159549826	159556627	placeholder
3	147191074	147235651	3	45942580	45986845	placeholder
3	1802393	1814558	3	189682133	189692672	placeholder
12	17471151	17511633	11	17090884	17132529	placeholder
2	141642582	141656661	2	117625555	117639551	placeholder
17	3069160	3075355	19	7614776	7620493	placeholder
3	197530097	197538082	16	4549590	4559646	placeholder
17	9529587	9532221	19	1340126	1342697	placeholder
1	269941830	269943612	1	248166256	248168037	placeholder
1	138347527	138362693	1	118580692	118594420	placeholder
7	6312509	6320160	7	4770856	4778359	placeholder
1	153890669	153908381	1	133950973	133965205	placeholder
8	24570268	24594920	8	23950352	23973227	placeholder
11	8316991	8324157	14	14630044	14637497	placeholder
1	56722420	56723320	1	37781870	37782770	placeholder
1	274508300	274514686	1	252583240	252590723	placeholder
1	169200022	169266649	1	148904615	148973122	placeholder
1	202598687	202599560	1	181562002	181562863	placeholder
2	25533048	25542415	2	230009689	230018502	placeholder
2	18265919	18272655	2	237104515	237111321	placeholder
7	2582891	2595838	7	1737516	1761621	placeholder
1	257144325	257160403	1	235236259	235252955	placeholder
1	102545557	102563787	1	83327844	83344819	placeholder
3	48554490	48555384	3	143092759	143093653	placeholder
11	12557737	12561263	14	10396493	10400042	placeholder
8	22606094	22614125	8	21981862	21989998	placeholder
1	98491722	98497212	1	79273631	79278988	placeholder
2	167951333	167972473	2	92424143	92442873	placeholder
1	285003644	285004535	1	263180382	263181273	placeholder
16	11899647	11911538	15	1179822	1191132	placeholder
3	37424175	37432021	3	154190704	154199056	placeholder
19	5338339	5345652	18	2809621	2816853	placeholder
19	5461109	5463039	18	2698240	2700341	placeholder
2	8700272	8798173	2	246426258	246447808	placeholder
12	8361177	8363588	11	8301945	8304048	placeholder
1	187074360	187083196	1	166262773	166271001	placeholder
4	55036367	55039935	5	53578472	53583169	placeholder
6	1125099	1153463	6	94901341	94929492	placeholder
14	15080029	15094819	12	2085226	2100722	placeholder
4	38904472	38925812	5	37662637	37675744	placeholder
1	238839123	238849542	1	217145220	217155154	placeholder
1	194990387	195006042	1	174188900	174205396	placeholder
1	34707649	34708534	1	15798138	15799023	placeholder
2	169697580	169702537	2	90638363	90643301	placeholder
2	18948703	18960143	2	236455512	236468249	placeholder
17	6459442	6471181	19	4355087	4366363	placeholder
1	214918479	214935673	1	193601487	193619932	placeholder
3	94212603	94213455	3	98180436	98181288	placeholder
7	29130364	29142922	7	26906150	26918397	placeholder
1	50404155	50409130	1	31475298	31480019	placeholder
1	281347005	281359181	1	259497326	259509943	placeholder
17	8196851	8201116	19	2660632	2664826	placeholder
1	192757757	192769849	1	171958227	171969354	placeholder
1	193436955	193447570	1	172616732	172628067	placeholder
5	69036122	69054615	4	68054636	68071467	placeholder
1	64785259	64796625	1	45900968	45910022	placeholder
4	51164164	51169535	5	49753426	49758872	placeholder
1	224964945	224989821	1	203560511	203583846	placeholder
2	208938691	209015672	2	53551300	53620601	placeholder
15	13928487	13940701	13	13676210	13687376	placeholder
8	76054681	76079630	8	73087610	73108565	placeholder
3	153399497	153416303	3	39750626	39765120	placeholder
5	46764623	46772155	4	46151297	46158798	placeholder
3	25732166	25736330	3	165882797	165886918	placeholder
2	207650944	207663239	2	54813901	54825025	placeholder
3	63642884	63653336	3	128086325	128097129	placeholder
4	119628464	119636862	5	107760373	107769502	placeholder
3	100068641	100072049	3	92828337	92831752	placeholder
2	22475030	22484261	2	233103194	233107930	placeholder
19	224084	224975	18	7834388	7835279	placeholder
13	13758293	13766618	10	18849367	18858070	placeholder
1	71419570	71430767	1	52298516	52309718	placeholder
2	215428801	215442696	2	46922261	46940147	placeholder
1	207170940	207187765	1	185767041	185783775	placeholder
1	283509210	283551242	1	261663748	261697712	placeholder
2	8911911	8936038	2	246292393	246317086	placeholder
19	80743	83638	18	7981570	7984460	placeholder
7	27999693	28012565	7	25787999	25802254	placeholder
5	68350783	68360219	4	67407701	67417638	placeholder
3	61708029	61735276	3	129906346	129937657	placeholder
5	50227586	50230754	4	49534449	49537584	placeholder
3	202903178	202906836	16	9571900	9575525	placeholder
6	81185630	81224383	6	17800192	17835850	placeholder
5	37380061	37380940	4	36894843	36895722	placeholder
1	226319786	226322115	1	204926491	204928826	placeholder
6	24977235	24983952	6	72118758	72125103	placeholder
1	53801186	53808430	1	34756208	34763490	placeholder
12	9031999	9037567	11	8957747	8964023	placeholder
1	257309801	257322769	1	235409810	235421748	placeholder
12	4397666	4402933	11	4331783	4336720	placeholder
17	4122556	4127757	19	6573326	6578288	placeholder
14	10207303	10219373	12	6869888	6882284	placeholder
18	9348056	9348860	17	9048745	9049549	placeholder
5	39259869	39270425	4	38831058	38841702	placeholder
6	16886085	16907394	6	80181242	80202487	placeholder
6	89181616	89188838	6	9918686	9923765	placeholder
1	268348600	268362906	1	246544244	246556128	placeholder
6	12889795	12899786	6	83857277	83867675	placeholder
2	97289388	97323679	2	160499220	160539378	placeholder
1	265268174	265285136	1	243416533	243433548	placeholder
12	10114266	10124525	11	10015390	10025539	placeholder
1	25288528	25293982	1	6371768	6376983	placeholder
1	49401635	49416134	1	30457044	30470472	placeholder
1	150193679	150203047	1	130126928	130130149	placeholder
19	2110888	2113774	18	6015619	6018522	placeholder
1	319558202	319564842	1	297227955	297234048	placeholder
1	26170786	26178960	1	7270717	7278928	placeholder
15	11815975	11822204	13	11698184	11704383	placeholder
7	14137997	14149147	7	12399786	12410333	placeholder
8	55327899	55353461	8	54208404	54231599	placeholder
19	4614832	4619523	18	3528495	3532819	placeholder
2	194804017	194977216	2	67455595	67627186	placeholder
16	12251298	12253216	15	842194	844098	placeholder
6	85821213	85832662	6	13328030	13338592	placeholder
1	194892286	194897795	1	174075582	174081089	placeholder
18	8524843	8546272	17	8242396	8264002	placeholder
1	254741484	254742348	1	232820632	232821496	placeholder
4	89849200	89866806	5	84809118	84820492	placeholder
1	73176751	73186162	1	54095389	54104735	placeholder
11	18850891	18854159	14	4145699	4148969	placeholder
1	165481809	165493405	1	145134535	145147664	placeholder
1	287728898	287731961	1	265834005	265837070	placeholder
3	156906888	156911165	3	36140760	36145032	placeholder
15	16678785	16687782	13	16441369	16450291	placeholder
5	99744196	99758457	4	97314891	97327486	placeholder
2	207667909	207676090	2	54801027	54809248	placeholder
1	211793548	211799708	1	190319952	190326066	placeholder
2	97826616	97827474	2	159965922	159966780	placeholder
1	92855404	92877105	1	73800950	73823296	placeholder
6	84882667	84893085	6	14250059	14260426	placeholder
1	319354887	319362939	1	297022569	297029282	placeholder
16	8077546	8082426	15	4951536	4956542	placeholder
1	261844406	261845264	1	239914000	239914858	placeholder
14	8207536	8217960	12	8820343	8830200	placeholder
1	61673109	61687240	1	42848650	42862872	placeholder
1	88472720	88476126	1	69328075	69331435	placeholder
10	7938831	7949914	9	7775210	7786362	placeholder
2	199317794	199326674	2	63182831	63191768	placeholder
3	68068687	68083691	3	123788663	123802053	placeholder
4	58287057	58315955	5	56785869	56802020	placeholder
1	223400365	223405759	1	202037273	202042680	placeholder
1	69660684	69678740	1	50717865	50732797	placeholder
13	1668403	1675124	10	6844715	6851417	placeholder
2	185787637	185789688	2	76774090	76776090	placeholder
1	295461490	295499022	1	273781563	273827151	placeholder
1	87683757	87697409	1	68477170	68490786	placeholder
1	53171958	53190608	1	34194608	34208513	placeholder
6	59442253	59450323	6	38574471	38582118	placeholder
3	148005459	148007004	3	45216112	45217644	placeholder
1	276994812	276998550	1	255003220	255007110	placeholder
3	119046249	119078625	3	74116299	74147797	placeholder
7	9014680	9028964	7	7269018	7282866	placeholder
7	80722813	80741705	7	75169582	75194157	placeholder
2	100379433	100393837	2	157532559	157545641	placeholder
2	126799428	126801676	2	132304272	132306500	placeholder
2	15390910	15398178	2	240042634	240049913	placeholder
4	42487466	42503701	5	41225793	41241218	placeholder
10	5322758	5327764	9	5174040	5179953	placeholder
16	11435811	11438545	15	1639305	1642038	placeholder
2	76957364	76973634	2	178969311	178985699	placeholder
19	5611251	5613803	18	2551459	2553990	placeholder
14	5035577	5039948	12	11963071	11967203	placeholder
3	103231650	103239597	3	89721848	89728225	placeholder
1	31053813	31054665	1	12264225	12265077	placeholder
3	40899701	40932452	3	150591167	150617734	placeholder
6	76203661	76233911	6	22233030	22262040	placeholder
1	6557554	6567057	1	322906507	322916381	placeholder
19	333186	336380	18	7752110	7755295	placeholder
5	31957318	31967013	4	31718788	31728792	placeholder
3	50472232	50481034	3	141216228	141229067	placeholder
8	44083195	44092397	8	43258012	43264787	placeholder
2	100320966	100328681	2	157590072	157597782	placeholder
11	8475153	8481049	14	14479080	14484943	placeholder
7	70475989	70515393	7	65062016	65104817	placeholder
1	8722367	8763204	1	325022366	325060705	placeholder
1	340579600	340589603	1	318105483	318115430	placeholder
3	150231919	150240488	3	42976322	42983989	placeholder
1	49090090	49103329	1	30125875	30139465	placeholder
8	44452280	44455259	8	43633314	43635594	placeholder
3	14154856	14165120	3	177394498	177403892	placeholder
5	94010238	94015502	4	91597249	91602499	placeholder
2	158393782	158394406	2	101839781	101840405	placeholder
4	53231249	53248016	5	51762554	51774643	placeholder
3	64534972	64544898	3	127200677	127209705	placeholder
6	93898467	93909308	6	5345379	5354287	placeholder
2	12300639	12312436	2	243120093	243132334	placeholder
2	226021126	226089532	2	36312617	36371390	placeholder
2	160856716	160880936	2	99301061	99325197	placeholder
14	16514005	16520638	12	632152	638784	placeholder
3	57118807	57147850	3	134501918	134531248	placeholder
2	31871776	31875803	2	223599614	223610686	placeholder
14	1445313	1447456	12	15544391	15546481	placeholder
4	93191241	93198507	5	88106113	88123618	placeholder
8	75330020	75339231	8	72388047	72398150	placeholder
6	99223327	99226167	6	4497	7294	placeholder
3	35040490	35054858	3	156562264	156576797	placeholder
16	12050693	12051503	15	1039970	1040780	placeholder
15	1460130	1465592	13	1428443	1434120	placeholder
3	66233328	66239918	3	125594071	125600986	placeholder
4	24446558	24447386	5	23444134	23444959	placeholder
12	584630	585467	11	539784	540621	placeholder
2	159633883	159645863	2	100543124	100551768	placeholder
1	337194032	337216063	1	314767508	314789497	placeholder
5	59054258	59068081	4	58234381	58248275	placeholder
6	36192078	36196198	6	61115314	61119440	placeholder
14	1242175	1244960	12	15746595	15749380	placeholder
2	32241488	32245485	2	223220942	223224942	placeholder
7	47659691	47660504	7	44795510	44796323	placeholder
10	16001659	16012408	9	15015700	15026471	placeholder
6	62301339	62307337	6	35799845	35805656	placeholder
10	10428399	10430480	9	10263398	10265485	placeholder
17	10734880	10738314	19	147174	150605	placeholder
8	49368224	49373582	8	48467849	48473221	placeholder
3	13144627	13145497	3	178406931	178407801	placeholder
5	1412073	1450046	4	1369805	1408808	placeholder
7	72249386	72250202	7	66801910	66802726	placeholder
7	38550743	38583893	7	36108589	36137076	placeholder
15	15693886	15712644	13	15462806	15481012	placeholder
4	32331641	32332445	5	31256713	31257517	placeholder
3	202734335	202740733	16	9403735	9408792	placeholder
3	10482896	10497758	3	181139696	181153929	placeholder
19	361721	365011	18	7723363	7726681	placeholder
8	38029180	38036778	8	37303361	37310997	placeholder
14	9733441	9756565	12	7292974	7312903	placeholder
2	18508678	18515240	2	236873350	236880707	placeholder
14	9620754	9621606	12	7428558	7429410	placeholder
3	16072733	16094258	3	175419536	175440066	placeholder
3	199171788	199190098	16	6198684	6214567	placeholder
6	70311337	70318933	6	27794663	27802740	placeholder
1	115679516	115686260	1	95874089	95880091	placeholder
8	76349326	76357359	8	73378364	73387522	placeholder
3	51125888	51133530	3	140611183	140618858	placeholder
1	237365545	237396932	1	215656330	215686469	placeholder
1	317159486	317191045	1	294907648	294947172	placeholder
2	216252706	216260225	2	46081221	46086995	placeholder
6	95282177	95307831	6	3937876	3962854	placeholder
4	33981601	33986652	5	32799424	32804491	placeholder
2	129567894	129585846	2	129450375	129467234	placeholder
13	711571	713925	10	5897266	5899596	placeholder
3	49527192	49538011	3	142113200	142124130	placeholder
6	72847179	72848007	6	25359586	25360414	placeholder
6	44858433	44861567	6	52803571	52806716	placeholder
17	2125357	2140485	2	11101099	11125369	placeholder
2	163305303	163390545	2	96972987	97064919	placeholder
14	4831418	4833734	12	12164312	12166525	placeholder
2	150997574	150999717	2	109224235	109227103	placeholder
17	10369657	10373524	19	522950	526862	placeholder
8	78955207	78961560	8	75956625	75963043	placeholder
3	167342435	167371330	3	25630706	25659784	placeholder
1	142118263	142124614	1	122242502	122248887	placeholder
1	178268392	178271854	1	158012131	158015606	placeholder
2	240869385	240875968	2	21489559	21496164	placeholder
3	187292758	187301915	3	5474265	5483328	placeholder
11	219179	231491	10	5045249	5057270	placeholder
2	106016739	106030166	2	151936189	151986501	placeholder
1	22908179	22909007	1	3985470	3986298	placeholder
3	122826208	122862881	3	70331477	70368069	placeholder
1	178424222	178427669	1	158159562	158162971	placeholder
1	34766406	34770451	1	15856928	15860970	placeholder
6	23681373	23700502	6	73419868	73438890	placeholder
8	62417900	62472583	8	60922909	60978758	placeholder
4	21969591	21973580	5	20956529	20960433	placeholder
3	40179286	40181999	3	151319096	151321803	placeholder
4	6363320	6372653	5	5569857	5578234	placeholder
12	301006	304935	11	257435	261325	placeholder
1	318090156	318098825	1	295835653	295844417	placeholder
2	241466255	241487402	2	20903136	20922922	placeholder
6	31572528	31576764	6	65601588	65605778	placeholder
1	104368096	104398614	1	85215648	85247371	placeholder
6	22510653	22555382	6	74483413	74528397	placeholder
6	3222482	3242582	6	92818266	92832194	placeholder
10	11136651	11144432	9	10983108	10991237	placeholder
8	67442160	67451290	8	64806366	64814864	placeholder
3	120330781	120334766	3	72859707	72863759	placeholder
1	52533412	52596679	1	33423805	33636942	placeholder
8	8114356	8121267	8	7702374	7708466	placeholder
1	36032237	36037826	1	17086014	17091270	placeholder
7	17486564	17492128	7	15715946	15722740	placeholder
6	61226730	61364743	6	36716113	36850299	placeholder
3	62847104	62877785	3	128855875	128886308	placeholder
3	61952450	61953263	3	129799669	129800482	placeholder
1	208667373	208682150	1	187256088	187268593	placeholder
2	236974860	236997731	2	25433571	25454844	placeholder
1	104618577	104628266	1	85460651	85470338	placeholder
2	200143860	200150933	2	62348502	62355761	placeholder
5	32052606	32066785	4	31820837	31835322	placeholder
15	14089309	14093707	13	13841495	13845938	placeholder
1	226188701	226221860	1	204781066	204856929	placeholder
4	76943826	77008791	5	72818590	72892927	placeholder
1	251522801	251568642	1	229773657	229817220	placeholder
7	17494320	17512618	7	15724936	15743695	placeholder
2	3300991	3310946	2	251755255	251766501	placeholder
1	313470792	313482485	1	291155746	291166444	placeholder
8	22657135	22679235	8	22032432	22054894	placeholder
3	67298402	67306292	3	124582140	124591722	placeholder
5	40947318	40952515	4	40390729	40393504	placeholder
17	9475873	9481164	19	1391353	1396634	placeholder
15	6148725	6154184	13	6110058	6114760	placeholder
3	15994668	16001382	3	175512390	175519238	placeholder
2	195304687	195315620	2	67102290	67120378	placeholder
2	97037993	97059033	2	160764239	160783970	placeholder
3	47595947	47598342	3	144120456	144122848	placeholder
6	62277019	62295533	6	35811448	35830371	placeholder
1	277972325	277974700	1	255978531	255980907	placeholder
2	191498295	191507330	2	70978677	70989734	placeholder
3	28762959	28770011	3	162857485	162864535	placeholder
13	10271083	10271890	10	15443396	15444203	placeholder
4	5930537	5963779	5	5138214	5178040	placeholder
13	7419475	7426028	10	12621516	12628534	placeholder
8	22254053	22313554	8	21612470	21664135	placeholder
5	31367810	31375888	4	31111349	31119382	placeholder
1	11781105	11799406	1	328141677	328158978	placeholder
8	76701902	76710293	8	73725988	73734399	placeholder
6	71016541	71034314	6	27092407	27108632	placeholder
1	249458028	249487122	1	227680916	227711229	placeholder
1	81063247	81067862	1	61933512	61937499	placeholder
4	98708621	98710938	5	93611148	93613465	placeholder
6	68040762	68163630	6	29994736	30109272	placeholder
17	2149170	2166597	2	11108190	11147106	placeholder
2	184933753	184935532	2	77627260	77629042	placeholder
2	190589678	190624297	2	71782505	71814876	placeholder
2	160127119	160132411	2	100066351	100073495	placeholder
3	37908290	37915933	3	153686772	153694460	placeholder
8	11144088	11160918	8	10676238	10693947	placeholder
17	10015948	10017796	19	556165	557999	placeholder
1	27115016	27122130	1	8252832	8259412	placeholder
7	50864174	50903716	7	47725625	47754460	placeholder
3	168519057	168536899	3	24444326	24456402	placeholder
16	1377895	1380509	15	11596335	11599686	placeholder
1	80525011	80542438	1	61424299	61440700	placeholder
15	3493631	3499096	13	3469935	3474064	placeholder
17	9847119	9849507	19	1025074	1027451	placeholder
8	49302252	49328278	8	48404270	48429780	placeholder
7	26101433	26103857	7	23989782	23992208	placeholder
12	17319478	17339336	11	16946877	16967447	placeholder
16	9386969	9391256	15	3682202	3686587	placeholder
14	7060443	7065364	12	9954457	9959403	placeholder
2	226101434	226102199	2	36300101	36300866	placeholder
4	9780398	9782105	5	8915197	8916930	placeholder
2	84049990	84050728	2	172081540	172082278	placeholder
2	129532754	129538076	2	129487865	129493203	placeholder
5	5487818	5492862	4	5471524	5476066	placeholder
3	32830483	32848615	3	158779955	158798405	placeholder
1	255366356	255393761	1	233443668	233473466	placeholder
4	82101492	82110494	5	77387839	77396891	placeholder
5	99301871	99307606	4	96890585	96896470	placeholder
3	28420127	28431937	3	163198637	163208593	placeholder
1	74651681	74686215	1	55650686	55685793	placeholder
1	25794889	25809798	1	6873666	6889012	placeholder
16	11042279	11043038	15	2037259	2038033	placeholder
2	33727580	33737460	2	221785424	221795294	placeholder
10	6283376	6296776	9	6124421	6136107	placeholder
1	51596797	51605799	1	32632069	32640992	placeholder
8	44525644	44526313	8	43705829	43706498	placeholder
3	159044633	159045422	3	34015023	34015812	placeholder
6	4179096	4198833	6	91857473	91869510	placeholder
2	51317079	51328272	2	204430399	204440899	placeholder
2	128176973	128183577	2	130841519	130848679	placeholder
8	11096794	11104635	8	10630262	10636670	placeholder
13	2705636	2710424	10	7888110	7893347	placeholder
5	20647869	20648658	4	20445180	20445969	placeholder
13	1479235	1490881	10	6654048	6665667	placeholder
3	200799305	200819571	16	7578079	7603337	placeholder
8	38837171	38864901	8	38126824	38157194	placeholder
10	7618070	7660576	9	7461339	7506611	placeholder
1	239572300	239583146	1	217872284	217881617	placeholder
13	7564835	7570230	10	12767956	12773216	placeholder
1	152880150	152901618	1	132886416	132907846	placeholder
5	419600	425789	4	390691	397096	placeholder
1	292770892	292785058	1	271048839	271060438	placeholder
6	71967399	71983249	6	26144997	26163429	placeholder
3	120613146	120624580	3	72587947	72600727	placeholder
16	7151948	7156727	15	5880437	5884514	placeholder
1	126232140	126237010	1	106472485	106477253	placeholder
3	63537420	63545510	3	128207775	128215898	placeholder
17	8207204	8210759	19	2650857	2654450	placeholder
2	127968619	127974571	2	131068041	131073184	placeholder
3	27289407	27310453	3	164263128	164284114	placeholder
10	9013538	9016333	9	8848995	8851784	placeholder
5	86165063	86167974	4	84137128	84140064	placeholder
5	36370568	36376605	4	35905426	35909980	placeholder
6	98662098	98666984	6	547002	554172	placeholder
7	64066882	64121463	7	61323591	61395846	placeholder
19	154746	155935	18	7908182	7909376	placeholder
3	173517467	173524569	3	19417061	19424416	placeholder
2	199947706	199959287	2	62546585	62558318	placeholder
8	19664213	19682718	8	19016558	19035431	placeholder
15	13736575	13744051	13	13487846	13495225	placeholder
14	15795426	15799596	12	1375070	1379226	placeholder
17	9955066	9958290	19	916343	919982	placeholder
3	50648363	50656778	3	141041119	141048766	placeholder
2	247707900	247720483	2	15023510	15031715	placeholder
18	9668407	9674040	17	9372740	9378219	placeholder
1	191921613	191929563	1	171129493	171137060	placeholder
19	2994619	3004044	18	5136104	5146013	placeholder
5	56422293	56427023	4	55596619	55601322	placeholder
2	21461974	21467661	2	234035411	234041091	placeholder
1	195844793	195856504	1	175037715	175050023	placeholder
5	26719362	26736431	4	26454268	26471000	placeholder
4	91750572	91751352	5	86685882	86686662	placeholder
1	199863926	199867354	1	178844817	178848263	placeholder
1	68487294	68496616	1	49596491	49606088	placeholder
3	28658183	28675400	3	162922036	162978707	placeholder
17	10505894	10510309	19	375497	380042	placeholder
1	16134541	16150103	1	332492951	332509813	placeholder
2	2377968	2392987	2	252685428	252698209	placeholder
19	855269	856461	18	7234531	7235736	placeholder
19	7196561	7200345	18	988643	992972	placeholder
5	120603322	120607312	4	118059844	118063898	placeholder
16	11350294	11353897	15	1723293	1727112	placeholder
2	203325022	203331644	2	59203382	59210044	placeholder
3	32382143	32399501	3	159212167	159232920	placeholder
1	323520687	323523204	1	301187134	301189668	placeholder
7	14011553	14021577	7	12262023	12272483	placeholder
4	47009866	47010640	5	45689210	45689984	placeholder
8	38599633	38603721	8	37901133	37905212	placeholder
8	78419544	78426717	8	75399370	75406238	placeholder
1	27662686	27666939	1	8784764	8789334	placeholder
14	13373083	13375836	12	3809965	3812712	placeholder
10	4637058	4637811	9	4497066	4497819	placeholder
13	10296015	10301671	10	15469154	15474836	placeholder
2	34372735	34379845	2	221231990	221238107	placeholder
5	120842534	120843314	4	118296357	118305789	placeholder
4	98808814	98819920	5	93715376	93732674	placeholder
12	1737246	1743880	11	1685282	1691944	placeholder
7	33508222	33508735	7	31199756	31200269	placeholder
8	62976284	62987406	8	61515326	61526461	placeholder
3	35936966	35943526	3	155651016	155657297	placeholder
1	96290330	96296583	1	77150033	77156282	placeholder
4	131327812	131337848	5	116970201	116979505	placeholder
3	147656426	147661498	3	45522176	45527236	placeholder
5	96993879	96999990	4	94581650	94587741	placeholder
2	747341	757961	2	254185024	254197533	placeholder
3	88131677	88144999	3	103711904	103725141	placeholder
2	92024807	92031833	2	165926309	165934314	placeholder
2	97611829	97612606	2	160173364	160174141	placeholder
1	276527981	276543718	1	254574932	254583140	placeholder
6	38481516	38485403	6	58889239	58893180	placeholder
19	2864200	2868137	18	5271055	5275115	placeholder
15	4758677	4765434	13	4727972	4734866	placeholder
1	291903114	291917870	1	270131303	270147503	placeholder
4	83226179	83233981	5	78355680	78363580	placeholder
1	276900305	276901073	1	254884875	254885643	placeholder
3	163289993	163296818	3	29731630	29738349	placeholder
8	23446127	23452768	8	22828673	22835188	placeholder
2	181240681	181249336	2	79046597	79052819	placeholder
1	18691347	18700150	1	43996	52162	placeholder
13	11081951	11089776	10	16256304	16263996	placeholder
1	246918795	246942915	1	225059208	225082645	placeholder
5	30400036	30407851	4	30152371	30161272	placeholder
7	70741667	70744028	7	65334399	65336821	placeholder
3	172890251	172896884	3	20036967	20043617	placeholder
5	74781124	74822154	4	73366794	73389896	placeholder
3	150548369	150552248	3	42663499	42669815	placeholder
7	19486662	19520378	7	17451070	17495884	placeholder
1	324259902	324269439	1	301952668	301962174	placeholder
4	29177610	29185843	5	28136610	28144978	placeholder
2	8799761	8812996	2	246412191	246424649	placeholder
3	42043216	42059794	3	149550723	149558678	placeholder
3	147023874	147039666	3	46153622	46162639	placeholder
7	24466378	24472728	7	22425818	22432193	placeholder
2	73754069	73755520	2	182166879	182168343	placeholder
1	104104595	104124960	1	84965128	84985147	placeholder
5	41018979	41024704	4	40460260	40464733	placeholder
1	18305097	18310616	1	334675349	334680868	placeholder
1	179472307	179557235	1	159071127	159133503	placeholder
3	64216301	64232809	3	127510037	127526956	placeholder
16	11642444	11644982	15	1445871	1448166	placeholder
5	119964889	119977752	4	117433296	117447448	placeholder
1	269236436	269238997	1	247442543	247445010	placeholder
1	292690304	292712093	1	270960797	270986082	placeholder
1	33172154	33186649	1	14284501	14299119	placeholder
11	5248668	5267255	10	79883	97334	placeholder
3	178919263	178948745	3	13778634	13809444	placeholder
3	147063390	147064919	3	46123946	46125478	placeholder
6	40515661	40524632	6	57077890	57087179	placeholder
3	191812422	191821978	3	1097800	1107302	placeholder
1	336576769	336588187	1	314179064	314193526	placeholder
10	6918159	6935391	9	6765096	6782546	placeholder
2	191808132	191821247	2	70656391	70670288	placeholder
11	320756	323927	10	4952807	4955972	placeholder
2	76065372	76069847	2	179869971	179874465	placeholder
3	25364648	25365395	3	166259799	166260546	placeholder
2	177513342	177532222	2	82863836	82881949	placeholder
5	16493132	16551046	4	16282093	16330311	placeholder
1	89992833	90005669	1	70857684	70869792	placeholder
3	30225208	30228152	3	161372222	161375160	placeholder
18	7048308	7051747	17	7029290	7032819	placeholder
1	102033226	102045079	1	82794844	82806743	placeholder
16	1384889	1392249	15	11584984	11592034	placeholder
7	21861268	21866449	7	19864627	19870076	placeholder
1	67819677	67827706	1	48938589	48949039	placeholder
12	1730096	1740888	11	1678213	1688935	placeholder
3	92470809	92492839	3	99697498	99712535	placeholder
3	61934861	61946767	3	129806216	129817503	placeholder
17	4423788	4428916	19	6283699	6288677	placeholder
2	100664161	100669765	2	157251296	157257077	placeholder
2	180411887	180417725	2	79908913	79914953	placeholder
5	122487215	122506047	4	119940693	119959527	placeholder
3	32854132	32863269	3	158766461	158774693	placeholder
14	5441897	5444492	12	11551532	11554127	placeholder
3	197178831	197205346	16	4191280	4220849	placeholder
1	331334723	331346378	1	309004124	309013458	placeholder
10	6509375	6514097	9	6356044	6360773	placeholder
1	31008833	31009577	1	12232018	12232762	placeholder
6	4998962	5025052	6	91098618	91122962	placeholder
5	18092663	18108022	4	17898344	17922783	placeholder
8	68755661	68760650	8	66155452	66160404	placeholder
1	87289048	87289786	1	68066070	68066808	placeholder
2	131330801	131338909	2	127853154	127861265	placeholder
3	62156572	62157310	3	129583950	129584688	placeholder
11	2942685	2952434	10	2342559	2351278	placeholder
3	29681367	29684479	3	161909242	161912368	placeholder
6	57457845	57489327	6	40500661	40531924	placeholder
1	322475354	322480233	1	300070498	300075357	placeholder
5	87232760	87249097	4	85139397	85155144	placeholder
1	178307659	178319494	1	158045622	158057500	placeholder
7	33225792	33226469	7	30925961	30926660	placeholder
1	80456980	80480485	1	61348244	61380221	placeholder
11	8840002	8845704	14	14130007	14134814	placeholder
14	327515	331421	12	16670226	16674141	placeholder
18	7919843	7925107	17	7643929	7649184	placeholder
4	23141536	23142271	5	22121621	22122356	placeholder
1	207245286	207253447	1	185837298	185845112	placeholder
2	18501506	18505536	2	236883831	236887608	placeholder
3	100512890	100519898	3	92384368	92391812	placeholder
1	279153707	279160029	1	257205469	257211931	placeholder
2	216284890	216292693	2	46043721	46051369	placeholder
4	36102970	36111085	5	34909856	34917966	placeholder
2	149346299	149351211	2	110415787	110420686	placeholder
8	77252959	77253589	8	74261212	74261842	placeholder
5	20794147	20798629	4	20583330	20587867	placeholder
5	13434865	13437159	4	13196046	13198343	placeholder
17	10147267	10149575	19	687998	690306	placeholder
7	55042979	55085689	7	51965565	52008053	placeholder
12	157890	159264	11	108510	109883	placeholder
1	139229602	139242245	1	119475198	119487301	placeholder
3	166916586	166917306	3	26049283	26050003	placeholder
1	300006988	300012757	1	278370225	278376116	placeholder
5	51274813	51285179	4	50610977	50618150	placeholder
5	29311547	29342158	4	29047479	29077254	placeholder
14	387112	388605	12	16613894	16615393	placeholder
1	280489106	280524600	1	258588381	258642344	placeholder
2	105008369	105033742	2	153002235	153020183	placeholder
14	2316993	2319943	12	14683952	14686899	placeholder
19	3364951	3369142	18	4776237	4780043	placeholder
6	49159811	49172164	6	48445043	48455383	placeholder
6	57198996	57222766	6	40774102	40797915	placeholder
3	104457457	104466397	3	88497671	88507105	placeholder
1	284082576	284089228	1	262237747	262243838	placeholder
6	42661157	42663899	6	54917356	54923682	placeholder
4	51950937	51984709	5	50485171	50526430	placeholder
7	51229128	51271509	7	48024224	48064526	placeholder
3	183179571	183189550	3	9601807	9611519	placeholder
14	16041545	16065113	12	1100982	1111957	placeholder
1	51085563	51098424	1	32112523	32125823	placeholder
1	149261527	149262250	1	129205730	129206453	placeholder
5	9685378	9689614	4	9455678	9459767	placeholder
4	91346138	91360617	5	86292769	86305505	placeholder
6	24987950	25001538	6	72101540	72111839	placeholder
5	30819616	30826776	4	30584825	30593310	placeholder
1	12266487	12282527	1	328634402	328638103	placeholder
2	195539	196259	2	254722159	254722879	placeholder
1	94914839	94941081	1	75789272	75817392	placeholder
1	69922636	69927827	1	50972463	50981360	placeholder
1	63936136	63942006	1	45077099	45082970	placeholder
14	15051660	15057318	12	2124020	2129602	placeholder
5	13227899	13233721	4	12974138	12979908	placeholder
11	22658948	22660578	14	419104	420737	placeholder
14	13701195	13701837	12	3485993	3486695	placeholder
4	63645357	63653831	5	61836793	61845235	placeholder
11	17589335	17594438	14	5376944	5382075	placeholder
14	3806376	3810458	12	13175482	13179767	placeholder
15	7433967	7438643	13	7384884	7389559	placeholder
4	29877062	29882229	5	28845992	28848495	placeholder
1	117197797	117208471	1	97451657	97461367	placeholder
13	8616442	8619434	10	13803978	13806971	placeholder
6	51923820	51931579	6	45871318	45880661	placeholder
2	84998724	85002095	2	171149700	171153076	placeholder
2	105840084	105856932	2	152149202	152170980	placeholder
1	65717172	65721586	1	46866035	46870484	placeholder
3	188400294	188407827	3	4463177	4470712	placeholder
4	81125543	81126182	5	73493197	73493836	placeholder
8	69338074	69344254	8	66510288	66516569	placeholder
1	99111041	99113958	1	79862829	79865750	placeholder
8	52249197	52273735	8	51359138	51391288	placeholder
1	216326628	216336173	1	195029456	195038596	placeholder
13	8721370	8722081	10	13909974	13910685	placeholder
3	25478344	25483648	3	166128481	166133752	placeholder
3	200126125	200131413	16	6889866	6894960	placeholder
14	1478287	1480312	12	15511745	15514035	placeholder
16	11925471	11928140	15	1163320	1165976	placeholder
12	18418858	18423955	11	18005942	18011046	placeholder
3	152419510	152423207	3	40774231	40778130	placeholder
8	69408206	69421057	8	66578341	66589362	placeholder
3	146512858	146526210	3	46684436	46697874	placeholder
2	103844406	103866151	2	154074107	154097421	placeholder
5	53027669	53028374	4	52362264	52362969	placeholder
12	3569181	3574819	11	3513265	3519073	placeholder
6	12960884	12993324	6	83763490	83798293	placeholder
14	8710333	8715082	12	8335391	8340180	placeholder
4	85811429	85828384	5	80875641	80899508	placeholder
2	134135503	134136160	2	125119745	125120402	placeholder
12	497000	497879	11	452109	452988	placeholder
15	14125645	14132312	13	13875429	13881333	placeholder
2	197177592	197190918	2	65231548	65238755	placeholder
3	110415462	110432302	3	82679046	82691447	placeholder
15	902349	905505	13	868677	871849	placeholder
2	134571607	134587889	2	124666135	124682793	placeholder
10	16031542	16036249	9	15043533	15048597	placeholder
15	1010527	1013672	13	973588	976755	placeholder
8	11129158	11138353	8	10661789	10670507	placeholder
13	18267143	18331559	10	23327748	23329954	placeholder
5	69536191	69586943	4	68516553	68565040	placeholder
5	88692701	88708053	4	86465955	86487338	placeholder
4	96607021	96611629	5	91495281	91499916	placeholder
8	37570576	37584179	8	36846114	36859736	placeholder
1	104440976	104446146	1	85290773	85295944	placeholder
2	209734113	209744781	2	52808080	52823270	placeholder
7	5187243	5188310	7	3732776	3734571	placeholder
1	100921256	100928467	1	81654595	81661942	placeholder
8	54811734	54812379	8	53669762	53670407	placeholder
1	205764075	205768391	1	184401068	184405476	placeholder
1	75268083	75285794	1	56302943	56324952	placeholder
10	6393568	6410029	9	6235164	6252193	placeholder
19	7191943	7227968	18	993281	995738	placeholder
1	31741757	31750166	1	12936091	12944440	placeholder
5	32415328	32418633	4	32158217	32161452	placeholder
11	1020650	1027644	10	4227994	4234934	placeholder
5	59968952	59970169	4	59163447	59165632	placeholder
6	40905813	40911000	6	56680296	56685478	placeholder
3	119978668	119983476	3	73199715	73204862	placeholder
3	147105442	147109622	3	46070390	46074541	placeholder
3	45553782	45577076	3	145993758	146013947	placeholder
12	163559	164234	11	113987	114665	placeholder
5	16258378	16283585	4	16059117	16078173	placeholder
3	30547002	30555281	3	161063518	161075668	placeholder
1	93942873	93949163	1	74937121	74943347	placeholder
3	199864182	199919825	16	6632216	6686518	placeholder
5	13685211	13704781	4	13404691	13419805	placeholder
2	195055021	195055711	2	67360107	67360797	placeholder
3	59537065	59553351	3	132199347	132208954	placeholder
14	16369146	16391466	12	761778	791229	placeholder
4	2795099	2802582	5	2172728	2178631	placeholder
3	142422610	142430719	3	50778802	50786794	placeholder
11	3239511	3300787	10	2009583	2068942	placeholder
16	12841718	12843326	15	257393	258983	placeholder
3	49426346	49439463	3	142212729	142222606	placeholder
8	75815269	75827986	8	72852241	72864188	placeholder
7	31165169	31170919	7	28935348	28941688	placeholder
3	126932515	126951797	3	66168932	66190780	placeholder
1	270290847	270302642	1	248505192	248519997	placeholder
5	59571175	59594761	4	58755125	58778133	placeholder
11	10452585	10454415	14	12489598	12515350	placeholder
4	87824927	87833354	5	82925628	82936619	placeholder
6	40969049	40973392	6	56621783	56626146	placeholder
3	60372043	60381837	3	131327626	131336970	placeholder
1	69969412	69980037	1	51022689	51032947	placeholder
1	199439305	199452790	1	178403654	178414659	placeholder
3	150505749	150506418	3	42713940	42714609	placeholder
11	22448612	22451129	14	632282	634798	placeholder
1	148764468	148776398	1	128730014	128740643	placeholder
3	163301658	163314364	3	29714308	29726741	placeholder
11	20370448	20375915	14	2647119	2648291	placeholder
15	8171234	8177467	13	8096809	8103103	placeholder
13	5066412	5070426	10	10254943	10258897	placeholder
3	23483458	23492224	3	168128069	168137479	placeholder
1	1555380	1560605	1	319186100	319190862	placeholder
5	31740701	31752830	4	31496521	31512159	placeholder
2	230507557	230593904	2	31842186	31913369	placeholder
1	227684312	227684963	1	206217157	206217823	placeholder
6	26827192	26839895	6	70250616	70265783	placeholder
6	63687037	63694191	6	34469187	34476303	placeholder
13	2633208	2641374	10	7815844	7824021	placeholder
13	17025722	17032591	10	22086182	22093028	placeholder
3	105389507	105419792	3	87519304	87552088	placeholder
2	195323663	195327891	2	67090466	67094672	placeholder
4	13832853	13836668	5	13003898	13007713	placeholder
7	41317539	41322158	7	38729588	38733946	placeholder
1	243228894	243234314	1	221612381	221616421	placeholder
12	11361865	11365399	11	11192780	11196404	placeholder
14	7377559	7399236	12	9621127	9645111	placeholder
2	176023651	176029320	2	84279479	84284780	placeholder
7	14464643	14475292	7	12723252	12733357	placeholder
11	20456183	20459427	14	2559684	2562953	placeholder
6	23639699	23648508	6	73471583	73480369	placeholder
1	319300526	319309361	1	296973114	296981995	placeholder
6	36609536	36614202	6	60702569	60706730	placeholder
1	116356323	116377862	1	96555991	96577064	placeholder
6	49100059	49103870	6	48511777	48513815	placeholder
15	6877981	6882286	13	6835637	6840232	placeholder
7	74443948	74450668	7	69038658	69047731	placeholder
3	193845767	193849200	16	824609	827486	placeholder
17	3752583	3779174	19	6929205	6953633	placeholder
4	87586630	87587689	5	82658150	82659080	placeholder
15	16426883	16429018	13	16181535	16183653	placeholder
6	30118608	30119343	6	67026346	67027081	placeholder
4	40135286	40158527	5	38866451	38889559	placeholder
16	8445098	8449619	15	4604318	4608762	placeholder
17	10783014	10785145	19	100289	102413	placeholder
16	11776449	11778594	15	1311966	1314091	placeholder
3	86273216	86277271	3	105621360	105625569	placeholder
4	123759470	123773233	5	111369712	111382014	placeholder
7	91879097	91909625	7	86093508	86125425	placeholder
16	13068473	13069415	15	30290	31232	placeholder
5	67306286	67355624	4	66289978	66340499	placeholder
4	98496765	98503296	5	93408141	93414687	placeholder
8	55892387	56072923	8	54847574	55073016	placeholder
1	340613237	340615678	1	318137517	318139940	placeholder
6	8820396	8824699	6	87978614	87982908	placeholder
16	10500906	10504677	15	2561056	2564769	placeholder
3	88359509	88366204	3	103490833	103499234	placeholder
1	207270472	207277559	1	185863229	185870731	placeholder
6	89667964	89676713	6	9452328	9460695	placeholder
1	180699246	180716990	1	160193250	160207367	placeholder
1	216317714	216319044	1	195020381	195021684	placeholder
2	34004911	34008932	2	221568854	221572877	placeholder
7	17310802	17324398	7	15531920	15552344	placeholder
1	64130014	64137006	1	45265470	45273075	placeholder
3	153734284	153742180	3	39427798	39435308	placeholder
13	8712093	8714153	10	13900493	13902551	placeholder
2	163988528	163989209	2	96379251	96379932	placeholder
5	98232132	98232597	4	95815624	95816089	placeholder
1	153883459	153889403	1	133944146	133949708	placeholder
1	65531945	65548530	1	46682969	46699265	placeholder
1	302176729	302182645	1	280588308	280594433	placeholder
1	122949515	122962462	1	103192607	103204816	placeholder
5	64843885	64851100	4	63992164	63999382	placeholder
7	22848039	22854945	7	20830645	20837629	placeholder
1	373899	377571	1	318519948	318525131	placeholder
7	29066180	29080756	7	26836372	26849911	placeholder
6	44188021	44209152	6	53440139	53457539	placeholder
4	60681732	60695113	5	59295038	59304464	placeholder
5	56450314	56465277	4	55625637	55640237	placeholder
3	28872364	28897209	3	162727193	162751697	placeholder
1	300929692	300937390	1	279333038	279341116	placeholder
15	15313755	15316006	13	15079606	15081837	placeholder
3	79437325	79460674	3	112439167	112475059	placeholder
1	208689948	208697562	1	187276594	187283856	placeholder
2	76704248	76718060	2	179266460	179279696	placeholder
1	298523514	298544047	1	276849527	276871464	placeholder
7	5539862	5556215	7	4092107	4099112	placeholder
1	71157221	71164959	1	52044574	52053135	placeholder
12	9503000	9507645	11	9421715	9426506	placeholder
17	4270974	4279616	19	6427365	6434669	placeholder
2	19652649	19662226	2	235773707	235783876	placeholder
1	183620600	183630740	1	162912260	162915689	placeholder
6	58548555	58625877	6	39363315	39436140	placeholder
1	289446176	289450516	1	267652793	267656152	placeholder
16	5126817	5130460	15	7854459	7858103	placeholder
6	60094046	60098006	6	37977568	37981585	placeholder
4	86699799	86705099	5	81778556	81784303	placeholder
2	155184353	155236173	2	104936510	104989739	placeholder
2	198914125	198917228	2	63591776	63594878	placeholder
4	20587268	20589924	5	19829735	19832312	placeholder
8	22054936	22056332	8	21392476	21393837	placeholder
7	58360986	58388411	7	55733521	55759707	placeholder
6	53094814	53232352	6	44521330	44724010	placeholder
1	211244265	211262636	1	189750288	189769145	placeholder
1	96183401	96190216	1	77041794	77048211	placeholder
7	80970608	80998761	7	75403760	75434066	placeholder
11	10454717	10459376	14	12484533	12489261	placeholder
8	2607522	2613758	8	2366947	2371796	placeholder
1	292759061	292767239	1	271035111	271045122	placeholder
7	13691892	13695517	7	11927548	11931245	placeholder
1	48896629	48911911	1	29914439	29933091	placeholder
6	12647375	12654676	6	84116262	84123667	placeholder
11	18159149	18185362	14	4814955	4827232	placeholder
1	190080565	190082706	1	169278679	169280699	placeholder
2	21856531	21863415	2	233653556	233657202	placeholder
10	93483	105631	9	5728	14366	placeholder
5	92451926	92466680	4	90080465	90096226	placeholder
6	70948738	70954713	6	27176278	27182313	placeholder
8	62399927	62411446	8	60904336	60915939	placeholder
1	261554129	261560281	1	239745028	239753609	placeholder
2	159507744	159508374	2	100678740	100679370	placeholder
16	8862864	8867015	15	4201365	4205101	placeholder
16	8747996	8761696	15	4298980	4312470	placeholder
16	12168178	12170042	15	925965	927839	placeholder
3	166763976	166815126	3	26151334	26205352	placeholder
1	193529368	193595726	1	172714152	172784152	placeholder
6	38152316	38174546	6	59163431	59187920	placeholder
3	20381191	20392822	3	171147047	171158666	placeholder
3	126976863	126978751	3	66144542	66146429	placeholder
2	155146105	155149897	2	105031086	105034839	placeholder
1	149325196	149332024	1	129253763	129266103	placeholder
1	48869365	48872563	1	29888129	29891368	placeholder
1	311964523	311971635	1	289625304	289632722	placeholder
4	100695135	100698589	5	95596445	95599951	placeholder
15	11002502	11003138	13	10883887	10884523	placeholder
7	20657072	20660694	7	18677618	18681161	placeholder
5	10376409	10409750	4	10144057	10173409	placeholder
6	19556540	19574147	6	77479644	77494012	placeholder
4	4598152	4608126	5	3004114	3013979	placeholder
2	24838046	24843015	2	230689852	230694750	placeholder
12	10890271	10910985	11	10765993	10785536	placeholder
3	171749336	171753625	3	21223894	21228202	placeholder
5	13190977	13194495	4	12939900	12943182	placeholder
2	188317565	188322880	2	74165501	74170884	placeholder
14	557385	557991	12	16437965	16438571	placeholder
14	16128136	16134458	12	1033794	1039792	placeholder
11	13200153	13211874	14	9752235	9764507	placeholder
1	192793004	192797407	1	171988826	171993291	placeholder
10	1580773	1586475	9	1513644	1518336	placeholder
1	167342601	167349240	1	147037350	147043955	placeholder
1	323826794	323841896	1	301508248	301519631	placeholder
12	4499014	4502746	11	4432666	4436374	placeholder
2	64671214	64685424	2	191299935	191313961	placeholder
8	75025323	75032966	8	72089015	72096380	placeholder
1	46892089	46892662	1	27897330	27897903	placeholder
2	16634066	16645688	2	238794393	238806479	placeholder
3	155884611	155888417	3	37241436	37245285	placeholder
6	61511096	61517538	6	36566302	36571321	placeholder
1	322447973	322448585	1	300044202	300044814	placeholder
10	15982980	15983598	9	14998095	14998713	placeholder
7	31683448	31698236	7	29469074	29477165	placeholder
8	38562587	38570043	8	37868733	37875953	placeholder
2	154320436	154326209	2	105874237	105880059	placeholder
16	2340275	2348154	15	10621964	10628974	placeholder
3	69338878	69342612	3	122524932	122528567	placeholder
3	88037252	88041658	3	103828272	103832635	placeholder
4	77567455	77614326	5	76264417	76308890	placeholder
3	148910475	148916573	3	44216078	44222124	placeholder
11	22758390	22761345	14	316109	319105	placeholder
4	85226435	85238516	5	80295801	80307455	placeholder
2	47063191	47067528	2	208623879	208628906	placeholder
5	9237075	9243630	4	9163370	9169106	placeholder
4	35905701	35909208	5	34704719	34708236	placeholder
1	164314990	164319213	1	144011740	144017496	placeholder
14	3729322	3729838	12	13255565	13256081	placeholder
13	2348193	2370130	10	7529668	7551357	placeholder
1	322403588	322409111	1	299999537	300005740	placeholder
6	22932687	22946958	6	74092476	74106832	placeholder
2	18871153	18878659	2	236525441	236532798	placeholder
6	18097288	18113782	6	78954096	78970117	placeholder
3	163183721	163195801	3	29836666	29845001	placeholder
1	226696650	226698708	1	205302965	205305093	placeholder
2	154924588	154927276	2	105271059	105273744	placeholder
1	82136437	82147210	1	62989965	63001222	placeholder
13	7625153	7629411	10	12827821	12832068	placeholder
15	12888118	12890977	13	12757771	12760607	placeholder
7	33749014	33759374	7	31429893	31436648	placeholder
8	74370634	74379033	8	71455895	71465307	placeholder
6	98746494	98752454	6	459392	466180	placeholder
3	148395538	148465222	3	44717832	44803423	placeholder
8	25625821	25660689	8	25075963	25111644	placeholder
4	81468746	81472958	5	76655199	76659384	placeholder
3	200705348	200724359	16	7484459	7498754	placeholder
5	68906581	68970386	4	67934733	67986315	placeholder
2	38680823	38683861	2	217054509	217057547	placeholder
1	268963445	268967264	1	247172163	247175991	placeholder
7	49668921	49679773	7	46679405	46693355	placeholder
6	12681175	12687137	6	84086038	84091993	placeholder
2	157171646	157174902	2	103038030	103041295	placeholder
1	336767970	336771341	1	314356520	314361682	placeholder
1	185089536	185094365	1	164332578	164340221	placeholder
16	9961984	9971100	15	3103343	3112354	placeholder
4	25301754	25325846	5	24353333	24374025	placeholder
8	25925588	25934084	8	25380190	25388930	placeholder
15	10366916	10391522	13	10246722	10271050	placeholder
11	19447931	19451204	14	3562867	3566193	placeholder
5	24745722	24758137	4	24453503	24469019	placeholder
1	318755328	318758376	1	296508558	296511607	placeholder
8	8840174	8849433	8	8425268	8434355	placeholder
5	109554079	109558939	4	106975943	106980969	placeholder
4	41101387	41148805	5	39852465	39904168	placeholder
14	5920384	5928631	12	11071592	11080349	placeholder
1	321024235	321051239	1	298639875	298674992	placeholder
14	15790508	15794341	12	1380308	1384234	placeholder
6	31158077	31217270	6	65975142	66030162	placeholder
6	46621653	46635071	6	51031529	51044941	placeholder
2	151844557	151848514	2	108371465	108374753	placeholder
7	28874984	28880756	7	26653767	26659569	placeholder
2	99803811	99812984	2	158100267	158108748	placeholder
19	3100736	3102682	18	5037109	5039062	placeholder
16	10086006	10098203	15	2972429	2984541	placeholder
3	89943451	89984166	3	101839675	101881242	placeholder
8	28984128	29009467	8	28409457	28435828	placeholder
3	92638879	92748571	3	99484021	99574108	placeholder
3	168486132	168490813	3	24482454	24487107	placeholder
7	28765478	28772025	7	26548204	26554751	placeholder
3	68163324	68202004	3	123663403	123702742	placeholder
1	267352175	267356463	1	245528301	245532625	placeholder
1	178233275	178238945	1	157990908	157994294	placeholder
6	41118769	41130002	6	56459627	56476549	placeholder
3	197470157	197491490	16	4487146	4509831	placeholder
1	294068159	294072790	1	272377219	272381783	placeholder
6	38445950	38448441	6	58925468	58927963	placeholder
6	38370194	38381342	6	59004341	59010421	placeholder
3	92865791	92880368	3	99389255	99400348	placeholder
1	71147734	71151892	1	52035095	52039239	placeholder
8	622855	624529	8	395304	396967	placeholder
6	44846683	44851891	6	52813272	52818507	placeholder
1	12263218	12264739	1	328620903	328622605	placeholder
2	174393185	174399553	2	85940627	85945636	placeholder
11	20678536	20682749	14	2336459	2340829	placeholder
1	61844510	61852462	1	43025957	43031537	placeholder
19	7219525	7232980	18	959897	972723	placeholder
15	8853369	8881253	13	8782285	8811613	placeholder
7	33385247	33394321	7	31100033	31109333	placeholder
1	267155047	267161513	1	245326569	245332532	placeholder
7	22097499	22109116	7	20088970	20104201	placeholder
1	205928129	205933669	1	184524606	184530129	placeholder
2	209838299	209838896	2	52712768	52713365	placeholder
3	64043598	64048280	3	127704800	127709443	placeholder
3	160191995	160202484	3	32936488	32952511	placeholder
2	122908565	122919621	2	135567212	135578425	placeholder
5	36383699	36396095	4	35921821	35932733	placeholder
17	7885402	7896967	19	2959025	2970100	placeholder
3	147814529	147821312	3	45360811	45368420	placeholder
5	50189852	50192716	4	49497649	49500521	placeholder
2	185867117	185870823	2	76696759	76700439	placeholder
8	59322029	59327780	8	57620841	57625592	placeholder
1	23846941	23860676	1	4945443	4959107	placeholder
3	110567946	110574702	3	82528585	82535254	placeholder
4	100716346	100720665	5	95617721	95622098	placeholder
2	214892170	214894185	2	47498316	47500265	placeholder
5	122190876	122201105	4	119655206	119664130	placeholder
5	31100818	31113028	4	30891855	30904517	placeholder
5	7958738	7965841	4	7903271	7909656	placeholder
16	12477456	12479296	15	618290	620137	placeholder
19	199729	201396	18	7862074	7863735	placeholder
8	35445055	35457194	8	34817121	34823085	placeholder
1	238179295	238193291	1	216482047	216497682	placeholder
10	7409053	7413226	9	7262738	7266923	placeholder
7	29455189	29457452	7	27221843	27224127	placeholder
12	11216472	11221791	11	11054743	11060038	placeholder
1	33080674	33082257	1	14203721	14205367	placeholder
19	1556365	1565033	18	6550916	6559548	placeholder
1	263487983	263526400	1	241544156	241588445	placeholder
7	48309406	48312633	7	45405756	45409052	placeholder
1	50655444	50664485	1	31723363	31732331	placeholder
16	3999798	4004101	15	8963372	8967482	placeholder
5	59929658	59934714	4	59120240	59125436	placeholder
2	59111734	59120363	2	196956592	196963517	placeholder
16	11431729	11434606	15	1643235	1646108	placeholder
4	28599399	28599993	5	27584913	27585507	placeholder
1	331222761	331223355	1	308897420	308898014	placeholder
11	10397447	10401520	14	12541785	12545852	placeholder
2	168112725	168116182	2	92283748	92287049	placeholder
2	175999424	176004892	2	84303372	84307341	placeholder
1	211131841	211142373	1	189643412	189654123	placeholder
3	99938674	99954935	3	92944760	92961006	placeholder
8	44781156	44808001	8	43971646	43997539	placeholder
15	12917227	12917722	13	12787465	12811148	placeholder
12	13089754	13096225	11	12946072	12952281	placeholder
2	151545378	151549078	2	108680284	108683938	placeholder
1	116575158	116582178	1	96781864	96790549	placeholder
1	293333588	293335195	1	271626244	271627840	placeholder
3	153472864	153489230	3	39675340	39691425	placeholder
13	11128549	11132938	10	16301372	16305839	placeholder
2	103535565	103538813	2	154432876	154436137	placeholder
19	2105305	2108879	18	6020523	6023955	placeholder
3	32653728	32666002	3	158939587	158951441	placeholder
14	7292621	7296124	12	9724698	9727575	placeholder
14	14512812	14518860	12	2662977	2668253	placeholder
6	86036079	86049920	6	13091841	13107878	placeholder
6	44221877	44231108	6	53419726	53428091	placeholder
1	195014176	195046733	1	174212843	174234571	placeholder
2	40922808	40924102	2	214761542	214762774	placeholder
3	59778572	59780239	3	131977833	131979499	placeholder
7	26836755	26843506	7	24713408	24720153	placeholder
14	5784980	5788035	12	11212426	11215288	placeholder
5	56125128	56129180	4	55305656	55309570	placeholder
1	315475279	315481141	1	293232840	293238821	placeholder
1	81780158	81782288	1	62629161	62631292	placeholder
1	164281373	164288985	1	143978132	143986259	placeholder
19	3246394	3274868	18	4863963	4894544	placeholder
16	2150657	2162132	15	10809765	10821577	placeholder
16	11700227	11702583	15	1385060	1390271	placeholder
17	4287121	4294277	19	6414176	6420341	placeholder
7	28313833	28318761	7	26102946	26108211	placeholder
1	204536239	204539119	1	183160457	183163350	placeholder
2	105867471	105874549	2	152130494	152137217	placeholder
1	62482691	62507511	1	43643462	43662270	placeholder
4	52972743	52975149	5	51501670	51504061	placeholder
6	22587987	22588557	6	74450380	74450950	placeholder
8	74931641	74938369	8	71998654	72004530	placeholder
1	199053374	199053962	1	178033782	178034370	placeholder
1	33255276	33259888	1	14371121	14375020	placeholder
3	91098395	91111919	3	100630315	100649376	placeholder
6	41586434	41589323	6	55980621	55983510	placeholder
3	120529465	120563748	3	72643467	72676914	placeholder
7	28176456	28177032	7	25966009	25966585	placeholder
3	182021886	182026648	3	10695965	10700736	placeholder
8	75170946	75171519	8	72234287	72234860	placeholder
12	177179	178728	11	127414	128966	placeholder
4	89623283	89627054	5	84573436	84577197	placeholder
13	18022612	18024637	10	23084686	23086731	placeholder
16	11735261	11739465	15	1350340	1355399	placeholder
10	603838	607173	9	516979	520315	placeholder
11	13162938	13163457	14	9802644	9803163	placeholder
3	167153583	167159846	3	25866757	25872992	placeholder
1	167293200	167297016	1	146995684	146999475	placeholder
3	98813394	98830919	3	93978076	93989627	placeholder
19	1681013	1682925	18	6430711	6432598	placeholder
1	23840621	23843673	1	4939130	4942208	placeholder
3	49251114	49261783	3	142390093	142401337	placeholder
17	9035673	9045654	19	1824230	1834045	placeholder
2	159587367	159592375	2	100593836	100598967	placeholder
10	16173361	16195767	9	15142192	15155792	placeholder
1	83769912	83773204	1	64625772	64628800	placeholder
15	1145896	1147654	13	1110127	1111865	placeholder
3	22705593	22709741	3	168891132	168895312	placeholder
7	28234864	28248584	7	26030478	26036526	placeholder
1	187088522	187093738	1	166276356	166281560	placeholder
4	40088847	40092503	5	38825605	38829265	placeholder
5	23919832	23929318	4	23634816	23651756	placeholder
6	40613771	40614491	6	56974972	56975692	placeholder
16	8412259	8415477	15	4637991	4641041	placeholder
2	157326340	157367227	2	102857257	102894020	placeholder
7	24228582	24229149	7	22184240	22184807	placeholder
6	31780069	31783858	6	65395608	65399154	placeholder
3	181239658	181248038	3	11474473	11483300	placeholder
2	206312767	206314127	2	56158769	56160130	placeholder
2	185851117	185851681	2	76715903	76716467	placeholder
1	79452355	79462724	1	60366871	60377501	placeholder
8	23502756	23507601	8	22887685	22891670	placeholder
18	8910413	8911678	17	8618482	8619775	placeholder
17	8379266	8382612	19	2485066	2488331	placeholder
3	193754875	193760309	16	740272	744613	placeholder
1	268266310	268272656	1	246466044	246471440	placeholder
5	90202176	90205339	4	87855474	87858632	placeholder
3	126108751	126116539	3	67041309	67049136	placeholder
2	24774570	24780509	2	230743996	230749918	placeholder
4	60566125	60573573	5	59178605	59186013	placeholder
19	1210317	1213611	18	6879754	6883323	placeholder
5	30697166	30704283	4	30470443	30477230	placeholder
4	72691225	72815375	5	69455822	69529834	placeholder
1	101719766	101745499	1	82464371	82489600	placeholder
3	142757363	142761344	3	50464024	50468014	placeholder
8	24598863	24599397	8	23977184	23977721	placeholder
2	212033475	212047872	2	50429995	50446413	placeholder
16	11636569	11637127	15	1453434	1453992	placeholder
6	8804492	8815200	6	87987033	87996425	placeholder
3	17320955	17321901	3	174294599	174295546	placeholder
1	5413909	5414467	1	321789102	321789660	placeholder
14	15248799	15257220	12	1933631	1942164	placeholder
2	194055655	194059974	2	68368292	68374949	placeholder
16	10580870	10582641	15	2484833	2486618	placeholder
4	45737004	45738792	5	44429393	44431184	placeholder
3	105339387	105347124	3	87595400	87604737	placeholder
3	141618144	141623395	3	51623283	51630176	placeholder
1	266707151	266707709	1	244879577	244880135	placeholder
2	106042885	106076534	2	151907713	151942109	placeholder
3	24886662	24895714	3	166723677	166733018	placeholder
1	246126786	246144862	1	224322575	224338808	placeholder
8	79079921	79089534	8	76086289	76095805	placeholder
1	101555113	101561050	1	82305633	82311765	placeholder
4	7169003	7175437	5	6373255	6379795	placeholder
3	65754757	65765094	3	125989318	125999665	placeholder
7	50587469	50685748	7	47476203	47548005	placeholder
6	3412910	3414949	6	92660736	92662920	placeholder
2	50265408	50265969	2	205422895	205423456	placeholder
2	212086917	212092190	2	50366973	50372200	placeholder
1	321179041	321180076	1	298807310	298808375	placeholder
3	30124036	30130691	3	161469133	161475794	placeholder
1	252381705	252397773	1	230611747	230621848	placeholder
1	27354175	27359765	1	8479867	8484694	placeholder
3	178074973	178083873	3	14639795	14650198	placeholder
1	210842605	210847118	1	189371970	189376511	placeholder
2	95571485	95577922	2	162278468	162285211	placeholder
13	17957670	17960411	10	23022724	23025323	placeholder
1	49837866	49841125	1	30903460	30906731	placeholder
1	250230558	250235686	1	228463662	228468751	placeholder
3	145504745	145513820	3	47682624	47692492	placeholder
16	7416060	7416609	15	5607616	5608165	placeholder
18	2515673	2519173	17	2493358	2496494	placeholder
1	258541098	258543520	1	236646575	236648995	placeholder
14	3574049	3578102	12	13405601	13409168	placeholder
5	52018373	52022151	4	51358472	51362275	placeholder
1	238278914	238286144	1	216575166	216582396	placeholder
3	63482492	63486970	3	128267737	128272257	placeholder
1	24218518	24224537	1	5310404	5317914	placeholder
4	50920485	50923711	5	49492201	49496573	placeholder
2	9742015	9742516	2	245512584	245513085	placeholder
19	7571279	7575270	18	628751	633205	placeholder
10	5571064	5573175	9	5425887	5427986	placeholder
1	166863518	166873559	1	146583398	146593405	placeholder
1	179259976	179265416	1	158885106	158890543	placeholder
4	38560611	38562938	5	37336345	37338662	placeholder
7	90750501	90755828	7	84983130	84989084	placeholder
3	32616629	32619941	3	158984161	158987479	placeholder
15	17031019	17032222	13	16784801	16786006	placeholder
1	340431137	340437972	1	317952889	317962590	placeholder
6	84698964	84796369	6	14337143	14434361	placeholder
16	8017452	8019893	15	5013470	5015907	placeholder
1	292833834	292837246	1	271107226	271110893	placeholder
1	118632127	118647636	1	98899476	98914914	placeholder
2	264193506	264201395	2	3750968	3757674	placeholder
1	26697362	26703558	1	7851272	7859239	placeholder
4	88913780	88918079	5	83873450	83877806	placeholder
1	99189258	99204084	1	79930158	79943080	placeholder
1	97593787	97596548	1	78501967	78504719	placeholder
1	16992333	16995949	1	333347659	333351276	placeholder
19	3142931	3151531	18	4989319	4998048	placeholder
11	20594962	20597881	14	2423724	2426799	placeholder
6	70940998	70945238	6	27185829	27190070	placeholder
3	17147722	17168394	3	174448371	174469662	placeholder
1	126202841	126211126	1	106439654	106451273	placeholder
8	19686141	19689297	8	19038875	19042045	placeholder
7	46532084	46541419	7	43733665	43742372	placeholder
2	191870363	191877412	2	70593714	70601183	placeholder
2	148765021	148773868	2	110999296	111007793	placeholder
17	8308933	8310835	19	2554380	2556503	placeholder
6	12638486	12644703	6	84126335	84132530	placeholder
1	138150304	138167181	1	118392147	118408370	placeholder
6	81966757	81981004	6	17077752	17085275	placeholder
1	187098340	187106336	1	166286154	166293823	placeholder
1	71289688	71314887	1	52164361	52189191	placeholder
7	92368255	92382374	7	86586026	86598792	placeholder
2	33936823	33938013	2	221643671	221645320	placeholder
13	7655240	7659992	10	12857315	12861963	placeholder
7	79453578	79456679	7	73979768	73982901	placeholder
5	2052233	2058663	4	2048532	2054906	placeholder
4	84590487	84594798	5	79696671	79701063	placeholder
7	48353218	48357186	7	45460311	45464290	placeholder
7	51640696	51648916	7	48320943	48329766	placeholder
17	8263894	8269610	19	2594261	2599535	placeholder
3	119707701	119718686	3	73472997	73484024	placeholder
1	317085010	317092436	1	294833034	294840301	placeholder
15	7042018	7045744	13	6996395	7000089	placeholder
2	16036317	16042855	2	239398344	239403497	placeholder
17	10514639	10516489	19	369376	371220	placeholder
10	2902080	2908265	9	2826478	2832532	placeholder
1	336987839	337011828	1	314562354	314592072	placeholder
1	61165030	61165546	1	42362211	42362727	placeholder
3	160864958	160871886	3	32194503	32201406	placeholder
3	14145687	14152665	3	177405976	177414405	placeholder
7	39597002	39611348	7	37093390	37106450	placeholder
3	25403569	25410900	3	166217239	166224914	placeholder
3	141590542	141598240	3	51649405	51657753	placeholder
2	185197476	185213320	2	77348850	77365050	placeholder
1	322451562	322455298	1	300047803	300051398	placeholder
1	242095080	242107856	1	220428924	220439793	placeholder
7	58527235	58528975	7	55892414	55894151	placeholder
10	5891086	5911039	9	5737456	5756523	placeholder
3	110679055	110681532	3	82423542	82426019	placeholder
14	507974	509271	12	16487292	16488587	placeholder
7	18665682	18681274	7	16675447	16687159	placeholder
1	333057085	333057601	1	310718001	310718517	placeholder
2	209719475	209721161	2	52836156	52837858	placeholder
1	30639189	30647763	1	11840723	11853385	placeholder
16	11254551	11255625	15	1823734	1824807	placeholder
5	64972091	64977976	4	64121137	64127020	placeholder
19	3235425	3241623	18	4899302	4906577	placeholder
16	11440711	11442788	15	1635073	1637158	placeholder
12	4180441	4184585	11	4119338	4123538	placeholder
1	13015273	13018879	1	329360760	329365095	placeholder
2	155039138	155041755	2	105142125	105144749	placeholder
7	2355498	2365420	7	1515297	1524605	placeholder
13	16505055	16507805	10	21550836	21553584	placeholder
7	85566800	85579852	7	79907067	79921350	placeholder
3	41926571	41943810	3	149661484	149673992	placeholder
3	178192776	178196994	3	14522593	14526761	placeholder
2	48694049	48703094	2	207019073	207026424	placeholder
1	138299566	138310972	1	118532447	118543823	placeholder
7	31073007	31082972	7	28846241	28855314	placeholder
11	3482847	3487746	10	1830115	1835039	placeholder
1	315627317	315643957	1	293397527	293410971	placeholder
4	82003746	82009136	5	77292302	77297754	placeholder
14	4696230	4696707	12	12296428	12296905	placeholder
2	178194373	178228232	2	82150358	82182757	placeholder
12	8266548	8270141	11	8204563	8208157	placeholder
1	272062027	272062531	1	250121694	250122198	placeholder
4	57788299	57791186	5	56294429	56297329	placeholder
3	103669014	103674758	3	89313424	89319098	placeholder
16	12474271	12474894	15	622688	623302	placeholder
2	9791569	9796019	2	245451790	245456341	placeholder
1	10884822	10887772	1	327229015	327231722	placeholder
10	6374000	6381634	9	6214991	6222327	placeholder
10	6319377	6327094	9	6162631	6169800	placeholder
7	80083328	80091049	7	74598292	74607936	placeholder
6	95373060	95377294	6	3868736	3872399	placeholder
5	36557387	36557882	4	36092762	36093257	placeholder
1	69695670	69696171	1	50751119	50751620	placeholder
5	86466440	86470749	4	84407124	84410719	placeholder
14	666536	669576	12	16325464	16328535	placeholder
7	31110519	31111782	7	28879723	28880981	placeholder
10	14489620	14498977	9	13604394	13607459	placeholder
1	50306395	50320330	1	31379940	31392636	placeholder
1	299748754	299750375	1	278103119	278104759	placeholder
7	12209731	12214316	7	10448346	10452925	placeholder
1	301782685	301784771	1	280200346	280202442	placeholder
7	22214712	22217902	7	20196225	20199410	placeholder
3	167424399	167429692	3	25569442	25574726	placeholder
19	1156780	1157848	18	6935977	6937055	placeholder
2	230925956	230939172	2	31493713	31503524	placeholder
1	200780994	200781492	1	179679710	179680208	placeholder
1	165769195	165772532	1	145431047	145434542	placeholder
3	168953431	168960511	3	24012076	24025416	placeholder
7	92731491	92733674	7	86967901	86969823	placeholder
1	89207154	89219583	1	70069650	70082121	placeholder
3	46554650	46563831	3	145002809	145011989	placeholder
10	817518	821440	9	730106	734038	placeholder
4	22268525	22275115	5	21254332	21260958	placeholder
1	319224489	319227410	1	296894474	296897411	placeholder
2	146031074	146034113	2	113634151	113637184	placeholder
15	7394520	7396190	13	7346353	7348005	placeholder
11	21569852	21574071	14	1473844	1477592	placeholder
7	36977299	36978925	7	34540067	34541656	placeholder
4	74561731	74593944	5	71064132	71094218	placeholder
13	17480936	17483427	10	22537645	22540146	placeholder
6	58037356	58046370	6	39954190	39962337	placeholder
3	143079293	143083335	3	50140052	50153932	placeholder
6	32994229	32994733	6	64210322	64210826	placeholder
6	38475849	38477030	6	58898307	58899472	placeholder
4	64331948	64342983	5	62548079	62559556	placeholder
1	195744255	195747193	1	174932700	174935418	placeholder
2	202225587	202229657	2	60266781	60271014	placeholder
3	64275503	64280378	3	127458635	127463480	placeholder
7	14427614	14430493	7	12686279	12689122	placeholder
15	15593186	15594374	13	15363716	15364914	placeholder
13	17557106	17559442	10	22615722	22618086	placeholder
12	169662	170504	11	120047	120882	placeholder
17	8192052	8194335	19	2667354	2669938	placeholder
1	187167284	187172418	1	166356822	166361952	placeholder
6	93663914	93677454	6	5566033	5580418	placeholder
7	32950974	32967871	7	30665313	30681202	placeholder
5	5502835	5506854	4	5481459	5491658	placeholder
10	11104666	11107634	9	10948592	10951548	placeholder
2	96579574	96586021	2	161231144	161235548	placeholder
2	154958033	154962078	2	105229522	105233602	placeholder
1	261799247	261806490	1	239880583	239884063	placeholder
2	197229986	197236230	2	65188580	65195930	placeholder
1	97882598	97889880	1	78794168	78802388	placeholder
14	8303822	8315966	12	8721911	8733460	placeholder
1	287652432	287655955	1	265749054	265753340	placeholder
12	8455230	8457771	11	8391920	8394452	placeholder
4	53703613	53706064	5	52242973	52245436	placeholder
1	287506118	287581938	1	265614418	265682317	placeholder
16	12571768	12573395	15	525613	527258	placeholder
7	47592816	47597950	7	44748640	44753771	placeholder
1	50179619	50182630	1	31249070	31252920	placeholder
2	97461149	97468662	2	160338059	160345503	placeholder
16	11059030	11062174	15	2017870	2021021	placeholder
4	68152377	68253676	5	66256607	66379769	placeholder
8	7783033	7803716	8	7406128	7419133	placeholder
14	4050310	4062511	12	12923986	12936340	placeholder
14	16017040	16027198	12	1126292	1136394	placeholder
12	8131734	8137250	11	8076755	8081082	placeholder
5	23394563	23401529	4	23216544	23223142	placeholder
3	66627561	66650336	3	125238972	125260347	placeholder
3	32604713	32612146	3	158991005	158998426	placeholder
2	191058677	191063842	2	71330916	71335510	placeholder
2	186416452	186424135	2	76114753	76122414	placeholder
16	12647938	12648751	15	447020	447830	placeholder
5	3018411	3024949	4	3050988	3058087	placeholder
3	50494106	50496866	3	141200527	141203242	placeholder
1	260740393	260753304	1	238914308	238926530	placeholder
2	220412610	220414564	2	42023471	42025409	placeholder
13	4996071	4998427	10	10183728	10185993	placeholder
14	1403840	1419992	12	15571914	15588016	placeholder
13	7478642	7487287	10	12682562	12690974	placeholder
8	29957069	29962309	8	29397107	29402327	placeholder
4	87038756	87040852	5	82092897	82094958	placeholder
14	2321286	2323726	12	14680146	14682579	placeholder
13	1920599	1925202	10	7102615	7107254	placeholder
14	5269420	5272956	12	11726021	11729412	placeholder
2	130846420	130854731	2	128350160	128358488	placeholder
12	3269425	3270958	11	3217506	3218906	placeholder
1	224660827	224663976	1	203226128	203230159	placeholder
13	16540489	16542615	10	21585113	21587299	placeholder
1	210825645	210836058	1	189353880	189364512	placeholder
2	24114877	24120448	2	231401792	231408308	placeholder
6	88258559	88265626	6	10821584	10827341	placeholder
16	7553981	7554806	15	5476517	5477341	placeholder
2	155055081	155067278	2	105116360	105129472	placeholder
7	12967529	12971481	7	11216509	11221330	placeholder
1	246146416	246153076	1	224340356	224347749	placeholder
1	336749677	336753679	1	314339603	314342656	placeholder
7	26137628	26148066	7	24022299	24033068	placeholder
14	156874	158286	12	16844243	16845817	placeholder
7	31031674	31041268	7	28806021	28815285	placeholder
16	2552102	2553686	15	10412425	10413993	placeholder
7	84046690	84054452	7	78269533	78343990	placeholder
2	222397432	222399353	2	39965211	39967107	placeholder
1	300849133	300858735	1	279258962	279270742	placeholder
19	5670720	5672207	18	2495867	2497279	placeholder
11	20674090	20676727	14	2342953	2345702	placeholder
7	71824126	71827494	7	66371602	66374995	placeholder
1	50883329	50887935	1	31933825	31936886	placeholder
6	44577242	44578996	6	53069467	53071218	placeholder
4	50851606	50858172	5	49425795	49432321	placeholder
3	156404462	156408308	3	36712619	36716527	placeholder
15	3563191	3568025	13	3536920	3542218	placeholder
14	13661587	13671643	12	3519589	3529548	placeholder
2	189803121	189820477	2	72588814	72613931	placeholder
5	66488780	66497100	4	65496835	65504741	placeholder
6	85851838	85852267	6	13310311	13310740	placeholder
2	207409440	207417512	2	55077057	55079525	placeholder
2	100835201	100837573	2	157078989	157081358	placeholder
3	137864584	137872004	3	55401999	55409770	placeholder
1	97779034	97783809	1	78689409	78694506	placeholder
13	1231663	1232113	10	6420517	6420967	placeholder
6	27388070	27391391	6	69696487	69699682	placeholder
7	62120784	62130137	7	59475788	59487208	placeholder
2	47423769	47425809	2	208222450	208224504	placeholder
3	59015670	59020796	3	132728909	132733824	placeholder
3	193622216	193631215	16	607758	615693	placeholder
2	24607066	24607504	2	230928067	230928505	placeholder
1	280775957	280782344	1	258901426	258907842	placeholder
19	3122065	3124346	18	5015160	5017556	placeholder
1	317041423	317043989	1	294789304	294791849	placeholder
5	22722967	22725738	4	22529873	22534155	placeholder
1	129245080	129271085	1	109464611	109492743	placeholder
13	14970970	14974587	10	20045402	20049218	placeholder
14	12632318	12640609	12	4539652	4547624	placeholder
2	9374537	9375754	2	245866240	245867459	placeholder
1	323497750	323506795	1	301161526	301173574	placeholder
8	22960639	22965490	8	22351030	22355884	placeholder
2	97104712	97108777	2	160711645	160716018	placeholder
1	165495973	165502391	1	145156068	145163236	placeholder
3	155077355	155081592	3	38091464	38095785	placeholder
4	98508898	98516015	5	93420486	93427818	placeholder
1	208737150	208749780	1	187322058	187335031	placeholder
8	53385711	53392192	8	52406477	52414587	placeholder
3	110490889	110495191	3	82606941	82611302	placeholder
1	317414750	317416436	1	295175236	295176941	placeholder
2	69111528	69117425	2	186857931	186863758	placeholder
4	84866770	84868689	5	79966100	79968029	placeholder
14	481563	482197	12	16514436	16515102	placeholder
2	101937373	101943570	2	156032459	156039458	placeholder
7	36938411	36942899	7	34511668	34516174	placeholder
1	89175274	89206887	1	70031293	70069381	placeholder
17	6657043	6663635	19	4175635	4182469	placeholder
10	1647823	1649569	9	1581018	1582773	placeholder
1	187051244	187059576	1	166239406	166247653	placeholder
1	339538498	339542480	1	317095613	317099811	placeholder
5	7972810	7974582	4	7916426	7919563	placeholder
7	36535127	36539709	7	34135011	34139623	placeholder
5	100064100	100067486	4	97604854	97608232	placeholder
6	45467807	45471356	6	52184376	52187918	placeholder
13	17586505	17588454	10	22646119	22648141	placeholder
2	177537602	177541309	2	82854627	82858329	placeholder
3	65739564	65743649	3	126009684	126014077	placeholder
1	242764701	242769078	1	221160638	221165042	placeholder
4	38714990	38724301	5	37497220	37505442	placeholder
15	8679307	8682071	13	8607101	8609864	placeholder
14	3581603	3582990	12	13400827	13402213	placeholder
14	5194885	5196656	12	11800466	11802776	placeholder
1	298683200	298691812	1	277012324	277017217	placeholder
15	7027018	7036768	13	6982261	6991235	placeholder
1	335732773	335739881	1	313349000	313363382	placeholder
2	240768164	240777563	2	21571596	21581918	placeholder
1	82074448	82087388	1	62923718	62936696	placeholder
3	55463244	55467680	3	136193517	136197859	placeholder
2	61378402	61381460	2	194690522	194693469	placeholder
7	16095294	16155461	7	14356775	14420920	placeholder
1	152141770	152148989	1	132141764	132148919	placeholder
7	33125856	33128379	7	30841280	30843943	placeholder
13	15828967	15835780	10	20882648	20889528	placeholder
3	58978685	58986699	3	132765769	132773830	placeholder
2	24354390	24379722	2	231143724	231170355	placeholder
6	43217633	43220988	6	54368494	54371961	placeholder
1	72620233	72623024	1	53494771	53497550	placeholder
1	104566145	104568656	1	85412897	85416417	placeholder
5	50297369	50337869	4	49595491	49641681	placeholder
1	255738651	255740872	1	233849906	233852122	placeholder
2	177885194	177893091	2	82497385	82505325	placeholder
12	13722843	13728549	11	13592841	13598535	placeholder
7	26519875	26534917	7	24419827	24439753	placeholder
4	81370530	81374435	5	76537328	76541261	placeholder
1	82198386	82204454	1	63049224	63055358	placeholder
13	1910005	1916937	10	7091520	7098952	placeholder
10	6504131	6504545	9	6350801	6351215	placeholder
5	69915893	69924416	4	68879754	68888291	placeholder
2	94358585	94364804	2	163558774	163565855	placeholder
1	55403936	55405794	1	36441512	36443387	placeholder
19	7465773	7468057	18	725449	727698	placeholder
17	10426748	10427165	19	466943	467360	placeholder
1	306769724	306770141	1	285028775	285029192	placeholder
1	312476716	312482925	1	290145676	290151888	placeholder
4	38899792	38900919	5	37657955	37659086	placeholder
2	153910371	153916607	2	106280155	106286322	placeholder
1	106289336	106298830	1	87131239	87141112	placeholder
13	12473168	12475098	10	17571557	17573587	placeholder
5	20787448	20787764	4	20576516	20576828	placeholder
14	7530516	7533087	12	9495133	9497722	placeholder
1	96403439	96405553	1	77257360	77259464	placeholder
5	32396830	32398888	4	32139427	32141486	placeholder
5	24228612	24233073	4	23945767	23957498	placeholder
6	26959597	26963541	6	70121610	70125587	placeholder
1	319270179	319272241	1	296940053	296942116	placeholder
5	120881821	120886469	4	118338359	118344256	placeholder
4	60589986	60595013	5	59200008	59205266	placeholder
1	323739356	323742265	1	301415367	301418286	placeholder
1	104425676	104426087	1	85275931	85276342	placeholder
16	7817504	7822545	15	5209275	5214214	placeholder
5	52204550	52204916	4	51523588	51523954	placeholder
4	82155016	82157934	5	77449925	77452125	placeholder
2	220349036	220356184	2	42071959	42079008	placeholder
8	30367199	30368287	8	29783399	29784488	placeholder
4	49827794	49831811	5	48378472	48382163	placeholder
3	106256617	106266078	3	86670059	86683146	placeholder
2	212001426	212014250	2	50466216	50481951	placeholder
5	53239696	53245446	4	52562656	52567578	placeholder
1	156238669	156242371	1	136279930	136283596	placeholder
3	85464619	85469375	3	106410040	106414744	placeholder
7	88500198	88500600	7	82799577	82799979	placeholder
4	64131285	64135768	5	62355424	62359890	placeholder
3	82806809	82808732	3	109082703	109084620	placeholder
7	10718007	10729988	7	8947019	8962292	placeholder
19	4787838	4796612	18	3355906	3364343	placeholder
5	57825831	57828510	4	57050817	57053484	placeholder
3	195396208	195409212	16	2347370	2356376	placeholder
2	134606778	134607177	2	124645928	124646327	placeholder
1	210673727	210679501	1	189185469	189191198	placeholder
3	166737091	166739283	3	26228080	26230270	placeholder
8	38763798	38766675	8	38059259	38062169	placeholder
8	48506126	48512304	8	47641817	47647928	placeholder
1	39032024	39032782	1	20070223	20070981	placeholder
3	172504775	172511632	3	20410280	20417542	placeholder
1	249709398	249712782	1	227979328	227982693	placeholder
17	8369986	8371852	19	2495759	2497639	placeholder
1	248287385	248298405	1	226485676	226496540	placeholder
6	97327912	97331841	6	1911464	1916146	placeholder
6	93482686	93494269	6	5745618	5756189	placeholder
1	118977533	118989282	1	99231304	99240926	placeholder
1	88409109	88410491	1	69271210	69272599	placeholder
12	8389944	8391395	11	8329118	8330579	placeholder
7	22248880	22296196	7	20227430	20273821	placeholder
1	12288298	12293595	1	328646598	328651896	placeholder
14	5934523	5942396	12	11059041	11065678	placeholder
1	266726425	266736592	1	244898932	244903979	placeholder
1	29073505	29077594	1	10262099	10266169	placeholder
6	96286443	96294271	6	2921913	2929205	placeholder
4	54685075	54690642	5	53239574	53245025	placeholder
13	279318	281178	10	5486135	5488001	placeholder
2	86841162	86841525	2	169443489	169443852	placeholder
7	36991717	37000474	7	34553874	34561874	placeholder
3	157148970	157151024	3	35902187	35904237	placeholder
17	10543639	10545107	19	340955	342419	placeholder
3	185062139	185064563	3	7760733	7762965	placeholder
3	186225710	186227818	3	6568466	6570572	placeholder
11	15054643	15063606	14	7892035	7900732	placeholder
2	209537925	209540563	2	53008027	53010325	placeholder
3	100523685	100526085	3	92380334	92382590	placeholder
2	164068720	164069173	2	96312999	96313452	placeholder
8	11611309	11614893	8	11122268	11125895	placeholder
2	168036498	168039915	2	92361129	92364556	placeholder
7	93104067	93108901	7	87343328	87348107	placeholder
1	322547857	322548298	1	300158801	300159242	placeholder
2	156365900	156372211	2	103780487	103786843	placeholder
6	8083988	8092906	6	88731310	88740260	placeholder
12	1611754	1614106	11	1560731	1563073	placeholder
3	113893647	113911728	3	79269367	79287210	placeholder
7	28324795	28329215	7	26114697	26119143	placeholder
7	10628098	10637655	7	8858777	8868386	placeholder
16	1383223	1384512	15	11592389	11593694	placeholder
3	3401289	3455513	3	188113494	188163895	placeholder
1	126413735	126425730	1	106652238	106665414	placeholder
2	103359027	103362062	2	154616416	154619815	placeholder
10	6530053	6537478	9	6373019	6380864	placeholder
6	24674724	24680114	6	72443560	72448110	placeholder
7	28859822	28864392	7	26637314	26643186	placeholder
2	160145737	160148994	2	100051374	100057244	placeholder
11	22751172	22751717	14	325861	326407	placeholder
1	53630615	53634490	1	34593919	34597781	placeholder
1	337472712	337478786	1	315052987	315060076	placeholder
1	48974186	48978557	1	29999878	30004642	placeholder
1	50141366	50151571	1	31208387	31217912	placeholder
5	52246562	52246937	4	51572742	51573117	placeholder
19	1180154	1183782	18	6908478	6912104	placeholder
1	44204	44946	1	318180132	318180858	placeholder
1	227824479	227828950	1	206357791	206366795	placeholder
16	13058278	13059054	15	40659	41428	placeholder
4	49848604	49853876	5	48398216	48403486	placeholder
1	194781477	194788425	1	173960978	173967952	placeholder
2	72755808	72756183	2	183159731	183160106	placeholder
3	3582266	3587826	3	187988609	187993249	placeholder
1	318073214	318075355	1	295818630	295820767	placeholder
1	118663588	118665422	1	98925071	98928754	placeholder
14	984520	985927	12	16005842	16007260	placeholder
11	20703857	20706566	14	2307229	2309979	placeholder
1	272453761	272456263	1	250522007	250524549	placeholder
15	12929485	12932128	13	12799850	12802513	placeholder
12	10970210	10973482	11	10840052	10843268	placeholder
5	5606945	5615235	4	5584227	5593188	placeholder
14	1921134	1921806	12	15072858	15073539	placeholder
2	55123649	55130861	2	200699382	200706592	placeholder
6	63839952	63841137	6	34322211	34323394	placeholder
14	5358772	5360700	12	11634787	11636768	placeholder
4	125709916	125711856	5	112835908	112837860	placeholder
3	89358509	89413474	3	102433286	102489393	placeholder
1	285016211	285017666	1	263202179	263203635	placeholder
1	62395777	62397971	1	43551415	43553611	placeholder
14	16413201	16413782	12	742295	742877	placeholder
14	9179118	9185857	12	7859815	7865492	placeholder
1	227621079	227625402	1	206156271	206160623	placeholder
8	4151793	4158258	8	3843470	3848503	placeholder
1	71179144	71180970	1	52066545	52068372	placeholder
4	53327749	53330519	5	51842452	51845291	placeholder
2	157675845	157677107	2	102548830	102552080	placeholder
7	33812889	33814996	7	31489020	31492045	placeholder
11	1213007	1216294	10	4037770	4041026	placeholder
1	233949873	233951686	1	212415506	212417334	placeholder
3	16028281	16032793	3	175476830	175481376	placeholder
17	8392822	8393176	19	2474309	2474663	placeholder
17	11002935	11003433	5	19902682	19903032	placeholder
15	869193	871619	13	835570	837997	placeholder
1	319413064	319415505	1	297081365	297083815	placeholder
1	273414840	273418676	1	251479931	251483748	placeholder
8	22954200	22956319	8	22344586	22346741	placeholder
1	55580961	55585355	1	36622647	36627037	placeholder
1	292903506	292906421	1	271183839	271187364	placeholder
1	16705168	16716826	1	333063353	333075128	placeholder
4	82562879	82567375	5	77822930	77827110	placeholder
1	92008352	92012875	1	72905795	72906964	placeholder
1	295170731	295177119	1	273472647	273481808	placeholder
15	12454052	12454400	13	12320148	12320496	placeholder
5	54478616	54493392	4	53860707	53874416	placeholder
1	5384184	5397338	1	321756927	321769799	placeholder
4	29983897	29998908	5	28956351	28965376	placeholder
1	50867681	50869361	1	31914852	31916531	placeholder
12	9493580	9496263	11	9412284	9414569	placeholder
3	32635268	32637846	3	158966191	158968800	placeholder
6	12092910	12096665	6	84687794	84692342	placeholder
3	29770768	29776004	3	161817985	161823221	placeholder
3	166609059	166612732	3	26349384	26353479	placeholder
1	107647842	107650903	1	88437876	88440207	placeholder
1	8158536	8166056	1	324444434	324453022	placeholder
4	88986060	88986393	5	83946151	83946484	placeholder
3	29804535	29807669	3	161786610	161789728	placeholder
5	30422948	30427726	4	30176943	30181726	placeholder
6	85232501	85248056	6	13909091	13924832	placeholder
3	155389564	155391528	3	37769669	37771649	placeholder
14	4774282	4776919	12	12218617	12221407	placeholder
1	177123120	177124503	1	156872014	156873394	placeholder
2	35163893	35165417	2	220447489	220449014	placeholder
15	15792536	15795457	13	15562892	15565809	placeholder
3	141639083	141642962	3	51603352	51608627	placeholder
6	80676355	80766535	6	18301071	18381166	placeholder
7	20380575	20391431	7	18383078	18393896	placeholder
3	24506215	24508985	3	167128519	167131269	placeholder
5	49292822	49298746	4	48610148	48613508	placeholder
3	63571776	63577628	3	128176416	128182003	placeholder
1	166473103	166476487	1	146141546	146145000	placeholder
1	20880183	20883202	1	2026346	2029325	placeholder
1	100866365	100868635	1	81600943	81603223	placeholder
5	26276636	26276954	4	26001267	26001585	placeholder
1	18589540	18594027	1	334949488	334956692	placeholder
1	246467437	246472655	1	224617592	224620517	placeholder
7	33321806	33326967	7	31030048	31035201	placeholder
19	5308331	5311325	18	2846419	2850219	placeholder
5	90516738	90521946	4	88165884	88170641	placeholder
2	84730442	84741187	2	171391962	171401627	placeholder
11	3127183	3127495	10	2170327	2176266	placeholder
1	285066748	285078367	1	263264917	263274676	placeholder
2	85868957	85877213	2	170362687	170371865	placeholder
2	961532	967080	2	253987780	253993991	placeholder
3	16419270	16451687	3	175167763	175198041	placeholder
5	21004572	21004878	4	20795208	20795514	placeholder
3	178140422	178142038	3	14582525	14584525	placeholder
10	6963319	6968536	9	6811498	6815499	placeholder
4	31829479	31830987	5	30773553	30775067	placeholder
1	17590709	17595295	1	333954246	333958765	placeholder
13	3757695	3762840	10	8946089	8951034	placeholder
1	214686345	214692140	1	193273996	193281322	placeholder
3	163070613	163070952	3	29950224	29950563	placeholder
12	3602946	3603927	11	3542235	3543217	placeholder
8	74980402	74994729	8	72044398	72058432	placeholder
4	2741324	2745950	5	2123973	2126570	placeholder
1	221497393	221499812	1	200153177	200155651	placeholder
6	1185890	1189649	6	94862398	94866313	placeholder
2	120112681	120114286	2	138210020	138211625	placeholder
1	292797929	292805194	1	271073941	271080307	placeholder
1	165883410	165885884	1	145536528	145538966	placeholder
1	227695965	227697486	1	206228387	206229903	placeholder
7	83874689	83881540	7	78181185	78186227	placeholder
2	97293310	97293601	2	160535159	160535450	placeholder
3	29664628	29666082	3	161928164	161929617	placeholder
1	279404367	279416879	1	257470686	257487447	placeholder
1	50080112	50082055	1	31143564	31145367	placeholder
3	20399559	20405886	3	171136342	171139994	placeholder
17	4329867	4339359	19	6369496	6378940	placeholder
1	40389522	40412727	1	21392103	21414541	placeholder
10	4694062	4694341	9	4552485	4552764	placeholder
16	10992921	10994434	15	2086046	2093612	placeholder
11	6381860	6384765	14	16566656	16570003	placeholder
3	145595470	145598255	3	47597160	47599908	placeholder
3	6472656	6473520	3	185179068	185180705	placeholder
2	103234791	103238602	2	154747197	154750969	placeholder
13	629866	632952	10	5822943	5825987	placeholder
18	9056294	9056570	17	8751966	8752242	placeholder
1	328890537	328896414	1	306546809	306552699	placeholder
1	26778437	26782074	1	7928568	7932197	placeholder
3	153948284	153951976	3	39204374	39208102	placeholder
1	63365548	63372153	1	44516386	44522979	placeholder
1	228934996	228937770	1	207502490	207505255	placeholder
3	178042139	178042400	3	14682134	14682395	placeholder
7	8613359	8613815	7	6853145	6853601	placeholder
5	65920569	65940545	4	64935382	64952471	placeholder
3	81805727	81841619	3	110033947	110066903	placeholder
3	26306156	26334502	3	165248377	165280605	placeholder
2	212917607	212920737	2	49503454	49506593	placeholder
1	1875011	1875263	1	319511643	319511895	placeholder
3	177914771	177920765	3	14824092	14830068	placeholder
14	472981	473233	12	16529721	16529973	placeholder
3	37952335	37957392	3	153645024	153650079	placeholder
1	252511787	252513542	1	230727639	230729387	placeholder
15	9361085	9361328	13	9279042	9279285	placeholder
6	22232607	22232835	6	74812583	74812811	placeholder
8	28559284	28562626	8	27966642	27969942	placeholder
3	83471032	83474465	3	108444425	108447361	placeholder
6	30713790	30715322	6	66473997	66475533	placeholder
3	169678392	169679077	3	23258595	23259279	placeholder
1	329104370	329115809	1	306758596	306770401	placeholder
12	18761288	18763391	11	18298261	18300363	placeholder
3	30574796	30576603	3	161045546	161047816	placeholder
13	15709697	15711455	10	20767824	20769257	placeholder
3	23274407	23276212	3	168329877	168331683	placeholder
2	27107810	27108035	2	228421960	228422185	placeholder
6	38992139	38994329	6	58374773	58376958	placeholder
3	15563865	15564998	3	175957239	175958334	placeholder
2	192136763	192139586	2	70343313	70345565	placeholder
1	51390208	51395001	1	32419884	32424630	placeholder
1	287014445	287020253	1	265131425	265137232	placeholder
3	146240468	146241259	3	46974808	46975598	placeholder
3	23649436	23651663	3	167990335	167992550	placeholder
1	41273832	41275831	1	22285577	22288316	placeholder
1	243073411	243073567	1	221463031	221463187	placeholder
