Species_1	Start_1	End_1	Species_2	Start_2	End_2	fill
1	65746531	65838890	1	56020399	56044685	0d0887
1	148936096	149069608	1	135363184	135491076	0d0887
8	42966448	43092062	8	35298026	35410704	ad2793
5	21571446	21593801	5	90575715	90598781	7201a8
1	198202236	198243518	1	187462924	187505702	0d0887
2	191945511	192002093	2	58540971	58601151	2e0595
4	22456142	22582721	4	18351197	18468575	5c01a6
1	270038753	270125470	1	252259118	252336957	0d0887
1	126070166	126166134	1	114334050	114431988	0d0887
7	41879020	42009147	7	36715398	36850606	9c179e
5	24709095	24743371	5	87489450	87522290	7201a8
1	239740195	239799764	1	222073575	222129170	0d0887
4	56879587	56937975	4	52186219	52239645	5c01a6
3	64068408	64111453	3	55623615	55662864	46039f
3	65933528	65979642	3	57406483	57451634	46039f
2	47369246	47409108	2	195047611	195087191	2e0595
2	198317496	198392263	2	52548779	52616037	2e0595
5	77784247	77837529	5	40062138	40089970	7201a8
12	11705357	11955692	12	5884666	6084713	e3685f
1	40467695	40605557	1	30189384	30319598	0d0887
16	10002106	10041753	16	7216381	7252208	fdb42f
3	153841800	153945808	3	139600686	139691992	46039f
13	13692774	13730122	14	3163458	3202563	ed7953
8	55648999	55715066	8	46862296	46950993	ad2793
17	7820850	7849822	15	8476809	8501843	fdca26
1	227650323	227674007	1	210267602	210290367	0d0887
1	55495909	55568752	1	45715832	45778065	0d0887
17	1875274	1969990	2	84516745	84553689	fdca26
1	337045295	337197606	17	95467	215320	0d0887
2	152269843	152317762	2	97244544	97289162	2e0595
1	173115847	173225833	1	159220385	159326192	0d0887
1	226244444	226301853	1	208980956	209034735	0d0887
7	30649792	30742536	7	47885134	47957679	9c179e
16	13020831	13048086	16	10892722	10920176	fdb42f
1	254251440	254273160	1	236955029	236977025	0d0887
1	340441203	340457170	2	36706243	36722541	0d0887
7	15905138	16030611	7	62118069	62239479	9c179e
1	63230614	63248112	1	53114697	53141646	0d0887
15	14731807	14746046	11	2561249	2576236	fb9f3a
5	52903400	52945682	5	61224834	61266375	7201a8
4	19829077	19898892	4	15472118	15540526	5c01a6
1	143309865	143409578	1	129913235	130012640	0d0887
2	90211784	90306194	2	157528709	157616105	2e0595
2	103475212	103503025	2	144162241	144174855	2e0595
4	57144996	57220345	4	52462705	52518253	5c01a6
2	243389519	243490749	2	5642033	5833800	2e0595
16	11856908	11882451	16	9685365	9739381	fdb42f
7	29771975	29948810	7	48697605	48870416	9c179e
14	1843998	1869919	15	10477295	10502060	f58b47
1	270326380	270370401	1	252540278	252579831	0d0887
5	38723730	38762385	5	73913174	73952849	7201a8
1	17345116	17409434	1	8320120	8504401	0d0887
1	276478812	276524718	1	258603846	258649320	0d0887
16	10138522	10204439	16	7348422	7467961	fdb42f
1	217716540	217754577	1	201135781	201169673	0d0887
1	273477741	273804175	1	255551361	255795825	0d0887
6	30925131	30997296	6	63427390	63501871	8808a6
2	67273630	67354026	2	176378962	176454854	2e0595
8	41225517	41275540	8	33716022	33772758	ad2793
15	4578186	4642046	11	11891350	11959089	fb9f3a
2	156393146	156424112	2	93102648	93133062	2e0595
1	71974059	72090517	1	61910837	61967318	0d0887
6	89352107	89457309	6	8472274	8548465	8808a6
3	87273107	87430496	3	77777856	77896212	46039f
8	21681298	21700178	8	14563968	14583004	ad2793
5	119878978	119912385	5	1566555	1586777	7201a8
7	31477671	31525503	7	47096543	47109249	9c179e
1	41301800	41347926	1	32079183	32121102	0d0887
4	93612604	93700625	4	84340753	84424482	5c01a6
6	97386734	97463640	6	1868475	1915451	8808a6
1	130705502	130730074	1	118659029	118686663	0d0887
14	10099259	10150034	13	13253115	13296450	f58b47
1	39647603	39686272	1	29549130	29587387	0d0887
6	70123998	70172573	6	25315624	25366391	8808a6
2	158407906	158505750	2	91141948	91237188	2e0595
2	100057344	100092342	2	147621679	147648111	2e0595
15	6795598	6816406	11	9730943	9750616	fb9f3a
1	116661377	116673484	1	103325816	103339334	0d0887
1	65642528	65680170	1	55690434	55890172	0d0887
1	277621622	277638293	1	259666560	259683487	0d0887
10	16434487	16447306	10	10437144	10448717	cc4778
2	84884676	84975111	2	161237851	161300537	2e0595
15	1758966	1793963	11	14880594	14917503	fb9f3a
7	21239400	21296110	7	57055023	57110481	9c179e
2	155944757	155999368	2	93528119	93594803	2e0595
1	265601318	265694508	1	248066253	248139401	0d0887
3	57057604	57110484	3	48959721	49011533	46039f
7	46611936	46651584	7	32100680	32141285	9c179e
5	85860881	85961163	5	33579582	33689999	7201a8
14	16075595	16123807	13	6330056	6377225	f58b47
17	10092750	10111182	15	6061172	6079223	fdca26
3	25696020	25727393	3	19008439	19039152	46039f
1	18148351	18207975	1	9221339	9275988	0d0887
1	286115006	286261800	1	267887106	267993387	0d0887
8	74273556	74304933	8	61147053	61162276	ad2793
1	116303632	116347770	1	103665686	103719001	0d0887
14	6397046	6421387	13	3754796	3777812	f58b47
13	474334	546105	16	879639	909011	ed7953
2	199267891	199304830	2	51590908	51631935	2e0595
1	13668449	13726046	1	4263486	4372111	0d0887
3	152339458	152404353	3	138040324	138101328	46039f
5	8042920	8068159	5	101996698	102021197	7201a8
2	133124550	133156532	2	115835582	115868946	2e0595
12	4882637	4944016	12	12994221	13246026	e3685f
14	9854934	9888403	13	13494724	13521054	f58b47
7	16305383	16355037	7	61823685	61871571	9c179e
3	114830030	114916385	3	100145190	100232289	46039f
1	255446735	255500403	1	238056350	238110064	0d0887
1	268763022	268834137	1	251045393	251136797	0d0887
2	206213535	206273600	2	45027754	45079510	2e0595
5	36410076	36467420	5	76014013	76066337	7201a8
1	71525710	71607930	1	61416682	61493869	0d0887
1	62339399	62392219	1	52315544	52355347	0d0887
7	52747782	52867614	1	105647484	105736300	9c179e
1	272654955	272721331	1	254634907	254696065	0d0887
1	166157898	166199410	1	152090775	152130828	0d0887
6	31417461	31463732	6	62960837	63009789	8808a6
17	9549693	9575015	15	6719797	6746187	fdca26
3	152262743	152301892	3	137962811	138001547	46039f
1	64641729	64776176	1	54664839	54786490	0d0887
19	241781	256145	15	3074592	3083587	f0f921
2	11596379	11609758	2	229918197	229931829	2e0595
3	49301918	49375407	3	41538073	41604792	46039f
3	142593126	142633794	3	128596655	128630823	46039f
3	66422137	66495018	3	57664993	57706304	46039f
5	70801597	70858812	5	44914544	44970074	7201a8
17	4936784	5003635	6	81997860	82018103	fdca26
1	238870745	238912380	1	221239097	221290840	0d0887
15	1857484	1871877	11	14757329	14768791	fb9f3a
5	50690613	50767089	5	63334815	63418914	7201a8
3	180826430	180940954	3	165288974	165397489	46039f
1	176836776	176918133	1	164499689	164575210	0d0887
3	123249956	123295873	3	108758707	108802505	46039f
5	67763398	67802533	6	66089339	66197046	7201a8
3	39113724	39157371	3	31962955	32008127	46039f
1	53694873	53742432	1	43808194	43853306	0d0887
5	51303523	51358748	5	62780791	62830864	7201a8
1	262199614	262249198	1	244508558	244549780	0d0887
5	91215382	91237293	5	28716103	28736536	7201a8
14	220670	238661	15	12179548	12197193	f58b47
16	1772462	1839689	17	5646308	5701719	fdb42f
2	95579626	95619839	2	151815729	151845557	2e0595
3	130717001	130760659	3	117177535	117217704	46039f
4	90938011	90962116	4	81579628	81604578	5c01a6
5	5528377	5604304	2	128789783	128820524	7201a8
6	69893270	69897716	6	25573155	25577583	8808a6
1	288140427	288174228	1	269692793	269724786	0d0887
8	66446636	66703663	8	54860157	55149013	ad2793
15	11631271	11661660	11	5424874	5456421	fb9f3a
8	25544782	25586932	8	18596955	18743408	ad2793
1	257459716	257510039	1	240045637	240094642	0d0887
6	43290076	43341584	6	51587992	51635457	8808a6
16	6745275	6768804	17	4011044	4031325	fdb42f
2	31532027	31598392	2	210091745	210153616	2e0595
7	65935264	66036415	7	17946609	18027440	9c179e
11	22591404	22598268	9	22125708	22132551	d8576b
1	55155058	55168832	1	45355338	45369004	0d0887
1	221445330	221488744	1	204452097	204487425	0d0887
1	277656680	277685325	1	259700398	259739799	0d0887
5	122421188	122467925	1	179881465	179909541	7201a8
3	169968203	170016443	3	155074012	155122826	46039f
2	203692098	203727305	2	47392834	47426600	2e0595
1	159387198	159481033	1	145725060	145811797	0d0887
2	243252377	243294448	2	5933123	5972166	2e0595
2	194020657	194049214	2	56495364	56523318	2e0595
12	8498031	8517940	12	9422243	9445402	e3685f
11	17532655	17569365	9	4273337	4314198	d8576b
4	87252174	87311993	4	77979795	78028302	5c01a6
17	3356830	3388473	15	9040369	9063565	fdca26
5	26598873	26708861	5	85400013	85456972	7201a8
1	296534198	296569541	1	278032707	278068388	0d0887
7	37143476	37191008	7	41541832	41586607	9c179e
3	33815248	33870085	3	26850776	26902974	46039f
14	4705538	4723856	13	2049681	2065061	f58b47
4	5290407	5335474	2	63661556	63702574	5c01a6
1	260910412	260955704	1	243425121	243467223	0d0887
1	212036948	212125948	1	195724358	195804957	0d0887
3	63498087	63531695	3	55071746	55095682	46039f
1	222821071	222886448	1	205830950	205906449	0d0887
2	235291097	235552557	2	14327562	14423820	2e0595
13	18053883	18076417	16	6078533	6103791	ed7953
6	37761343	37834443	6	57027008	57102044	8808a6
15	14152287	14166274	11	3173834	3184207	fb9f3a
1	137800680	137829527	1	125505110	125538862	0d0887
1	64357789	64413404	1	54402595	54453720	0d0887
13	18324394	18342253	16	5815435	5830360	ed7953
1	170590766	170751966	1	156316507	156441084	0d0887
1	114341305	114376522	1	102589133	102623663	0d0887
2	69157800	69205702	2	174543938	174590171	2e0595
1	59090684	59137284	1	49085513	49127960	0d0887
2	203790679	203816443	2	47313158	47338598	2e0595
1	323234194	323353163	1	303335903	303439123	0d0887
8	36952098	36993073	8	29252918	29279751	ad2793
5	58731851	58784444	5	55357535	55405784	7201a8
7	14501130	14527304	7	63946723	63971404	9c179e
3	7944295	8038861	3	2398495	2470678	46039f
1	226703011	226743012	1	209424844	209462307	0d0887
1	92879617	92922599	1	82073398	82117587	0d0887
2	199901084	199946125	2	50980093	51023447	2e0595
1	62899545	62916979	1	52789974	52807483	0d0887
7	65511714	65600287	7	18408181	18491825	9c179e
2	97487021	97514881	2	149945863	149968872	2e0595
2	141510596	141569048	8	29861961	29914872	2e0595
1	296633681	296728182	1	278129290	278212038	0d0887
3	120154147	120199347	3	105218475	105250501	46039f
1	299037803	299126962	1	280440140	280503146	0d0887
1	179138712	179176680	1	166494223	166585431	0d0887
14	7308527	7343068	13	4652589	4680870	f58b47
4	51608750	51641624	4	47287073	47316493	5c01a6
15	1899943	2021609	11	14538542	14593090	fb9f3a
2	190077598	190154079	2	60259259	60318744	2e0595
2	155294036	155338081	2	94151825	94194665	2e0595
1	211828633	211922561	1	195545389	195624998	0d0887
1	256613682	256721885	1	239200123	239269368	0d0887
15	7337377	7389348	11	9218792	9263716	fb9f3a
1	249005722	249048972	1	231394152	231433734	0d0887
2	148811305	149196028	2	100863095	101233820	2e0595
1	225929935	225969758	1	208692429	208728175	0d0887
2	67452584	67521925	2	176217422	176238191	2e0595
8	74792764	74835711	8	61420681	61461208	ad2793
1	164234628	164261118	1	150076534	150098527	0d0887
11	15300587	15321220	9	18292513	18311942	d8576b
14	7214832	7264790	13	4543118	4587971	f58b47
3	71242012	71354018	3	62252156	62343546	46039f
1	146563261	146611757	1	133113982	133149127	0d0887
1	65842572	65871978	1	56048408	56078828	0d0887
5	100158559	100311027	5	19643206	19795615	7201a8
3	44699290	44918746	3	37232417	37373119	46039f
1	116607547	116631639	1	103391878	103413092	0d0887
5	23250637	23350957	5	88747661	88828690	7201a8
1	302623759	302655942	1	283973430	284024277	0d0887
1	17650518	17720537	1	8695459	8754415	0d0887
14	719665	740263	15	11682248	11701579	f58b47
4	23612693	23640751	4	19534309	19575204	5c01a6
1	26592420	26654162	1	17286277	17343987	0d0887
2	190353589	190376469	2	60035432	60057364	2e0595
3	147386754	147437623	3	133431687	133484353	46039f
7	31115328	31158679	7	47453092	47481948	9c179e
11	11963727	12054570	9	8087357	8157156	d8576b
2	182712477	182757954	2	67816785	67859903	2e0595
15	3377859	3431258	11	13136566	13215460	fb9f3a
3	58309119	58314897	3	50133277	50139052	46039f
1	269844171	269908809	1	252059802	252121942	0d0887
19	4629440	4672443	2	216114827	216155866	f0f921
6	36540287	36567047	6	58124370	58149659	8808a6
1	259388280	259411447	1	241910028	241936424	0d0887
2	199769794	199872773	2	51051471	51149339	2e0595
13	13059948	13078794	14	2537507	2546072	ed7953
15	6517800	6546048	11	10045596	10070677	fb9f3a
6	43150111	43198579	6	51722519	51770973	8808a6
4	84273448	84317475	4	75018797	75057860	5c01a6
4	20123778	20131399	4	15757631	15765250	5c01a6
6	45583401	45606589	6	48906351	48928864	8808a6
1	284215054	284224877	1	266051049	266061574	0d0887
15	16761366	16777795	11	523934	539909	fb9f3a
15	11707112	11727607	11	5376650	5396623	fb9f3a
6	22656842	22694996	6	71873587	71915549	8808a6
18	9160510	9165550	1	230901898	230906997	f8e125
3	161020942	161073502	3	146462748	146518044	46039f
3	45471755	45503488	3	37904102	37936088	46039f
8	48589652	48660041	8	40501569	40586678	ad2793
6	52093880	52121137	6	42698575	42725633	8808a6
3	56826965	56898702	3	48749067	48811615	46039f
1	285975811	286023115	1	267770202	267815733	0d0887
3	177449269	177543844	3	162233138	162290577	46039f
6	42554280	42646994	6	52270348	52356571	8808a6
4	90968442	90998753	4	81610872	81639377	5c01a6
1	270442240	270521068	1	252654318	252720107	0d0887
6	37963864	37993682	6	56880663	56908695	8808a6
13	3419802	3466320	14	12416636	12455040	ed7953
5	99248350	99300338	5	20643382	20697072	7201a8
1	114613967	114655901	1	102866846	102909563	0d0887
1	326092131	326181486	1	306157296	306243697	0d0887
3	91976442	92185402	3	82059987	82226883	46039f
5	86572881	86627955	5	32967903	33021893	7201a8
2	176341799	176368796	2	74018820	74044385	2e0595
1	250866748	250943357	1	233755596	233829521	0d0887
3	136578647	136663095	3	122786204	122853073	46039f
5	57009854	57040207	5	57829232	57857193	7201a8
1	65894818	65952585	1	56101790	56158813	0d0887
3	165989207	166012035	3	151192304	151221076	46039f
3	62739178	62843728	3	54361193	54459063	46039f
4	78522802	78869637	4	70848185	71131414	5c01a6
5	122762927	122769705	1	180197139	180203886	7201a8
8	38897809	38919812	8	31508946	31530913	ad2793
3	9518619	9636007	1	105292616	105388050	46039f
4	22196146	22239206	4	18124682	18163835	5c01a6
13	12106485	12265297	14	5061733	5244564	ed7953
8	24695495	24718111	8	17604126	17623479	ad2793
1	157045668	157107335	1	143452082	143511460	0d0887
12	15740445	15919202	12	2907820	2946109	e3685f
7	21399659	21476818	7	56882365	56939126	9c179e
3	42347327	42398999	3	34968807	35022847	46039f
2	228443966	228530724	2	21270784	21352771	2e0595
3	52982617	52986250	3	45131257	45134890	46039f
13	390293	420483	16	705064	735677	ed7953
1	135477797	135520808	1	123281851	123325843	0d0887
5	86517313	86569499	5	33025262	33050660	7201a8
3	34738913	34747905	3	27816294	27825090	46039f
15	1336079	1354237	11	16261640	16311104	fb9f3a
6	42747753	42832878	6	52087163	52162647	8808a6
6	48970621	49005507	6	45524846	45561545	8808a6
4	84333065	84462595	4	75078158	75223817	5c01a6
6	10988868	11055278	6	83434802	83491732	8808a6
3	70184883	70231912	3	61244365	61288635	46039f
8	44586934	44675788	8	36913823	36985660	ad2793
7	75934480	75979747	7	11111694	11159289	9c179e
1	277887252	277932505	1	259910374	259946192	0d0887
2	160533564	160681251	2	88968855	89114435	2e0595
1	183698300	183978040	1	169859227	170128879	0d0887
1	291813352	291889328	1	273285642	273346897	0d0887
1	154693946	154798106	1	141044097	141213444	0d0887
2	189233669	189514460	2	60883256	61147229	2e0595
8	23358941	23390731	8	16282157	16311009	ad2793
1	42905937	42946244	1	33688995	33725750	0d0887
2	98330260	98352873	2	149178803	149200209	2e0595
1	27644084	27661116	1	18326878	18344449	0d0887
1	200561649	200596682	1	185405029	185436065	0d0887
1	330850821	330895787	1	310566362	310610547	0d0887
1	266503929	266547698	1	248881176	248925732	0d0887
5	55628572	55661714	5	59014918	59047188	7201a8
7	62911398	62963516	7	21275834	21288917	9c179e
6	89930570	89980070	6	2929871	2961887	8808a6
5	40154817	40229061	7	63071607	63149773	7201a8
7	75905235	75908736	7	11208688	11212186	9c179e
14	6269487	6298685	13	3644423	3670953	f58b47
3	105745030	105797379	3	87203253	87245818	46039f
3	152980872	153007086	3	138729753	138753807	46039f
5	31395215	31420786	5	80601298	80624178	7201a8
2	157084301	157111087	2	92566230	92596502	2e0595
15	16934840	17038921	11	229557	262306	fb9f3a
8	6900984	7043115	2	61082711	61181308	ad2793
1	216257284	216305951	1	199724459	199745658	0d0887
1	294083175	294103082	1	275561423	275578903	0d0887
11	21320332	21342767	9	20993805	21012993	d8576b
11	15261459	15294596	9	18316493	18353706	d8576b
5	45901162	45904639	5	67671266	67674740	7201a8
2	182360134	182389908	2	68190708	68224575	2e0595
2	66899867	66927113	2	176781326	176807637	2e0595
1	100421757	100464644	1	86813967	86859107	0d0887
4	19487277	19532078	4	15120190	15153318	5c01a6
3	13820501	13854005	3	7462110	7504945	46039f
1	113180726	113251416	1	101500732	101579637	0d0887
3	136134953	136176735	3	122418858	122460135	46039f
1	13757420	13812830	1	4400853	4451573	0d0887
1	323748761	323798676	1	303822585	303870880	0d0887
3	155404606	155520328	3	141091071	141196338	46039f
4	61577987	61622891	4	56490987	56525399	5c01a6
1	109788909	109814707	1	98605057	98629436	0d0887
5	39233154	39241767	5	73466597	73481118	7201a8
14	2568319	2597280	13	652726	680174	f58b47
7	51694396	51773957	7	28171031	28230734	9c179e
1	114668450	114696496	1	102922641	102949256	0d0887
6	56361559	56409865	6	38671405	38701090	8808a6
3	124278032	124301650	3	110540915	110565507	46039f
6	16945176	17070086	6	77314951	77415473	8808a6
12	2127838	2147551	12	14540492	14560696	e3685f
3	105944458	105994158	3	87392316	87434317	46039f
4	12758044	12860455	4	8462649	8502254	5c01a6
6	98994434	99039920	6	200700	232905	8808a6
3	101673636	101814059	3	91984276	92142323	46039f
7	21934189	21984017	7	56451720	56586768	9c179e
1	257081025	257095445	1	239682454	239699815	0d0887
14	9817803	9859925	13	13530166	13557339	f58b47
6	62235133	62271068	6	32633435	32663957	8808a6
3	165722871	165823291	3	150945685	151034811	46039f
8	44416689	44449583	8	36750645	36780555	ad2793
14	5001756	5071889	13	2495246	2517159	f58b47
1	98860299	98894814	1	88410551	88444438	0d0887
7	23607724	23671416	7	54765328	54827498	9c179e
3	11628522	11738446	3	5320756	5436440	46039f
5	20901514	20947084	5	91225763	91244066	7201a8
2	200499394	200582071	2	50374282	50428373	2e0595
19	346734	353632	15	2992950	3001499	f0f921
8	25803465	25835695	8	18921733	18948827	ad2793
15	9309410	9354641	11	5831531	5874296	fb9f3a
1	90344169	90441576	1	79767639	79854922	0d0887
1	25181596	25214292	1	15934301	15958857	0d0887
8	31454788	31462344	8	24426235	24433692	ad2793
2	79989101	80052621	2	164921909	164962071	2e0595
1	95107043	95180475	1	92336974	92410516	0d0887
2	155344224	155435561	2	94053268	94145752	2e0595
2	52516907	52528520	2	190221969	190235190	2e0595
14	13558291	13599575	13	8728241	8753144	f58b47
1	300028831	300051069	1	281444542	281467419	0d0887
2	140628795	140681990	2	108452008	108504944	2e0595
5	87427724	87474421	5	32237018	32265322	7201a8
1	40663527	40702694	1	30380499	30492568	0d0887
2	20104226	20162689	2	220357141	220401128	2e0595
2	172950529	173058112	2	77267895	77362442	2e0595
10	16367918	16376729	10	10507385	10515478	cc4778
2	242936708	242966346	2	6233077	6253291	2e0595
16	1458758	1512663	17	5968655	6015481	fdb42f
15	3512100	3519644	11	13073810	13081224	fb9f3a
3	183104886	183112716	3	167492127	167499150	46039f
12	5881391	5931910	12	11964243	12035848	e3685f
5	50931435	50966316	5	63143265	63183240	7201a8
11	20986969	21142747	9	20754203	20799846	d8576b
13	3390946	3415351	4	108748125	108795924	ed7953
1	164602503	164652134	1	150441638	150477828	0d0887
6	95976941	96021746	6	7727309	7772737	8808a6
3	59490873	59533755	3	51218051	51254547	46039f
5	30512808	30544920	5	81386842	81419805	7201a8
8	38784572	38819842	8	31398083	31421144	ad2793
1	174334334	174508676	1	161437677	161655741	0d0887
12	3685720	3707009	12	16072342	16091087	e3685f
7	49393193	49559980	7	29783081	29947344	9c179e
7	20547078	20581194	7	57745097	57777630	9c179e
6	90419595	90554253	6	3318568	3344949	8808a6
1	115839301	115861107	1	104141914	104161887	0d0887
4	89764301	89805546	4	80303200	80343922	5c01a6
16	7562846	7588990	17	4407538	4433959	fdb42f
2	148262245	148349717	2	101675769	101772439	2e0595
5	24202809	24214412	5	87993623	88004624	7201a8
2	193955195	193997336	2	56543994	56578605	2e0595
1	130509289	130565585	1	118435959	118491135	0d0887
6	42088511	42109820	6	52793312	52815398	8808a6
14	8739736	8782728	13	9335609	9366388	f58b47
7	89495486	89513516	1	304059660	304075871	9c179e
1	21034332	21059657	1	11814604	11831508	0d0887
1	200826653	200868823	1	185178243	185216009	0d0887
1	130610177	130673335	1	118576559	118629403	0d0887
8	28915151	28948715	8	21890990	21920521	ad2793
1	300734952	300763457	1	282127481	282154625	0d0887
6	27562791	27589588	6	67074173	67099313	8808a6
15	10891677	10907414	11	7253128	7267851	fb9f3a
1	89920934	89970006	1	79344639	79384723	0d0887
4	22319448	22368926	4	18231762	18275801	5c01a6
1	123425656	123603183	1	111826861	111967014	0d0887
13	11353677	11472934	14	5898105	5983371	ed7953
4	73178136	73372373	4	67199011	67490045	5c01a6
2	190458598	190502516	2	59902195	59939730	2e0595
1	294318319	294331890	1	275781183	275794765	0d0887
1	140049299	140126528	1	219095362	219163372	0d0887
6	89861023	89911025	6	2882137	2905221	8808a6
13	435757	451231	16	750005	813579	ed7953
2	232767532	232786603	2	16950011	16964962	2e0595
1	130464757	130474262	1	118392470	118401887	0d0887
3	14648598	14678471	3	8443400	8469325	46039f
15	678565	715507	18	141493	179285	fb9f3a
12	7948396	8059519	12	9888495	9999756	e3685f
1	299302832	299335169	1	280667101	280694998	0d0887
15	5191455	5400849	11	11254265	11367167	fb9f3a
3	56181601	56184787	3	48121173	48124359	46039f
3	183724567	183730970	3	168125326	168131671	46039f
11	22717112	22731704	9	22256038	22270984	d8576b
4	10720246	10751018	4	6245142	6273619	5c01a6
3	184776439	184786795	3	169169995	169181931	46039f
16	4137511	4280573	17	1455736	1570469	fdb42f
1	292575819	292667255	1	274056585	274142818	0d0887
3	59602784	59626835	3	51320613	51344531	46039f
5	55718750	55721930	5	58955915	58959092	7201a8
3	59049955	59059932	3	50790697	50799275	46039f
13	2218249	2238089	16	2616688	2638121	ed7953
1	267928775	267953202	1	250249525	250274323	0d0887
2	229844903	230056863	2	19984959	20043278	2e0595
2	101041721	101072046	2	146634709	146665888	2e0595
13	8726782	8758868	14	8549855	8584116	ed7953
4	81860935	81884704	4	73889899	73909033	5c01a6
2	220716134	220813398	2	28463035	28545032	2e0595
5	32351975	32382292	5	79654357	79685373	7201a8
2	155798704	155864653	2	93627507	93688281	2e0595
6	10677155	10854898	6	83619070	83773183	8808a6
8	29579720	29600157	8	22545255	22558362	ad2793
1	40986552	41040908	1	31792478	31842361	0d0887
8	9406373	9455867	8	3163576	3200645	ad2793
4	42642534	42727973	4	38633771	38715559	5c01a6
6	45536726	45556253	6	48962849	48982504	8808a6
1	22987767	23018835	1	13637050	13664640	0d0887
5	32435312	32450522	5	79585486	79601616	7201a8
1	223755001	223848508	1	206759996	206837167	0d0887
1	79303073	79306214	1	69177619	69180757	0d0887
16	5628984	5701990	17	2829962	2887178	fdb42f
4	27691706	27825097	4	23526097	23636157	5c01a6
2	234696683	234772079	2	15141496	15196999	2e0595
19	4515649	4538096	16	3659383	3717966	f0f921
2	156133189	156173887	2	93339514	93377087	2e0595
1	166537207	166605735	1	152458945	152490203	0d0887
1	274602106	274619816	1	256629928	256646722	0d0887
1	300181577	300298183	1	281585119	281643055	0d0887
8	30578286	30690404	8	23545888	23675126	ad2793
7	84389438	84550855	7	4077190	4159108	9c179e
2	155621514	155667898	2	93823737	93869095	2e0595
7	22029157	22058718	7	56381270	56406601	9c179e
1	10971505	11035747	1	2054571	2125623	0d0887
8	39044291	39111508	8	31631816	31673678	ad2793
3	169179173	169208448	3	154257051	154287645	46039f
5	97053634	97078659	5	22748233	22772970	7201a8
3	159004280	159030514	3	144570562	144590198	46039f
17	9279253	9292979	15	7073566	7086820	fdca26
6	42975125	43002411	6	51909367	51938036	8808a6
2	207561962	207615795	2	43816784	43867396	2e0595
1	155509294	155557402	1	141833541	141877697	0d0887
3	137659573	137686690	3	123840174	123867669	46039f
13	1397056	1423940	16	1789450	1813125	ed7953
3	103681867	103718112	11	5530363	5567139	46039f
15	15609965	15621999	11	1684940	1697624	fb9f3a
5	112851631	112854727	5	7548705	7551801	7201a8
1	109087253	109116937	1	97927170	97956712	0d0887
1	215471967	215499371	1	199005841	199031052	0d0887
14	578422	613969	15	11803388	11840647	f58b47
7	30407939	30452883	7	48210570	48252413	9c179e
7	24099156	24171613	7	54276324	54339227	9c179e
1	176642749	176698074	1	164327092	164379708	0d0887
2	180025322	180077273	2	70494045	70538682	2e0595
6	30143208	30175388	6	64364088	64396021	8808a6
5	88489342	88543009	5	31307610	31358537	7201a8
3	67697820	67720705	3	58830005	58853914	46039f
1	81813416	81891784	1	71574371	71646878	0d0887
5	82296412	82347616	5	36771856	36815958	7201a8
12	506307	517182	16	4792402	4803239	e3685f
5	31892847	31913769	5	80074633	80218048	7201a8
14	1094935	1104790	15	11266898	11275893	f58b47
15	16583080	16595450	11	726340	740887	fb9f3a
7	30838053	30882711	7	47730480	47772477	9c179e
6	93452572	93477784	6	84441030	84455232	8808a6
6	96593056	96699135	6	2603715	2645510	8808a6
5	69858617	69910122	7	65420534	65468859	7201a8
14	5701141	5713229	13	3162746	3175275	f58b47
1	17779433	17801489	1	8803945	8824780	0d0887
3	28809924	28828171	3	21990807	22007127	46039f
8	26420749	26465803	8	19574217	19615457	ad2793
6	27604072	27625672	6	67046512	67067406	8808a6
4	80151832	80276918	4	72260484	72350655	5c01a6
1	317744804	317757442	1	298042592	298054750	0d0887
6	58253800	58279502	6	36973178	36996808	8808a6
2	146008178	146030296	2	103953278	103971998	2e0595
4	2188271	2269676	2	109318470	109349628	5c01a6
1	61112973	61125248	1	51114267	51126148	0d0887
5	20287270	20319090	5	91814676	91847201	7201a8
1	106369866	106442519	1	96632582	96688248	0d0887
3	169849808	169880295	3	154967566	154993015	46039f
5	57047557	57062227	5	57806630	57821637	7201a8
3	91243797	91339593	3	81443072	81494407	46039f
5	24958998	24972751	5	87252952	87265906	7201a8
13	1517327	1541711	16	1913196	1935775	ed7953
6	44397276	44400195	6	50529599	50532527	8808a6
1	93761448	93774546	1	83322522	83336761	0d0887
3	136793771	136824710	3	123006970	123024798	46039f
3	25506899	25527260	3	18823906	18842930	46039f
2	154450557	154504014	2	95052891	95107882	2e0595
12	14456243	14580018	12	3560966	3682125	e3685f
7	31189914	31212813	7	47396440	47416528	9c179e
16	2000033	2023678	17	5468624	5494981	fdb42f
17	11170933	11193442	15	5709408	5731452	fdca26
15	8049500	8058039	11	8579764	8588897	fb9f3a
4	36452675	36543388	4	32330918	32437516	5c01a6
15	15962590	15976106	11	1331707	1353368	fb9f3a
8	44244373	44260056	8	36525995	36550174	ad2793
7	51553508	51596133	7	28302696	28334656	9c179e
2	198487399	198505395	2	52440136	52456901	2e0595
7	52942930	53031024	7	27526983	27594309	9c179e
3	21783745	21789463	3	15159480	15165187	46039f
2	149974190	149996811	2	100315915	100347025	2e0595
1	313297447	313322657	1	293758961	293786428	0d0887
4	91962449	92020931	4	82624018	82674471	5c01a6
1	184325975	184377654	1	170404099	170432160	0d0887
1	116744674	116777585	1	103231010	103263215	0d0887
3	88254233	88314594	3	78743220	78800212	46039f
4	93231538	93301803	4	83972258	84042632	5c01a6
17	9279253	9292982	15	7073563	7086820	fdca26
2	140539324	140588275	2	108581332	108602792	2e0595
1	63550054	63561275	1	53433578	53445047	0d0887
4	33458375	33592197	4	29292289	29417175	5c01a6
10	5750384	5771304	10	19821320	19886907	cc4778
6	48695776	48769907	6	45763105	45832946	8808a6
3	181137435	181166449	3	165592100	165627133	46039f
8	20541074	20597090	8	13430223	13481228	ad2793
2	40846012	40873029	2	201364286	201392754	2e0595
2	20003899	20070920	2	220420243	220488903	2e0595
2	190382745	190426184	2	59987941	60029155	2e0595
5	9260008	9308628	5	101033776	101076850	7201a8
5	36574361	36581601	5	75901334	75907680	7201a8
11	20286440	20297885	9	11084	18846	d8576b
19	4340681	4356124	16	3460627	3467952	f0f921
1	118669676	118704362	1	107336495	107367500	0d0887
2	99349228	99385045	2	148284946	148309946	2e0595
10	175048	196014	1	58030348	58049734	cc4778
5	34168019	34232791	5	77994755	78046577	7201a8
1	293043878	293093933	1	274543832	274588366	0d0887
1	39451300	39497196	1	29388705	29433292	0d0887
15	13702501	13723804	11	3649033	3670435	fb9f3a
1	103085952	103136446	1	84162803	84224510	0d0887
1	130481558	130508149	1	118409514	118434812	0d0887
5	39563972	39665180	5	73040632	73135076	7201a8
1	174200408	174225182	1	161059247	161085227	0d0887
1	85161841	85200393	1	74750719	74776486	0d0887
3	147494076	147533871	3	133539170	133579144	46039f
4	93215841	93301782	4	83955879	84042611	5c01a6
1	242063390	242075412	1	223791985	223806110	0d0887
1	246419710	246461214	1	228894214	228934703	0d0887
1	168776711	168795981	1	154662632	154680673	0d0887
1	96256258	96283671	1	90783078	90803534	0d0887
8	23785905	23829716	8	16710680	16752942	ad2793
1	200800861	200815396	1	185224924	185239631	0d0887
7	6202920	6243137	2	131993960	132007413	9c179e
4	85853986	85880373	4	76570107	76600887	5c01a6
4	50929907	50957802	6	78498928	78529525	5c01a6
13	15774006	15799794	14	1124436	1151652	ed7953
3	168352301	168472129	3	153502259	153575088	46039f
3	86919166	87003259	3	77426405	77500999	46039f
4	24547680	24592992	4	20474342	20502880	5c01a6
13	8814194	8824995	14	8478998	8489746	ed7953
5	30775772	30795526	5	81148810	81166542	7201a8
5	85569428	85595640	5	33940317	33954457	7201a8
1	310260484	310295084	1	289529665	289557092	0d0887
4	23255896	23313588	4	19198248	19238552	5c01a6
8	53201370	53238182	8	44539900	44564840	ad2793
16	12173893	12185611	16	10036453	10048252	fdb42f
1	87111173	87200807	1	76559340	76595863	0d0887
1	279703147	280021428	1	261659389	261875420	0d0887
17	3804622	3823345	15	9274283	9303263	fdca26
15	13684455	13697405	11	3634228	3643693	fb9f3a
1	236609894	236661444	1	218361819	218402454	0d0887
15	16519291	16531218	11	796795	810439	fb9f3a
15	11080990	11104701	11	7437486	7459614	fb9f3a
2	101832610	101866767	2	145851031	145880272	2e0595
16	9429134	9470799	1	224815750	224837385	fdb42f
5	85999461	86093524	5	33485300	33539563	7201a8
1	284284000	284362226	1	266117277	266181388	0d0887
12	13645021	13647820	12	4118698	4121497	e3685f
19	450817	459942	15	2903168	2910326	f0f921
17	11070721	11097220	15	5806135	5829231	fdca26
4	86435006	86493488	4	77160312	77214261	5c01a6
1	18656041	18672354	1	9693195	9706880	0d0887
14	1089917	1093711	15	11277547	11281016	f58b47
4	88512763	88552041	4	78973963	79005653	5c01a6
8	19573014	19604134	8	12445775	12474678	ad2793
3	70267426	70321482	3	61306568	61358808	46039f
5	91929495	91932462	5	28057855	28060828	7201a8
11	22975826	23001583	9	22481764	22508026	d8576b
12	8682132	8702781	6	23705876	23723615	e3685f
1	302657167	302693295	1	284025489	284056586	0d0887
1	168452123	168615001	1	154336744	154499035	0d0887
1	238947527	239029884	1	221322822	221382946	0d0887
6	49230271	49296983	6	45247253	45304858	8808a6
1	159876070	159929636	1	146176196	146204019	0d0887
4	73065416	73177551	4	67092995	67198458	5c01a6
1	87574714	87622491	1	77010938	77051268	0d0887
7	17676099	17744007	7	60482693	60538208	9c179e
5	100032497	100061378	5	19895073	19918249	7201a8
2	25191602	25207160	2	216424981	216445269	2e0595
1	242435645	242458332	1	225282996	225325329	0d0887
3	115060351	115094897	3	100360435	100388028	46039f
3	166440949	166479246	3	151663250	151692277	46039f
3	183490588	183557734	3	167892766	167952206	46039f
12	8311466	8329312	12	9631632	9650362	e3685f
14	5975954	6031457	13	3385188	3459689	f58b47
11	15490185	15524820	9	5067037	5097152	d8576b
4	15322490	15358130	4	11042535	11076841	5c01a6
2	189779697	189792787	2	60609556	60622817	2e0595
12	18671557	18702074	12	1127954	1156719	e3685f
3	68286554	68378304	3	59429650	59504989	46039f
4	51728686	51773822	4	47376731	47419981	5c01a6
1	51609739	51624147	1	41903379	41917846	0d0887
6	36175674	36191677	6	58509167	58525184	8808a6
7	16906940	16947714	7	61256985	61295720	9c179e
6	89309700	89342504	6	8433598	8459558	8808a6
5	92597051	92626912	5	27364759	27401519	7201a8
2	100956456	100988530	2	146753918	146781508	2e0595
4	18575322	18714891	4	14278178	14401231	5c01a6
7	43973094	43993795	7	34895016	34917075	9c179e
16	1237957	1259737	17	6228689	6251616	fdb42f
1	251230943	251248913	1	234230994	234248459	0d0887
14	5658712	5695327	13	3125056	3157413	f58b47
15	6972432	6980370	11	9588847	9596606	fb9f3a
7	38707458	38744386	7	39937984	39964166	9c179e
12	710533	727072	16	4580059	4596053	e3685f
5	115351634	115354361	5	5225131	5227858	7201a8
1	177068372	177071099	1	164712163	164714887	0d0887
7	34217506	34242458	7	44448696	44475165	9c179e
1	90103684	90157997	1	79527841	79575506	0d0887
3	32950139	33090892	3	26111332	26130918	46039f
4	76129734	76495785	4	69209704	69444468	5c01a6
4	60826505	60950732	4	55707630	55858400	5c01a6
1	18405884	18455044	1	9475300	9514407	0d0887
6	25624808	25649471	6	69029992	69055894	8808a6
4	54990336	55031673	4	50199697	50243185	5c01a6
3	25950087	25979658	3	19250152	19280455	46039f
6	12224871	12250608	6	82162541	82183469	8808a6
3	113155440	113169168	3	98514298	98527806	46039f
1	46322975	46399520	1	36831023	36880719	0d0887
2	51463784	51509182	2	191204704	191241356	2e0595
8	14608345	14640294	8	7884304	7912541	ad2793
6	54221868	54247433	6	40646910	40669108	8808a6
1	25296888	25319260	1	16037922	16058292	0d0887
2	199041677	199054891	2	51851385	51864213	2e0595
17	9940432	9950621	15	6338181	6349621	fdca26
16	6777891	6794191	17	3987734	4002116	fdb42f
3	127595735	127676603	3	113784577	113847212	46039f
7	28288882	28311193	7	50264829	50288412	9c179e
1	226506770	226593069	1	209227785	209292691	0d0887
3	58531249	58636486	3	50339240	50411650	46039f
1	194735671	194762389	1	179783185	179797788	0d0887
3	131228209	131251739	3	117622457	117647541	46039f
1	237815531	237923775	1	220214473	220308611	0d0887
1	166007450	166027246	1	151934584	151955126	0d0887
2	98283771	98294110	2	149227245	149238257	2e0595
8	43286374	43297331	8	35653545	35664903	ad2793
2	214557334	214588909	2	37470074	37503850	2e0595
3	43592045	43708570	3	36089325	36198148	46039f
8	67458923	67512188	8	55876759	55916389	ad2793
5	103995949	103998847	5	15734023	15736918	7201a8
1	104279177	104304700	1	94602402	94626428	0d0887
1	274536958	274583633	1	256582461	256610559	0d0887
2	83765002	83807799	2	162305985	162342343	2e0595
3	17958954	17999656	3	11587981	11622533	46039f
2	199534420	199563893	2	51345645	51367757	2e0595
2	217449250	217467615	2	31488530	31507218	2e0595
2	117300540	117318630	2	130495483	130513369	2e0595
1	317541292	317572653	1	297845857	297873620	0d0887
14	1035132	1056553	15	11346346	11367834	f58b47
15	1833693	1847385	11	14778995	14792605	fb9f3a
2	32041279	32060929	2	209653378	209671967	2e0595
1	222573211	222707517	1	205625584	205695524	0d0887
12	1067825	1076293	16	4228142	4236933	e3685f
3	169626122	169628756	3	154705041	154707681	46039f
6	46390232	46429145	6	48116345	48141690	8808a6
13	1375866	1390049	16	1771985	1783864	ed7953
15	3378355	3481230	11	13123396	13207003	fb9f3a
2	103406035	103469712	2	144180343	144255601	2e0595
4	36290662	36330321	4	32154760	32205573	5c01a6
4	31803620	31818120	4	27648430	27663389	5c01a6
8	37430172	37561672	8	30185329	30217249	ad2793
3	106546350	106574481	3	87988625	88017431	46039f
14	7822437	7854781	13	5118615	5145700	f58b47
5	15693573	15839014	5	96184127	96322524	7201a8
3	58720321	58765201	3	50541063	50572782	46039f
15	4771410	4831150	11	11704247	11759069	fb9f3a
10	11268552	11337196	10	14704541	14789829	cc4778
1	245316639	245376171	1	227911448	227951788	0d0887
2	177007178	177120913	2	73337933	73411065	2e0595
3	132229355	132287895	3	118428599	118477892	46039f
3	127035920	127089573	3	113264666	113317312	46039f
1	50684637	50698583	1	40924373	40972522	0d0887
1	40012616	40132599	1	29834934	29862009	0d0887
7	85177219	85200373	1	67818953	67840814	9c179e
8	51860702	51916594	8	43515961	43571426	ad2793
1	18367493	18382647	1	9440787	9453980	0d0887
16	4993712	5008274	17	2223564	2239108	fdb42f
3	14630218	14632819	3	8422643	8425244	46039f
2	182271080	182293047	2	68296432	68317458	2e0595
1	40141480	40202995	1	29870431	29928040	0d0887
1	287659987	287721306	1	269253981	269301309	0d0887
2	195214093	195250278	2	55403079	55436048	2e0595
2	85950719	85978840	1	258193473	258244323	2e0595
11	6211361	6220420	9	13824995	13833940	d8576b
1	298349188	298403629	1	279811976	279848275	0d0887
1	164020763	164063725	1	149871325	149911807	0d0887
16	7703167	7718811	17	4305537	4320419	fdb42f
6	54475603	54612384	6	40341952	40459796	8808a6
2	129837934	129847360	2	127407301	127415607	2e0595
14	15147651	15187395	13	7301495	7334107	f58b47
1	288101205	288103788	1	269661237	269663817	0d0887
1	68997353	69023508	1	59179584	59206454	0d0887
4	87547774	87580416	4	78268632	78301018	5c01a6
3	124890468	124893042	3	111141721	111144295	46039f
4	24020760	24196219	4	19985609	20146729	5c01a6
1	105496186	105513439	5	90056438	90072240	0d0887
5	19895648	19919032	5	92211801	92229879	7201a8
12	2730103	2732677	12	15139642	15142216	e3685f
19	7488913	7512241	7	39157	59075	f0f921
8	30768598	30816935	8	23750073	23781203	ad2793
3	22303381	22335008	3	15692208	15714984	46039f
2	198167013	198181937	2	52694346	52709362	2e0595
2	206464446	206555948	2	44835226	44847260	2e0595
7	48036513	48063826	1	183914360	183945676	9c179e
1	151741036	151806580	1	138139452	138174194	0d0887
1	107673959	107695012	1	232121371	232142624	0d0887
2	56394819	56418743	2	186582751	186606750	2e0595
1	16163405	16184845	1	7037278	7057114	0d0887
11	20235116	20257129	9	47436	71000	d8576b
1	163510085	163526771	1	149377357	149393916	0d0887
5	24341221	24362885	5	87855847	87878752	7201a8
4	37534786	37544869	4	33392177	33402363	5c01a6
14	4818117	4827115	13	2157101	2166767	f58b47
15	4843469	4908124	11	11628390	11659211	fb9f3a
8	35886256	35906676	8	28251544	28268201	ad2793
1	195374552	195384759	2	19057762	19068929	0d0887
3	46033115	46056697	3	38446669	38465279	46039f
6	47508441	47560686	6	46980565	47010952	8808a6
1	302318657	302389417	1	283667323	283723378	0d0887
2	153958436	154014237	2	95535421	95552541	2e0595
3	10731146	10909995	3	4823466	4848983	46039f
4	26575	46561	3	129362575	129381161	5c01a6
13	11714072	11723284	14	5668321	5677899	ed7953
16	11094973	11105498	16	8653243	8663596	fdb42f
4	90493366	90545489	4	81168693	81208992	5c01a6
6	27039371	27082326	6	67576103	67612719	8808a6
2	12093136	12107872	4	20943803	20952774	2e0595
2	212328001	212439163	2	39442690	39536821	2e0595
2	30425345	30465865	2	211095058	211138457	2e0595
6	67181465	67243493	6	28107658	28167226	8808a6
1	279364270	279399877	1	261336964	261377381	0d0887
7	6332775	6481577	12	5645176	5673797	9c179e
7	21186477	21217275	7	57129787	57162920	9c179e
2	215173939	215264053	2	33360701	33422554	2e0595
6	88106031	88141747	6	9540021	9571566	8808a6
13	1842561	1855971	16	2266247	2279755	ed7953
3	82025879	82071402	3	72640184	72680172	46039f
19	1426642	1437522	15	2076702	2085674	f0f921
2	21106444	21129370	11	15272398	15294159	2e0595
5	105016344	105018867	5	14838036	14840559	7201a8
1	115753136	115799004	1	104208009	104240362	0d0887
5	32463054	32479811	5	79556905	79573351	7201a8
17	379482	468879	3	100762683	100874087	fdca26
3	41973738	42017682	3	34622369	34665501	46039f
5	69112721	69122002	1	233799648	233808039	7201a8
1	63078687	63114592	1	52973560	53015107	0d0887
13	18730071	18745642	16	5341550	5356584	ed7953
4	53637819	53652169	4	48943331	48957656	5c01a6
4	95176195	95226825	4	86182032	86230429	5c01a6
2	199004552	199024977	2	51881647	51902014	2e0595
1	23957571	23994732	1	14686364	14731906	0d0887
8	35832137	35864093	8	28195077	28225332	ad2793
2	156087984	156121126	2	93389329	93421213	2e0595
7	40977993	41107856	7	37681058	37769957	9c179e
16	12848617	12853599	16	10721097	10726052	fdb42f
1	65501385	65525222	1	55478375	55501687	0d0887
1	64493247	64546650	1	54526857	54576752	0d0887
13	15858817	15876415	14	1061011	1078964	ed7953
12	14782046	14794669	12	3347185	3355378	e3685f
14	2517303	2524944	13	561218	568167	f58b47
2	142578060	142623645	2	107254632	107291207	2e0595
6	24188386	24292386	6	70388086	70471254	8808a6
3	14716784	14719184	3	8507161	8509561	46039f
4	54832468	54884122	4	50069872	50108616	5c01a6
13	8499997	8513921	14	8793045	8801521	ed7953
1	242493410	242529914	1	225360884	225395225	0d0887
1	278845073	278878385	1	260818604	260849650	0d0887
1	318862190	318907731	1	299112718	299154111	0d0887
1	149186625	149212937	1	135634644	135657294	0d0887
1	48995712	49030159	1	39306570	39339885	0d0887
1	99672147	99714640	1	87637267	87670214	0d0887
4	15247752	15320366	4	10990917	11040402	5c01a6
6	52941382	52969338	6	41902097	41929277	8808a6
2	140903549	140943209	2	108202850	108239909	2e0595
1	250796316	250831360	1	233667529	233696645	0d0887
11	15344429	15362792	9	18248630	18271393	d8576b
7	13303961	13372968	7	64987595	65047570	9c179e
1	237650734	237663057	1	220035001	220046423	0d0887
2	105233991	105311649	2	141489379	141569402	2e0595
2	18579085	18601940	2	221711332	221733436	2e0595
3	69414086	69438341	3	60472723	60497768	46039f
1	141722764	141786135	1	128583051	128648555	0d0887
1	116782679	116810003	1	103199818	103225851	0d0887
1	229124061	229164749	1	211686320	211715847	0d0887
1	183318460	183349493	1	169448677	169518474	0d0887
3	186289204	186304781	3	170565194	170581091	46039f
6	46068338	46070786	6	48445351	48447799	8808a6
1	36624156	36639839	1	26646245	26661922	0d0887
1	233857288	233876608	1	216080152	216099168	0d0887
1	28423353	28445523	1	19047237	19069191	0d0887
11	22531101	22539181	9	22072504	22080107	d8576b
5	67377364	67424757	5	46931964	46973629	7201a8
1	233889702	233935422	1	216110660	216148750	0d0887
2	183991532	184202764	2	66369028	66673358	2e0595
2	179321993	179365287	2	71147511	71186818	2e0595
1	37176000	37178034	1	27101653	27103672	0d0887
5	49665274	49708802	5	64347521	64376804	7201a8
13	2723755	2794594	16	3168011	3213935	ed7953
12	601462	617229	16	4691687	4707449	e3685f
2	46937396	46972623	2	195499537	195527799	2e0595
3	119672205	119690427	3	104709832	104726914	46039f
1	66610876	66638694	1	56734559	56761442	0d0887
3	61902946	61925328	3	53611489	53631745	46039f
14	6466388	6485693	13	3833873	3852447	f58b47
3	88189274	88232883	3	78666452	78724448	46039f
3	63047379	63058983	3	54669980	54680828	46039f
13	766846	781207	16	1158962	1171578	ed7953
1	217604610	217612034	1	201021022	201031076	0d0887
1	36410002	36470024	1	26437379	26495648	0d0887
3	64404405	64436845	3	55975012	56007424	46039f
7	58262313	58281626	7	24726465	24738484	9c179e
15	15267835	15347089	11	2042861	2063287	fb9f3a
3	69533262	69560529	3	60606712	60633603	46039f
2	163636166	163660163	2	86265660	86286445	2e0595
3	23582895	23604935	3	16924206	16937229	46039f
3	157716787	157734761	3	143356542	143370625	46039f
8	20598915	20647587	8	13483022	13523569	ad2793
16	9662466	9678411	4	57555889	57607541	fdb42f
17	10070731	10077097	15	6039173	6045368	fdca26
5	65136728	65164518	5	48846062	48872559	7201a8
1	56142156	56195708	1	46328608	46368383	0d0887
7	27457170	27459582	7	51108761	51111173	9c179e
2	154830577	154864480	2	94685394	94732377	2e0595
5	91355020	91367211	5	28590142	28601600	7201a8
14	5726242	5743861	13	3185041	3200122	f58b47
1	272418100	272438404	1	254399408	254419583	0d0887
12	10072732	10086824	12	7634356	7647727	e3685f
11	22470078	22479205	9	22018032	22033912	d8576b
1	9541340	9588013	1	1044673	1067513	0d0887
3	160109997	160146606	3	145610191	145648086	46039f
7	14698004	14720050	7	63472507	63504290	9c179e
7	28488254	28510823	7	50013061	50079703	9c179e
1	159744629	159771310	1	146056557	146084082	0d0887
12	19552262	19624079	12	1690182	1750495	e3685f
5	122207969	122225285	5	166519	182579	7201a8
1	180597383	180633813	1	167096631	167126154	0d0887
1	248194628	248235475	1	230593184	230634403	0d0887
3	125015084	125023599	3	111241398	111249413	46039f
1	264596762	264669333	1	247082606	247146131	0d0887
3	135173765	135192612	3	121425420	121438507	46039f
3	125065037	125069237	3	111297626	111302536	46039f
4	55486412	55515170	4	50631481	50659921	5c01a6
3	50522524	50547211	3	42862090	42885303	46039f
7	33640740	33718164	7	44985845	45046326	9c179e
15	1163141	1176722	11	16440151	16453478	fb9f3a
6	44584137	44604395	6	50355265	50371303	8808a6
1	40221714	40237732	1	29950850	29965376	0d0887
2	55453734	55466315	2	187494057	187507044	2e0595
14	2053351	2055739	13	137276	139664	f58b47
5	53482944	53508988	5	60693694	60715473	7201a8
3	114823759	114826180	3	100138836	100141272	46039f
6	89550321	89599259	14	4679621	4730970	8808a6
2	140628846	140681282	2	108452707	108504893	2e0595
13	7755391	7765029	14	9492961	9501564	ed7953
2	79862189	79889400	2	165054233	165082026	2e0595
1	156046673	156071967	1	142521839	142545998	0d0887
11	4908415	4918745	9	14881365	14893227	d8576b
3	85562443	85594745	3	76134105	76164880	46039f
5	64812075	64824746	5	49135653	49148852	7201a8
1	205729197	205759994	1	180248993	180278617	0d0887
6	71304593	71322530	6	24117457	24137038	8808a6
4	56354737	56439151	4	51590525	51669492	5c01a6
8	14354701	14356984	8	7645855	7648132	ad2793
13	6687882	6723156	14	10496574	10531079	ed7953
1	125778152	125803398	1	114061569	114080431	0d0887
1	237305639	237330706	1	219703066	219722481	0d0887
1	46260460	46292962	1	36791536	36819139	0d0887
1	309546482	309691210	1	291148415	291357749	0d0887
1	115727812	115742916	1	104249667	104264389	0d0887
15	16989266	17001326	11	203309	213120	fb9f3a
5	55566062	55596983	5	59080896	59109511	7201a8
1	19247830	19254699	1	10223299	10229509	0d0887
7	60399844	60447909	7	25855256	25887059	9c179e
7	27048886	27075486	7	51460591	51482047	9c179e
5	81962024	82011983	5	37062990	37104342	7201a8
3	91492460	91574413	3	81652749	81734729	46039f
13	11063368	11078990	14	6239319	6255046	ed7953
1	160098186	160119118	1	146376778	146392572	0d0887
1	252005157	252016813	1	234995913	235006990	0d0887
6	32525718	32545665	6	61950262	61968262	8808a6
5	23187801	23240871	5	88839053	88899058	7201a8
1	192743763	192751708	1	177809702	177816831	0d0887
2	150029839	150086444	2	100229878	100286804	2e0595
3	52012381	52104300	3	44245241	44317438	46039f
15	16634093	16661140	11	666681	686962	fb9f3a
3	146244948	146263220	3	132195177	132211957	46039f
3	70091631	70111239	3	61153597	61171940	46039f
4	52608599	52638301	4	47956879	47981265	5c01a6
6	30288051	30305896	6	64250784	64268427	8808a6
7	30983320	31016144	7	47595917	47627466	9c179e
14	412935	420696	15	11998595	12006323	f58b47
1	181602825	181636603	1	168192171	168210067	0d0887
3	40532203	40541125	3	33351287	33360209	46039f
2	211124016	211138917	2	40554478	40566045	2e0595
14	9327947	9340104	13	9825979	9837914	f58b47
19	3912406	3945764	15	139183	161236	f0f921
3	102039885	102098657	3	92338162	92396197	46039f
3	141787358	141923005	3	127852648	127966262	46039f
3	130559669	130654553	3	117029263	117120813	46039f
3	137583554	137592606	3	123770794	123778846	46039f
7	89683716	89726628	5	73378108	73389776	9c179e
10	8381028	8401202	10	17624756	17640345	cc4778
3	177659440	177674838	3	162407989	162424464	46039f
7	58722452	58878178	7	25063802	25152938	9c179e
2	206317391	206336911	2	44960626	44982684	2e0595
7	30374911	30403439	7	48256937	48279293	9c179e
3	170614275	170634623	3	155683366	155703988	46039f
16	6896387	6907997	17	3875068	3886885	fdb42f
2	241663560	241683350	2	7286419	7305814	2e0595
1	16331011	16341193	1	7190897	7197347	0d0887
18	8802060	8865215	18	5053770	5055549	f8e125
2	188118139	188156270	2	62231426	62264875	2e0595
1	20951264	20973804	1	11732522	11754498	0d0887
2	176040392	176070108	2	74322118	74352197	2e0595
5	13118308	13120594	5	97748573	97750853	7201a8
1	336895643	336919122	16	10512867	10517972	0d0887
1	190959887	190974713	1	176046518	176061314	0d0887
1	328017774	328123511	1	307885072	307997299	0d0887
6	54341760	54365907	6	40562222	40583429	8808a6
7	22819550	22839162	7	55603428	55622687	9c179e
6	18055910	18085045	6	76345562	76375920	8808a6
6	12257018	12275286	6	82141284	82156002	8808a6
3	113349643	113497158	3	98711767	98834458	46039f
8	40922070	40948703	8	33436027	33460052	ad2793
14	15267830	15290875	13	7207452	7227532	f58b47
1	46450273	46504842	1	36935567	36978707	0d0887
4	119763564	119844637	4	108355353	108363515	5c01a6
4	67666547	67771090	4	62306533	62393059	5c01a6
11	5039398	5088875	9	14744337	14785953	d8576b
7	83814472	83843885	7	3556694	3582660	9c179e
3	163567015	163575289	3	148913815	148921875	46039f
1	232245665	232280519	1	214635190	214671290	0d0887
17	10021716	10028484	15	5976682	5983089	fdca26
1	106580604	106632789	1	96831126	96869319	0d0887
1	257847511	257898060	1	240423640	240471478	0d0887
1	266742900	266767040	1	249121448	249137784	0d0887
5	39095584	39129103	5	73592628	73623760	7201a8
2	100909659	100922789	2	146811420	146821867	2e0595
1	172716022	172767232	1	158815077	158860187	0d0887
1	282268967	282346846	1	264167473	264232432	0d0887
3	119964900	119973407	3	105013554	105022691	46039f
5	53110445	53144445	5	61033140	61052473	7201a8
10	6346572	6365282	10	19307449	19331426	cc4778
11	2248786	2268135	9	17351225	17367535	d8576b
8	13856940	13877267	8	7176356	7195933	ad2793
2	104103350	104135518	2	143548345	143625258	2e0595
2	221716428	221732724	2	27579510	27594706	2e0595
15	4433486	4441153	11	12086421	12096046	fb9f3a
1	202104566	202130697	1	183370536	183393845	0d0887
2	100754989	100767370	2	146947342	146959627	2e0595
3	146265041	146288831	3	132213538	132233241	46039f
7	16617209	16669643	7	61513596	61563831	9c179e
1	306743574	306761478	1	287961966	287978520	0d0887
5	57704259	57753792	5	57051099	57104049	7201a8
5	50364522	50375600	5	63707547	63716907	7201a8
3	34760720	34776705	3	27837169	27853045	46039f
2	183616685	183758237	2	66884457	66971676	2e0595
3	44260511	44321927	3	36717084	36776741	46039f
6	71680208	71718998	6	23661552	23790378	8808a6
1	276391933	276418337	1	258527410	258554349	0d0887
1	54091939	54322255	1	44198240	44398555	0d0887
3	106091652	106188593	3	87556458	87623016	46039f
7	47012740	47102735	7	31675540	31744261	9c179e
15	15537972	15558696	11	1743969	1765217	fb9f3a
1	149223736	149239837	1	135668477	135689176	0d0887
1	255417593	255420854	1	238030028	238033145	0d0887
15	8733937	8742505	11	8014038	8023187	fb9f3a
3	98170120	98218103	3	88632158	88662465	46039f
1	169579394	169651189	1	155298314	155350945	0d0887
1	55758980	55782926	1	45951818	45975247	0d0887
8	11346139	11366633	8	4654704	4671244	ad2793
1	160479228	160514389	1	146745033	146773187	0d0887
3	107876217	107934681	3	93646071	93694858	46039f
1	180637665	180655805	1	167077044	167093338	0d0887
3	13986511	14139700	3	7628419	7796056	46039f
14	13852178	13867461	13	8515653	8529893	f58b47
4	43439703	43522968	4	39420731	39494969	5c01a6
3	168497283	168506902	3	153618431	153622426	46039f
6	43008988	43028207	6	51886017	51906376	8808a6
2	215700458	215827157	2	33104753	33181655	2e0595
5	92219301	92275501	5	27723329	27771735	7201a8
1	160431378	160468142	1	146692725	146724301	0d0887
6	32602963	32632607	6	61883234	61903833	8808a6
1	323582222	323600191	1	303646058	303664147	0d0887
2	41189648	41225575	2	201013107	201040335	2e0595
14	97554	106047	15	12270739	12323243	f58b47
3	123022639	123040509	3	108548301	108561739	46039f
1	252446964	252487698	1	235431798	235468915	0d0887
1	145869421	145871659	1	132455709	132457947	0d0887
5	85620567	85638336	5	33884641	33919131	7201a8
6	72750233	72782840	6	22670609	22707243	8808a6
1	143613209	143645881	1	130176208	130210414	0d0887
1	130427210	130458126	1	118365763	118385525	0d0887
5	31719102	31735567	5	80104547	80120024	7201a8
1	118898521	118952578	1	107608935	107656048	0d0887
7	83677813	83721974	7	3523145	3542038	9c179e
6	23631385	23673138	6	70967622	71007120	8808a6
11	936520	942414	9	19354744	19361355	d8576b
3	131079722	131097042	3	117485181	117502679	46039f
7	48249681	48289994	1	183708546	183734230	9c179e
10	1631518	1642727	10	1388632	1400400	cc4778
5	98259540	98304742	5	21599545	21639602	7201a8
2	153652587	153695920	2	95857222	95893744	2e0595
4	21957183	21959391	4	17912956	17915170	5c01a6
1	265979758	265989463	1	248417204	248426441	0d0887
2	137768360	137799558	2	111370404	111399865	2e0595
3	66714719	66820708	3	57923778	57998835	46039f
1	267042108	267056522	1	249412309	249426504	0d0887
1	125689672	125755134	1	113955123	114034476	0d0887
7	30759242	30790237	7	47838180	47865007	9c179e
1	137938181	137968690	1	125666166	125687259	0d0887
1	40925044	40943268	1	31722432	31735846	0d0887
8	39153821	39186877	8	31714759	31745212	ad2793
14	149102	153570	15	12264522	12268977	f58b47
4	22382850	22414817	4	18292207	18318654	5c01a6
13	17942288	17954276	16	6201968	6213574	ed7953
1	294050625	294062592	1	275525168	275537660	0d0887
3	167271448	167313591	3	152417203	152460098	46039f
5	30073736	30092213	5	81842574	81867577	7201a8
8	29055582	29124585	8	22034716	22083917	ad2793
2	204504323	204564734	2	46654869	46707055	2e0595
7	51003783	51105799	7	28634721	28701745	9c179e
10	8116633	8172327	10	17815085	17857166	cc4778
1	315806017	315830083	1	296254094	296273949	0d0887
4	21783919	21801259	4	17729559	17748377	5c01a6
17	7398842	7420285	15	8763858	8777488	fdca26
2	33290204	33302497	2	208452488	208464655	2e0595
1	25417066	25420564	1	16139231	16142689	0d0887
3	155853209	155860822	3	141472036	141479911	46039f
1	42852354	42887848	1	33641664	33672732	0d0887
2	214663548	214800498	2	37574761	37602797	2e0595
1	293016018	293039238	1	274517637	274542202	0d0887
2	169717403	169737288	2	80511504	80535773	2e0595
1	239233260	239258897	1	221576184	221603011	0d0887
4	30284394	30313562	4	26087332	26113811	5c01a6
2	48219522	48262306	2	194159105	194194847	2e0595
1	168847594	168873900	1	154730913	154762865	0d0887
7	40143617	40169164	7	38589194	38614169	9c179e
3	193296561	193326436	3	178895749	178914813	46039f
3	151008978	151031151	3	136740157	136760437	46039f
1	306974594	307004182	1	288156793	288187430	0d0887
1	323455755	323488282	1	303551754	303582087	0d0887
1	288286767	288300578	1	269834558	269850525	0d0887
5	12926141	12980483	5	97871710	97901519	7201a8
17	8347709	8365554	15	7980930	7999650	fdca26
1	286732618	286760073	1	268385724	268410692	0d0887
1	12575220	12601740	1	3350631	3370861	0d0887
14	5095423	5111418	13	2575815	2592041	f58b47
17	9419637	9432600	15	6929222	6942244	fdca26
2	140778051	140830650	2	108307812	108349721	2e0595
11	1720059	1731883	9	17801236	17812560	d8576b
1	6754463	6756350	1	45436	47308	0d0887
1	227784396	227820607	1	210390013	210426244	0d0887
5	56602697	56611665	5	58213869	58222977	7201a8
6	20709303	20712195	6	73726124	73729016	8808a6
3	114023954	114044983	3	99370053	99388147	46039f
13	421344	434979	16	736874	749220	ed7953
5	66595718	66631045	5	47690250	47720467	7201a8
1	80041066	80120586	1	69918787	69992027	0d0887
1	111308671	111310855	1	99933882	99936048	0d0887
1	191124621	191189069	1	176222466	176259932	0d0887
14	3125655	3136285	1	105632248	105692213	f58b47
11	18491829	18504101	9	2005024	2013969	d8576b
1	292080507	292137011	1	273543734	273581060	0d0887
4	11760994	11775773	4	7376851	7390665	5c01a6
14	7419723	7440789	13	4755829	4774223	f58b47
8	50041348	50119433	8	41791609	41837494	ad2793
1	75049816	75110933	1	65203239	65249697	0d0887
2	89999830	90063266	2	157759913	157814178	2e0595
5	55676704	55701335	5	58976414	58999924	7201a8
2	182468487	182470344	2	68113512	68115369	2e0595
6	24913648	24940704	6	69699595	69726166	8808a6
2	103259514	103315350	2	144478025	144490850	2e0595
13	7716567	7732475	14	9517267	9532611	ed7953
1	274165805	274188228	1	256157570	256179693	0d0887
3	24443573	24461576	3	17749608	17768222	46039f
11	22480558	22485831	9	22035252	22040469	d8576b
2	226309896	226312044	2	23343288	23345436	2e0595
1	267488790	267510119	1	249846972	249866587	0d0887
2	160574976	160578661	2	89078395	89082112	2e0595
4	56957150	57001300	4	52267205	52311250	5c01a6
14	5247934	5261747	13	2712692	2726682	f58b47
5	52073852	52075985	5	62117985	62120118	7201a8
14	3338985	3355378	9	2335104	2337992	f58b47
7	79429587	79441703	7	7886871	7899284	9c179e
8	37656214	37658377	8	30300058	30302224	ad2793
6	33022946	33053583	6	61479909	61508985	8808a6
4	21165269	21186348	4	16838236	16861261	5c01a6
3	181186276	181212748	3	165644152	165666483	46039f
7	36349630	36358372	7	42258906	42266723	9c179e
2	32251051	32269975	2	209445590	209464993	2e0595
1	107119915	107131353	1	97342420	97353613	0d0887
2	208838297	208888736	2	42700796	42751754	2e0595
12	13743077	13764157	5	56423121	56439899	e3685f
10	9252137	9273147	10	16792126	16806407	cc4778
16	6817002	6832310	17	3925785	3954669	fdb42f
3	86019211	86042321	3	76559433	76581907	46039f
3	22730272	22748181	3	16097641	16114920	46039f
5	97291013	97323002	5	22510670	22541807	7201a8
4	64164224	64166258	4	59094070	59096104	5c01a6
11	21154272	21173694	9	20812666	20833605	d8576b
7	60957800	60959930	7	22734118	22736245	9c179e
2	214901462	214934696	2	37777925	37814487	2e0595
6	61604426	61645481	6	33198947	33241875	8808a6
1	267426003	267465367	1	249786218	249825183	0d0887
1	29805675	29807799	1	20407499	20409626	0d0887
1	299957968	299978675	1	281377241	281395845	0d0887
1	26903201	26906925	1	17596357	17600078	0d0887
15	7157139	7227663	11	9382224	9430166	fb9f3a
6	51787914	51809061	6	43000553	43016491	8808a6
6	38612353	38640982	6	56044697	56076494	8808a6
3	46418073	46431624	3	38846302	38859788	46039f
12	4312006	4315339	12	14055240	14058029	e3685f
6	45153207	45164675	6	49348797	49360155	8808a6
10	1413933	1424699	10	1172898	1184226	cc4778
1	25876478	25896785	1	16580351	16598462	0d0887
14	5069027	5087072	13	2555256	2572611	f58b47
4	53783926	53808500	4	49076534	49095569	5c01a6
2	18899355	18922142	2	221426369	221444356	2e0595
3	119809001	119836363	3	104861864	104886962	46039f
3	107619582	107636339	3	93410575	93427862	46039f
3	135699719	135721423	3	121978189	121998052	46039f
10	5334389	5354566	10	5191533	5198299	cc4778
3	105301171	105315873	3	86679008	86692418	46039f
12	10425316	10453835	12	7248254	7267014	e3685f
2	201952037	202036528	2	49109446	49183461	2e0595
1	151438976	151447941	1	137834882	137844420	0d0887
7	62223587	62244025	7	21884591	21904840	9c179e
7	6039489	6068063	2	44138377	44170845	9c179e
11	12919108	12930530	9	7186170	7198551	d8576b
3	99343622	99353077	3	89706269	89715968	46039f
13	3489110	3539839	14	12478341	12524185	ed7953
3	104317282	104372808	3	85744867	85786306	46039f
7	37753906	37772295	7	40965347	40985388	9c179e
7	57808960	57836160	7	24390213	24401491	9c179e
10	9338784	9358860	10	16716497	16736120	cc4778
4	27828410	27949756	4	23639499	23843180	5c01a6
1	276174601	276212676	1	258336235	258373867	0d0887
1	125941679	125972003	1	114176185	114207913	0d0887
1	75132112	75151198	1	65272092	65306258	0d0887
7	30813374	30825818	7	47784367	47798091	9c179e
1	154378000	154414117	1	140790936	140825011	0d0887
3	68090248	68106212	3	59242659	59257611	46039f
5	61863009	61872181	5	52405648	52414156	7201a8
6	19292408	19349616	6	75001564	75046494	8808a6
16	6638905	6663554	17	3656667	3679470	fdb42f
3	158380427	158382521	3	143936784	143938878	46039f
1	26298500	26344136	1	16994249	17038371	0d0887
5	78539546	78541637	5	39320088	39322170	7201a8
1	256973326	256992255	1	239508877	239596331	0d0887
1	303239497	303312151	1	284446370	284509604	0d0887
6	90780463	90802658	9	6840421	6859905	8808a6
1	178086714	178108728	1	165664634	165685806	0d0887
1	51576826	51584596	1	41819592	41827333	0d0887
14	15294804	15307434	13	7191274	7202884	f58b47
7	28886776	28904523	7	49633232	49652104	9c179e
15	3674274	3694956	11	12842769	12863413	fb9f3a
1	104470487	104508888	1	94775169	94841128	0d0887
1	277555437	277584143	1	259596504	259625839	0d0887
5	106181144	106183202	5	13818666	13820724	7201a8
5	56751200	56770397	5	58061945	58080371	7201a8
3	175819175	175847480	3	160592263	160620640	46039f
5	21723301	21772953	5	90390295	90437008	7201a8
5	108587871	108608774	5	11580876	11588960	7201a8
10	6009711	6021040	10	19608226	19615867	cc4778
1	38997309	39026644	1	28956330	28981382	0d0887
6	39025962	39042138	6	55625347	55638638	8808a6
10	26739059	26767523	15	3861849	3911807	cc4778
3	87663629	87681163	3	78100673	78115852	46039f
14	2346156	2355076	13	470364	479377	f58b47
6	22177860	22182565	6	72365881	72389216	8808a6
1	205908500	205924970	1	189875570	189893136	0d0887
8	59050664	59062013	8	48973913	48986221	ad2793
5	22851896	22868430	5	89215002	89231622	7201a8
2	204610022	204625246	2	46603690	46619538	2e0595
12	1026031	1045074	16	4256954	4276292	e3685f
7	23253420	23269120	7	55162562	55181339	9c179e
2	99098184	99120335	2	148552709	148572094	2e0595
3	25986930	25989228	3	19287610	19289911	46039f
7	26577078	26591845	7	51902147	51916530	9c179e
1	51173462	51175484	1	41449167	41451189	0d0887
14	5421400	5426391	13	2911164	2916132	f58b47
7	73703274	73712064	7	13397769	13406334	9c179e
5	108179688	108204221	5	11977852	11994104	7201a8
4	42129131	42152342	4	38077268	38105163	5c01a6
6	38460978	38468666	6	56221593	56226313	8808a6
5	31924295	31948433	5	80038056	80063052	7201a8
1	224840678	224860871	1	207668748	207686184	0d0887
15	3762358	3810332	11	12705460	12794044	fb9f3a
3	183906201	183920031	3	168296715	168310371	46039f
1	165196606	165294594	1	151163151	151244836	0d0887
13	1449839	1459379	16	1867473	1876087	ed7953
1	208840728	208908407	1	192825274	192873918	0d0887
5	66662905	66784378	5	47551016	47659661	7201a8
7	74596691	74627661	7	12468784	12495359	9c179e
12	4410499	4412533	12	13679829	13681851	e3685f
1	158148691	158163760	1	144472376	144487424	0d0887
3	48369482	48440599	3	40596882	40663865	46039f
1	127265797	127311346	1	115376168	115415163	0d0887
3	156829284	156836721	3	142441553	142451930	46039f
1	300807653	300845326	1	282196382	282230418	0d0887
1	192939460	192986400	1	178032985	178074464	0d0887
16	11519761	11540819	16	9217143	9237469	fdb42f
2	68303553	68335008	1	49646339	49694940	2e0595
1	69985824	70027742	1	60112963	60149698	0d0887
17	7967694	7971107	15	8381711	8385176	fdca26
6	26944218	26948019	6	67693252	67697187	8808a6
5	79299714	79305837	5	38946015	38952325	7201a8
2	98207390	98228996	2	149308819	149330669	2e0595
2	191734979	191765888	2	58751282	58780132	2e0595
13	3807246	3809657	14	12765264	12767658	ed7953
6	42133525	42183111	6	52722947	52763797	8808a6
6	81732579	81754460	6	15056363	15079032	8808a6
13	1794461	1806478	16	2220384	2231123	ed7953
5	22490364	22494039	5	89585640	89589325	7201a8
5	110440385	110474533	5	9807982	9855564	7201a8
2	156642611	156682926	2	92931497	92971247	2e0595
3	147716809	147764538	3	133751381	133787507	46039f
1	242690408	242719292	1	225564381	225591626	0d0887
14	8977538	8992230	13	9526964	9541036	f58b47
3	141669456	141688815	3	127730347	127748196	46039f
15	13442619	13464273	11	3856073	3874469	fb9f3a
3	46377981	46401201	3	38812308	38832960	46039f
4	84536506	84584852	4	75297690	75337640	5c01a6
3	23660683	23665880	3	16992671	16997824	46039f
1	251290581	251314335	1	234307073	234387647	0d0887
1	192817189	192837384	1	177876253	177894103	0d0887
13	14847741	14870565	14	4634192	4658988	ed7953
6	24584050	24613693	6	70034335	70064901	8808a6
2	133202140	133228758	2	115753067	115779643	2e0595
7	55088506	55139210	7	26852299	26933725	9c179e
3	192503100	192536146	3	176677769	176705382	46039f
2	99391377	99416032	2	148271195	148279069	2e0595
8	35702137	35722667	8	28066729	28088921	ad2793
7	71769248	71815482	7	15130233	15158003	9c179e
7	46464416	46515335	7	32259102	32300041	9c179e
4	84989915	85020894	4	75740961	75760061	5c01a6
3	20336981	20374339	3	13871994	13906858	46039f
17	10153359	10160715	15	6120180	6127688	fdca26
13	2969322	2994221	16	363811	385167	ed7953
4	86594670	86637716	4	77297285	77335612	5c01a6
4	6782576	6815028	4	2480725	2509204	5c01a6
5	91973527	91993430	5	28006185	28024512	7201a8
6	93832371	93863244	6	5914067	5946087	8808a6
10	7486274	7529399	10	18396216	18426746	cc4778
7	27955049	27984528	7	50579760	50599628	9c179e
1	88345235	88347221	1	77778167	77780153	0d0887
8	4043067	4050313	7	45300927	45305245	ad2793
13	18720326	18722306	16	5362593	5364573	ed7953
2	76130319	76197140	2	168154227	168203686	2e0595
2	173064567	173087225	2	77238685	77262182	2e0595
13	2605139	2625199	16	3017570	3037813	ed7953
11	8329387	8351147	9	11827473	11845067	d8576b
4	21437446	21464421	4	17088340	17119487	5c01a6
1	50352555	50367427	1	40634725	40649262	0d0887
1	44304223	44306212	1	34988909	34990898	0d0887
1	238854191	238864806	1	221224103	221233183	0d0887
5	51042224	51070414	5	63042855	63072502	7201a8
13	8587675	8610232	14	8692026	8715315	ed7953
3	70137077	70155399	3	61209686	61230209	46039f
4	92341892	92353509	4	83006268	83019180	5c01a6
6	10913750	10940124	6	83547713	83569901	8808a6
13	14750270	14772578	14	4545200	4566092	ed7953
1	187386399	187414397	1	172609876	172634811	0d0887
1	82853155	82880989	1	8389666	8419881	0d0887
1	280656639	280765480	1	262604247	262656588	0d0887
7	10650204	10670668	2	142272260	142284876	9c179e
2	157533851	157547077	2	92107626	92130934	2e0595
15	16791579	16885398	11	387201	506812	fb9f3a
1	267199755	267223821	1	249571655	249594188	0d0887
1	6742690	6744661	18	3019141	3021136	0d0887
19	4485279	4498901	16	3636795	3645036	f0f921
8	40993642	41010012	8	33506131	33520674	ad2793
3	146453069	146478667	3	132403557	132427107	46039f
3	86007855	86016312	3	76547801	76556733	46039f
1	322413830	322431842	1	302509462	302522990	0d0887
16	2818971	2827957	17	1141548	1148744	fdb42f
1	114858261	114867187	1	105140156	105145823	0d0887
1	99041624	99057412	1	88253913	88271213	0d0887
1	147068889	147148267	1	133629591	133667742	0d0887
15	4681819	4736864	11	11797312	11851242	fb9f3a
13	12620550	12636546	14	2093089	2107804	ed7953
6	25575903	25609549	6	69069553	69103617	8808a6
17	4305069	4319996	15	9816431	9828836	fdca26
1	189031107	189033051	1	174208042	174209986	0d0887
12	139269	143657	16	5154098	5158532	e3685f
1	205604055	205641011	1	180348400	180378140	0d0887
12	9934418	9994213	12	7720995	7761276	e3685f
1	215016454	215044251	1	198511381	198534108	0d0887
16	2085637	2140164	17	5333798	5403656	fdb42f
16	12123123	12128197	16	9979769	9984815	fdb42f
15	3586863	3602538	11	12990773	13006883	fb9f3a
3	35895379	35907861	3	28936733	28949500	46039f
2	156761734	156804323	2	92813351	92845089	2e0595
1	316979802	317003236	1	297313413	297333136	0d0887
12	8371088	8384512	12	9555456	9569727	e3685f
14	3584079	3589731	12	9179605	9185157	f58b47
1	83968339	84026997	1	73682257	73747545	0d0887
1	187427525	187508310	1	172648665	172731471	0d0887
7	36135064	36154646	7	42439542	42457586	9c179e
6	41046556	41070802	6	53768098	53794177	8808a6
1	153564488	153566495	1	139951099	139953103	0d0887
15	615328	634618	18	242318	261759	fb9f3a
1	73092780	73125118	1	62961573	62993384	0d0887
6	25657645	25696495	6	68984060	69021837	8808a6
7	25899762	25915322	7	52579378	52593334	9c179e
3	107122323	107132137	3	92921017	92931384	46039f
3	119368106	119385867	3	104436184	104451247	46039f
1	239834566	239859774	1	222163576	222177860	0d0887
14	4962005	4976400	13	2449446	2461503	f58b47
1	66066018	66096837	1	56264782	56285411	0d0887
3	47313647	47326889	3	39532595	39546603	46039f
1	204912027	204949717	1	181019024	181051818	0d0887
6	56069654	56126986	6	38936538	38995120	8808a6
1	277813024	277830382	1	259844167	259861695	0d0887
13	7545770	7557490	14	9693396	9705047	ed7953
15	15599732	15605616	11	1701624	1707540	fb9f3a
3	50629654	50645262	3	42965215	42979935	46039f
16	1144925	1162051	17	6313203	6329910	fdb42f
2	190653840	190678006	2	59735638	59763396	2e0595
15	8265911	8276334	11	8380210	8391437	fb9f3a
14	389153	401353	15	12017748	12029448	f58b47
2	177571989	177580763	2	72909624	72918867	2e0595
3	23426112	23438338	3	16795332	16807591	46039f
1	50515460	50520954	1	40800623	40805122	0d0887
6	38731727	38785467	6	55928326	55954756	8808a6
13	3651811	3664641	14	12625141	12638323	ed7953
14	6541196	6563813	13	3904814	3920893	f58b47
6	93625338	93627003	6	5741861	5743532	8808a6
5	18082782	18085040	5	93986672	93988799	7201a8
2	205376374	205394974	2	45849882	45860218	2e0595
6	31816202	31818119	6	62645849	62647766	8808a6
2	133676320	133800936	2	70036949	70064029	2e0595
1	77310533	77312441	1	67407874	67409782	0d0887
11	22499388	22508049	9	22054588	22064107	d8576b
1	215075059	215087155	1	198574321	198585290	0d0887
1	40294343	40313049	1	30020905	30039849	0d0887
1	159783942	159787447	1	146094761	146098170	0d0887
12	740925	747660	16	4552977	4565893	e3685f
1	27942839	27958970	1	18601995	18617463	0d0887
2	195352896	195388075	2	55269149	55302484	2e0595
8	55041225	55058536	8	46119335	46152591	ad2793
16	2187264	2211752	1	206254276	206272838	fdb42f
1	111410788	111438357	1	100035620	100059502	0d0887
5	26156373	26169504	5	86090586	86103192	7201a8
1	66651694	66666731	1	56773787	56787379	0d0887
4	50490751	50522083	4	46587405	46621141	5c01a6
6	45310155	45329743	6	49172127	49190262	8808a6
1	55710135	55757126	1	45909909	45949942	0d0887
2	28663235	28689030	2	212968539	212994309	2e0595
16	7960094	7976163	17	4238203	4250598	fdb42f
1	319234287	319260116	1	299430763	299455258	0d0887
6	86009206	86027263	6	11549380	11558363	8808a6
8	43238262	43259373	8	35595896	35616380	ad2793
1	227713155	227727986	1	210328023	210342106	0d0887
2	152511667	152550859	2	97038149	97063638	2e0595
6	93919580	93928190	6	5971623	5979685	8808a6
3	164297061	164320082	3	149632110	149651558	46039f
6	32863814	32865629	6	61643121	61644936	8808a6
8	21804074	21833125	8	14678037	14705923	ad2793
1	254653653	254681658	1	237321581	237347797	0d0887
2	217368933	217412554	2	31545462	31575330	2e0595
1	259637474	259655383	1	242120154	242138681	0d0887
11	20693908	20700021	9	20356465	20363013	d8576b
15	9032792	9065306	1	147419953	147505082	fb9f3a
7	33058257	33081253	7	45542629	45563781	9c179e
1	181514667	181528618	1	168136442	168148426	0d0887
8	19207512	19253844	8	12108800	12154886	ad2793
3	131049597	131073748	3	117457107	117479176	46039f
11	7692819	7694370	9	12470796	12472347	d8576b
4	9153652	9171600	4	4660002	4678144	5c01a6
2	21138398	21189555	2	220205054	220231007	2e0595
1	236791516	236832009	1	218522942	218541361	0d0887
1	104159522	104231367	1	94477021	94491006	0d0887
3	17301378	17316037	3	10988345	11003102	46039f
3	114923396	114930964	3	100238926	100246087	46039f
2	212895695	212912720	2	38998111	39015063	2e0595
3	194934037	195003133	3	178167728	178229816	46039f
2	191642585	191683670	2	58836592	58871783	2e0595
19	2885873	2898232	15	1034832	1047780	f0f921
1	179015947	179051668	1	166400655	166422976	0d0887
3	123198904	123223578	3	108710507	108733526	46039f
3	64614252	64643193	3	56150423	56175143	46039f
6	51598703	51624092	6	43158813	43183941	8808a6
3	168967006	168991231	3	154043809	154067547	46039f
5	56080699	56114605	5	58689757	58715634	7201a8
1	41746528	41777448	1	32535091	32552877	0d0887
3	159153667	159216358	3	144730499	144787416	46039f
11	20578512	20581864	9	20149808	20153140	d8576b
14	4834247	4851514	13	2170746	2184738	f58b47
3	63662055	63739870	3	55236206	55289117	46039f
5	30255138	30298051	5	81621356	81656780	7201a8
2	220680735	220705365	2	28555728	28579735	2e0595
1	119023463	119043568	1	107715019	107737691	0d0887
2	217116870	217164118	2	31766846	31807954	2e0595
17	8626861	8630354	15	7721905	7725417	fdca26
5	20753608	20780597	5	91361238	91386324	7201a8
1	35823694	35902139	1	25879005	25960584	0d0887
3	92220291	92452865	3	82304350	82443797	46039f
1	68963381	68977297	1	59144085	59159107	0d0887
1	229377961	229408027	1	211972554	212000598	0d0887
4	5243910	5257733	2	63622021	63655726	5c01a6
11	15402863	15414290	9	18174273	18186148	d8576b
14	6511294	6523354	13	3877268	3888369	f58b47
1	126052168	126067625	1	114316973	114331499	0d0887
2	156468600	156484408	2	93039272	93055818	2e0595
16	11012189	11019694	16	8759929	8772267	fdb42f
3	27369474	27376557	3	20648734	20656957	46039f
3	157822405	157838351	3	143418205	143433588	46039f
1	184067595	184150763	1	170206180	170266486	0d0887
13	15839662	15845438	14	1095199	1100361	ed7953
6	18412489	18423650	6	76001354	76009398	8808a6
6	56036037	56063656	6	38999854	39027494	8808a6
11	8485569	8511649	9	11658703	11680276	d8576b
4	58149573	58193921	4	53467208	53511126	5c01a6
1	165595561	165612962	1	151543534	151561932	0d0887
3	160649964	160682193	3	146138306	146159342	46039f
6	58221307	58246547	6	37002909	37026362	8808a6
1	73260286	73290399	1	63116778	63151293	0d0887
1	233605389	233628171	1	215835865	215857091	0d0887
15	14336425	14338267	11	3012595	3014437	fb9f3a
11	10562621	10567401	9	9698687	9702551	d8576b
5	34099014	34147642	5	78069360	78102711	7201a8
8	25493162	25516035	8	18542226	18557759	ad2793
2	214825719	214836982	2	37639604	37651712	2e0595
3	175624518	175653282	3	160398998	160417393	46039f
3	155741986	155766935	3	141356472	141378898	46039f
16	11838015	11843820	16	9667873	9674215	fdb42f
6	44444388	44463329	6	50491712	50509047	8808a6
4	24403869	24426836	4	20328283	20343349	5c01a6
4	73907481	73935381	4	67825132	67854128	5c01a6
2	179470086	179498426	2	71026418	71051321	2e0595
6	38421591	38427460	6	56267374	56273331	8808a6
11	20216916	20229271	9	77499	91204	d8576b
2	21669356	21685370	2	219743348	219756658	2e0595
2	68278635	68285811	2	175495562	175499462	2e0595
1	287210371	287231053	1	268862497	268881987	0d0887
2	147672991	147723432	2	102335434	102380584	2e0595
14	7067819	7069625	13	4392223	4394029	f58b47
1	72170070	72192852	1	62040366	62060074	0d0887
2	99917309	99931627	2	147778784	147793188	2e0595
3	25652516	25685149	3	18958398	18990514	46039f
3	95039472	95109661	3	84059780	84088243	46039f
10	627084	637812	10	353625	369923	cc4778
1	314335973	314346419	1	294799429	294809814	0d0887
1	13323015	13350861	1	4012174	4060419	0d0887
3	123636865	123666471	3	109929370	109955624	46039f
8	35463358	35492728	8	27886430	27909833	ad2793
15	11793579	11806467	11	5292820	5305021	fb9f3a
5	16437473	16447415	5	95600195	95609290	7201a8
5	79507345	79539153	5	38789616	38808559	7201a8
4	9552705	9576166	4	5045391	5065502	5c01a6
3	119151451	119208276	3	104174420	104222285	46039f
2	212855477	212864660	2	39043666	39053248	2e0595
1	149168312	149180477	1	135619442	135629268	0d0887
2	80519096	80520914	2	164611102	164612920	2e0595
1	250242810	250251958	1	233082752	233091861	0d0887
1	317241862	317255699	1	297560516	297574854	0d0887
3	184909490	184954954	3	169300243	169427015	46039f
3	141125752	141228375	3	127352372	127380075	46039f
1	194063525	194082722	1	179126307	179146314	0d0887
3	179579713	179621224	3	164119522	164160694	46039f
1	265781759	265815390	1	248215004	248245248	0d0887
1	195064456	195097211	3	62966315	63012501	0d0887
5	64873578	64887517	5	49087366	49095761	7201a8
13	3231649	3240306	16	125687	134297	ed7953
6	53388279	53601497	6	41279565	41433351	8808a6
2	61550665	61573377	2	181972767	181992437	2e0595
12	3471024	3487830	12	15865807	15882055	e3685f
1	42227314	42252118	1	32970988	32995992	0d0887
12	13108326	13132001	12	4603963	4628848	e3685f
3	144660198	144687093	3	130552904	130573882	46039f
1	11485536	11497538	1	2458992	2462838	0d0887
2	189731869	189751404	2	60638386	60671504	2e0595
1	122925250	122944613	1	111346864	111366325	0d0887
8	38335773	38340948	8	30933570	30943950	ad2793
16	9644456	9655587	4	57573886	57585333	fdb42f
3	100078431	100116554	3	90408765	90437137	46039f
2	234423899	234435922	2	15441292	15446801	2e0595
16	11784848	11792140	16	9577299	9584756	fdb42f
6	67288079	67311123	6	28042149	28061613	8808a6
3	131113922	131145715	3	117521182	117552207	46039f
2	147348718	147364328	2	102614172	102630104	2e0595
6	38828008	38850928	6	55812491	55835607	8808a6
3	32622240	32628257	3	25685784	25691537	46039f
6	20407055	20437691	6	73973548	74024241	8808a6
19	3008338	3018296	15	928556	938609	f0f921
1	271836579	271838373	1	253863653	253865447	0d0887
3	107039223	107054104	3	92851351	92865387	46039f
4	20613571	20655223	4	16281766	16323326	5c01a6
7	33913366	33937095	7	44749259	44765805	9c179e
8	28954937	28974395	8	21927515	21948709	ad2793
4	44439047	44451214	4	40337144	40345933	5c01a6
17	11015219	11025585	15	5872566	5883077	fdca26
1	301552530	301565588	1	282885116	282897920	0d0887
2	67036979	67070254	2	176665150	176700802	2e0595
3	140120971	140156402	3	126294285	126389007	46039f
14	8419143	8449534	13	9008454	9025561	f58b47
17	10696587	10701778	15	5365197	5370392	fdca26
3	45504036	45525355	3	37936634	37956160	46039f
5	74541862	74668493	5	42049922	42122672	7201a8
3	169040500	169063314	3	154129911	154149588	46039f
2	133234377	133264465	2	115722506	115748111	2e0595
1	251660397	251675799	1	234664954	234695661	0d0887
2	30004920	30043650	2	211552688	211682953	2e0595
2	152161450	152178871	2	97374398	97391701	2e0595
6	55934118	55962245	6	39093835	39117944	8808a6
10	11464076	11511550	10	14546488	14578490	cc4778
3	62066597	62098907	3	53756840	53790962	46039f
3	186248096	186254310	3	170540023	170546283	46039f
6	85459466	85469273	8	25083354	25093527	8808a6
12	16542351	16547035	12	2547796	2550257	e3685f
1	129332858	129716183	1	117310544	117428249	0d0887
14	10156425	10167203	13	13234988	13244151	f58b47
2	101021629	101033175	2	146674428	146685436	2e0595
1	273423470	273432459	1	255408326	255417351	0d0887
2	133043230	133084339	2	115908807	115951743	2e0595
2	214943016	214952176	2	37818875	37826730	2e0595
8	30861702	30897105	8	23822575	23852752	ad2793
1	260861429	260884234	1	243372747	243394452	0d0887
2	198855826	198877724	2	52029939	52053413	2e0595
1	94572924	94592623	1	92871471	92884225	0d0887
13	12483339	12500266	14	4962911	4978748	ed7953
7	71840461	71853070	7	15097301	15108629	9c179e
1	17531440	17542199	1	8598074	8608909	0d0887
12	982787	994294	16	4308078	4319390	e3685f
1	116556674	116569222	1	103450579	103461826	0d0887
1	267883849	267890766	1	250205695	250212775	0d0887
15	5126166	5127933	11	11429454	11431221	fb9f3a
13	18047069	18053331	16	6104346	6111146	ed7953
11	19495646	19524242	9	839031	861131	d8576b
2	32321588	32323355	2	209388996	209390763	2e0595
17	10131528	10138826	15	6098200	6105750	fdca26
1	195499238	195503521	2	18955783	18959903	0d0887
13	16975555	16985609	16	6986063	6994385	ed7953
5	35241311	35257611	5	77056422	77070783	7201a8
6	62415695	62522939	6	32416297	32505813	8808a6
1	173068176	173109692	1	159171568	159216529	0d0887
14	992487	1001882	15	11400961	11410304	f58b47
6	26996007	27013964	6	67633989	67651416	8808a6
3	20409143	20441020	3	13960366	13983447	46039f
6	80858695	80885112	6	15923922	15943468	8808a6
1	142507090	142642933	1	129374189	129470136	0d0887
8	7702023	7753255	1	82573200	82600811	ad2793
2	25954031	25961169	2	215647021	215653896	2e0595
1	284098536	284122410	1	265938335	265962454	0d0887
3	137969465	138060651	3	124164189	124229172	46039f
1	64006165	64025695	1	53916844	53979249	0d0887
5	65998036	65999788	5	48324170	48325922	7201a8
13	17690890	17725094	16	6450074	6477157	ed7953
15	14796425	14821547	11	2489380	2503205	fb9f3a
3	188734513	188754497	3	172759295	172774203	46039f
1	75641562	75657505	1	65886252	65899911	0d0887
5	22067757	22090552	5	89980139	90001878	7201a8
8	29462365	29486035	8	22404957	22426119	ad2793
1	327545809	327588880	1	307435400	307476920	0d0887
1	23678791	23706015	1	14323972	14361394	0d0887
3	147164245	147177339	3	133132343	133143935	46039f
6	52344711	52364582	6	42421361	42481063	8808a6
2	168092553	168108271	2	82027620	82041972	2e0595
3	50573972	50600844	3	42909769	42935385	46039f
7	13003250	13052407	7	65877909	65913128	9c179e
7	47664049	47684437	7	31037577	31053823	9c179e
1	312096940	312125730	1	292556396	292585378	0d0887
16	10814396	10822355	16	8113665	8121614	fdb42f
8	48091017	48117555	8	40027258	40051734	ad2793
4	73619236	73705552	4	67520035	67581425	5c01a6
6	86301607	86402555	6	11167333	11275777	8808a6
6	18341279	18378763	6	76045286	76056249	8808a6
6	42351421	42365591	6	52525549	52536843	8808a6
1	244878381	244896471	1	227496490	227514720	0d0887
14	1491669	1497561	15	10865468	10871363	f58b47
3	14457778	14470832	3	8265356	8275641	46039f
3	142364452	142376090	3	128379968	128391739	46039f
2	212498068	212523024	2	39367273	39391206	2e0595
2	177137148	177149805	2	73306925	73319541	2e0595
16	11768037	11774111	16	9561496	9566877	fdb42f
4	20240117	20257089	4	15869440	15881362	5c01a6
4	50744472	50746206	4	46850519	46852253	5c01a6
3	134725636	134739849	3	120985981	121000222	46039f
4	98973992	99045246	4	90275689	90317356	5c01a6
5	81606318	81689224	5	37313922	37395755	7201a8
17	8564620	8577562	15	7770936	7782786	fdca26
5	94021260	94048685	5	25595620	25626106	7201a8
8	24737535	24752363	8	17641608	17697920	ad2793
2	61253659	61255342	2	182271832	182273509	2e0595
2	168862454	169019274	2	81153151	81318607	2e0595
17	10390491	10396167	15	5692280	5697810	fdca26
1	86777462	86796300	1	76276202	76297254	0d0887
5	91102570	91128332	5	28826484	28853474	7201a8
7	80176112	80196066	7	7249169	7266360	9c179e
2	152842661	152859025	2	96697807	96706370	2e0595
1	70919357	70979978	1	60841891	60905272	0d0887
3	115307260	115335352	3	100589491	100614553	46039f
5	9547918	9596543	5	100912907	100959448	7201a8
2	216844410	217005297	2	31959472	32092689	2e0595
13	1928773	1947336	16	2347350	2366826	ed7953
3	115230212	115243642	3	100521147	100532337	46039f
7	23119574	23149674	7	55277615	55300719	9c179e
16	7868196	7869906	17	4088903	4090613	fdb42f
3	140078906	140103855	3	126255464	126280550	46039f
5	68174538	68271797	5	46254065	46376993	7201a8
3	171522617	171540388	3	156498133	156515210	46039f
2	212535270	212568319	2	39323582	39353275	2e0595
3	165866680	165875687	3	151081475	151090470	46039f
2	190883362	190891257	2	59527326	59534869	2e0595
2	206281362	206296011	2	45005847	45020288	2e0595
13	3838939	3859343	14	12795077	12814557	ed7953
6	10258474	10292530	6	84092162	84121964	8808a6
11	6901554	6944970	9	13158305	13180798	d8576b
1	190801953	190812705	1	175882011	175891729	0d0887
8	37738626	37750539	8	30373664	30384493	ad2793
16	7518755	7535132	17	4454063	4467058	fdb42f
8	25249079	25263785	8	18299469	18317452	ad2793
6	48555080	48676754	6	45852280	45993123	8808a6
3	177870010	177894900	3	162617010	162639954	46039f
1	319426974	319443584	1	299618114	299637137	0d0887
3	175702374	175768378	3	160465412	160537368	46039f
12	8211060	8225087	12	9731424	9744754	e3685f
1	20896966	20904052	1	11681118	11689011	0d0887
3	89052558	89113961	3	79485530	79541769	46039f
4	7745120	7755079	4	3272049	3281943	5c01a6
6	33123045	33156662	6	61373454	61406269	8808a6
3	170278818	170306682	3	155340903	155363879	46039f
1	247177383	247199231	1	229622686	229635899	0d0887
15	13757791	13763621	11	3705434	3724106	fb9f3a
11	13127830	13135807	9	7064456	7072385	d8576b
1	51212066	51238331	1	41484744	41507889	0d0887
2	51195843	51235086	2	191457864	191483076	2e0595
5	32497015	32509560	5	79537054	79546197	7201a8
11	20561910	20576841	9	20132724	20148125	d8576b
3	159756320	159761710	3	145318746	145324161	46039f
1	28093433	28098926	1	18739074	18745183	0d0887
3	13857990	13886416	3	7508941	7531232	46039f
1	55664479	55681342	1	45862961	45878900	0d0887
7	33574648	33606763	7	45080558	45106624	9c179e
1	259707479	259732881	1	242187765	242220801	0d0887
1	34175503	34207769	1	24332639	24357797	0d0887
1	116879232	116905917	1	103106185	103130403	0d0887
16	12318399	12328534	16	10182173	10192417	fdb42f
16	1331938	1363363	17	6111111	6129897	fdb42f
2	28625774	28641421	2	213020874	213035010	2e0595
7	23492757	23522678	7	54905852	54935340	9c179e
13	740114	741857	16	1128632	1130378	ed7953
15	14766585	14776516	11	2522006	2531953	fb9f3a
15	11175533	11205848	11	7534366	7561013	fb9f3a
17	8082730	8092146	15	8243188	8251029	fdca26
3	124083269	124102498	3	110329462	110347606	46039f
1	195986243	196071918	1	189452416	189559569	0d0887
1	259218322	259261335	1	241747270	241782666	0d0887
16	6881592	6891441	17	3892365	3903142	fdb42f
12	777109	785002	16	4513162	4519546	e3685f
3	89784691	89801397	3	80183482	80195697	46039f
4	31615429	31627733	4	27480398	27493103	5c01a6
1	150153694	150175936	1	136591573	136610077	0d0887
4	89314525	89327299	4	79822917	79838205	5c01a6
2	206172754	206202470	2	45090457	45118490	2e0595
1	277591492	277606952	1	259633099	259650299	0d0887
2	133967763	133991502	2	115083719	115106352	2e0595
1	16762580	16788990	1	7702439	7729941	0d0887
2	135044506	135089976	2	113700386	113727085	2e0595
6	60845603	60863166	6	33951325	33968884	8808a6
7	31876739	31907054	7	46695209	46723807	9c179e
2	165129374	165148329	2	84962904	84979881	2e0595
11	6187196	6237257	9	13812640	13818622	d8576b
1	73193739	73210337	1	63053737	63069978	0d0887
5	61898419	61937877	5	52345587	52382098	7201a8
4	86341768	86362690	4	77038446	77057913	5c01a6
2	61430968	61480765	2	182058080	182094713	2e0595
15	1288276	1293872	11	16323877	16329758	fb9f3a
1	292677507	292684846	1	274155207	274163671	0d0887
8	20888170	20897417	8	13781183	13791331	ad2793
15	6178649	6187689	11	10342324	10350022	fb9f3a
1	94502716	94536856	1	92913250	92933318	0d0887
10	11045210	11056578	10	15026830	15037402	cc4778
6	31537668	31569830	6	62870601	62901188	8808a6
14	8109539	8118866	13	5394407	5400882	f58b47
1	293364573	293384390	1	274866788	274881412	0d0887
6	91655350	91657958	6	4085246	4086695	8808a6
5	51669894	51691318	5	62460986	62483824	7201a8
5	84167307	84328048	5	35115917	35224740	7201a8
8	60406268	60414289	1	64166786	64174918	ad2793
1	37568	42424	3	386935	391987	0d0887
7	19961185	19983299	7	58412253	58428871	9c179e
6	38178162	38190372	6	56695369	56706811	8808a6
2	41528097	41540924	2	200699892	200713048	2e0595
2	199061766	199071091	2	51836584	51847319	2e0595
1	265703753	265740803	1	248148594	248181912	0d0887
2	203684905	203686573	2	47432266	47433934	2e0595
18	418464	425968	4	113556929	113563716	f8e125
8	20783779	20798247	8	13666172	13683171	ad2793
3	110839883	110850552	3	96484670	96495423	46039f
3	178648784	178662058	3	163269463	163282543	46039f
11	2204763	2217296	9	17394131	17407533	d8576b
1	215154216	215247936	1	198703191	198771612	0d0887
3	37272072	37347501	3	30196855	30256025	46039f
2	73875944	73903463	2	170268321	170288258	2e0595
3	194413321	194422436	3	178631524	178641288	46039f
7	47826812	47842732	7	30893619	30908262	9c179e
1	149268449	149276773	1	135718584	135724272	0d0887
6	49197784	49199431	6	45342660	45344307	8808a6
2	154816321	154821743	2	94736846	94741901	2e0595
2	152049744	152138674	2	97417598	97461029	2e0595
2	217347122	217348760	2	31594206	31595844	2e0595
7	48577911	48579504	7	30763510	30765103	9c179e
1	285510326	285672795	1	267365800	267535894	0d0887
2	40877522	40895184	2	201344155	201359997	2e0595
1	72262731	72286442	1	62135465	62156158	0d0887
16	2736803	2772751	17	1186346	1223042	fdb42f
2	16065664	16087186	2	224245527	224267838	2e0595
1	81679581	81707178	1	71448272	71474107	0d0887
4	71430569	71496111	4	65771950	65806387	5c01a6
16	11911553	11924553	16	9772163	9779279	fdb42f
7	26602347	26612505	7	51881648	51892324	9c179e
3	160695819	160706308	3	146170821	146180420	46039f
6	84258148	84297751	6	12640843	12673455	8808a6
6	81129328	81164238	6	15615485	15654301	8808a6
1	262068372	262091396	1	244406836	244429173	0d0887
3	48174822	48176499	3	40389297	40390974	46039f
2	18236430	18259940	2	222120700	222144745	2e0595
3	68247674	68267179	3	59392120	59408891	46039f
1	98903455	98929935	1	88387581	88404291	0d0887
7	55816197	55840577	7	23486261	23502964	9c179e
1	308010295	308078095	1	289579115	289628924	0d0887
2	232700706	232710029	2	17066853	17076688	2e0595
3	179652495	179658131	3	164193596	164201521	46039f
2	96982759	96994689	2	150474054	150484807	2e0595
7	25928515	25947720	7	52548496	52568232	9c179e
3	99034228	99171484	3	89435995	89535399	46039f
3	139954718	140055148	3	126146405	126231795	46039f
14	9769511	9801962	13	13568368	13594356	f58b47
6	46703015	46719441	6	47797550	47815421	8808a6
7	15321228	15359438	7	62779116	62809697	9c179e
6	71057720	71074858	6	24355624	24371370	8808a6
1	48653011	48665925	1	38969191	38982399	0d0887
1	79341420	79351108	1	69227758	69239740	0d0887
3	91219638	91235950	3	81418105	81434433	46039f
10	16577847	16587472	10	10242031	10249859	cc4778
6	30678227	30706391	6	63703456	63729469	8808a6
7	47274316	47302423	7	31447582	31475769	9c179e
1	239375047	239391788	1	221734740	221749855	0d0887
5	10859323	10933178	5	99790220	99852569	7201a8
1	226302809	226316478	1	209035658	209049748	0d0887
5	13251398	13267060	5	97582138	97604944	7201a8
5	36490524	36516237	5	75964409	75969827	7201a8
1	127319799	127333454	1	115425349	115439302	0d0887
7	28444222	28449256	7	50118571	50123758	9c179e
1	159689026	159695829	1	146000058	146007705	0d0887
16	12457578	12466576	16	10339126	10348090	fdb42f
8	57632596	57785238	2	99151299	99319038	ad2793
7	27086594	27108372	7	51428675	51450039	9c179e
4	21532010	21574661	4	17478457	17517956	5c01a6
1	302229078	302248388	1	283565724	283587379	0d0887
8	60316742	60344586	8	50195022	50208625	ad2793
1	72606591	72608040	1	62453226	62454675	0d0887
5	30438361	30448413	5	81487336	81496688	7201a8
1	227748285	227771504	1	210358302	210381679	0d0887
8	64570186	64589052	8	53044767	53062959	ad2793
11	20339119	20346335	1	95640172	95647671	d8576b
2	243048515	243144239	2	6070751	6147026	2e0595
4	80687972	80697360	4	84975422	84986871	5c01a6
5	68331092	68340767	5	46161971	46172070	7201a8
1	32921016	32988014	1	23160837	23210242	0d0887
4	86638654	86679636	4	77336546	77373443	5c01a6
1	107608999	107633048	1	232253169	232272634	0d0887
14	5761021	5773640	13	3214951	3224804	f58b47
11	20651509	20657958	9	20302563	20319887	d8576b
1	339430157	339434718	12	15504157	15508692	0d0887
3	123162573	123195126	3	108674404	108706771	46039f
2	93280545	93314738	2	156802090	156830714	2e0595
1	176709540	176748026	1	164389728	164418860	0d0887
17	9868357	9883571	15	6406683	6420539	fdca26
2	54762332	54763892	2	188182624	188184184	2e0595
2	103303772	103329908	2	144418554	144449387	2e0595
7	41677704	41709687	7	36992085	37023553	9c179e
13	7579502	7581110	14	9663874	9665482	ed7953
5	51596381	51626215	5	62519361	62538733	7201a8
17	8296076	8302327	15	8042909	8048438	fdca26
3	83288874	83314405	3	73857583	73875906	46039f
1	267659791	267693894	1	250027934	250053404	0d0887
1	18622917	18639867	1	9659020	9679886	0d0887
1	226640267	226677700	1	209365912	209399656	0d0887
8	17218546	17235424	8	10204962	10218650	ad2793
14	1082173	1087103	15	11283786	11288990	f58b47
2	33942814	33964610	2	207909636	207926272	2e0595
2	72682165	72697596	2	171373815	171390595	2e0595
3	25932833	25934441	3	19234650	19236258	46039f
2	232797021	232820599	2	16915830	16938829	2e0595
2	33627711	33655058	2	208144627	208166405	2e0595
13	721452	729247	16	1108257	1124715	ed7953
1	124021603	124180242	1	112370432	112527019	0d0887
3	150895092	150914611	3	136578439	136643890	46039f
3	54076244	54077843	3	46140543	46142142	46039f
1	316970512	316976229	1	297304231	297310393	0d0887
1	194607517	194609062	1	179645927	179647472	0d0887
4	8990078	9120186	4	4558341	4607407	5c01a6
2	189683490	189700644	2	60707832	60714989	2e0595
2	159714299	159745125	2	89917617	89942559	2e0595
4	49086020	49114837	4	44921889	44949378	5c01a6
7	71865780	71874592	7	15077607	15086250	9c179e
1	241868124	241917533	1	223647189	223679989	0d0887
1	319333087	319345305	1	299532703	299540950	0d0887
3	179882707	179951014	3	164413838	164474214	46039f
3	55025967	55108733	3	46986252	47045546	46039f
14	15931527	15967050	13	6481458	6510769	f58b47
7	8073025	8269598	1	61117800	61128983	9c179e
1	165819870	165852109	1	151770801	151796343	0d0887
5	90604962	90628104	5	29312336	29338384	7201a8
2	216332758	216342296	2	32594598	32604050	2e0595
1	298617699	298619280	1	106348518	106350099	0d0887
1	273133711	273135277	1	255072864	255074430	0d0887
3	139113223	139138606	3	125382071	125407517	46039f
4	86550225	86571058	4	77264118	77280839	5c01a6
2	90679868	90693781	2	154340643	154355322	2e0595
1	68737845	68838220	1	58927784	58989907	0d0887
14	3214759	3223924	1	105551183	105558975	f58b47
1	239107038	239107911	1	221459057	221459930	0d0887
2	201236857	201259151	2	49745774	49765243	2e0595
1	205486740	205491838	1	180478871	180484420	0d0887
3	142387077	142412612	3	128404422	128435406	46039f
1	61817478	61819065	1	51779158	51780745	0d0887
3	193729741	193740045	3	179415572	179424605	46039f
8	43191114	43217808	8	35521396	35584633	ad2793
3	87784301	87834256	3	78271417	78314765	46039f
1	309958272	309979149	1	291563641	291582834	0d0887
16	8767562	8820073	1	224435156	224472603	fdb42f
1	16273906	16293668	1	7131847	7152647	0d0887
1	172151289	172267097	1	158180366	158309683	0d0887
5	31971071	31984719	5	80001234	80015191	7201a8
7	2774262	2788439	12	8667690	8700760	9c179e
10	6266624	6279988	3	55016793	55043755	cc4778
5	30887377	30893854	5	81050007	81056628	7201a8
13	871522	882775	16	1260690	1272796	ed7953
6	47754782	47803930	6	46746048	46801729	8808a6
1	166482056	166506619	1	152404899	152429200	0d0887
2	142977593	142985896	2	106876082	106883646	2e0595
1	71766528	71784061	1	61668241	61683617	0d0887
3	160081247	160107046	3	145591994	145607200	46039f
1	79291421	79292969	1	69158110	69159658	0d0887
19	3215735	3228802	15	719150	730106	f0f921
1	80709746	80739394	1	70538725	70558357	0d0887
7	24311074	24321048	7	54128621	54137883	9c179e
3	150771840	150773379	3	136511586	136513125	46039f
3	182008892	182012441	3	166415609	166419135	46039f
17	10088221	10089790	15	6056264	6057833	fdca26
16	974962	983365	17	6478252	6485210	fdb42f
1	169109336	169119330	6	64176881	64184873	0d0887
18	6898519	6910390	18	3337364	3347929	f8e125
2	104902949	104935811	2	157104814	157137595	2e0595
3	49724760	49741234	3	42108159	42124662	46039f
5	100567962	100584886	5	19371811	19388732	7201a8
7	38205520	38257640	7	40532096	40563870	9c179e
8	5424007	5425573	8	1670477	1672043	ad2793
3	45241696	45259648	3	37684283	37702664	46039f
3	147779777	147788886	3	133810338	133818867	46039f
5	71306689	71363948	5	44323480	44357477	7201a8
6	87672400	87693766	6	9958110	9979430	8808a6
1	277952427	277959657	1	259968026	259974677	0d0887
7	55511510	55513049	7	26504959	26506498	9c179e
2	207100920	207129103	2	44268093	44294098	2e0595
5	31383763	31390117	5	80628209	80634623	7201a8
19	860473	870747	15	2489473	2498947	f0f921
7	47696276	47705036	7	31016595	31025456	9c179e
1	64466064	64467486	1	54481031	54482453	0d0887
12	4926267	4935241	12	12972502	12982552	e3685f
17	8675425	8747875	15	7615172	7667029	fdca26
1	237549383	237561329	1	219939796	219952678	0d0887
10	16060814	16095969	10	10775065	10833447	cc4778
2	150264374	150286483	2	100014379	100039340	2e0595
16	13051056	13057693	16	10924041	10940658	fdb42f
2	31887847	31910484	2	209789217	209813078	2e0595
17	8459011	8473763	15	7862508	7876746	fdca26
1	119166064	119278583	1	107816914	107928593	0d0887
2	18536069	18562416	2	221748838	221849278	2e0595
2	202167779	202186931	2	48926060	49001610	2e0595
11	8707370	8714578	9	11477035	11483354	d8576b
1	305952616	305990776	1	287176081	287232725	0d0887
6	45612934	45639681	6	48854273	48874162	8808a6
1	71171336	71178188	1	61078127	61084817	0d0887
15	1811253	1816895	11	14808949	14816716	fb9f3a
7	23588362	23598818	7	54831712	54840726	9c179e
12	3242941	3249450	12	15664374	15670675	e3685f
3	115101629	115112113	3	100393675	100406148	46039f
5	120753678	120767420	5	1086019	1098347	7201a8
2	34015956	34017465	2	207857853	207859362	2e0595
7	32014190	32033182	7	46559830	46579361	9c179e
4	91651824	91692101	4	82322372	82361663	5c01a6
5	59708578	59732606	5	54427711	54477177	7201a8
1	51486100	51496765	1	41752235	41760555	0d0887
4	38587794	38616757	4	34470445	34497798	5c01a6
7	30150215	30182450	7	48463155	48481439	9c179e
15	3632915	3648523	11	12883641	12959171	fb9f3a
3	160034295	160062267	3	145549707	145583373	46039f
6	30876763	30884462	6	63527554	63535102	8808a6
4	42158200	42160965	4	38111037	38119373	5c01a6
1	195806490	195833648	1	189670853	189692820	0d0887
15	11514822	11533016	2	191048439	191072788	fb9f3a
1	222721174	222747529	1	205729936	205748837	0d0887
1	79363320	79398696	1	69252241	69286103	0d0887
7	14641519	14663790	7	63418451	63441237	9c179e
7	20858796	20874674	7	57459763	57476697	9c179e
13	11214105	11226522	14	6099587	6110334	ed7953
8	59937722	59970903	8	49846581	49867177	ad2793
7	29303649	29318276	7	49295408	49306694	9c179e
15	6860841	6872909	11	9677260	9688577	fb9f3a
4	82162629	82174093	4	73631324	73641482	5c01a6
3	37449686	37457430	3	30352610	30360392	46039f
1	257780166	257785391	1	240356498	240358391	0d0887
1	164325463	164349710	1	150163228	150184710	0d0887
8	4586426	4623895	2	213470614	213473417	ad2793
5	24399445	24445855	5	87781320	87821240	7201a8
1	697036	701625	3	129615	130914	0d0887
2	151348363	151370671	2	98120438	98143961	2e0595
11	4166653	4182874	9	15540678	15557073	d8576b
2	28649538	28658977	2	212998597	213007965	2e0595
3	27388794	27400847	3	20667020	20679428	46039f
10	724444	732554	10	452077	463929	cc4778
16	10531484	10553685	16	7806092	7825601	fdb42f
2	151803150	151815999	2	97705686	97718986	2e0595
1	287609974	287647241	1	269207826	269240513	0d0887
2	98048985	98056031	2	149452886	149458251	2e0595
1	48783232	48792262	1	39094018	39101300	0d0887
2	32874584	32889468	2	208879779	208892438	2e0595
3	105997369	106020543	3	87437526	87459884	46039f
13	2263450	2273981	16	2662940	2673558	ed7953
5	50248537	50256710	5	63792577	63800636	7201a8
3	156705184	156713631	3	142255053	142264440	46039f
16	12116020	12120316	16	9972838	9977218	fdb42f
11	22784574	22788090	9	22325206	22328860	d8576b
1	142244742	142270940	1	129124751	129159759	0d0887
6	57011482	57038377	6	38203725	38231208	8808a6
6	67627045	67628536	6	27761183	27762674	8808a6
6	47712568	47731326	6	46825385	46836909	8808a6
3	183220754	183230288	3	167617694	167629760	46039f
4	21266610	21377503	4	16934934	17033997	5c01a6
3	89812469	89823801	3	80206560	80217007	46039f
17	4678011	4718031	15	10145514	10153896	fdca26
11	22654203	22657848	9	22189267	22192906	d8576b
3	151178778	151189621	3	136870440	136881539	46039f
6	30522871	30571649	6	63814886	63845053	8808a6
7	71889504	71914799	7	15049403	15063330	9c179e
16	12132631	12140072	16	9990546	9997041	fdb42f
1	269950920	269975039	1	252174094	252199819	0d0887
1	332468806	332470315	15	1317199	1318708	0d0887
6	48170407	48178833	6	46384488	46399006	8808a6
16	12512962	12522549	16	10394575	10415910	fdb42f
3	20279917	20287937	3	13812890	13820452	46039f
2	205160461	205174902	2	46060773	46075176	2e0595
2	232150544	232200585	2	17533288	17583832	2e0595
3	159049902	159070752	3	144634260	144653183	46039f
15	1371003	1377120	11	16236005	16242855	fb9f3a
1	63454650	63486521	1	53359474	53370094	0d0887
3	135266218	135292734	3	121514132	121539636	46039f
7	24247941	24257883	7	54188988	54200081	9c179e
3	150400716	150405633	3	136144928	136149297	46039f
7	83915170	83929972	7	3634067	3649172	9c179e
6	42072009	42073506	6	52831702	52833199	8808a6
16	1400303	1415455	17	6072507	6084776	fdb42f
2	164759402	164782340	2	85307413	85327149	2e0595
14	1252701	1273360	15	11093230	11119762	f58b47
6	98746494	98775786	6	462661	491052	8808a6
12	3760238	3769202	12	16120202	16171372	e3685f
15	16414047	16423780	11	892851	902331	fb9f3a
15	13133094	13145093	11	4076504	4087250	fb9f3a
4	77812405	77870271	4	70162906	70191733	5c01a6
14	9305370	9312390	13	9805991	9814279	f58b47
2	37405185	37428516	2	204749644	204772274	2e0595
7	78874520	78905948	7	8384137	8410195	9c179e
6	22256648	22276496	6	72292234	72308529	8808a6
3	138743001	138838524	3	124952758	125037473	46039f
1	68582396	68666762	1	58831774	58854014	0d0887
2	222953486	223041392	2	26398578	26466194	2e0595
19	1365254	1369128	1	198602340	198606498	f0f921
5	40639766	40650784	5	72642856	72653855	7201a8
1	293396311	293426262	1	274894535	274909178	0d0887
3	100136495	100145272	3	90456094	90462071	46039f
8	31123612	31183394	8	24107713	24165459	ad2793
1	192805519	192812611	1	177862426	177871723	0d0887
1	126639066	126660995	1	114792262	114813255	0d0887
3	86281857	86292337	3	76822639	76831975	46039f
14	2532856	2538054	13	619796	625048	f58b47
2	26869853	26896729	2	214728936	214748840	2e0595
3	137082394	137102691	3	123275167	123295780	46039f
2	221952529	221968214	2	27340021	27356193	2e0595
1	323919442	323944750	1	304046459	304084026	0d0887
1	293253416	293259122	1	274756648	274762329	0d0887
5	22591640	22607680	5	89485575	89499109	7201a8
1	239720261	239726305	1	222059511	222065562	0d0887
1	184298693	184324289	1	170384442	170402432	0d0887
13	18785390	18834098	16	5272411	5293063	ed7953
4	50101450	50119220	4	45974074	45994558	5c01a6
1	261808084	261838754	1	244164074	244185195	0d0887
3	35338549	35453699	3	28407146	28497338	46039f
1	160200686	160250943	1	146471534	146513576	0d0887
7	20672581	20696256	7	57636362	57660340	9c179e
3	165372891	165386262	3	150616161	150624180	46039f
3	37981339	37983327	3	30930192	30932180	46039f
5	86655407	86718129	5	32898691	32929957	7201a8
13	7930077	7955605	14	9326424	9344636	ed7953
2	198524957	198542509	2	52410252	52424983	2e0595
7	29412199	29413702	7	49202901	49204404	9c179e
2	152215152	152233525	2	97324127	97334676	2e0595
3	169378216	169380777	3	154448063	154450636	46039f
3	33969893	33989036	3	26990272	27005080	46039f
14	2463496	2483302	13	502632	521312	f58b47
1	101790939	101869848	1	85463331	85497680	0d0887
15	12147592	12154359	11	4944114	4952091	fb9f3a
2	104625702	104655579	2	143030838	143060614	2e0595
2	154332734	154401100	2	95146171	95179678	2e0595
5	56026694	56040771	5	58748449	58769026	7201a8
1	116634708	116641299	1	103357652	103381169	0d0887
17	9770233	9790928	15	6494611	6514862	fdca26
1	319580289	319617211	1	299763446	299788619	0d0887
17	10714757	10724867	15	5344050	5351799	fdca26
8	26375659	26409279	8	19529610	19563404	ad2793
4	58738276	58834185	4	54039033	54141519	5c01a6
19	204192	207331	15	3120285	3123193	f0f921
19	3197703	3204087	15	748085	753434	f0f921
15	11428066	11443359	11	7670777	7702929	fb9f3a
5	50258174	50269291	5	63782289	63791116	7201a8
15	16664767	16670180	11	653365	663087	fb9f3a
2	143096696	143125858	2	106748251	106777993	2e0595
1	90060946	90069435	1	79473864	79487468	0d0887
2	132837282	132851091	2	116157050	116167196	2e0595
8	64549386	64562309	8	53023892	53036004	ad2793
16	13060170	13066601	16	10932447	10938637	fdb42f
8	53344889	53366608	8	44636897	44654960	ad2793
1	200747053	200748538	1	185292992	185294477	0d0887
4	13868545	13899774	4	9559876	9593046	5c01a6
8	58633111	58639351	8	48626790	48632289	ad2793
2	101870383	101887631	2	145823887	145845374	2e0595
6	70702522	70714580	6	24768960	24779615	8808a6
3	79390398	79401857	3	70134797	70146788	46039f
5	13974214	13993676	1	30792591	30819197	7201a8
1	269976209	269998441	1	252200987	252220495	0d0887
5	119015218	119049120	5	1994520	2014681	7201a8
4	89644671	89667076	4	80184217	80206264	5c01a6
13	2113558	2119442	16	2519442	2524495	ed7953
7	91420665	91422144	3	136421261	136422758	9c179e
14	3764003	3800173	1	142302638	142341061	f58b47
1	34398002	34526957	1	24607409	24640500	0d0887
4	49998157	50002961	4	45839455	45844233	5c01a6
1	100792276	100817853	1	86492598	86516361	0d0887
13	8662509	8680142	14	8643956	8666299	ed7953
3	79778114	79883812	3	70492280	70594300	46039f
7	18011785	18047139	7	60191968	60220971	9c179e
2	153813558	153860003	2	95717903	95743063	2e0595
1	48821548	48843822	1	39134192	39157406	0d0887
3	46350278	46374336	3	38784804	38808352	46039f
2	92150619	92167421	2	155692411	155705950	2e0595
12	9055709	9068512	12	8753782	8761168	e3685f
15	13771713	13777324	11	3719216	3724097	fb9f3a
1	248560000	248561482	1	230970873	230972349	0d0887
16	7991379	7996006	16	7782383	7786796	fdb42f
5	17103502	17178725	5	94971281	95030940	7201a8
1	257060310	257071969	1	239662172	239672941	0d0887
2	53437341	53460752	2	189321249	189341723	2e0595
1	62318377	62334374	1	52294021	52308643	0d0887
1	246483574	246505820	1	228952733	228976234	0d0887
6	38391499	38418904	6	56275915	56302092	8808a6
6	70902649	70919282	6	24509322	24525143	8808a6
14	430052	433425	15	11983367	11986738	f58b47
2	155013575	155029526	2	94557580	94564634	2e0595
13	12522593	12539146	14	4925656	4943047	ed7953
2	209758424	209768887	2	41851585	41861941	2e0595
15	7778235	7783188	11	8852424	8857854	fb9f3a
5	24058736	24088573	5	88105340	88132321	7201a8
3	170644533	170650537	3	155717045	155724736	46039f
7	16278205	16294815	7	61879330	61894664	9c179e
1	71228506	71239249	1	61117800	61128983	0d0887
1	204805478	204806939	1	181151494	181152955	0d0887
1	126438286	126446742	1	114569153	114608724	0d0887
1	316938971	316945958	1	297274679	297281624	0d0887
2	141418412	141431114	8	30002149	30013465	2e0595
3	28840255	28846237	3	22013210	22019767	46039f
15	82106	93232	18	761050	772811	fb9f3a
8	39114042	39131753	8	31676479	31691816	ad2793
4	49144334	49224645	4	44969218	45038818	5c01a6
7	39547895	39560614	7	39130521	39141766	9c179e
7	75870213	75901269	7	11216131	11238641	9c179e
2	207490900	207521822	2	43903355	43932074	2e0595
1	250661891	250670886	1	233515540	233524562	0d0887
7	51171047	51218942	7	28536569	28566518	9c179e
4	23327525	23331595	4	19248117	19254285	5c01a6
4	91890939	91898909	4	82557591	82567788	5c01a6
4	86095253	86125494	4	76824462	76847910	5c01a6
3	95528443	95553065	5	40730449	40786059	46039f
10	884452	892627	2	55500113	55507723	cc4778
1	123229624	123264358	1	111671078	111705284	0d0887
7	56209690	56279515	7	22945179	22984847	9c179e
2	152242801	152263541	2	97296341	97314069	2e0595
3	147052100	147058576	3	133018121	133024403	46039f
7	19872263	19897661	7	58653007	58672891	9c179e
2	219864289	219898652	2	29317380	29348566	2e0595
1	339949426	340019966	6	19767265	19771311	0d0887
13	931879	940999	16	1315242	1324290	ed7953
3	47290376	47311370	3	39511828	39530331	46039f
7	30343317	30362941	7	48291012	48312231	9c179e
8	68554402	68587821	8	56760231	56789003	ad2793
14	4628631	4650364	13	1954270	1973107	f58b47
6	35016646	35043471	6	59679335	59695771	8808a6
14	16444792	16456610	13	6040675	6052062	f58b47
2	140872681	140878862	2	108258731	108265283	2e0595
1	317072497	317080805	1	297418435	297426722	0d0887
5	51837826	51870465	5	62300979	62331812	7201a8
1	288519760	288548290	1	270074571	270104930	0d0887
8	35769226	35780746	8	28139839	28152405	ad2793
1	199086110	199108625	1	186923397	186944829	0d0887
1	158016596	158020998	1	144341309	144345860	0d0887
13	17561407	17583482	16	6577130	6597854	ed7953
11	22607990	22617887	9	22143302	22153682	d8576b
1	288323475	288341639	1	269870739	269886566	0d0887
1	166878980	166907957	1	152748941	152772847	0d0887
3	83326608	83365746	3	73888052	73922368	46039f
1	99000343	99015298	1	88295226	88312458	0d0887
1	165944189	165958040	1	151872902	151886979	0d0887
1	130681895	130701394	1	118639612	118656198	0d0887
6	12804291	12809908	6	81509464	81514577	8808a6
4	86379812	86410957	4	77090569	77130747	5c01a6
1	146488572	146542087	1	133065165	133094437	0d0887
1	222787557	222807764	1	205790758	205808196	0d0887
2	80285002	80298885	2	164749206	164763517	2e0595
1	279215099	279216542	1	261187755	261189198	0d0887
1	128857256	128880227	1	116950700	116974193	0d0887
3	158268143	158297990	3	143834789	143858002	46039f
1	34056739	34139945	1	24205792	24284349	0d0887
4	11668635	11722401	4	7295580	7338858	5c01a6
1	92027338	92049214	1	81253064	81271523	0d0887
1	314054969	314077011	1	294531554	294552842	0d0887
4	101153350	101198429	4	92470788	92497419	5c01a6
7	54664118	54722321	7	27161195	27231528	9c179e
11	14784045	14790670	9	5293944	5298299	d8576b
1	281160548	281190599	1	263075155	263099460	0d0887
5	53829786	53846782	5	60404408	60421768	7201a8
1	25727981	25749243	1	16438077	16454044	0d0887
3	92818128	92835876	3	82677523	82693495	46039f
3	162948368	162974272	3	148314605	148343780	46039f
1	143273951	143297035	1	129883885	129905581	0d0887
2	225498217	225511122	2	24175296	24188087	2e0595
3	148922370	148926489	3	134898189	134902119	46039f
5	122087517	122101529	5	275681	284552	7201a8
3	24297763	24299194	3	17615640	17617071	46039f
1	277976349	277989462	1	259986247	259998572	0d0887
14	15259398	15263439	13	7229929	7234465	f58b47
4	34791836	34884657	4	30535823	30630353	5c01a6
14	10182074	10201228	13	13200927	13215681	f58b47
8	57045461	57167268	2	99434522	99512168	ad2793
1	31309005	31310433	1	21675525	21676953	0d0887
7	16860795	16904845	7	61297914	61330795	9c179e
1	116591184	116603895	1	103416737	103426109	0d0887
2	89916718	89928763	2	157880957	157892597	2e0595
5	56062128	56074332	5	58722909	58738979	7201a8
3	38883837	38908035	3	31735944	31757910	46039f
3	22379475	22389074	3	15770629	15780570	46039f
1	73985391	74003859	1	63839332	63857768	0d0887
1	158385804	158428126	1	144696066	144726549	0d0887
16	12404908	12414828	16	10286632	10296128	fdb42f
1	276761272	276789272	1	258796571	258820065	0d0887
1	329752108	329782063	1	287200258	287211431	0d0887
1	274442970	274477540	1	256474311	256502768	0d0887
1	104579710	104614076	1	94889092	94917517	0d0887
7	22727519	22746830	7	55711958	55730509	9c179e
1	240057305	240070942	1	222361205	222375695	0d0887
12	863418	872220	16	4431870	4440616	e3685f
2	91855614	91863311	2	155389449	155396418	2e0595
15	4003058	4004905	11	12503639	12505455	fb9f3a
16	9681340	9684266	4	57611174	57614097	fdb42f
12	109736	126012	16	5172322	5188522	e3685f
2	182246818	182256696	2	68332466	68340412	2e0595
3	45533719	45544575	3	37964537	37975227	46039f
10	16040089	16046236	10	10845967	10852024	cc4778
1	296577548	296606000	1	278076344	278100963	0d0887
1	43165127	43183991	1	33925494	33944489	0d0887
7	47967513	47992692	1	183988088	184011266	9c179e
3	192022617	192071736	3	176364102	176404568	46039f
1	134436990	134535526	1	122297797	122352143	0d0887
12	8189375	8194756	12	9761552	9765873	e3685f
14	5219785	5230822	13	2685401	2695274	f58b47
1	315776560	315794427	1	296226248	296245399	0d0887
1	228142749	228144168	1	210746521	210747937	0d0887
1	36012510	36022786	1	26035956	26046086	0d0887
16	12142675	12149408	16	10000763	10007540	fdb42f
2	221230325	221245481	2	28020724	28035033	2e0595
15	4228535	4273866	11	12262398	12293690	fb9f3a
14	4780342	4793197	13	2119625	2132109	f58b47
1	307225049	307397669	1	288413832	288581122	0d0887
5	51872243	51884955	5	62286522	62299007	7201a8
17	8387489	8391113	15	7956257	7960710	fdca26
16	11847794	11855489	16	9675868	9681723	fdb42f
2	18523751	18534374	2	221850881	221863600	2e0595
14	260286	273505	15	12144831	12157999	f58b47
1	177075470	177086152	1	164719472	164728803	0d0887
2	208827417	208828863	2	42760786	42762232	2e0595
17	8273988	8280760	15	8060337	8066488	fdca26
1	151905143	151924083	1	138261143	138293362	0d0887
1	296873807	296911740	1	278351219	278422948	0d0887
3	117403172	117421978	3	102666564	102684061	46039f
3	64597510	64603063	3	56132397	56137799	46039f
5	13734949	13746614	1	30479986	30483593	7201a8
4	23989702	23994712	4	19958070	19963088	5c01a6
16	12675188	12681579	16	10555899	10562276	fdb42f
15	10426810	10454999	2	161929504	161951801	fb9f3a
12	9217744	9230450	12	8415687	8424653	e3685f
1	316938381	316942276	1	297274090	297277937	0d0887
1	227299803	227327717	1	209938718	209970875	0d0887
19	4775132	4786570	4	59985228	59986602	f0f921
2	20978175	20993700	11	15161693	15177573	2e0595
3	118464898	118529638	3	103686239	103733879	46039f
14	15217405	15225300	13	7266681	7274661	f58b47
1	40887882	40903821	1	31682105	31698592	0d0887
4	26399239	26420242	4	22299880	22317920	5c01a6
1	98837603	98853931	1	88449828	88464580	0d0887
7	39555303	39560602	7	39130533	39134539	9c179e
1	249669156	249696465	1	232566128	232593956	0d0887
1	340480389	340492486	1	100586088	100608096	0d0887
1	329415245	329431728	1	309158193	309172619	0d0887
11	6995812	7020122	9	13087334	13113026	d8576b
2	154890802	154913522	2	94662518	94676636	2e0595
1	247695402	247713723	6	75445556	75446699	0d0887
5	26300172	26316273	5	85810861	85828036	7201a8
1	104795261	104801774	1	95101018	95105623	0d0887
1	11982275	11996916	1	2968396	2980811	0d0887
6	72640400	72660749	6	22762674	22780289	8808a6
1	215370584	215416932	1	198885880	198932717	0d0887
11	280494	294247	9	18695066	18707164	d8576b
4	20289371	20307143	4	15915245	15931226	5c01a6
2	191530232	191552573	2	58953607	58970937	2e0595
14	5048972	5053127	13	2536152	2540314	f58b47
3	141081237	141082635	3	127310433	127311831	46039f
7	14437459	14459346	7	64012646	64035008	9c179e
7	19387077	19388481	7	59149842	59151246	9c179e
13	15801031	15810904	14	1152868	1159444	ed7953
10	9042415	9051662	10	16980866	16988520	cc4778
1	22932854	22946179	1	13579801	13590320	0d0887
8	54368250	54457203	8	45574989	45691157	ad2793
1	63972848	63984814	1	53878067	53891126	0d0887
7	29432837	29435517	7	49179981	49182804	9c179e
6	59730069	59763982	6	34981381	35007782	8808a6
2	201998995	202012636	2	49137773	49143661	2e0595
3	156493667	156506003	3	142122459	142134167	46039f
2	182417111	182418898	2	68160954	68162728	2e0595
2	234353709	234379702	2	15490566	15503532	2e0595
1	238331589	238384838	1	220712084	220758956	0d0887
1	177094100	177120898	1	164734608	164753376	0d0887
6	58136088	58141055	3	124039757	124062140	8808a6
19	1217378	1219105	15	2162934	2164592	f0f921
2	192165835	192185321	2	58366239	58384009	2e0595
3	168581571	168627188	3	153686342	153723019	46039f
2	152434464	152439475	2	97132663	97137718	2e0595
4	49662164	49676423	4	45507488	45517949	5c01a6
3	163149100	163160118	3	148525241	148536054	46039f
2	43743435	43758643	2	198561454	198574302	2e0595
5	121350800	121385071	5	815954	832047	7201a8
1	155562391	155592550	1	141883599	141910757	0d0887
3	137505455	137516626	3	123694355	123704881	46039f
16	12361776	12363831	16	10242939	10244984	fdb42f
1	129055588	129244680	1	117058305	117227943	0d0887
18	5106865	5115656	1	230301506	230306237	f8e125
5	45680854	45685540	5	67848419	67853097	7201a8
1	71689142	71712878	1	61569398	61603318	0d0887
2	232746978	232765992	2	16969395	16985456	2e0595
3	148612712	148653313	3	134582867	134641667	46039f
6	83378691	83426934	6	13475181	13508685	8808a6
12	1416682	1457451	16	3856517	3896115	e3685f
3	147770883	147773951	3	133801594	133804713	46039f
1	279132924	279137009	1	261101235	261105267	0d0887
1	286982706	286999457	1	268636989	268655618	0d0887
13	637120	643363	16	1020772	1027319	ed7953
2	100839834	100849117	2	146871284	146879507	2e0595
17	7533284	7540956	1	32850609	32857312	fdca26
1	254691570	254702318	1	237356253	237371775	0d0887
4	42072117	42117486	4	38019989	38067304	5c01a6
4	29466019	29496618	4	25355076	25374350	5c01a6
2	198572373	198618203	2	52326325	52352519	2e0595
12	554121	559384	16	4724801	4754484	e3685f
8	21788047	21800365	8	14666671	14674676	ad2793
5	38765438	38773988	5	73900890	73910129	7201a8
5	23407434	23417099	5	88678750	88688104	7201a8
16	2280445	2307751	17	5215486	5233456	fdb42f
2	209524640	209537027	2	42062605	42074776	2e0595
6	36950455	37147177	6	57677713	57881963	8808a6
15	3558357	3559743	11	13032832	13034218	fb9f3a
2	75926705	75937330	2	168347518	168359123	2e0595
5	45717110	45775592	5	67789247	67820905	7201a8
6	82508490	82512910	6	14359071	14364867	8808a6
7	56107083	56116951	7	23040252	23050009	9c179e
4	46682196	46685336	4	42638605	42641520	5c01a6
7	28336550	28360487	7	50217715	50239735	9c179e
1	205008691	205014445	1	180943130	180949110	0d0887
8	43714267	43727322	8	36043826	36057067	ad2793
3	33887357	33894796	3	26919951	26924823	46039f
1	274485762	274503268	1	256511065	256547741	0d0887
3	119357644	119367922	3	104417935	104431970	46039f
7	79460689	79467306	7	7861533	7868147	9c179e
1	149916901	149937838	1	136338533	136364968	0d0887
1	252548783	252554279	1	235517878	235523429	0d0887
7	36686302	36689043	7	41912015	41914757	9c179e
11	12565062	12568140	9	7542929	7546001	d8576b
1	115386481	115396186	1	104583022	104592700	0d0887
1	265410784	265430625	1	247871699	247890265	0d0887
14	5056433	5065454	13	2548121	2551609	f58b47
1	160126051	160141155	1	146399552	146411289	0d0887
19	137502	142064	15	3180645	3183437	f0f921
13	8101585	8105910	14	9205404	9209755	ed7953
1	51403826	51419686	1	41670631	41683463	0d0887
3	97916337	97986300	3	88420978	88481398	46039f
2	100505034	100513127	2	147190572	147198850	2e0595
3	10667846	10705254	3	4552279	4576545	46039f
5	69078318	69101082	1	233889904	233907386	7201a8
2	217323437	217346454	2	31596515	31622394	2e0595
4	28173431	28204663	4	24054766	24086377	5c01a6
2	217011707	217031415	2	31931672	31952886	2e0595
17	10053815	10060053	15	6023818	6029691	fdca26
13	922818	928380	16	1305338	1311115	ed7953
1	286779910	286797195	1	268428699	268442541	0d0887
2	199791159	199792512	2	51126307	51127660	2e0595
1	257014175	257030637	1	239615944	239634613	0d0887
2	92107211	92135357	2	155629127	155650704	2e0595
17	10685720	10699961	15	5374383	5382435	fdca26
13	18762078	18767276	16	5311661	5316937	ed7953
2	32174526	32175900	2	209547823	209549185	2e0595
1	63208526	63211678	1	53103555	53106669	0d0887
3	119331469	119344139	3	104390376	104403647	46039f
5	49303793	49324911	5	64716062	64731174	7201a8
1	153365541	153372226	1	139749367	139756241	0d0887
1	267479379	267484178	1	249838721	249844152	0d0887
6	41829826	41848225	6	53041816	53066802	8808a6
2	18851159	18866637	2	221468237	221480823	2e0595
2	189945508	189954748	2	60452089	60461222	2e0595
1	313087002	313127139	1	293570802	293610865	0d0887
2	31181684	31204423	2	210392443	210417233	2e0595
2	85934076	85939415	2	160496211	160502800	2e0595
1	66671459	66681791	1	56793046	56802451	0d0887
8	66727384	66734356	8	55169371	55174597	ad2793
2	155583189	155592900	2	93890641	93903361	2e0595
6	73064743	73078299	6	22343371	22357167	8808a6
3	178263835	178286449	3	163013521	163034625	46039f
8	11380664	11397936	8	4717555	4731805	ad2793
1	179406121	179410032	1	166771215	166775096	0d0887
15	16903214	16908629	11	363195	368887	fb9f3a
2	179204059	179205418	2	71302872	71304228	2e0595
3	191919393	191952940	3	176283449	176298601	46039f
16	3912112	3933480	5	43628283	43671910	fdb42f
16	1103030	1125994	17	6344256	6363967	fdb42f
7	62277820	62327924	7	21795147	21852706	9c179e
1	182591147	182631811	1	168984267	169022896	0d0887
1	306056789	306058307	1	287311779	287313297	0d0887
1	279237679	279245003	1	261219751	261226506	0d0887
2	195286493	195303048	2	55349675	55364104	2e0595
11	22557070	22561374	9	22100042	22104295	d8576b
3	13892063	13893596	3	7538098	7539631	46039f
3	179562322	179564227	3	164102921	164104831	46039f
3	89774104	89775427	3	80167090	80168398	46039f
10	16040101	16046146	10	10846042	10852015	cc4778
3	147256104	147349674	3	133315654	133393274	46039f
3	22823132	22839040	3	16214841	16227590	46039f
1	324697143	324719411	1	304772134	304790622	0d0887
7	33194899	33207002	7	45437889	45443881	9c179e
1	33264247	33265597	1	23474424	23475774	0d0887
15	8662272	8670464	11	8079250	8089249	fb9f3a
1	307032265	307069546	1	288218423	288255215	0d0887
8	69671732	69701655	8	57338479	57361789	ad2793
14	355113	360749	15	12058036	12063648	f58b47
11	14633471	14722868	9	5346540	5439034	d8576b
5	91451630	91472431	5	28495806	28515846	7201a8
1	214882090	214898479	1	198396783	198414863	0d0887
1	49734787	49767443	1	40038430	40074250	0d0887
1	301938466	301946931	1	283279697	283290146	0d0887
1	288042912	288065295	1	269619160	269640398	0d0887
12	2078750	2086640	12	14474996	14486526	e3685f
13	18711571	18713714	16	5377582	5429107	ed7953
3	47949566	47950907	3	40179827	40181168	46039f
2	154774479	154783814	2	94777537	94786482	2e0595
1	204860981	204875402	1	181088699	181101963	0d0887
17	4899551	4930306	15	10343320	10349958	fdca26
1	242392145	242404248	1	225242362	225251711	0d0887
1	234239549	234260779	1	216439531	216453277	0d0887
7	51650676	51657543	16	9497082	9504117	9c179e
2	18225679	18227023	2	222153598	222161505	2e0595
2	157687514	157707292	2	91941291	91959661	2e0595
11	21192930	21198499	9	20857297	20862863	d8576b
3	107640936	107663506	3	93432442	93452440	46039f
7	34782150	34812213	7	43897662	43919365	9c179e
14	2325717	2333349	13	452141	460378	f58b47
2	30403033	30418059	2	211146399	211158169	2e0595
5	59916222	59921298	5	54238855	54244137	7201a8
3	25022713	25050816	3	18296538	18327478	46039f
3	22676168	22693750	3	16032486	16048986	46039f
3	20814150	20834324	3	14204601	14224591	46039f
3	62981577	62990205	3	54585266	54593883	46039f
7	81548859	81599609	7	6007215	6031733	9c179e
8	7771699	7773022	8	753258	754575	ad2793
1	279084830	279102631	1	261042585	261062557	0d0887
3	79475689	79482130	3	70216575	70223719	46039f
4	94399984	94441500	4	85384427	85399652	5c01a6
2	84796832	84807664	2	161365575	161375433	2e0595
1	321132898	321152962	1	301244758	301267495	0d0887
3	155807244	155819386	3	141429694	141440567	46039f
3	169651136	169670556	3	154724088	154783370	46039f
15	15293825	15300584	11	2025164	2026238	fb9f3a
7	61853651	61952432	7	22131771	22217169	9c179e
1	96044933	96087137	1	91499312	91557660	0d0887
1	331274424	331327920	1	310832677	310877128	0d0887
15	13749545	13753806	11	3697211	3701851	fb9f3a
1	302106912	302123749	1	283446912	283464392	0d0887
1	250284367	250291010	1	233113997	233120653	0d0887
3	24598524	24608375	3	17895941	17907015	46039f
4	68002454	68013256	4	62617941	62626775	5c01a6
18	9651194	9657416	15	3438183	3441905	f8e125
16	593047	633361	1	131854513	131875385	fdb42f
4	89700636	89715150	4	80239331	80252885	5c01a6
3	50688940	50699907	3	43016109	43027112	46039f
2	199239972	199253986	2	51645601	51660861	2e0595
7	52601027	52706084	2	140884281	140928394	9c179e
7	79917786	79950209	7	7419637	7447517	9c179e
11	926241	934509	9	19343775	19352783	d8576b
5	52873799	52884170	5	61274334	61283762	7201a8
7	22386944	22425577	7	56033568	56070551	9c179e
8	59283879	59311468	8	49180034	49195403	ad2793
1	104886450	104900072	1	95192402	95206960	0d0887
11	20120297	20129186	9	201362	209156	d8576b
6	61173520	61188801	6	33659838	33671139	8808a6
1	329592180	329593497	1	309335762	309337076	0d0887
3	159698446	159705021	3	145267007	145273526	46039f
7	44768409	44775191	7	34058047	34064750	9c179e
4	84482886	84503738	4	75263453	75285906	5c01a6
3	34621155	34633004	3	27681870	27695363	46039f
6	96318502	96339086	6	8014138	8031673	8808a6
5	119459066	119469851	5	1748708	1756543	7201a8
10	14571234	14590861	10	12374922	12394407	cc4778
7	52007836	52025496	7	27967738	27980312	9c179e
1	81079231	81088175	1	70903572	70912975	0d0887
4	25559300	25574093	4	21467776	21481752	5c01a6
1	115932809	115950647	1	104065034	104076781	0d0887
2	16986560	17004801	2	223335001	223351849	2e0595
1	189312257	189334663	1	174493207	174540141	0d0887
3	153673231	153679158	3	139414011	139420338	46039f
5	7907643	7925457	1	157836748	157849644	7201a8
1	72223582	72253414	1	62104569	62126156	0d0887
8	60415418	60423115	1	64176039	64183802	ad2793
2	53342598	53403569	2	189363521	189416237	2e0595
19	1668943	1678460	15	1846705	1865372	f0f921
1	194034524	194057501	1	179097328	179119125	0d0887
6	99056773	99069765	6	165512	174404	8808a6
3	51147321	51156160	3	43384945	43394072	46039f
1	25225921	25227223	1	15971093	15972401	0d0887
12	9474063	9487593	12	8170630	8189158	e3685f
10	1613620	1620538	10	1372291	1376210	cc4778
16	8843129	8860957	1	224496842	224511690	fdb42f
1	29783630	29786388	1	20385642	20388763	0d0887
2	21757251	21761319	2	219669896	219673955	2e0595
1	291493811	291582011	1	272982883	273032397	0d0887
4	30525475	30538311	4	26413735	26425606	5c01a6
3	172676473	172694550	3	157613487	157633052	46039f
5	10024765	10026067	5	100539555	100540857	7201a8
7	31425718	31431328	7	47159206	47165297	9c179e
4	60710220	60775760	4	55587813	55647676	5c01a6
5	30922694	30954058	5	80970422	81011568	7201a8
2	199598946	199607209	2	51303507	51311463	2e0595
5	64991784	65007484	5	48979239	48993945	7201a8
13	12807006	12825640	14	2267096	2283895	ed7953
2	234014009	234208683	2	15634620	15825297	2e0595
1	286810628	286819209	1	268458609	268465711	0d0887
7	81445999	81491370	7	6112052	6133638	9c179e
10	139758	149429	1	58072660	58081500	cc4778
19	3074461	3088427	15	855610	873552	f0f921
5	32405916	32407101	5	79632015	79633200	7201a8
5	64677228	64699089	5	49252559	49272201	7201a8
3	159663227	159686645	3	145232124	145255189	46039f
2	103871544	103901182	2	143737456	143768360	2e0595
5	120621595	120629324	5	1160473	1167421	7201a8
1	116089222	116128026	1	103892820	103928842	0d0887
2	241551515	241560027	2	7405716	7412849	2e0595
4	75324109	75354273	5	56605866	56634454	5c01a6
1	33629882	33635234	1	23780293	23786675	0d0887
1	283303008	283321709	1	265160165	265176453	0d0887
14	3195325	3205256	1	105566987	105575364	f58b47
16	8119868	8129326	8	57881153	57890924	fdb42f
5	14055038	14064582	1	30863165	30872150	7201a8
4	40636274	40639900	4	36558574	36562197	5c01a6
8	60353387	60372745	8	50216835	50233273	ad2793
5	30800905	30810066	5	81133434	81143462	7201a8
14	12652368	12664806	13	10633781	10644973	f58b47
2	222496841	222513723	2	26794023	26805845	2e0595
14	6529227	6536075	13	3893585	3899401	f58b47
16	12469165	12472783	16	10350683	10354511	fdb42f
7	65802764	65853735	7	18136857	18179139	9c179e
4	24896917	24925388	4	20790756	20816198	5c01a6
2	93505418	93521026	2	153933829	153946806	2e0595
5	13370059	13400044	5	97470479	97478434	7201a8
3	79758955	79766291	3	70473315	70480574	46039f
3	170510964	170525970	3	155589691	155604002	46039f
6	38339249	38343614	6	56341679	56346097	8808a6
1	74029708	74054316	1	63889659	63912996	0d0887
6	95169298	95243722	6	6506328	6542931	8808a6
4	31912210	31958622	4	27778064	27824475	5c01a6
5	21083681	21157733	5	91037471	91083709	7201a8
19	2559848	2564479	15	1362983	1367946	f0f921
10	844367	850185	2	55542432	55548378	cc4778
13	16468162	16478169	14	448202	458534	ed7953
1	51437650	51453643	1	41701522	41717970	0d0887
13	18356319	18358701	16	5799620	5801399	ed7953
12	9007553	9018802	12	8673399	8683745	e3685f
3	140994058	140999287	3	127220413	127226506	46039f
8	44192194	44218561	8	36466658	36491068	ad2793
5	57419697	57446781	5	57418904	57438508	7201a8
7	27166553	27167807	7	51364652	51365888	9c179e
1	36087514	36102059	1	26135015	26148272	0d0887
4	4110673	4118271	4	634862	642102	5c01a6
3	134623379	134647147	3	120895226	120914081	46039f
11	22804769	22813342	9	22338504	22347056	d8576b
2	64231923	64233198	2	179409321	179410596	2e0595
1	181310451	181343278	1	168013116	168034803	0d0887
15	838530	840777	18	20996	23255	fb9f3a
17	8537390	8538614	15	7801702	7802926	fdca26
1	280988810	281066195	1	262931644	262979520	0d0887
4	51238706	51254593	4	46963547	46978077	5c01a6
4	63637609	63638848	4	58561242	58562481	5c01a6
1	195278638	195291210	2	19143414	19152479	0d0887
16	10801898	10803672	16	8100409	8102178	fdb42f
15	654434	662283	18	216090	223270	fb9f3a
1	166685588	166708183	1	152560646	152580277	0d0887
6	38119812	38133864	6	56752266	56766346	8808a6
12	1158867	1166855	16	4137771	4146693	e3685f
10	5017380	5024915	10	5008793	5016040	cc4778
11	18913833	18925817	9	1465292	1477171	d8576b
2	47455806	47473002	2	194988903	195006626	2e0595
12	9200484	9215104	12	8449305	8460663	e3685f
2	159770554	159842150	2	89821139	89890258	2e0595
1	51455735	51467344	1	41720048	41731356	0d0887
7	28694916	28696194	7	49838099	49839377	9c179e
15	9387493	9393947	11	5900766	5909394	fb9f3a
2	215613580	215620026	2	33274903	33281088	2e0595
1	106517467	106549278	1	96765642	96810393	0d0887
17	10298452	10301733	15	6269911	6273176	fdca26
4	62510600	62522352	4	57334523	57346135	5c01a6
19	3105684	3116569	15	827263	837654	f0f921
7	14677630	14687138	7	63451941	63462316	9c179e
13	11159674	11170615	14	6152538	6164976	ed7953
6	47282144	47293590	6	47230334	47243280	8808a6
10	10332413	10344985	10	15729447	15735817	cc4778
13	3362049	3368876	16	16636	22612	ed7953
6	42405476	42417171	6	52482557	52495093	8808a6
3	71220739	71238976	3	62235837	62249452	46039f
5	44519636	44540146	5	68989341	69002953	7201a8
2	207639546	207641363	2	43786261	43788080	2e0595
8	70105921	70131894	8	57612465	57622496	ad2793
6	42882611	42896667	6	52020729	52032777	8808a6
6	24338207	24355795	6	70307254	70324068	8808a6
4	22873092	23004751	4	18752514	18932388	5c01a6
3	160251067	160256505	3	145747725	145753119	46039f
6	41821492	41822731	6	53074578	53075823	8808a6
3	110940929	110942192	3	96628664	96629927	46039f
11	17596780	17605342	9	4340945	4349663	d8576b
10	3231306	3259372	10	3200384	3223259	cc4778
5	91952454	91971115	5	28026922	28040387	7201a8
2	209546491	209560287	2	42041518	42054279	2e0595
7	80021645	80036740	7	7337204	7351643	9c179e
2	191512196	191520908	2	58980133	58989060	2e0595
8	27950969	27982180	8	20964788	20996276	ad2793
7	8872015	8874436	7	69216253	69218490	9c179e
11	12552542	12555670	9	7551468	7554483	d8576b
1	185173902	185194586	6	36187805	36208718	0d0887
3	16184797	16193661	3	9980330	9987503	46039f
12	664848	668627	16	4637975	4641756	e3685f
13	1828917	1859387	16	2253583	2283100	ed7953
1	63404924	63415450	1	53284928	53295172	0d0887
11	21362443	21367736	9	21036827	21042223	d8576b
11	20274638	20281337	9	23229	28898	d8576b
3	172848198	172849889	3	157769350	157771042	46039f
1	232359832	232361086	1	214765477	214766731	0d0887
19	7306176	7316693	6	68174858	68183224	f0f921
2	243612639	243629516	2	5500623	5509065	2e0595
5	122752270	122755460	1	180186393	180190047	7201a8
1	116646586	116655867	1	103344912	103353620	0d0887
4	4128805	4141761	4	653747	661484	5c01a6
2	159526696	159561244	2	90080465	90109712	2e0595
1	251162305	251199329	1	234134729	234169307	0d0887
3	34788980	34798456	3	27864903	27873376	46039f
1	117132222	117145892	1	105894147	105907563	0d0887
3	125114560	125132482	3	111333933	111349780	46039f
7	27236416	27253535	7	51284597	51297454	9c179e
5	27016061	27030575	5	85089877	85105170	7201a8
13	17050601	17098710	16	6873940	6913625	ed7953
15	7110245	7123064	11	9467415	9479250	fb9f3a
3	65793206	65817379	3	57274748	57298727	46039f
12	9253953	9291131	12	8384823	8394046	e3685f
1	104196069	104219802	1	94519552	94538116	0d0887
3	145768783	145781091	3	131761082	131773651	46039f
2	55263839	55292514	2	187652316	187680092	2e0595
14	2377473	2378727	4	94129742	94130996	f58b47
15	16977197	16978545	11	223317	224665	fb9f3a
2	225644397	225648425	2	24029867	24034046	2e0595
4	4659586	4660846	4	1084325	1085582	5c01a6
7	85526691	85536785	7	3041874	3046733	9c179e
17	8228748	8233813	15	8102399	8107841	fdca26
3	141627877	141636550	3	127687191	127696564	46039f
1	152579539	152627768	1	138947699	138991841	0d0887
1	254556653	254566410	1	237227841	237237448	0d0887
2	197259444	197271027	2	53561254	53573504	2e0595
6	18392184	18405832	6	76018026	76029818	8808a6
7	20642117	20653076	7	57679619	57689766	9c179e
1	38767805	38790192	1	28672857	28695490	0d0887
4	93141032	93175523	4	83866322	83908041	5c01a6
15	12081624	12097815	11	5005440	5021293	fb9f3a
5	88278427	88299753	5	31492919	31510621	7201a8
1	150352278	150384868	1	136782420	136807908	0d0887
1	119094903	119136102	1	107781604	107800446	0d0887
5	32715205	32751510	5	79286171	79332015	7201a8
2	204370296	204391429	2	46810117	46831641	2e0595
3	25062277	25069164	3	18336117	18343456	46039f
1	50482327	50504036	1	40771076	40791714	0d0887
1	2606632	2635830	1	243759582	243775760	0d0887
15	16980886	16988119	11	214271	220934	fb9f3a
3	147859923	147872119	3	133888539	133899766	46039f
4	44943075	45092049	4	40821745	40960799	5c01a6
2	149900275	149904739	2	100414064	100418503	2e0595
10	5301126	5316982	10	5172121	5182684	cc4778
11	3055001	3077368	9	16557274	16573465	d8576b
2	154574260	154595519	2	94969762	94983841	2e0595
2	40569154	40584452	2	201643448	201658629	2e0595
5	110420843	110434971	5	9851870	9871727	7201a8
4	7824002	7841224	4	3342454	3483637	5c01a6
1	302251649	302274691	1	283589748	283605776	0d0887
1	289257526	289274939	1	270732221	270743555	0d0887
2	133171209	133190918	2	115810164	115824228	2e0595
6	10636752	10645618	6	83822349	83827930	8808a6
13	2305286	2306531	16	2726543	2727788	ed7953
18	9592318	9594662	15	3375351	3377704	f8e125
2	157655419	157669865	2	91976020	91994497	2e0595
15	6760763	6776292	11	9772174	9795430	fb9f3a
5	88672206	88684822	5	31161235	31171693	7201a8
4	87588588	87592201	4	78311389	78312598	5c01a6
4	41991657	42005476	4	37932600	37947806	5c01a6
6	60120205	60130619	6	34653349	34662963	8808a6
5	55301516	55323112	5	59289978	59308304	7201a8
5	91395276	91405649	5	28553376	28564011	7201a8
17	8234614	8249651	15	8088577	8101617	fdca26
3	153958094	153979193	3	139704534	139716108	46039f
2	143169237	143194226	2	106652628	106677437	2e0595
3	55568939	55586899	3	47477963	47495469	46039f
1	99729872	99752471	1	87593315	87621484	0d0887
11	14481119	14507320	9	5564540	5587743	d8576b
1	283287055	283296985	1	265144116	265153877	0d0887
8	27908440	27916250	5	40031615	40035769	ad2793
11	1149395	1152428	9	19560128	19562968	d8576b
6	74749577	74766045	6	20928542	20943955	8808a6
1	269824774	269836833	1	252042908	252052115	0d0887
1	226486080	226487319	1	209209010	209210252	0d0887
14	5240166	5244118	13	2705357	2709287	f58b47
3	29977109	30007468	3	23086245	23114917	46039f
13	7785189	7797590	14	9462442	9470117	ed7953
5	30246305	30250433	5	81664889	81670106	7201a8
6	44940788	44946270	6	49607042	49612556	8808a6
1	289720032	289804798	1	271177135	271284790	0d0887
2	230185698	230210865	2	19818342	19844621	2e0595
5	93956284	93991435	5	25659532	25686545	7201a8
7	28216147	28218982	7	50348469	50351249	9c179e
5	30206004	30216562	5	81699318	81710399	7201a8
8	38038564	38054209	8	30683521	30699059	ad2793
11	1853057	1863028	9	17720983	17724476	d8576b
12	8393503	8402068	12	9540647	9545602	e3685f
2	103625697	103670889	2	143985759	144020066	2e0595
1	29211370	29212522	1	19844874	19846026	0d0887
3	59078219	59138377	3	50818827	50895458	46039f
1	106652072	106688546	1	96889641	96919928	0d0887
17	2225653	2231714	2	217869142	217873499	fdca26
1	328494019	328528184	1	308331068	308358974	0d0887
1	268304749	268308602	1	250599335	250603153	0d0887
3	157850582	157873982	3	143445824	143467193	46039f
4	91315492	91335893	4	81967674	81987448	5c01a6
3	67646737	67664262	3	58781897	58800099	46039f
4	81391032	81401533	4	74194792	74204133	5c01a6
3	3783724	3784951	3	811901	813125	46039f
2	132881813	132955703	2	116078723	116132517	2e0595
2	144170999	144172262	2	105771741	105772998	2e0595
2	138015879	138024571	2	111148993	111156260	2e0595
3	21456200	21462824	3	14828861	14835351	46039f
14	7512030	7520866	13	4826702	4833296	f58b47
3	131412743	131505074	3	117798029	117846438	46039f
1	267612655	267645963	1	249996907	250016028	0d0887
3	59682219	59703050	3	51401630	51415597	46039f
2	10966939	10982575	4	105926196	105940161	2e0595
4	59421577	59437157	4	54677619	54693505	5c01a6
1	22959732	22971485	1	13608967	13620757	0d0887
3	157879892	157889329	3	143473045	143479235	46039f
2	86876523	86885410	2	160227186	160228365	2e0595
13	10198576	10208345	14	7076904	7088668	ed7953
1	258626692	258631281	1	241204289	241208879	0d0887
17	10035169	10040955	15	6005001	6010856	fdca26
7	10563162	10598296	3	24409419	24432938	9c179e
2	12362763	12363987	2	228175911	228177135	2e0595
15	14100081	14120664	11	3213584	3234440	fb9f3a
1	8323843	8324986	2	94470197	94471340	0d0887
3	192083165	192098891	3	176417338	176426071	46039f
2	132856276	132872347	2	116142281	116152835	2e0595
4	30319595	30343163	4	26119484	26138858	5c01a6
5	92579428	92589311	5	27411110	27420671	7201a8
6	56264290	56276862	6	38798895	38808866	8808a6
11	11518647	11574664	9	8369085	8416365	d8576b
6	71090532	71108085	6	24322324	24325070	8808a6
7	36050627	36070542	7	42535425	42555234	9c179e
3	50661089	50680215	3	42996084	43007446	46039f
1	237996840	238041316	1	220408768	220434819	0d0887
2	204257682	204258900	2	46938467	46939685	2e0595
5	64720762	64753816	5	49204488	49230260	7201a8
1	103156396	103253365	1	84056392	84149894	0d0887
1	170421444	170439833	1	156155083	156174203	0d0887
1	125436893	125441485	1	113761078	113765678	0d0887
1	22975793	22986434	1	13624961	13635767	0d0887
6	38203204	38223406	6	56663774	56687590	8808a6
15	10286432	10298323	11	6737160	6749517	fb9f3a
3	123363747	123368958	3	108941895	108947103	46039f
3	172527237	172551776	3	157463518	157487060	46039f
5	3899937	3905349	7	2681581	2687011	7201a8
5	38787822	38807597	5	73865304	73893619	7201a8
14	5812431	5823534	13	3259600	3265086	f58b47
17	10704232	10708069	15	5358965	5362799	fdca26
2	66727476	66741783	2	176958407	176974693	2e0595
2	226648401	226656239	2	23044243	23051408	2e0595
1	63319538	63352542	1	53207662	53233194	0d0887
4	83092716	83151716	4	17343298	17366492	5c01a6
1	221779863	221786211	1	204799657	204805892	0d0887
5	9662719	9682365	5	100849552	100867950	7201a8
6	26517838	26543915	6	68076646	68084691	8808a6
8	23620235	23633652	8	16542925	16558561	ad2793
2	220102069	220116009	2	29111530	29125869	2e0595
8	69802819	69814737	8	57450785	57460150	ad2793
17	7856370	7862510	15	8465218	8470016	fdca26
1	125841861	125864379	1	114105834	114126541	0d0887
1	24716510	24720377	1	15465550	15469777	0d0887
1	317311379	317328295	1	297632137	297646282	0d0887
1	75299111	75366983	1	65454278	65508673	0d0887
3	191822989	191848784	3	176199335	176221776	46039f
3	131865605	132052863	3	118078574	118260249	46039f
12	13291994	13307363	12	4443776	4456837	e3685f
5	40233227	40240127	7	63153835	63160374	7201a8
7	27924663	27931778	7	50620498	50627107	9c179e
1	51815404	51823093	1	42123285	42124458	0d0887
13	2310292	2323971	16	2731185	2745454	ed7953
3	186968090	186988603	3	171224155	171243841	46039f
2	133863967	133880865	2	115187589	115203024	2e0595
7	62013897	62071171	7	22041517	22089173	9c179e
2	53463921	53477784	2	189307729	189318908	2e0595
12	1719166	1724436	12	14132326	14137509	e3685f
3	147792756	147793962	3	133822213	133823419	46039f
7	34250667	34258550	7	44432696	44440906	9c179e
2	205434691	205454672	2	45783015	45803307	2e0595
2	220364814	220376685	2	28875031	28884507	2e0595
1	98105879	98107076	1	89155119	89156238	0d0887
19	2764352	2777310	15	1146821	1158121	f0f921
3	192657984	192696657	3	176795492	176814055	46039f
4	98105702	98110883	4	89380340	89385463	5c01a6
18	6964344	6971761	18	3401646	3409138	f8e125
7	15887952	15898967	7	62245806	62261469	9c179e
5	40605165	40606401	5	72684681	72685917	7201a8
6	24373758	24428937	6	70221175	70233972	8808a6
15	8437390	8445816	11	8279452	8289278	fb9f3a
3	25494836	25505825	3	18811880	18822853	46039f
7	22788841	22799924	7	55644848	55655282	9c179e
1	23138575	23148333	1	13789194	13799007	0d0887
3	141601879	141609345	3	127663703	127672071	46039f
1	28558267	28570635	1	19189050	19202198	0d0887
15	72934	76711	18	777698	781496	fb9f3a
11	6391468	6403950	9	13658755	13669365	d8576b
5	21684206	21700253	5	90463501	90480096	7201a8
4	89674840	89681798	4	80213733	80220394	5c01a6
4	9182305	9205235	4	4688125	4711421	5c01a6
1	149153918	149164749	1	135604908	135616246	0d0887
3	50430330	50440201	3	42777622	42787147	46039f
1	36594640	36616942	1	26621739	26637748	0d0887
3	196644077	196651289	7	301290	302190	46039f
1	180163269	180298778	1	167385620	167442870	0d0887
1	64803830	64808885	1	54809974	54812592	0d0887
5	30895653	30905607	5	81036718	81048259	7201a8
12	3718154	3752530	12	16102062	16112358	e3685f
2	95526034	95531982	2	151892161	151897201	2e0595
6	99133884	99137080	6	96394	100227	8808a6
3	91154270	91186375	3	81379324	81398329	46039f
1	71252897	71263347	1	61142062	61153387	0d0887
10	6209821	6235907	10	19422188	19454968	cc4778
7	23867628	23868813	7	54560009	54561194	9c179e
1	91661668	91670901	1	80887126	80947451	0d0887
1	183538644	183539835	1	169712825	169714016	0d0887
7	74766391	74794005	7	12312626	12336148	9c179e
1	53783106	53798166	1	43886677	43902844	0d0887
12	1709853	1713533	12	14122300	14126025	e3685f
3	120468352	120474931	3	105961767	105968170	46039f
6	32752955	32762355	6	61753003	61762659	8808a6
3	160223923	160236143	3	145723748	145739131	46039f
1	239678521	239700943	1	222013412	222038984	0d0887
2	232666880	232677071	2	17125633	17135732	2e0595
1	187292300	187297588	1	172538841	172544089	0d0887
1	261571279	261587414	1	244052914	244068502	0d0887
2	242211705	242212905	2	6785502	6786702	2e0595
1	195677912	195688281	1	189821008	189831518	0d0887
2	15864376	15879642	2	224436890	224452270	2e0595
1	98707768	98787775	1	88512915	88586944	0d0887
16	2712067	2717779	17	1237815	1243673	fdb42f
15	16909575	16912469	11	358625	362245	fb9f3a
2	33838007	33853347	2	208018076	208029383	2e0595
1	89907928	89920163	1	79331391	79343894	0d0887
8	41280316	41298346	8	33777451	33792241	ad2793
3	44345405	44372364	3	36801982	36824634	46039f
1	11718483	11721735	4	105500202	105503433	0d0887
11	22367739	22371912	9	21933365	21937664	d8576b
2	160156607	160207305	2	89455874	89486670	2e0595
2	176008935	176014335	2	74384205	74389531	2e0595
1	73577823	73579080	1	63421644	63422901	0d0887
1	185121890	185152087	6	36231894	36254795	0d0887
1	60969078	60994265	1	50975376	50999817	0d0887
4	93096521	93105268	4	83823005	83830621	5c01a6
3	166029432	166036132	3	151236921	151243727	46039f
6	23568731	23581035	6	71061532	71072740	8808a6
7	44339136	44358504	7	34512994	34543525	9c179e
3	168681485	168723227	3	153783399	153815907	46039f
6	22650110	22651286	6	71921297	71922473	8808a6
13	11186733	11195663	14	6126971	6136666	ed7953
5	73591831	73626800	5	43091649	43105488	7201a8
1	71276755	71286040	1	61166260	61173511	0d0887
5	100522658	100532458	5	19422973	19433842	7201a8
1	18210023	18213356	1	9278082	9281236	0d0887
6	42318128	42328987	6	52559158	52568440	8808a6
1	25470473	25484355	1	16196621	16210011	0d0887
15	16385513	16398937	11	916023	926708	fb9f3a
2	157477900	157486181	2	92176153	92186253	2e0595
7	70586025	70599230	7	16274388	16285632	9c179e
4	85023886	85037971	4	75763072	75777556	5c01a6
5	40305840	40329675	7	63223638	63241514	7201a8
3	59630106	59638361	3	51349632	51356899	46039f
2	101916169	101917330	2	145793767	145794928	2e0595
6	57370131	57371175	6	37854156	37855200	8808a6
5	18956322	18979727	5	93153544	93169869	7201a8
5	92366833	92384571	5	27611486	27632950	7201a8
12	1782532	1787233	12	14194799	14199509	e3685f
3	115245821	115256669	3	100535312	100546190	46039f
3	103333442	103347764	1	93597895	93612297	46039f
12	18621840	18642996	12	1069518	1089289	e3685f
7	36182614	36193136	7	42402923	42414102	9c179e
8	20459426	20473259	8	13367747	13380478	ad2793
6	24207905	24214295	6	70359749	70454756	8808a6
3	134675615	134692210	3	120936652	120953312	46039f
1	49920614	49936197	1	40237866	40252599	0d0887
1	315587663	315591288	1	296046746	296050235	0d0887
1	253849257	253864682	1	236687866	236704819	0d0887
10	116220	129839	1	58092860	58106690	cc4778
1	324671831	324687172	1	304745710	304761055	0d0887
1	115436056	115457470	1	104507745	104555854	0d0887
1	123324771	123395681	1	111742822	111798428	0d0887
1	319366495	319385742	1	299556977	299573811	0d0887
5	68649448	68730353	5	45808158	45874336	7201a8
10	14090920	14103538	10	12819906	12829198	cc4778
2	190317660	190318818	2	60096276	60097434	2e0595
2	12078587	12092616	2	230010641	230014662	2e0595
14	5614038	5620062	13	3086761	3092719	f58b47
8	74702985	74709251	8	61361747	61367649	ad2793
3	82202712	82223190	3	72838510	72850967	46039f
19	323204	329557	15	3014668	3057063	f0f921
7	20018233	20048313	7	58265538	58376686	9c179e
2	230226644	230238753	2	19792540	19804229	2e0595
6	16804307	16827846	6	77529670	77540083	8808a6
1	18469065	18471129	1	9525077	9527197	0d0887
2	105667225	105718678	2	138381424	138401235	2e0595
1	195390791	195415556	2	19030789	19052441	0d0887
15	11110900	11116938	11	7464656	7472464	fb9f3a
6	70503282	70506235	6	24989676	24992623	8808a6
8	8613730	8640792	8	423723	436460	ad2793
8	19380518	19401038	8	12271029	12290170	ad2793
2	68999205	69011161	2	174840272	174859618	2e0595
1	36861002	36876734	1	26855754	26865744	0d0887
2	205210992	205222181	2	45998156	46008768	2e0595
1	176931298	176966692	1	164592898	164609649	0d0887
13	8083811	8087249	14	9218412	9221778	ed7953
2	130427991	130429050	2	126920360	126921419	2e0595
1	270232202	270252432	1	252445166	252463464	0d0887
1	324078825	324129057	1	304183162	304270801	0d0887
5	32454307	32460114	5	79576986	79582334	7201a8
3	103465226	103493784	1	93456741	93478443	46039f
8	62352775	62354072	8	51506110	51507419	ad2793
6	12509455	12526827	6	81854204	81868128	8808a6
7	14071104	14092451	13	2335410	2347112	9c179e
3	84508048	84510505	3	75080359	75082834	46039f
11	20482472	20490549	9	20046341	20051070	d8576b
12	11161621	11162773	12	6594620	6595772	e3685f
4	53711662	53731136	4	49001618	49019860	5c01a6
6	52396823	52398014	6	42386344	42387535	8808a6
19	294008	312731	15	3027608	3038199	f0f921
3	179023461	179028636	3	163649859	163655400	46039f
1	321346111	321360368	1	301442973	301457323	0d0887
1	299140585	299159013	1	280517122	280530995	0d0887
14	1170822	1179155	15	11195498	11203774	f58b47
2	159383780	159384905	2	90242471	90243596	2e0595
1	244526275	244527421	1	227180543	227181689	0d0887
8	51753503	51758774	8	43394850	43400625	ad2793
1	27724383	27735863	1	18390800	18402360	0d0887
2	230885118	230886270	2	19202416	19203565	2e0595
7	89297763	89299059	2	7142592	7143933	9c179e
7	44588718	44597154	7	34249540	34259404	9c179e
1	299829672	299872524	1	281222473	281250037	0d0887
1	312418298	312423239	1	292884813	292889696	0d0887
1	39106749	39107862	1	29059565	29067001	0d0887
4	84630618	84648174	4	75397118	75410514	5c01a6
6	26707334	26708339	6	67923470	67924475	8808a6
12	8571059	8582193	12	9370029	9380847	e3685f
3	38972730	38986824	3	31810601	31824799	46039f
2	202193331	202204937	2	48880401	48890255	2e0595
3	157196363	157207303	3	142813521	142824707	46039f
3	169897077	169914897	3	155011315	155025962	46039f
3	183039293	183054830	3	167427402	167442647	46039f
5	90411010	90450200	5	29521730	29547974	7201a8
3	122726061	122759200	3	108223885	108252800	46039f
13	7739746	7747712	14	9508686	9515264	ed7953
15	13254957	13263718	1	141031316	141039658	fb9f3a
2	96457650	96478669	2	150932791	150955670	2e0595
2	100681884	100685190	2	147027022	147030347	2e0595
1	277726108	277730925	1	259781188	259786008	0d0887
8	22634610	22642988	8	15477188	15487464	ad2793
3	118938001	118939138	3	103998983	104000120	46039f
8	19703112	19730197	8	12564388	12579014	ad2793
1	40821004	40878772	1	31636191	31673008	0d0887
7	74686494	74701154	7	12399468	12413832	9c179e
2	156272378	156287159	2	93239168	93259778	2e0595
15	13729178	13733561	11	3676090	3679271	fb9f3a
4	82140761	82149422	4	73653560	73666166	5c01a6
11	8363782	8368472	9	11809230	11813132	d8576b
8	48379630	48396352	8	40308906	40327881	ad2793
3	92566390	92748571	3	82551911	82657207	46039f
6	10778697	10779828	6	83685411	83686542	8808a6
1	300062570	300082209	1	281477302	281491392	0d0887
13	2282873	2285768	16	2704443	2707660	ed7953
4	38284140	38289388	4	34160842	34166516	5c01a6
7	13125744	13174610	7	65761811	65804275	9c179e
3	186991590	187001230	3	171246782	171255336	46039f
2	101207105	101213454	2	146489112	146495206	2e0595
4	83176947	83187807	4	17317539	17333337	5c01a6
1	286883799	286889263	1	268537621	268542644	0d0887
2	165114188	165122268	2	84986874	84996378	2e0595
1	237683575	237770807	1	220066151	220131061	0d0887
16	5711651	5718918	17	2897807	2904877	fdb42f
2	56548012	56549140	2	186461124	186462252	2e0595
1	225099251	225111691	1	207916624	207929315	0d0887
7	9229352	9260935	7	68677669	68700614	9c179e
4	87490493	87491672	4	78200871	78202050	5c01a6
12	14278970	14335915	12	3991336	4043837	e3685f
1	159966107	159977232	1	146260854	146269096	0d0887
1	285246481	285289373	1	267080077	267113584	0d0887
5	53795571	53796690	5	60458989	60460114	7201a8
3	33682601	33690688	3	26711174	26719163	46039f
3	191794921	191807483	3	176169445	176180521	46039f
1	330587511	330605480	1	309670189	309684257	0d0887
11	8525113	8526909	9	11644916	11646701	d8576b
1	15622474	15628986	1	6474326	6484054	0d0887
1	28456355	28463009	1	19080296	19093896	0d0887
3	149070272	149260652	3	135005377	135177130	46039f
1	160021449	160068682	1	146309255	146345885	0d0887
2	152493129	152501588	2	97073275	97079334	2e0595
7	64984531	65006465	7	19049844	19072488	9c179e
8	25858811	25884374	8	18976564	19000998	ad2793
16	1940688	1956314	17	5539876	5564304	fdb42f
3	81885676	81935218	3	72522498	72559071	46039f
1	254542856	254553655	1	237214568	237224969	0d0887
1	312063751	312070997	1	292531898	292538408	0d0887
5	9920685	9921801	5	100629052	100630168	7201a8
2	23972473	23975909	2	217624626	217628065	2e0595
5	86454681	86455797	5	33151145	33152261	7201a8
6	45558737	45565146	6	48952217	48959537	8808a6
17	9737566	9749505	15	6543049	6549590	fdca26
2	206297940	206306020	2	44996043	45002828	2e0595
6	45404819	45420330	6	49093781	49108073	8808a6
1	152743364	152746193	1	139120249	139122857	0d0887
2	145979206	145980322	2	104005529	104006645	2e0595
8	13972108	13986645	8	7299978	7314006	ad2793
2	207600450	207615795	2	43816784	43831625	2e0595
3	191860243	191869494	3	176233874	176241836	46039f
1	62945850	62965980	1	52828168	52849522	0d0887
7	62549995	62551105	7	21623162	21624272	9c179e
8	11616102	11628646	8	4985737	4996317	ad2793
5	97257590	97268163	5	22565163	22575711	7201a8
2	100121453	100122572	2	147593979	147595098	2e0595
5	40545880	40546981	5	72813969	72815070	7201a8
5	51739722	51740835	5	62411372	62412485	7201a8
5	46731037	46745619	5	66968804	66974637	7201a8
1	191934916	191988004	1	177036631	177074448	0d0887
4	95236237	95269002	4	86238755	86270134	5c01a6
2	85286506	85323767	2	160976796	160993472	2e0595
1	242890718	242992647	1	225777506	225872123	0d0887
3	37533380	37534490	3	30436115	30437225	46039f
3	61881098	61895686	3	53587209	53603157	46039f
14	13334858	13335950	13	10094881	10095973	f58b47
5	100540780	100556378	5	19402413	19417525	7201a8
1	309984921	309992893	1	291588844	291598519	0d0887
3	168056225	168061949	3	153184336	153190607	46039f
3	157335905	157342583	3	142988471	142993873	46039f
1	153875253	153882502	1	140268564	140276119	0d0887
3	65590375	65607059	3	57056667	57073438	46039f
6	74295814	74364807	6	21313432	21390039	8808a6
6	57811051	57818632	6	37461980	37470529	8808a6
2	176538799	176539906	2	73861378	73862485	2e0595
7	28183370	28196561	7	50388196	50400206	9c179e
8	11527314	11542694	8	4903596	4912428	ad2793
11	2451134	2452238	9	17166413	17167511	d8576b
15	14914426	14918020	11	2393090	2396472	fb9f3a
10	1677187	1683711	10	1432259	1438176	cc4778
3	161493829	161510864	3	146969908	146979017	46039f
8	30902217	30904757	8	23858759	23861277	ad2793
1	242730034	242739413	1	225612224	225623818	0d0887
15	4145087	4175276	11	12337659	12357150	fb9f3a
1	46413028	46428597	1	36894832	36912004	0d0887
6	69966400	69971437	6	25500099	25505143	8808a6
7	23011792	23104885	7	55314633	55412727	9c179e
3	196180972	196227080	3	177177444	177203006	46039f
4	50443862	50452450	4	46533055	46543837	5c01a6
1	240047278	240055900	1	222340396	222359816	0d0887
11	14733759	14734875	9	5336273	5337389	d8576b
6	42601816	42603757	6	52316861	52318796	8808a6
6	10648551	10665497	6	83783511	83800515	8808a6
12	1488379	1493807	16	3822441	3827837	e3685f
6	45172766	45179457	6	49333754	49340790	8808a6
13	3815620	3823886	14	12773795	12781527	ed7953
5	110280203	110312088	5	9972913	9981994	7201a8
3	82964901	82973316	3	73548616	73556320	46039f
5	97554525	97555599	5	22294545	22295619	7201a8
16	12156854	12164487	16	10014939	10022224	fdb42f
8	70178495	70220260	8	57654273	57693927	ad2793
10	8266030	8268589	10	17730710	17733233	cc4778
1	154293222	154355248	1	140701776	140767245	0d0887
2	121899787	121916221	2	120883261	120895497	2e0595
6	53078855	53091907	6	41787805	41799184	8808a6
17	10376880	10381976	7	12613851	12620827	fdca26
1	256837192	256898454	1	239386156	239437580	0d0887
13	18704680	18710384	16	5381481	5387106	ed7953
5	30415167	30416245	5	81520764	81521842	7201a8
15	2041717	2054251	11	14505223	14518436	fb9f3a
3	119307887	119323480	3	104369089	104382643	46039f
19	3006219	3007299	15	939646	940735	f0f921
1	65985418	65990096	1	56188577	56192683	0d0887
1	227615404	227616496	1	210228909	210230001	0d0887
15	13332415	13336053	11	3981033	3984528	fb9f3a
7	20000496	20009868	7	58384638	58395498	9c179e
1	210967143	210968226	1	194645332	194646415	0d0887
3	152921202	152951406	3	138683178	138713207	46039f
1	175698088	175699180	1	163152386	163153478	0d0887
7	8992462	9003253	7	69098838	69107746	9c179e
1	71144410	71145508	1	61047788	61048883	0d0887
5	37412182	37430820	5	75111057	75129141	7201a8
3	168250532	168262281	3	153360449	153371315	46039f
5	40929882	40944111	5	72354936	72370031	7201a8
6	48947338	48963579	6	45568569	45584696	8808a6
7	84594525	84628425	5	52810820	52863450	9c179e
3	130849038	130858480	3	117284314	117293785	46039f
1	320908235	320911136	1	300983490	300986714	0d0887
10	26734537	26736575	15	3933495	3935513	cc4778
2	199143447	199150556	2	51741641	51749053	2e0595
4	79253433	79308557	4	71522106	71564250	5c01a6
3	146019090	146026765	3	131999677	132007812	46039f
14	1227461	1232576	15	11141971	11147002	f58b47
5	96920838	96934325	5	22878419	22892087	7201a8
3	79372640	79377950	3	70114740	70121075	46039f
6	74396666	74410369	6	21259223	21273199	8808a6
2	31570211	31571285	2	210116700	210117774	2e0595
1	126295354	126306505	2	211563333	211573464	0d0887
1	63156755	63157826	1	53059269	53060337	0d0887
2	153831814	153842036	2	95685493	95695171	2e0595
8	13578035	13593154	8	6871595	6883319	ad2793
16	12339288	12340380	16	10218247	10219321	fdb42f
15	8213506	8248246	11	8411784	8441691	fb9f3a
7	29446131	29447343	7	49169701	49170913	9c179e
2	11313486	11321927	5	64914505	64923457	2e0595
5	82483695	82500125	5	36653150	36664032	7201a8
1	286487022	286499578	1	268193663	268204044	0d0887
6	26040451	26041534	6	68626847	68627930	8808a6
8	10512709	10524537	8	3990674	3995515	ad2793
8	6816876	6831109	8	1346010	1358069	ad2793
6	18314309	18330498	6	76096350	76113425	8808a6
2	223463537	223491923	2	25895105	25924105	2e0595
5	56258537	56268621	5	58539167	58548949	7201a8
5	79420407	79421481	5	38882372	38883446	7201a8
5	40690980	40692087	5	72598988	72600095	7201a8
3	57351371	57367422	3	49226844	49243853	46039f
3	179291050	179301708	3	163833949	163843887	46039f
3	103388042	103401220	1	93543593	93560400	46039f
16	12653790	12656037	16	10533642	10536263	fdb42f
2	188287571	188294187	2	62093650	62100048	2e0595
4	21380182	21387286	4	17036689	17044252	5c01a6
2	175210004	175234493	2	75142436	75167736	2e0595
6	27831079	27832165	6	66843189	66844260	8808a6
1	130902505	130903552	1	118878042	118879089	0d0887
15	14885801	14889280	11	2422947	2426782	fb9f3a
3	34452795	34477699	3	27534667	27553451	46039f
11	461330	471917	9	18869202	18879723	d8576b
3	168186835	168195714	3	153290371	153301095	46039f
8	62300651	62309001	8	51440663	51449112	ad2793
10	216830	226192	1	57972059	58009965	cc4778
7	34750224	34754037	7	43953174	43957431	9c179e
14	1641499	1642567	15	10701850	10702918	f58b47
2	12276284	12333906	2	228137247	228146140	2e0595
16	12575131	12580087	16	10454908	10459894	fdb42f
15	16534294	16541023	11	783449	791778	fb9f3a
1	232125605	232126679	1	214543501	214544575	0d0887
1	150707857	150724984	1	137129470	137145600	0d0887
1	69933612	69947560	1	60064641	60077453	0d0887
1	114825369	114832665	1	105168665	105176075	0d0887
1	178832845	178847041	1	166251344	166260843	0d0887
2	96484880	96500692	2	150915566	150928083	2e0595
5	87185037	87192813	5	32480545	32488416	7201a8
15	6373584	6379027	11	10155454	10160875	fb9f3a
1	274587568	274598593	1	256614586	256626529	0d0887
19	708567	723194	15	2591065	2634310	f0f921
1	101581055	101612782	1	85737369	85753043	0d0887
7	37704930	37731574	7	41007924	41030304	9c179e
3	69864816	69884731	3	60922002	60926381	46039f
17	8186912	8189617	15	8149558	8151981	fdca26
1	237533323	237546527	1	219921187	219935578	0d0887
2	104348720	104369986	2	143311922	143328158	2e0595
1	101445679	101469732	1	85866595	85887068	0d0887
7	33152643	33156310	7	45469394	45472984	9c179e
10	25601506	25612832	1	14762930	14773893	cc4778
14	7044276	7050003	13	4371372	4376424	f58b47
2	51777595	51867192	2	190882998	190922994	2e0595
4	86687040	86689642	4	77381342	77384168	5c01a6
15	3845666	3851902	11	12669165	12674981	fb9f3a
5	25176159	25196169	5	87008743	87029502	7201a8
1	306897527	306917314	1	288089903	288110321	0d0887
3	38423298	38442766	3	31288177	31311534	46039f
2	92085531	92092639	2	155608430	155614578	2e0595
3	119084713	119116858	3	104120671	104143174	46039f
1	40710120	40719936	1	30500004	30510223	0d0887
3	127185274	127198117	3	113418050	113431173	46039f
12	8344775	8354483	12	9585801	9595169	e3685f
3	5735204	5736212	3	317062	318067	46039f
2	101232333	101248355	2	146451158	146469372	2e0595
13	2290247	2294200	16	2712960	2716653	ed7953
4	55095381	55096449	4	50300684	50301752	5c01a6
1	315732401	315755449	1	296166310	296186132	0d0887
3	36722694	36755363	3	29706142	29739148	46039f
13	5011155	5039502	14	12164073	12185721	ed7953
6	81713985	81721119	6	15097808	15105581	8808a6
6	85110559	85216589	6	11914854	12016045	8808a6
17	10574896	10579730	15	5505353	5509863	fdca26
1	170512787	170537560	1	156238837	156261135	0d0887
5	31481378	31503100	5	80504804	80525749	7201a8
7	30526882	30549073	7	48088903	48104585	9c179e
15	1238662	1249751	11	16369487	16378554	fb9f3a
2	109259836	109264771	2	138116935	138121612	2e0595
1	181559202	181560261	1	168157403	168158462	0d0887
15	7403952	7405008	11	9203872	9204928	fb9f3a
17	10742478	10743501	15	5325342	5326365	fdca26
10	4655782	4656829	10	4629273	4630320	cc4778
6	26745818	26746826	6	67888327	67889335	8808a6
3	144179471	144197948	3	130161139	130180268	46039f
5	40518394	40527191	5	72737439	72745674	7201a8
2	33095055	33097085	2	208670746	208672350	2e0595
8	44137456	44153320	8	36407972	36432875	ad2793
6	27658233	27673582	6	67005193	67020655	8808a6
12	651407	656584	16	4649967	4655683	e3685f
1	246966841	246967885	1	229408210	229409254	0d0887
4	55112136	55113192	4	50310810	50311875	5c01a6
16	12195638	12198321	16	10059009	10061534	fdb42f
2	203171883	203232113	2	47905796	47939558	2e0595
4	22191292	22193214	4	18119931	18122720	5c01a6
2	148554949	148577373	2	101448420	101469141	2e0595
1	292918321	292933376	1	274419213	274434423	0d0887
1	23339863	23352822	1	13986515	13999791	0d0887
7	22802270	22811673	7	55632016	55642508	9c179e
18	7929755	7933699	18	4336124	4339999	f8e125
1	165776481	165782646	1	151715182	151721544	0d0887
15	1818425	1827654	11	14798495	14807484	fb9f3a
5	26390841	26407335	5	85721211	85744597	7201a8
1	286904018	286909364	1	268561433	268565616	0d0887
6	40891531	40902924	6	53936960	53948765	8808a6
5	90116861	90148061	5	29793434	29816439	7201a8
7	13182195	13194826	7	65810964	65823854	9c179e
2	151907185	151930343	2	97555480	97631124	2e0595
1	168914063	168915107	1	154786903	154787947	0d0887
3	159354965	159364977	3	144930289	144940128	46039f
10	8219226	8238068	10	17757092	17771967	cc4778
1	247102038	247116464	1	229559408	229576203	0d0887
17	3168216	3169311	15	8894385	8895480	fdca26
3	171580715	171676640	3	156550350	156605561	46039f
16	11355438	11358751	16	9070962	9074213	fdb42f
1	249208199	249210919	1	231598841	231601550	0d0887
12	3251726	3260188	12	15677469	15681333	e3685f
15	11545058	11552206	11	7786205	7792570	fb9f3a
6	88229504	88239466	6	9446343	9457333	8808a6
14	2436510	2453800	2	97343242	97349489	f58b47
4	25172690	25189378	4	21115571	21131097	5c01a6
1	115994796	116043148	1	103977901	104009234	0d0887
10	16118497	16119487	10	10759136	10760108	cc4778
14	16668093	16706982	13	5822689	5843927	f58b47
3	146230987	146237163	3	132182292	132188019	46039f
1	98960514	98993027	1	88319749	88358976	0d0887
1	181485529	181508256	1	168088987	168130127	0d0887
3	37997277	37998318	3	30945096	30946137	46039f
5	22800263	22809336	5	89275338	89282553	7201a8
5	97767546	97851713	5	22034993	22119998	7201a8
4	64092570	64112905	4	59007471	59024344	5c01a6
1	100468055	100469090	1	86808953	86809988	0d0887
6	7906992	7921273	6	85871419	85887455	8808a6
1	72292973	72294268	1	62163622	62164917	0d0887
16	12450941	12454586	16	10332508	10336152	fdb42f
1	259656140	259686908	1	242139425	242166776	0d0887
6	85369993	85389622	2	7576974	7594947	8808a6
5	10091701	10243402	5	100386411	100426603	7201a8
3	141492894	141508735	1	55610998	55625380	46039f
3	63554607	63566648	3	55133620	55143066	46039f
1	299712479	299713295	1	281111154	281111970	0d0887
2	142247982	142262794	2	107610196	107625919	2e0595
6	38438824	38441419	6	56245655	56248226	8808a6
8	8720737	8730157	8	516465	525659	ad2793
6	94005393	94017885	6	6044606	6055552	8808a6
13	14918967	14928791	14	1989852	1997233	ed7953
1	115219047	115226720	1	104762292	104770648	0d0887
3	29635480	29645612	3	22765565	22777757	46039f
5	13953037	13967716	1	30774536	30787590	7201a8
3	153708633	153722086	3	139455025	139469553	46039f
10	7979158	7980214	10	17995205	17996261	cc4778
2	31440124	31455602	2	210240407	210254789	2e0595
2	193499973	193502451	2	57091467	57093569	2e0595
3	91367155	91381700	3	81558591	81564687	46039f
6	26756781	26757792	6	67877190	67878216	8808a6
2	65514418	65525927	2	178109988	178121897	2e0595
1	41739249	41740284	1	32528520	32558215	0d0887
1	43130180	43131234	1	33889244	33893369	0d0887
6	45210897	45225296	6	49279393	49291119	8808a6
5	18069851	18071657	5	94000619	94003771	7201a8
8	44019960	44041888	8	36320537	36339712	ad2793
1	241074763	241087590	3	105517952	105530361	0d0887
10	11607353	11673005	10	14406559	14429648	cc4778
1	52919816	52929393	1	43213869	43223570	0d0887
6	80636656	80654417	6	16121077	16141571	8808a6
1	107575401	107584405	1	232293968	232303883	0d0887
6	43123975	43124989	6	51802530	51803541	8808a6
4	23149425	23165175	4	19094392	19111389	5c01a6
5	31430278	31438997	5	80560749	80590136	7201a8
7	30950073	30951090	7	47655704	47656721	9c179e
6	94274749	94297383	6	6296673	6386051	8808a6
3	34606462	34616096	3	27668538	27677374	46039f
2	29978167	30001392	2	211686464	211708728	2e0595
6	48142383	48152762	6	46420487	46424604	8808a6
1	311773962	311778046	1	292290022	292294203	0d0887
1	334980758	335028448	4	105512780	105527405	0d0887
1	332339419	332417893	1	311387770	311392795	0d0887
14	13838678	13850408	13	8531512	8539032	f58b47
3	10201406	10226645	16	820289	827077	46039f
3	123377319	123386776	3	108923992	108932643	46039f
1	142142418	142150841	1	129017544	129026262	0d0887
12	11429861	11430905	12	6370564	6371608	e3685f
15	6499082	6506384	1	166565749	166572969	fb9f3a
8	40908888	40913919	8	33421923	33429564	ad2793
1	24947510	24957265	1	15690361	15698438	0d0887
5	21777201	21780650	5	90365803	90386058	7201a8
16	12837685	12839617	16	10709221	10711179	fdb42f
1	48806835	48817831	1	39119082	39130042	0d0887
1	215695383	215733238	1	199223181	199261253	0d0887
1	239348027	239362240	1	221689746	221696342	0d0887
19	269788	271723	15	3041122	3052724	f0f921
1	301798784	301812911	1	283135113	283148026	0d0887
17	4468326	4476514	15	9880061	9947172	fdca26
6	68199933	68210861	6	27197719	27203780	8808a6
10	9019741	9034292	10	16995766	17006439	cc4778
6	85796610	85801274	1	82607346	82611810	8808a6
7	85093412	85121781	12	13057393	13075053	9c179e
6	40460725	40463178	6	54409807	54412252	8808a6
2	236743327	236756600	2	13183570	13192269	2e0595
10	6421558	6428193	10	19246345	19252827	cc4778
3	45424599	45447385	3	37859686	37883313	46039f
6	80963915	80976890	6	15834164	15847794	8808a6
6	18265398	18266391	6	76168682	76169675	8808a6
2	59953119	59961933	2	183512017	183518969	2e0595
1	311739196	311750665	1	292248509	292260763	0d0887
2	177691433	177707665	2	72774926	72790401	2e0595
7	82004330	82011548	7	5595849	5604296	9c179e
1	36180669	36225900	1	26196185	26234777	0d0887
3	185021943	185031865	3	169400566	169419009	46039f
2	150247392	150248997	2	100054708	100056065	2e0595
1	302021737	302045398	1	283360773	283382884	0d0887
3	179199049	179202984	3	163757915	163761849	46039f
3	131022712	131030811	3	117436649	117445303	46039f
1	63254576	63265150	1	53146453	53154979	0d0887
10	9001174	9006792	10	17020219	17025464	cc4778
3	126299235	126322880	3	112551699	112574889	46039f
8	9471639	9477303	8	3213420	3222219	ad2793
5	58816304	58822278	5	55330831	55337297	7201a8
4	53143261	53144284	4	48464097	48465120	5c01a6
6	48529315	48532129	6	46007981	46010749	8808a6
5	40625389	40632745	5	72658472	72665926	7201a8
16	6799455	6805076	17	3964274	3970592	fdb42f
1	166655328	166663398	1	152532990	152541512	0d0887
13	16996488	17010329	16	6953402	6963016	ed7953
5	97516027	97604230	5	22249620	22328929	7201a8
1	177055086	177056097	1	164701556	164702567	0d0887
2	215469359	215485677	2	33610338	33624015	2e0595
2	156003969	156013292	2	93513506	93523525	2e0595
1	198330841	198427605	1	187290845	187374155	0d0887
6	60592461	60616584	6	34176149	34203259	8808a6
8	23434267	23444860	8	16360215	16371309	ad2793
4	57600660	57601671	4	52908944	52909955	5c01a6
15	15305426	15310955	11	2016793	2020271	fb9f3a
2	190026298	190046905	2	60351646	60369635	2e0595
7	46562417	46577740	7	32194981	32204032	9c179e
12	417825	421254	16	4880157	4883618	e3685f
6	26714190	26715198	6	67917070	67918078	8808a6
3	119432198	119441271	3	104490280	104500309	46039f
3	82000186	82011624	3	72613316	72624077	46039f
2	97227252	97228263	2	150239666	150240677	2e0595
1	96023668	96030340	1	91572099	91578263	0d0887
10	8634194	8645957	10	17387667	17397756	cc4778
3	99964448	99990170	3	90304304	90328266	46039f
10	3107957	3143016	10	3101563	3121570	cc4778
3	10376394	10383208	11	14389959	14395256	46039f
3	196142225	196143230	3	177228524	177229532	46039f
3	134478656	134495571	3	120769426	120787144	46039f
15	3521919	3527178	11	13066193	13071564	fb9f3a
6	48062593	48083886	6	46476644	46498472	8808a6
7	25968736	25977768	7	52507943	52516938	9c179e
1	66104448	66113669	1	56293053	56302341	0d0887
3	127432890	127441699	3	113664320	113674187	46039f
1	257105049	257111603	1	239709414	239716789	0d0887
4	70513076	70646611	4	65017079	65122634	5c01a6
6	45446264	45450552	6	49066392	49070513	8808a6
5	22630984	22631989	5	89456873	89457878	7201a8
3	35023569	35032019	3	28072232	28080612	46039f
7	80788133	80806299	7	6698039	6709692	9c179e
12	13265518	13275612	12	4472166	4482478	e3685f
11	22739175	22747703	9	22279316	22282777	d8576b
6	45476737	45484572	6	49030510	49040256	8808a6
2	33105203	33110394	2	208655527	208672347	2e0595
6	71953692	71963230	6	23434572	23444188	8808a6
14	1622077	1623076	15	10720867	10721866	f58b47
13	15758635	15766412	14	1113273	1120987	ed7953
2	94404702	94412044	2	153051964	153058516	2e0595
2	215072870	215081627	2	37942618	37950751	2e0595
1	71786686	71929521	1	61686234	61813472	0d0887
1	215580216	215588672	1	199115987	199124460	0d0887
8	38251932	38286341	8	30843831	30883717	ad2793
1	17881551	17887590	1	8916378	8923037	0d0887
7	74360800	74381073	7	12761857	12781036	9c179e
2	154625358	154642439	2	94919234	94934856	2e0595
2	152806093	152807089	2	96751306	96752302	2e0595
2	99466194	99482470	2	148193486	148209925	2e0595
3	15817555	15823516	3	9580047	9586221	46039f
1	311754508	311762199	1	292270958	292278629	0d0887
2	59228271	59244585	2	184239407	184254068	2e0595
3	71159361	71160357	3	62172202	62173198	46039f
5	94963732	94990436	5	24757798	24774236	7201a8
1	332545097	332545961	3	83120590	83121454	0d0887
4	96535076	96544445	4	87635642	87644480	5c01a6
2	222434095	222439839	2	26867749	26873742	2e0595
2	64714528	64727374	2	178946375	178959216	2e0595
1	246362746	246375312	1	228809368	228821551	0d0887
3	147481140	147491566	3	133527849	133536685	46039f
3	179095038	179126174	3	163708549	163724864	46039f
8	19264187	19271602	8	12164696	12171949	ad2793
8	59623501	59720428	8	49474536	49548083	ad2793
11	12387946	12392991	9	7696514	7701552	d8576b
1	69953916	69963537	1	60083868	60092128	0d0887
4	64250360	64260216	4	59138122	59148965	5c01a6
13	2924971	2930390	16	421404	426777	ed7953
1	293908991	293913669	1	275388516	275393652	0d0887
1	148428908	148429898	1	134883087	134884077	0d0887
6	91359143	91373926	6	3845623	3858061	8808a6
2	84744929	84770055	2	161396682	161418320	2e0595
3	132711035	132717901	3	118889794	118897207	46039f
2	120330037	120331024	2	119565936	119566923	2e0595
8	51820274	51838115	8	43489956	43499264	ad2793
2	34867920	34871732	2	207091122	207094925	2e0595
5	92499893	92532502	5	27475391	27509158	7201a8
3	160946859	160987000	3	146396286	146437619	46039f
6	52985988	52998077	6	41876375	41887203	8808a6
3	126790650	126792297	3	113034584	113036261	46039f
3	172445741	172456238	3	157378144	157387065	46039f
8	48525711	48569928	8	40449731	40482232	ad2793
1	274144535	274156679	1	256135418	256147877	0d0887
16	7227402	7242107	2	115262350	115275319	fdb42f
3	119347024	119356910	3	104406597	104423431	46039f
3	169446630	169452803	3	154517910	154524760	46039f
1	22903176	22905372	1	13557578	13559766	0d0887
2	33377753	33392644	2	208369653	208382795	2e0595
1	55347149	55400678	1	45583065	45619192	0d0887
6	88269513	88289152	6	9396002	9408346	8808a6
1	104450761	104456803	1	94748734	94757198	0d0887
4	23363527	23366401	4	19296821	19299681	5c01a6
16	2514259	2523986	17	5175969	5181934	fdb42f
1	12049101	12061974	18	2676490	2684164	0d0887
4	99374311	99390487	4	90670879	90685638	5c01a6
17	4671641	4675810	15	10114307	10118212	fdca26
1	48687679	48700814	1	38992439	38998532	0d0887
12	11380850	11381783	12	6422726	6423659	e3685f
5	3498002	3498959	8	53257252	53258209	7201a8
17	8077435	8081002	15	8252793	8256254	fdca26
7	22154035	22171499	7	56277480	56294269	9c179e
4	17270867	17299256	4	12968916	12989942	5c01a6
5	18900991	18918557	5	93207536	93223568	7201a8
3	98099868	98100693	3	88562018	88562840	46039f
1	199249441	199253659	1	186780855	186786521	0d0887
6	60252237	60261588	6	34539171	34546489	8808a6
7	58593933	58618025	7	25013848	25026923	9c179e
2	76096608	76111979	2	168228299	168241383	2e0595
6	26767234	26797119	6	67868125	67869067	8808a6
3	94443798	94482740	3	83720634	83731779	46039f
3	51177085	51178060	3	43416995	43417970	46039f
1	314390842	314398302	1	294835630	294843616	0d0887
2	174997999	175006219	2	75378503	75386799	2e0595
1	150441371	150483117	1	136850119	136885099	0d0887
6	33159067	33175965	6	61352772	61371072	8808a6
2	222363462	222366450	2	26938726	26942053	2e0595
13	2243892	2246984	16	2643843	2646937	ed7953
6	46547831	46617732	6	47913238	47994807	8808a6
13	12874237	12877062	14	2334611	2337402	ed7953
3	89851761	89854122	3	80237990	80240347	46039f
15	3624575	3630448	11	12961587	12968573	fb9f3a
8	30025396	30036760	8	22987376	22999146	ad2793
2	91871230	91882399	2	155403133	155416556	2e0595
15	15798952	15806293	11	1495592	1503135	fb9f3a
2	199763133	199767804	2	51151334	51156260	2e0595
7	20911338	20935409	7	57399233	57428347	9c179e
1	225156754	225193736	1	207976729	208012015	0d0887
5	94056574	94076334	1	166526941	166546636	7201a8
7	30501244	30516615	7	48115810	48131147	9c179e
19	829217	832626	15	2526706	2529953	f0f921
3	141419523	141468921	1	55645725	55686942	46039f
3	153507475	153528272	3	139258443	139278602	46039f
17	10166811	10181895	15	6133355	6149017	fdca26
16	2034870	2040464	17	5456937	5463664	fdb42f
7	31709098	31721617	7	46881679	46897009	9c179e
2	104966617	104996491	2	157172254	157203782	2e0595
5	97525550	97526501	5	22318323	22319274	7201a8
11	22519435	22523265	14	3812222	3816108	d8576b
6	48537921	48539978	6	46000453	46002518	8808a6
3	91703783	91751360	3	81849656	81873127	46039f
2	217206043	217299946	2	31691333	31738091	2e0595
4	26385379	26393306	4	22288838	22293937	5c01a6
1	28124513	28151774	1	18766748	18792794	0d0887
1	121908789	121913597	1	110363728	110368477	0d0887
16	11072844	11076446	16	8682670	8686003	fdb42f
3	17334551	17407264	3	11022638	11086388	46039f
4	4675358	4680752	4	1094907	1099403	5c01a6
19	2837316	2856557	15	1080842	1097907	f0f921
2	101819937	101830245	2	145882616	145892524	2e0595
2	152024709	152031327	2	97471891	97478551	2e0595
1	272334026	272337620	1	254327199	254330891	0d0887
3	141942355	141959035	3	127982609	127990621	46039f
1	184800152	184801109	1	170804100	170805057	0d0887
1	257043414	257056255	1	239646042	239658264	0d0887
3	79962025	79969244	3	70673808	70681490	46039f
15	11609747	11618912	11	5467399	5476216	fb9f3a
1	144511717	144549675	1	131132321	131155066	0d0887
1	317795713	317812693	1	298092319	298103143	0d0887
8	49388035	49404591	8	41280059	41292400	ad2793
1	69852085	69863721	1	59986646	59999781	0d0887
4	37394578	37398648	4	33265326	33270095	5c01a6
3	69648377	69668230	3	60709099	60726339	46039f
5	108115640	108133694	5	12025868	12041788	7201a8
2	155167769	155174808	2	94363842	94371229	2e0595
1	287745968	287758239	1	269327150	269338335	0d0887
3	65819961	65906645	3	57301282	57377918	46039f
6	48513056	48514975	6	46023962	46026078	8808a6
15	14877942	14884938	11	2427629	2434072	fb9f3a
10	10108212	10125620	10	15919120	15936138	cc4778
3	119133293	119142106	3	104156441	104164610	46039f
10	14476890	14486215	10	12489778	12498525	cc4778
15	7946286	7955549	11	8667841	8674706	fb9f3a
1	41279587	41294517	1	32059300	32072695	0d0887
12	8111226	8125959	12	9824855	9832536	e3685f
3	182323002	182344915	3	166692505	166706753	46039f
16	4663984	4695482	17	1913373	1954739	fdb42f
2	21470521	21476403	2	219918170	219924072	2e0595
1	121492982	121513649	1	109966379	109981733	0d0887
2	137513682	137537845	2	111638136	111655472	2e0595
3	186156678	186157644	3	170464383	170465349	46039f
3	147836535	147850924	3	133863949	133879658	46039f
8	28814723	28819444	8	21786832	21791161	ad2793
1	164369013	164387476	1	150201471	150223974	0d0887
7	37778918	37798059	7	40941440	40952744	9c179e
10	1405811	1410656	10	1163816	1168088	cc4778
15	13837458	13847179	11	3458654	3464956	fb9f3a
3	63020543	63034800	3	54643505	54657186	46039f
5	122563566	122580856	1	180013327	180028693	7201a8
16	11156062	11158103	16	8815384	8817405	fdb42f
3	125142861	125167978	3	111357560	111385509	46039f
1	221882984	221902693	1	204893941	204910356	0d0887
5	13198921	13209069	5	97638852	97654074	7201a8
6	71592159	71593104	6	23865095	23866040	8808a6
5	82056582	82064033	5	37009155	37015495	7201a8
2	11752417	11764056	7	30123724	30129776	2e0595
6	35104468	35130549	6	59582854	59602353	8808a6
1	292731010	292744256	1	274208672	274221517	0d0887
1	14125200	14137674	1	4788777	4803619	0d0887
1	313567755	313577900	1	294018210	294027578	0d0887
5	56788980	56826916	5	58011999	58044997	7201a8
1	233800614	233818295	1	216028167	216041629	0d0887
4	84622798	84629302	4	75389517	75395823	5c01a6
1	323533029	323534405	1	303625013	303626374	0d0887
6	26490304	26491246	6	68112089	68113031	8808a6
8	13828119	13834483	8	7123845	7130162	ad2793
6	85705415	85727789	1	82519430	82538676	8808a6
1	101633646	101641005	1	85707800	85715280	0d0887
1	71679862	71684213	1	61558870	61564524	0d0887
5	107887894	107888836	5	12265965	12266907	7201a8
16	10043039	10046825	16	7254013	7257328	fdb42f
1	15592279	15604451	1	6430227	6439113	0d0887
2	104042525	104059359	2	143673344	143692045	2e0595
15	8695926	8710301	11	8041943	8053439	fb9f3a
15	4451449	4469383	11	12073768	12078337	fb9f3a
2	86800470	86833265	2	160266192	160295122	2e0595
14	2546099	2552067	13	633201	639515	f58b47
3	49925440	49934898	3	42320906	42329946	46039f
5	82528919	82535125	5	36602666	36613650	7201a8
12	1652769	1656295	15	10846250	10849785	e3685f
2	186547442	186579677	2	64134047	64165803	2e0595
2	18283311	18295325	2	222086370	222098944	2e0595
12	4418644	4429502	12	13662593	13673827	e3685f
3	139030504	139031446	3	125241466	125242408	46039f
2	104067627	104078661	2	143642785	143663857	2e0595
1	214774649	214785046	1	198291240	198301511	0d0887
18	659655	663393	4	113714785	113718303	f8e125
4	70131447	70147180	4	64661491	64677514	5c01a6
2	205187647	205204276	2	46015489	46028900	2e0595
8	41180666	41206715	8	33673289	33693683	ad2793
16	1599566	1610956	17	5869212	5881116	fdb42f
2	32893468	32901883	2	208867543	208875855	2e0595
4	8620652	8640261	4	4178962	4192637	5c01a6
4	82413763	82426076	4	73255525	73316745	5c01a6
1	13630224	13639966	1	4285728	4296218	0d0887
13	1732697	1741356	16	2152111	2160051	ed7953
1	94721140	94731038	1	92750068	92757059	0d0887
3	27315336	27321928	3	20598603	20605299	46039f
2	30103829	30130485	2	211465336	211490339	2e0595
1	61861450	61874189	1	51825140	51836939	0d0887
3	94801863	94802799	3	83929155	83930091	46039f
2	37061664	37073579	2	205089357	205102078	2e0595
3	142635885	142642822	3	128632918	128638988	46039f
3	45126652	45141829	3	37575685	37588373	46039f
16	7539106	7548036	17	4443330	4452577	fdb42f
6	65615466	65632840	6	29500464	29516317	8808a6
3	141483280	141488786	1	55628850	55633777	46039f
16	11215413	11218082	16	8882080	8884495	fdb42f
2	155865948	155902677	2	93605644	93687822	2e0595
2	153879467	153891812	2	95654242	95666743	2e0595
3	135474273	135485518	3	121746644	121758200	46039f
14	6719342	6740259	13	4057619	4071585	f58b47
1	156246797	156253137	1	142710783	142716302	0d0887
1	324298228	324311674	1	304400926	304413289	0d0887
4	55056982	55070409	4	50261846	50273548	5c01a6
1	27365871	27372522	1	18030487	18035132	0d0887
1	302294552	302302252	1	283645112	283649961	0d0887
5	92281210	92319137	5	27678517	27718003	7201a8
3	51088470	51098062	3	43322116	43333809	46039f
6	43228006	43249193	6	51673722	51692341	8808a6
3	105487727	105504020	3	86879487	86896463	46039f
13	1658227	1664196	16	2077396	2082876	ed7953
3	24389512	24422317	3	17696275	17725667	46039f
3	20679431	20680349	3	14078838	14079765	46039f
8	22037766	22051484	8	14896904	14909824	ad2793
1	33354425	33472724	1	23581859	23619576	0d0887
1	121545686	121546607	1	110014303	110015224	0d0887
1	195297942	195308820	2	19126195	19136491	0d0887
14	3731889	3737295	1	142274514	142279766	f58b47
3	160639541	160645780	3	146127460	146134097	46039f
1	27966154	28090505	1	18625545	18736177	0d0887
3	201427806	201471143	4	70683007	70748051	46039f
16	7806978	7812998	17	4193842	4198838	fdb42f
10	8994439	8998852	10	17027974	17032723	cc4778
3	62041679	62052045	3	53731709	53741941	46039f
1	68676045	68692101	1	58870520	58886029	0d0887
1	289180686	289190944	1	270660627	270669766	0d0887
1	63373764	63403644	1	53254860	53283626	0d0887
3	159976874	159985553	3	145418048	145432685	46039f
1	124214390	124224961	1	112577650	112588630	0d0887
3	189513228	189514140	3	173477858	173478770	46039f
14	336453	338778	15	12079791	12082129	f58b47
10	805704	807885	10	535647	537817	cc4778
2	126771460	126773979	4	36642169	36644854	2e0595
11	22770616	22772916	9	22311074	22313329	d8576b
1	276224083	276235439	1	258390487	258403739	0d0887
3	31300980	31301889	3	24358205	24359114	46039f
1	36056342	36066725	1	26074951	26085114	0d0887
14	5390029	5392411	13	2880594	2882271	f58b47
2	182132373	182133261	2	68452188	68453076	2e0595
2	100256038	100266185	2	147450409	147459853	2e0595
5	30969792	30995175	5	80946797	80969038	7201a8
4	74321715	74322618	4	68235749	68236652	5c01a6
1	259113679	259117601	1	241646605	241650917	0d0887
6	38534346	38539448	6	56154490	56159841	8808a6
14	12784717	12793065	13	10579664	10587368	f58b47
1	51271444	51293521	1	41541755	41564862	0d0887
7	30904032	30912490	7	47697963	47706671	9c179e
1	258637818	258644559	1	241216023	241222142	0d0887
3	168881849	168889416	3	153967908	153975312	46039f
10	9590942	9591821	10	16492855	16493734	cc4778
8	48898159	48917381	8	40808304	40827326	ad2793
6	1489671	1523508	15	1941227	1944257	8808a6
3	154025595	154040479	3	139762936	139776262	46039f
10	16559312	16572061	10	10258842	10275359	cc4778
5	36229103	36241061	5	76217697	76231598	7201a8
1	239597428	239613525	1	221955025	221969259	0d0887
2	28693817	28705324	2	212952910	212963750	2e0595
15	7243547	7258702	11	9359417	9365848	fb9f3a
6	90809904	90821646	9	6868543	6874943	8808a6
3	141656682	141664134	3	127717677	127725105	46039f
3	161145744	161147918	3	146606243	146608400	46039f
1	299206745	299248879	1	280581600	280623380	0d0887
3	37935328	37948512	3	30867166	30875394	46039f
12	9318350	9319265	12	8342972	8343887	e3685f
1	53464921	53467932	1	43649267	43652276	0d0887
3	98656478	98668829	3	89108076	89119188	46039f
8	48050796	48065468	8	39984160	40000180	ad2793
14	16730789	16739389	13	5794000	5801846	f58b47
19	7205815	7215199	13	8832858	8838455	f0f921
1	63987933	63994024	1	53895514	53904432	0d0887
3	51192279	51193173	3	43431072	43431966	46039f
1	253998669	254022257	1	236731330	236754323	0d0887
2	219842510	219848119	2	29389249	29394073	2e0595
3	156999424	157008551	3	142611447	142620124	46039f
1	233842059	233858179	1	216062464	216068735	0d0887
1	115872850	115886494	1	104116391	104131615	0d0887
1	195725915	195736238	1	189771441	189782097	0d0887
2	73961960	73976454	2	170212950	170221139	2e0595
5	69797733	69853268	7	65474864	65533264	7201a8
1	116729582	116740120	1	103268334	103277622	0d0887
3	44029873	44035617	3	36506522	36512284	46039f
2	192072143	192084492	2	58455345	58468827	2e0595
4	82214165	82226647	4	73576942	73585171	5c01a6
1	64064259	64065051	1	54140181	54140973	0d0887
1	116548997	116553394	1	103464722	103469349	0d0887
14	6490429	6495376	13	3857062	3861617	f58b47
3	186825677	186847069	3	171074585	171093679	46039f
2	152011920	152012820	2	97488521	97489421	2e0595
2	98247086	98253857	2	149270255	149275366	2e0595
3	147191074	147235651	3	133158390	133294252	46039f
12	17471151	17511633	12	14980	72962	e3685f
2	141642582	141656661	8	29771329	29781065	2e0595
17	3069160	3075355	1	87221500	87227867	fdca26
17	9529587	9532221	15	6762495	6765257	fdca26
1	269941830	269943612	1	252155596	252157381	0d0887
1	138347527	138362693	1	126026045	126039082	0d0887
1	153890669	153908381	1	140286983	140297793	0d0887
8	24570268	24594920	8	17494090	17515767	ad2793
11	8316991	8324157	9	11849778	11856337	d8576b
1	56722420	56723320	1	46885814	46886714	0d0887
1	274508300	274514686	1	256552304	256558594	0d0887
1	169200022	169266649	6	63998721	64070370	0d0887
1	202598687	202599560	1	182918265	182919129	0d0887
2	25533048	25542415	2	216034986	216043636	2e0595
2	18265919	18272655	2	222109425	222116142	2e0595
1	257144325	257160403	1	239748401	239768542	0d0887
1	102545557	102563787	1	84750548	84767885	0d0887
3	48554490	48555384	3	40769623	40770517	46039f
8	22606094	22614125	8	15458401	15463630	ad2793
1	98491722	98497212	1	88780057	88785487	0d0887
2	167951333	167972473	2	82151757	82168573	2e0595
1	285003644	285004535	1	266829392	266830283	0d0887
3	37424175	37432021	3	30328563	30335352	46039f
12	8361177	8363588	12	9577650	9579748	e3685f
1	187074360	187083196	1	172340139	172348705	0d0887
4	55036367	55039935	4	50247719	50251266	5c01a6
6	1125099	1153463	3	175885416	175907072	8808a6
14	15080029	15094819	13	7378105	7390407	f58b47
4	38904472	38925812	4	34832149	34840188	5c01a6
1	238839123	238849542	1	221209055	221219132	0d0887
1	194990387	195006042	3	62920464	62933107	0d0887
1	34707649	34708534	1	24852179	24853064	0d0887
2	169697580	169702537	2	80549055	80553997	2e0595
2	18948703	18960143	2	221388201	221401438	2e0595
17	6459442	6471181	4	46367535	46371314	fdca26
1	214918479	214935673	1	198433125	198452479	0d0887
3	94212603	94213455	3	83592950	83593802	46039f
7	29130364	29142922	7	49452208	49461424	9c179e
1	50404155	50409130	1	40690320	40695484	0d0887
1	281347005	281359181	1	263253244	263267789	0d0887
17	8196851	8201116	15	8138709	8142697	fdca26
1	192757757	192769849	1	177822935	177834154	0d0887
1	193436955	193447570	1	178507585	178517854	0d0887
5	69036122	69054615	1	233939958	233955564	7201a8
1	64785259	64796625	1	54795641	54804086	0d0887
4	51164164	51169535	2	207002860	207008150	5c01a6
1	224964945	224989821	1	207793757	207817062	0d0887
2	208938691	209015672	2	42586488	42649507	2e0595
3	153399497	153416303	3	139151311	139165712	46039f
5	46764623	46772155	5	66945065	66950873	7201a8
3	25732166	25736330	3	19044554	19048774	46039f
2	207650944	207663239	2	43765547	43778780	2e0595
3	63642884	63653336	3	55217239	55227471	46039f
4	119628464	119636862	1	7283095	7291755	5c01a6
3	100068641	100072049	3	90401492	90404861	46039f
2	22475030	22484261	2	219056334	219061078	2e0595
19	224084	224975	15	3102751	3103642	f0f921
13	13758293	13766618	14	3513313	3521514	ed7953
1	71419570	71430767	1	61329420	61341288	0d0887
2	215428801	215442696	2	33570093	33582128	2e0595
1	207170940	207187765	1	191135597	191152444	0d0887
1	283509210	283551242	1	265396185	265423951	0d0887
2	8911911	8936038	2	230123537	230132678	2e0595
19	80743	83638	11	15426172	15428206	f0f921
7	27999693	28012565	7	50553235	50564427	9c179e
5	68350783	68360219	5	46144290	46152451	7201a8
3	61708029	61735276	3	53480641	53549535	46039f
5	50227586	50230754	5	63815540	63818720	7201a8
6	81185630	81224383	6	15567853	15590217	8808a6
5	37380061	37380940	5	75225219	75226098	7201a8
1	226319786	226322115	1	209053191	209055174	0d0887
6	24977235	24983952	6	69642331	69648687	8808a6
1	53801186	53808430	1	43906801	43914165	0d0887
12	9031999	9037567	12	8728842	8733842	e3685f
1	257309801	257322769	1	239902647	239914027	0d0887
12	4397666	4402933	12	13689522	13696325	e3685f
17	4122556	4127757	15	9577615	9582912	fdca26
18	9348056	9348860	17	532117	532909	f8e125
5	39259869	39270425	5	73446625	73457460	7201a8
6	16886085	16907394	6	77451125	77466165	8808a6
1	131988055	132010362	1	119888511	119906799	0d0887
6	89181616	89188838	6	8310362	8329270	8808a6
1	268348600	268362906	1	250640719	250653068	0d0887
6	12889795	12899786	6	81404820	81414654	8808a6
2	97289388	97323679	2	150148377	150177964	2e0595
1	265268174	265285136	1	247734462	247750566	0d0887
12	10114266	10124525	12	7602924	7611178	e3685f
1	25288528	25293982	1	16029897	16035021	0d0887
1	49401635	49416134	1	39671244	39686364	0d0887
1	150193679	150203047	1	136627348	136630160	0d0887
19	2110888	2113774	9	9471865	9489938	f0f921
1	319558202	319564842	1	299740436	299747407	0d0887
1	26170786	26178960	1	16858007	16864938	0d0887
15	11815975	11822204	2	151157105	151301964	fb9f3a
7	14137997	14149147	13	2412605	2422191	9c179e
8	55327899	55353461	8	46379939	46389344	ad2793
19	4614832	4619523	8	4699558	4702353	f0f921
2	194804017	194977216	2	55725391	55872972	2e0595
16	12251298	12253216	16	10116746	10118642	fdb42f
1	194892286	194897795	3	62822437	62827371	0d0887
18	8524843	8546272	18	4687678	4707278	f8e125
1	254741484	254742348	1	237400854	237401718	0d0887
4	89849200	89866806	4	80379449	80386731	5c01a6
1	73176751	73186162	1	63033790	63044156	0d0887
11	18850891	18854159	9	1537029	1541013	d8576b
1	165481809	165493405	1	151419981	151430190	0d0887
1	287728898	287731961	1	269308862	269312385	0d0887
3	156906888	156911165	3	142507531	142511808	46039f
15	16678785	16687782	11	637380	647245	fb9f3a
5	99744196	99758457	5	20190267	20198077	7201a8
2	207667909	207676090	2	43751081	43760912	2e0595
1	211793548	211799708	1	195511056	195517077	0d0887
2	97826616	97827474	2	149663367	149664225	2e0595
1	92855404	92877105	1	82037811	82070787	0d0887
6	84882667	84893085	6	12218985	12233212	8808a6
1	319354887	319362939	1	299546329	299553352	0d0887
2	89832874	89865248	2	157946709	157980130	2e0595
16	8077546	8082426	8	57847103	57853781	fdb42f
1	261844406	261845264	1	244190699	244191557	0d0887
1	61673109	61687240	1	51651610	51664410	0d0887
1	88472720	88476126	1	77893007	77896606	0d0887
10	7938831	7949914	10	18023952	18033084	cc4778
2	199317794	199326674	2	51568375	51577322	2e0595
3	68068687	68083691	3	59190765	59201532	46039f
4	58287057	58315955	4	53619852	53634931	5c01a6
1	223400365	223405759	1	206431818	206437130	0d0887
1	69660684	69678740	1	59825655	59839298	0d0887
13	1668403	1675124	16	2087079	2093223	ed7953
2	185787637	185789688	2	64929356	64931422	2e0595
1	295461490	295499022	1	276985071	277015530	0d0887
1	87683757	87697409	1	77117569	77131175	0d0887
1	53171958	53190608	1	43432543	43446967	0d0887
6	59442253	59450323	6	35271229	35280625	8808a6
3	148005459	148007004	3	133971363	133972860	46039f
1	276994812	276998550	1	259055520	259059574	0d0887
3	119046249	119078625	3	104086222	104114371	46039f
7	80722813	80741705	7	6768944	6781466	9c179e
2	100379433	100393837	2	147308487	147326298	2e0595
2	126799428	126801676	2	125355456	125357489	2e0595
2	15390910	15398178	2	224905857	224912636	2e0595
4	42487466	42503701	4	38444436	38461425	5c01a6
16	11435811	11438545	16	9152390	9155082	fdb42f
2	76957364	76973634	2	167470088	167484487	2e0595
3	103231650	103239597	1	93696874	93703457	46039f
1	31053813	31054665	2	62889361	62890213	0d0887
3	40899701	40932452	3	33676534	33702877	46039f
11	15157781	15165510	9	18442769	18450657	d8576b
6	76203661	76233911	6	19531808	19560700	8808a6
5	31957318	31967013	5	80019212	80029071	7201a8
3	50472232	50481034	3	42815668	42824561	46039f
8	44083195	44092397	8	36369231	36377528	ad2793
2	100320966	100328681	2	147373641	147381249	2e0595
11	8475153	8481049	9	11685250	11691386	d8576b
7	70475989	70515393	7	16377540	16412410	9c179e
1	8722367	8763204	1	606347	614511	0d0887
1	340579600	340589603	5	23361726	23371583	0d0887
3	150231919	150240488	3	135987252	135995449	46039f
1	49090090	49103329	1	39375280	39388402	0d0887
8	44452280	44455259	8	36785136	36787414	ad2793
3	14154856	14165120	3	7822326	7831106	46039f
5	94010238	94015502	5	25631831	25637029	7201a8
2	158393782	158394406	2	91252754	91253378	2e0595
4	53231249	53248016	4	48546747	48558884	5c01a6
3	64534972	64544898	3	56076043	56084413	46039f
2	12300639	12312436	2	228114890	228123833	2e0595
2	226021126	226089532	2	23542897	23592130	2e0595
2	160856716	160880936	2	88744875	88770353	2e0595
14	16514005	16520638	13	5965667	5973672	f58b47
3	57118807	57147850	3	49020386	49049605	46039f
2	31871776	31875803	2	209835077	209840253	2e0595
4	93191241	93198507	4	83920466	83929371	5c01a6
6	99223327	99226167	5	54408154	54408937	8808a6
3	35040490	35054858	3	28089463	28102499	46039f
16	12050693	12051503	16	9899914	9900724	fdb42f
15	1460130	1465592	11	16144792	16150193	fb9f3a
3	66233328	66239918	3	57539646	57546341	46039f
4	24446558	24447386	4	20362908	20363736	5c01a6
12	584630	585467	16	4721240	4722077	e3685f
2	159633883	159645863	2	90000790	90010164	2e0595
5	59054258	59068081	5	55108330	55121936	7201a8
6	23613009	23626822	6	71012225	71018299	8808a6
6	36192078	36196198	6	58504702	58508761	8808a6
14	1242175	1244960	15	11127557	11130312	f58b47
2	32241488	32245485	2	209469106	209472877	2e0595
7	47659691	47660504	7	31057407	31058220	9c179e
10	16001659	16012408	10	10877212	10888119	cc4778
6	62301339	62307337	6	32595691	32601881	8808a6
10	10428399	10430480	10	15643759	15645847	cc4778
17	10734880	10738314	15	5331295	5334619	fdca26
8	49368224	49373582	8	41267597	41273486	ad2793
3	13144627	13145497	3	6837818	6838682	46039f
7	72249386	72250202	7	14761253	14762069	9c179e
7	38550743	38583893	7	40075318	40100993	9c179e
15	15693886	15712644	11	1587844	1604257	fb9f3a
4	32331641	32332445	4	28217068	28217872	5c01a6
3	10482896	10497758	3	4380882	4394926	46039f
19	361721	365011	15	2979783	2983047	f0f921
8	38029180	38036778	8	30674157	30681741	ad2793
2	18508678	18515240	2	221871316	221879287	2e0595
14	9620754	9621606	13	9913604	9914456	f58b47
3	16072733	16094258	3	9883524	9903023	46039f
6	70311337	70318933	6	25218055	25226866	8808a6
1	115679516	115686260	1	104302205	104307698	0d0887
3	51125888	51133530	3	43362431	43370377	46039f
1	237365545	237396932	1	219751722	219782532	0d0887
1	317159486	317191045	1	297499335	297522145	0d0887
2	216252706	216260225	2	32677357	32683100	2e0595
4	33981601	33986652	4	29767005	29772275	5c01a6
2	129567894	129585846	2	127678331	127695091	2e0595
13	711571	713925	16	1098608	1100645	ed7953
3	49527192	49538011	3	41948151	41954972	46039f
6	72847179	72848007	6	22602438	22603278	8808a6
6	44858433	44861567	6	49695120	49698270	8808a6
17	2125357	2140485	2	1348831	1362203	fdca26
2	163305303	163390545	2	86517285	86636178	2e0595
14	4831418	4833734	13	2167931	2170232	f58b47
2	150997574	150999717	2	98486825	98489675	2e0595
17	10369657	10373524	2	62966482	62970363	fdca26
3	167342435	167371330	3	152495909	152521457	46039f
1	142118263	142124614	1	128989079	128995414	0d0887
1	178268392	178271854	1	165828102	165831646	0d0887
2	240869385	240875968	2	9218198	9224682	2e0595
3	187292758	187301915	3	171548141	171557385	46039f
11	219179	231491	9	18628381	18637264	d8576b
2	106016739	106030166	2	139078557	139089835	2e0595
1	22908179	22909007	1	13563388	13564216	0d0887
3	122826208	122862881	3	108330674	108352710	46039f
1	178424222	178427669	1	165938705	165942108	0d0887
1	34766406	34770451	1	24915435	24918197	0d0887
6	23681373	23700502	6	70941315	70960604	8808a6
8	62417900	62472583	8	51549217	51581630	ad2793
4	21969591	21973580	4	17924210	17928144	5c01a6
3	40179286	40181999	3	32995402	32998065	46039f
4	6363320	6372653	4	2154620	2162454	5c01a6
12	301006	304935	16	4998407	5002312	e3685f
1	318090156	318098825	1	298365009	298374316	0d0887
2	241466255	241487402	2	7837263	7851879	2e0595
6	31572528	31576764	6	62864035	62867904	8808a6
1	104368096	104398614	1	94672124	94698691	0d0887
6	22510653	22555382	6	72016116	72037916	8808a6
10	11136651	11144432	10	14943193	14951569	cc4778
3	120330781	120334766	3	105394219	105399247	46039f
1	52533412	52596679	1	42845124	42892585	0d0887
8	8114356	8121267	8	312091	312829	ad2793
1	36032237	36037826	1	26054401	26060002	0d0887
7	17486564	17492128	7	60715319	60720773	9c179e
6	61226730	61364743	6	33549406	33620203	8808a6
3	62847104	62877785	3	54462420	54502010	46039f
3	61952450	61953263	3	104752100	104752913	46039f
1	208667373	208682150	1	192656757	192666992	0d0887
2	236974860	236997731	2	12961151	12972535	2e0595
1	104618577	104628266	1	94922043	94959088	0d0887
2	200143860	200150933	2	50782355	50790701	2e0595
5	32052606	32066785	5	79925790	79938931	7201a8
1	226188701	226221860	1	208911238	208962166	0d0887
4	76943826	77008791	4	69778383	69841371	5c01a6
1	251522801	251568642	1	234530722	234577239	0d0887
7	17494320	17512618	7	60701921	60713170	9c179e
1	313470792	313482485	1	293932490	293942050	0d0887
8	22657135	22679235	8	15492019	15541307	ad2793
3	67298402	67306292	3	58457373	58465704	46039f
5	40947318	40952515	5	72348977	72351731	7201a8
17	9475873	9481164	15	6813699	6890323	fdca26
15	6148725	6154184	11	10429863	10432667	fb9f3a
3	15994668	16001382	3	9809774	9818953	46039f
2	195304687	195315620	2	55338693	55348021	2e0595
2	97037993	97059033	2	150392902	150412709	2e0595
3	47595947	47598342	3	39834085	39836463	46039f
6	62277019	62295533	6	32607820	32627455	8808a6
1	277972325	277974700	1	259982181	259984598	0d0887
2	191498295	191507330	2	58995994	59004110	2e0595
3	28762959	28770011	3	21945248	21952324	46039f
13	10271083	10271890	14	7052573	7053380	ed7953
13	7419475	7426028	14	9818550	9845085	ed7953
8	22254053	22313554	8	15125747	15158607	ad2793
5	31367810	31375888	5	80641642	80649637	7201a8
1	11781105	11799406	1	2796437	2813241	0d0887
6	71016541	71034314	6	24396573	24410273	8808a6
1	249458028	249487122	1	232420786	232448234	0d0887
1	81063247	81067862	1	70880997	70886838	0d0887
4	98708621	98710938	4	89981390	89983693	5c01a6
6	68040762	68163630	6	27248162	27371593	8808a6
17	2149170	2166597	4	85479117	85488322	fdca26
2	184933753	184935532	2	65796400	65798173	2e0595
2	190589678	190624297	2	59798941	59821440	2e0595
2	160127119	160132411	2	89522966	89529629	2e0595
3	37908290	37915933	3	30805357	30813648	46039f
8	11144088	11160918	8	4458150	4472551	ad2793
17	10015948	10017796	15	5994188	5996032	fdca26
1	27115016	27122130	1	17795245	17802775	0d0887
7	50864174	50903716	7	28801440	28812434	9c179e
3	168519057	168536899	3	153632869	153643354	46039f
16	1377895	1380509	17	6102542	6105362	fdb42f
1	80525011	80542438	1	70364400	70384461	0d0887
15	3493631	3499096	11	13096080	13099485	fb9f3a
17	9847119	9849507	15	6439505	6441498	fdca26
8	49302252	49328278	8	41195725	41218228	ad2793
7	26101433	26103857	7	52397008	52399417	9c179e
12	17319478	17339336	13	13683014	13701000	e3685f
4	69913924	69954851	4	64473144	64510880	5c01a6
17	11032907	11033699	15	5864330	5865128	fdca26
16	9386969	9391256	1	224875798	224880178	fdb42f
14	7060443	7065364	13	4384518	4389729	f58b47
4	9780398	9782105	4	5291588	5293307	5c01a6
2	84049990	84050728	2	162123482	162124226	2e0595
2	129532754	129538076	2	127722445	127728157	2e0595
3	32830483	32848615	3	25870771	25887680	46039f
1	255366356	255393761	1	238001101	238016528	0d0887
4	82101492	82110494	4	73691641	73698039	5c01a6
5	99301871	99307606	5	20639213	20641850	7201a8
3	28420127	28431937	3	21625510	21635774	46039f
1	74651681	74686215	1	64802341	64833962	0d0887
1	25794889	25809798	1	16500076	16513688	0d0887
16	11042279	11043038	16	8727248	8728004	fdb42f
2	33727580	33737460	2	208060303	208070762	2e0595
1	51596797	51605799	1	41838585	41847976	0d0887
8	44525644	44526313	8	36856628	36857297	ad2793
3	159044633	159045422	3	144629010	144629799	46039f
2	51317079	51328272	2	191379966	191390598	2e0595
2	128176973	128183577	2	129233409	129240192	2e0595
8	11096794	11104635	8	4412794	4418822	ad2793
13	2705636	2710424	16	3130989	3135936	ed7953
5	20647869	20648658	5	91493413	91494202	7201a8
13	1479235	1490881	16	1838005	1847084	ed7953
8	38837171	38864901	8	31445347	31468771	ad2793
10	7618070	7660576	10	18268200	18290270	cc4778
4	78031489	78037150	4	70300189	70303171	5c01a6
1	239572300	239583146	1	221856538	221942607	0d0887
1	152880150	152901618	1	139261829	139283973	0d0887
1	292770892	292785058	1	274253602	274266241	0d0887
6	71967399	71983249	6	23407049	23421652	8808a6
3	120613146	120624580	3	106084762	106096150	46039f
16	7151948	7156727	17	4736391	4749487	fdb42f
1	126232140	126237010	1	114488106	114497836	0d0887
3	63537420	63545510	3	55116818	55125358	46039f
17	8207204	8210759	15	8129217	8132795	fdca26
2	127968619	127974571	2	129003686	129008637	2e0595
3	27289407	27310453	3	20572688	20593857	46039f
10	9013538	9016333	10	17009841	17012650	cc4778
5	86165063	86167974	5	33350037	33352970	7201a8
5	36370568	36376605	5	76100913	76105788	7201a8
7	64066882	64121463	7	20086502	20146483	9c179e
19	154746	155935	15	3167895	3169041	f0f921
3	173517467	173524569	3	158404931	158411933	46039f
2	199947706	199959287	2	50966844	50978528	2e0595
8	19664213	19682718	8	12523789	12543787	ad2793
15	13736575	13744051	11	3682944	3689687	fb9f3a
17	9955066	9958290	15	6329329	6332924	fdca26
3	50648363	50656778	3	42983062	42991234	46039f
18	9668407	9674040	15	3452359	3455803	f8e125
1	191921613	191929563	1	177023440	177031275	0d0887
19	2994619	3004044	15	943990	952892	f0f921
5	56422293	56427023	5	58436729	58446191	7201a8
2	21461974	21467661	2	219926844	219931679	2e0595
1	195844793	195856504	1	189650192	189661823	0d0887
5	26719362	26736431	5	85373051	85389334	7201a8
4	91750572	91751352	4	82422911	82423691	5c01a6
1	199863926	199867354	1	186213511	186217682	0d0887
1	68487294	68496616	1	58695889	58705527	0d0887
3	28658183	28675400	3	21844494	21859904	46039f
17	10505894	10510309	15	5575806	5580318	fdca26
1	16134541	16150103	1	7012390	7024227	0d0887
19	855269	856461	15	2501880	2503063	f0f921
19	7196561	7200345	13	8851457	8855362	f0f921
16	11350294	11353897	16	9065832	9069432	fdb42f
2	203325022	203331644	2	47800607	47808689	2e0595
3	32382143	32399501	3	25457301	25467425	46039f
1	323520687	323523204	1	303613124	303615529	0d0887
7	14011553	14021577	13	2271675	2284042	9c179e
4	47009866	47010640	4	42949604	42950378	5c01a6
8	38599633	38603721	8	31182887	31186965	ad2793
1	27662686	27666939	1	18346009	18350375	0d0887
14	13373083	13375836	13	10047044	10048831	f58b47
10	4637058	4637811	10	4611410	4612163	cc4778
13	10296015	10301671	14	7026841	7032099	ed7953
5	120842534	120843314	5	1027974	1028754	7201a8
4	98808814	98819920	4	90078896	90090133	5c01a6
12	1737246	1743880	12	14150379	14156481	e3685f
7	33508222	33508735	7	45163548	45164061	9c179e
8	62976284	62987406	1	285411198	285422530	ad2793
3	35936966	35943526	3	28980760	28985694	46039f
1	96290330	96296583	1	90768886	90775873	0d0887
3	147656426	147661498	3	133696657	133701715	46039f
5	96993879	96999990	5	22820877	22827037	7201a8
3	88131677	88144999	3	78600839	78615969	46039f
2	92024807	92031833	2	155544663	155552507	2e0595
2	97611829	97612606	2	149834242	149835019	2e0595
1	276527981	276543718	1	258652593	258659270	0d0887
6	38481516	38485403	6	56205221	56209164	8808a6
19	2864200	2868137	15	1070037	1073568	f0f921
15	4758677	4765434	11	11766130	11773003	fb9f3a
1	291903114	291917870	1	273386361	273407510	0d0887
4	83226179	83233981	4	17267383	17275894	5c01a6
1	276900305	276901073	1	258969401	258970169	0d0887
3	163289993	163296818	3	148648488	148655646	46039f
8	23446127	23452768	8	16372552	16379040	ad2793
2	181240681	181249336	2	69280995	69287253	2e0595
1	18691347	18700150	1	9725740	9731232	0d0887
13	11081951	11089776	14	6229152	6234382	ed7953
1	246918795	246942915	1	229363557	229384201	0d0887
5	30400036	30407851	5	81529272	81536967	7201a8
7	70741667	70744028	7	16163573	16165792	9c179e
3	172890251	172896884	3	157810885	157817164	46039f
3	150548369	150552248	3	136294878	136298818	46039f
7	19486662	19520378	7	59023142	59035545	9c179e
1	324259902	324269439	1	304365820	304374556	0d0887
4	29177610	29185843	4	25099413	25108056	5c01a6
3	42043216	42059794	3	34691167	34699257	46039f
3	147023874	147039666	3	132993084	133012316	46039f
7	24466378	24472728	7	53975654	53982035	9c179e
14	5233574	5238663	13	2698388	2703837	f58b47
2	73754069	73755520	2	170395657	170397123	2e0595
1	104104595	104124960	1	94407056	94429303	0d0887
5	41018979	41024704	5	72271648	72277092	7201a8
1	18305097	18310616	1	9377084	9382755	0d0887
1	179472307	179557235	1	166792928	166867917	0d0887
3	64216301	64232809	3	55768539	55792757	46039f
16	11642444	11644982	16	9384680	9387219	fdb42f
1	269236436	269238997	1	251494065	251496604	0d0887
1	292690304	292712093	1	274169117	274191223	0d0887
1	33172154	33186649	1	23370467	23383315	0d0887
11	5248668	5267255	9	14572155	14588400	d8576b
3	178919263	178948745	3	163541803	163568053	46039f
3	147063390	147064919	3	133029177	133030721	46039f
2	90311999	90326213	2	157508415	157523391	2e0595
6	40515661	40524632	6	54335764	54344201	8808a6
3	191812422	191821978	3	176188584	176198321	46039f
1	336576769	336588187	1	102054243	102057025	0d0887
10	6918159	6935391	1	294507106	294513672	cc4778
2	191808132	191821247	2	58703527	58714877	2e0595
11	320756	323927	9	18734712	18788375	d8576b
2	76065372	76069847	2	168256293	168260961	2e0595
3	25364648	25365395	3	18638464	18639211	46039f
2	177513342	177532222	2	72960464	72977225	2e0595
5	16493132	16551046	5	95526553	95567348	7201a8
1	89992833	90005669	1	79400612	79412900	0d0887
3	30225208	30228152	3	23329587	23332799	46039f
18	7048308	7051747	18	3475964	3479862	f8e125
1	102033226	102045079	1	85255852	85264260	0d0887
16	1384889	1392249	17	6090877	6106639	fdb42f
7	21861268	21866449	7	56581914	56586768	9c179e
1	67819677	67827706	1	57910931	57919665	0d0887
12	1730096	1740888	12	14143158	14151480	e3685f
3	92470809	92492839	3	82460169	82467854	46039f
3	61934861	61946767	3	53640341	53650928	46039f
2	100664161	100669765	2	147041184	147046849	2e0595
2	180411887	180417725	2	70128127	70134588	2e0595
5	122487215	122506047	1	179932966	179952719	7201a8
3	32854132	32863269	3	25893147	25905990	46039f
14	5441897	5444492	13	2931859	2933959	f58b47
1	331334723	331346378	1	310884508	310891065	0d0887
10	6509375	6514097	10	19171279	19185356	cc4778
1	31008833	31009577	2	62857766	62858510	0d0887
5	18092663	18108022	5	93963719	93979057	7201a8
8	68755661	68760650	8	56912181	56915627	ad2793
1	87289048	87289786	1	76711612	76712350	0d0887
2	131330801	131338909	1	90915031	90923074	2e0595
3	62156572	62157310	3	53849898	53850636	46039f
11	2942685	2952434	9	16660594	16667468	d8576b
3	29681367	29684479	3	22810490	22815373	46039f
6	57457845	57489327	6	37755796	37779001	8808a6
1	322475354	322480233	1	302568316	302573330	0d0887
5	87232760	87249097	5	32431243	32448321	7201a8
1	178307659	178319494	1	165854569	165866273	0d0887
7	33225792	33226469	7	45421977	45422676	9c179e
1	80456980	80480485	1	70300756	70314265	0d0887
11	8840002	8845704	9	11358242	11362797	d8576b
14	327515	331421	15	12086677	12090551	f58b47
4	23141536	23142271	4	19088273	19089008	5c01a6
1	207245286	207253447	1	191198795	191206825	0d0887
2	18501506	18505536	2	221882808	221886710	2e0595
3	100512890	100519898	3	90803525	90809613	46039f
1	279153707	279160029	1	261126394	261132868	0d0887
2	216284890	216292693	2	32640829	32648431	2e0595
4	36102970	36111085	4	31979135	31987149	5c01a6
2	149346299	149351211	2	100701161	100710229	2e0595
5	20794147	20798629	5	91341891	91347537	7201a8
5	13434865	13437159	5	97433084	97435511	7201a8
17	10147267	10149575	15	6114095	6116368	fdca26
7	55042979	55085689	7	26936652	26977681	9c179e
12	157890	159264	16	5137748	5139093	e3685f
1	139229602	139242245	1	126955057	126967434	0d0887
3	166916586	166917306	3	152093308	152094028	46039f
1	300006988	300012757	1	281422260	281428041	0d0887
5	51274813	51285179	5	62840110	62847617	7201a8
5	29311547	29342158	5	82573443	82574073	7201a8
1	280489106	280524600	1	262430165	262452753	0d0887
2	105008369	105033742	2	157223028	157252313	2e0595
14	2316993	2319943	13	443473	446416	f58b47
19	3364951	3369142	15	597913	602248	f0f921
6	49159811	49172164	6	45366281	45378189	8808a6
6	57198996	57222766	6	38019007	38041616	8808a6
3	104457457	104466397	3	85941970	85950086	46039f
1	284082576	284089228	1	265921593	265928172	0d0887
6	42661157	42663899	6	52252527	52255087	8808a6
4	51950937	51984709	2	114069522	114093448	5c01a6
7	51229128	51271509	7	28483962	28507092	9c179e
3	183179571	183189550	3	167582284	167590072	46039f
14	16041545	16065113	13	6390792	6404669	f58b47
1	51085563	51098424	1	41367204	41380347	0d0887
1	149261527	149262250	1	135711433	135712156	0d0887
5	9685378	9689614	5	100841542	100845798	7201a8
4	91346138	91360617	4	81997642	82011769	5c01a6
6	24987950	25001538	6	69624852	69635438	8808a6
5	30819616	30826776	5	81116311	81123549	7201a8
1	12266487	12282527	3	145073397	145076556	0d0887
1	94914839	94941081	1	92571439	92596199	0d0887
1	69922636	69927827	1	60057381	60061159	0d0887
1	63936136	63942006	1	53841394	53847772	0d0887
14	15051660	15057318	13	7411380	7417247	f58b47
5	13227899	13233721	5	97619006	97623829	7201a8
11	22658948	22660578	9	22194481	22196118	d8576b
14	13701195	13701837	13	8635626	8636328	f58b47
4	63645357	63653831	4	58569185	58577614	5c01a6
11	17589335	17594438	9	4327721	4333368	d8576b
2	182204474	182214344	2	68367903	68378889	2e0595
14	3806376	3810458	1	142348614	142352738	f58b47
15	7433967	7438643	11	9170792	9175101	fb9f3a
4	29877062	29882229	4	25759105	25761583	5c01a6
1	117197797	117208471	1	105959488	105969977	0d0887
13	8616442	8619434	14	8682947	8685958	ed7953
6	51923820	51931579	6	42887514	42895882	8808a6
2	84998724	85002095	2	161217589	161220955	2e0595
2	105840084	105856932	2	138814645	138859227	2e0595
1	65717172	65721586	1	55921707	55927536	0d0887
3	188400294	188407827	3	172444906	172452028	46039f
8	69338074	69344254	8	57078241	57081629	ad2793
1	99111041	99113958	1	88185236	88187779	0d0887
8	52249197	52273735	8	43885441	43908645	ad2793
1	216326628	216336173	1	199770210	199780384	0d0887
13	8721370	8722081	14	8588281	8588992	ed7953
3	25478344	25483648	3	18764430	18768488	46039f
14	1478287	1480312	15	10882667	10884960	f58b47
16	11925471	11928140	16	9780137	9782769	fdb42f
3	152419510	152423207	3	138113664	138117361	46039f
8	69408206	69421057	8	57132281	57138114	ad2793
3	146512858	146526210	3	132475896	132489176	46039f
2	103844406	103866151	2	143773737	143797477	2e0595
5	53027669	53028374	5	61146215	61146920	7201a8
12	3569181	3574819	12	15960632	15966225	e3685f
6	12960884	12993324	6	81327501	81347974	8808a6
14	8710333	8715082	13	9283483	9287227	f58b47
4	85811429	85828384	4	76541121	76554731	5c01a6
2	134135503	134136160	2	114942584	114943241	2e0595
12	497000	497879	16	4810573	4811452	e3685f
15	14125645	14132312	11	3203719	3208856	fb9f3a
2	197177592	197190918	2	53647061	53654840	2e0595
3	110415462	110432302	3	96038923	96052733	46039f
15	902349	905505	11	16723729	16726833	fb9f3a
2	134571607	134587889	2	114491726	114506606	2e0595
10	16031542	16036249	10	10855602	10860415	cc4778
15	1010527	1013672	11	16616770	16619951	fb9f3a
8	11129158	11138353	8	4444219	4452472	ad2793
13	18267143	18331559	16	5886494	5888692	ed7953
5	69536191	69586943	7	65200182	65205074	7201a8
5	88692701	88708053	5	31138844	31153566	7201a8
4	96607021	96611629	4	87707825	87719822	5c01a6
8	37570576	37584179	8	30227297	30240143	ad2793
1	104440976	104446146	1	94739160	94744269	0d0887
2	209734113	209744781	2	41872552	41883422	2e0595
1	100921256	100928467	1	86400803	86408180	0d0887
8	54811734	54812379	8	45953170	45953815	ad2793
1	205764075	205768391	1	180239405	180243426	0d0887
1	75268083	75285794	1	65429780	65443057	0d0887
10	6393568	6410029	10	19264389	19279735	cc4778
19	7191943	7227968	13	8848878	8851150	f0f921
5	32415328	32418633	5	79618421	79622395	7201a8
11	1020650	1027644	9	19437656	19444555	d8576b
5	59968952	59970169	5	54183000	54185172	7201a8
6	40905813	40911000	6	53928890	53934107	8808a6
3	119978668	119983476	3	105027520	105033479	46039f
3	147105442	147109622	3	133071784	133075999	46039f
3	45553782	45577076	3	37984839	38005239	46039f
12	163559	164234	16	5132732	5133410	e3685f
5	16258378	16283585	5	95731074	95752265	7201a8
3	30547002	30555281	3	23582079	23590336	46039f
1	93942873	93949163	1	83496171	83503115	0d0887
5	13685211	13704781	1	30435792	30450853	7201a8
2	195055021	195055711	2	55619100	55619790	2e0595
3	59537065	59553351	3	51258208	51274508	46039f
14	16369146	16391466	13	6095522	6116330	f58b47
3	142422610	142430719	3	128442510	128451040	46039f
11	3239511	3300787	9	16367059	16409961	d8576b
16	12841718	12843326	16	10713618	10715361	fdb42f
3	49426346	49439463	3	41667980	41679966	46039f
7	31165169	31170919	7	47434711	47440622	9c179e
3	126932515	126951797	3	113159564	113184000	46039f
1	270290847	270302642	1	252507156	252519514	0d0887
5	59571175	59594761	5	54600685	54619081	7201a8
4	87824927	87833354	4	78595413	78605577	5c01a6
6	40969049	40973392	6	53876229	53880652	8808a6
3	60372043	60381837	3	52074052	52084320	46039f
1	69969412	69980037	1	60096757	60107083	0d0887
1	199439305	199452790	1	186616780	186623442	0d0887
3	150505749	150506418	3	136253001	136253670	46039f
11	22448612	22451129	9	22002244	22004780	d8576b
1	148764468	148776398	1	135216411	135227283	0d0887
3	163301658	163314364	3	148660419	148671194	46039f
11	20370448	20375915	1	95675941	95677114	d8576b
15	8171234	8177467	11	8478159	8483666	fb9f3a
13	5066412	5070426	14	12135183	12140945	ed7953
3	23483458	23492224	3	16851383	16857806	46039f
1	1555380	1560605	2	223375714	223399766	0d0887
5	31740701	31752830	5	80089264	80100470	7201a8
2	230507557	230593904	2	19484670	19499980	2e0595
1	227684312	227684963	1	210300647	210301313	0d0887
6	26827192	26839895	6	67798830	67809364	8808a6
6	63687037	63694191	6	31366053	31373743	8808a6
13	2633208	2641374	16	3045811	3050877	ed7953
13	17025722	17032591	16	6932872	6940026	ed7953
3	105389507	105419792	3	86767847	86792594	46039f
2	195323663	195327891	2	55326725	55330058	2e0595
4	13832853	13836668	4	9519368	9523156	5c01a6
7	41317539	41322158	7	37426220	37430023	9c179e
1	243228894	243234314	1	226051311	226055217	0d0887
12	11361865	11365399	12	6436720	6440007	e3685f
14	7377559	7399236	13	4687075	4737031	f58b47
2	176023651	176029320	2	74362268	74368681	2e0595
7	14464643	14475292	7	63998312	64008064	9c179e
11	20456183	20459427	9	20012439	20016401	d8576b
6	23639699	23648508	6	70990673	70999423	8808a6
1	319300526	319309361	1	299500035	299508912	0d0887
6	36609536	36614202	6	58077084	58082676	8808a6
1	116356323	116377862	1	103597225	103652346	0d0887
6	49100059	49103870	6	45429526	45431305	8808a6
15	6877981	6882286	11	9669661	9672846	fb9f3a
7	74443948	74450668	7	12686831	12695638	9c179e
3	193845767	193849200	3	179323027	179327475	46039f
17	3752583	3779174	15	9246180	9263871	fdca26
4	87586630	87587689	4	78307109	78308167	5c01a6
15	16426883	16429018	11	887744	889774	fb9f3a
6	30118608	30119343	6	64416297	64417032	8808a6
4	77673821	77764181	4	70057104	70106014	5c01a6
4	40135286	40158527	4	36024624	36045953	5c01a6
16	8445098	8449619	1	224164926	224169510	fdb42f
16	11776449	11778594	16	9569222	9571352	fdb42f
3	86273216	86277271	3	76811956	76815577	46039f
16	13068473	13069415	16	10903490	10941184	fdb42f
5	67306286	67355624	5	47002013	47046773	7201a8
4	98496765	98503296	4	89758186	89765518	5c01a6
8	55892387	56072923	8	47196298	47324921	ad2793
1	340613237	340615678	5	23344526	23346914	0d0887
16	10500906	10504677	16	7743319	7747382	fdb42f
3	88359509	88366204	3	78828428	78835148	46039f
6	89667964	89676713	14	4791253	4800050	8808a6
1	180699246	180716990	1	167058863	167069492	0d0887
1	216317714	216319044	1	199762310	199763634	0d0887
2	34004911	34008932	2	207864898	207868902	2e0595
4	61503512	61504974	4	56429799	56431262	5c01a6
7	17310802	17324398	7	60880291	60893728	9c179e
1	64130014	64137006	1	54202614	54210124	0d0887
3	153734284	153742180	3	139481610	139490058	46039f
13	8712093	8714153	14	8596684	8599068	ed7953
2	163988528	163989209	2	85964703	85965384	2e0595
5	98232132	98232597	5	21668668	21669133	7201a8
1	153883459	153889403	1	140277075	140282327	0d0887
1	65531945	65548530	1	55509010	55523258	0d0887
1	302176729	302182645	1	283518350	283525333	0d0887
1	122949515	122962462	1	111371827	111383140	0d0887
5	64843885	64851100	5	49110814	49118433	7201a8
7	22848039	22854945	7	55587166	55594376	9c179e
7	29066180	29080756	7	49492534	49505821	9c179e
6	44188021	44209152	6	50750957	50767402	8808a6
4	60681732	60695113	4	55567194	55576839	5c01a6
5	56450314	56465277	5	58361101	58375528	7201a8
3	28872364	28897209	3	22041030	22072659	46039f
1	300929692	300937390	1	282315686	282322561	0d0887
15	15313755	15316006	11	2009546	2011784	fb9f3a
3	79437325	79460674	3	70173778	70202152	46039f
1	208689948	208697562	1	192674633	192681419	0d0887
4	78347909	78414406	4	70649034	70651941	5c01a6
2	76704248	76718060	2	167697316	167710790	2e0595
1	298523514	298544047	1	279977545	279996488	0d0887
1	71157221	71164959	1	61063894	61072234	0d0887
12	9503000	9507645	12	8149814	8154605	e3685f
17	4270974	4279616	15	9751383	9759016	fdca26
2	19652649	19662226	2	220757606	220766881	2e0595
1	183620600	183630740	1	169796779	169799663	0d0887
6	58548555	58625877	6	36663055	36723382	8808a6
1	289446176	289450516	1	270902379	270906441	0d0887
16	5126817	5130460	17	2355767	2359402	fdb42f
6	60094046	60098006	6	34684046	34688194	8808a6
4	86699799	86705099	4	77396814	77435385	5c01a6
2	155184353	155236173	2	94238176	94354884	2e0595
2	198914125	198917228	2	51982894	51986005	2e0595
4	20587268	20589924	4	16250786	16253432	5c01a6
8	22054936	22056332	8	14912897	14914249	ad2793
7	58360986	58388411	7	24822477	24844910	9c179e
6	53094814	53232352	6	41719430	41784912	8808a6
1	211244265	211262636	1	194919365	194938572	0d0887
4	88429057	88442522	4	78897476	78903586	5c01a6
1	96183401	96190216	1	91419370	91425632	0d0887
7	80970608	80998761	7	6529170	6547002	9c179e
11	10454717	10459376	9	9800240	9804704	d8576b
1	292759061	292767239	1	274242485	274249917	0d0887
7	13691892	13695517	7	64688366	64691524	9c179e
6	12647375	12654676	6	81665820	81671081	8808a6
11	18159149	18185362	9	2318048	2324755	d8576b
1	190080565	190082706	1	175201608	175203641	0d0887
2	21856531	21863415	2	219577576	219581112	2e0595
10	93483	105631	1	58116807	58128677	cc4778
5	92451926	92466680	5	27531188	27543507	7201a8
6	70948738	70954713	6	24474602	24480468	8808a6
8	62399927	62411446	8	51532316	51542229	ad2793
1	261554129	261560281	1	244035151	244041303	0d0887
2	159507744	159508374	2	90129900	90130530	2e0595
16	8747996	8761696	1	224415829	224423225	fdb42f
16	12168178	12170042	16	10030547	10032404	fdb42f
3	166763976	166815126	3	151948103	151994691	46039f
1	193529368	193595726	1	178599037	178669806	0d0887
6	38152316	38174546	6	56710413	56730575	8808a6
3	20381191	20392822	3	13914707	13926516	46039f
3	126976863	126978751	3	113205515	113207389	46039f
2	155146105	155149897	2	94394627	94398761	2e0595
1	149325196	149332024	1	135756498	135763341	0d0887
1	48869365	48872563	1	39181471	39184426	0d0887
1	311964523	311971635	1	292417756	292462997	0d0887
4	100695135	100698589	4	92024465	92027948	5c01a6
15	11002502	11003138	11	7364210	7364846	fb9f3a
7	20657072	20660694	7	57672219	57676000	9c179e
6	19556540	19574147	6	74791421	74805466	8808a6
2	24838046	24843015	2	216767605	216772165	2e0595
12	10890271	10910985	12	6829708	6837867	e3685f
3	171749336	171753625	3	156665387	156669955	46039f
5	13190977	13194495	5	97657743	97661065	7201a8
2	188317565	188322880	2	62063849	62070631	2e0595
14	557385	557991	15	11860806	11861412	f58b47
14	16128136	16134458	13	6315990	6325753	f58b47
11	13200153	13211874	9	7011572	7020136	d8576b
1	192793004	192797407	1	177850710	177855001	0d0887
1	167342601	167349240	1	153223016	153226026	0d0887
1	323826794	323841896	1	303900372	303908432	0d0887
12	4499014	4502746	12	13591429	13595203	e3685f
2	64671214	64685424	2	178981859	179006174	2e0595
1	46892089	46892662	1	37351402	37351975	0d0887
2	16634066	16645688	2	223716958	223727715	2e0595
3	155884611	155888417	3	141500839	141504479	46039f
6	61511096	61517538	6	33332141	33337067	8808a6
1	322447973	322448585	1	302542000	302542612	0d0887
10	15982980	15983598	10	10940715	10941333	cc4778
7	31683448	31698236	7	46907092	46915052	9c179e
8	38562587	38570043	8	31152030	31159498	ad2793
2	154320436	154326209	2	95210010	95215801	2e0595
16	2340275	2348154	17	5131892	5139275	fdb42f
3	69338878	69342612	3	60453062	60456665	46039f
3	88037252	88041658	3	78515905	78520849	46039f
4	77567455	77614326	4	69950539	70007222	5c01a6
3	148910475	148916573	3	134885443	134892190	46039f
11	22758390	22761345	9	22300145	22301324	d8576b
4	85226435	85238516	4	75963934	75975200	5c01a6
2	47063191	47067528	2	195401355	195405385	2e0595
5	9237075	9243630	5	101095092	101100805	7201a8
4	35905701	35909208	4	31794906	31798421	5c01a6
1	164314990	164319213	1	150152821	150157017	0d0887
14	3729322	3729838	1	142272345	142272861	f58b47
13	2348193	2370130	16	2768269	2789776	ed7953
1	322403588	322409111	1	302499967	302505206	0d0887
6	22932687	22946958	6	71607212	71622026	8808a6
2	18871153	18878659	2	221457057	221463424	2e0595
6	18097288	18113782	6	76322261	76331639	8808a6
3	163183721	163195801	3	148558052	148562889	46039f
1	226696650	226698708	1	209413250	209415198	0d0887
2	154924588	154927276	2	94648368	94650956	2e0595
1	82136437	82147210	1	71872977	71883460	0d0887
13	7625153	7629411	14	9616042	9620092	ed7953
7	33749014	33759374	7	44951085	44956873	9c179e
6	98746494	98752454	6	486189	491052	8808a6
3	148395538	148465222	3	134351550	134388846	46039f
8	25625821	25660689	8	18749418	18776327	ad2793
4	81468746	81472958	4	74104454	74108645	5c01a6
5	68906581	68970386	5	45600130	45668346	7201a8
2	38680823	38683861	2	203548543	203551587	2e0595
1	268963445	268967264	1	251266788	251270119	0d0887
7	49668921	49679773	7	29702279	29706999	9c179e
6	12681175	12687137	6	81637684	81643360	8808a6
2	157171646	157174902	2	92492932	92496414	2e0595
1	185089536	185094365	6	36280156	36285015	0d0887
16	9961984	9971100	16	7177794	7186720	fdb42f
4	25301754	25325846	4	21236206	21255886	5c01a6
8	25925588	25934084	8	19038748	19046933	ad2793
15	10366916	10391522	11	6835275	6835833	fb9f3a
11	19447931	19451204	9	908825	912456	d8576b
5	24745722	24758137	5	87475618	87487241	7201a8
1	318755328	318758376	1	299004214	299009171	0d0887
8	8840174	8849433	8	2623603	2633847	ad2793
5	109554079	109558939	5	10659536	10663351	7201a8
4	41101387	41148805	4	37026291	37059564	5c01a6
14	5920384	5928631	13	3338457	3345888	f58b47
1	321024235	321051239	1	301071399	301080200	0d0887
14	15790508	15794341	13	6661068	6664324	f58b47
6	31158077	31217270	6	63194079	63236954	8808a6
6	46621653	46635071	6	47890189	47909317	8808a6
7	28874984	28880756	7	49658200	49663451	9c179e
19	3100736	3102682	15	841745	843999	f0f921
16	10086006	10098203	16	7355275	7363545	fdb42f
3	89943451	89984166	3	80332680	80368505	46039f
8	28984128	29009467	8	21958542	21979633	ad2793
3	92638879	92748571	3	82576800	82657207	46039f
3	168486132	168490813	3	153604784	153609469	46039f
7	28765478	28772025	7	49768332	49774858	9c179e
3	68163324	68202004	3	59315392	59345345	46039f
1	267352175	267356463	1	249716956	249721975	0d0887
1	178233275	178238945	1	165802815	165808261	0d0887
6	41118769	41130002	6	53714670	53726193	8808a6
1	294068159	294072790	1	275546785	275551380	0d0887
6	38445950	38448441	6	56238677	56241150	8808a6
6	38370194	38381342	6	56312294	56317406	8808a6
3	92865791	92880368	3	82704109	82722872	46039f
1	71147734	71151892	1	61051106	61056819	0d0887
6	44846683	44851891	6	49710922	49715653	8808a6
2	174393185	174399553	2	75953216	75959799	2e0595
11	20678536	20682749	9	20341712	20346068	d8576b
1	61844510	61852462	1	51809256	51814785	0d0887
15	8853369	8881253	11	7872259	7900977	fb9f3a
7	33385247	33394321	7	45243923	45252979	9c179e
1	267155047	267161513	1	249510246	249516226	0d0887
7	22097499	22109116	7	56332540	56354214	9c179e
1	205928129	205933669	1	189896004	189901576	0d0887
2	209838299	209838896	2	41792699	41793296	2e0595
3	64043598	64048280	3	55591570	55596189	46039f
3	160191995	160202484	3	145696940	145705663	46039f
2	122908565	122919621	2	121950344	121959971	2e0595
5	36383699	36396095	5	76079690	76092484	7201a8
17	7885402	7896967	15	8433257	8448064	fdca26
3	147814529	147821312	2	82208017	82214286	46039f
5	50189852	50192716	5	63850830	63853940	7201a8
2	185867117	185870823	2	64849515	64853234	2e0595
8	59322029	59327780	8	49209194	49214155	ad2793
1	23846941	23860676	1	14509320	14523780	0d0887
3	110567946	110574702	3	96191435	96197381	46039f
4	100716346	100720665	4	92046865	92051706	5c01a6
2	214892170	214894185	2	37769250	37771262	2e0595
5	122190876	122201105	5	193030	199515	7201a8
5	31100818	31113028	5	80806352	80818527	7201a8
16	12477456	12479296	16	10359112	10361134	fdb42f
8	35445055	35457194	8	27873551	27879172	ad2793
1	238179295	238193291	1	220575045	220592192	0d0887
10	7409053	7413226	10	18489750	18492463	cc4778
7	29455189	29457452	7	49158922	49161971	9c179e
12	11216472	11221791	12	6554503	6559354	e3685f
1	33080674	33082257	1	23294835	23296404	0d0887
19	1556365	1565033	15	1967064	1975583	f0f921
1	263487983	263526400	1	246069902	246091512	0d0887
7	48309406	48312633	1	183694940	183698155	9c179e
1	50655444	50664485	1	40907967	40915440	0d0887
16	3999798	4004101	1	185905467	185909511	fdb42f
5	59929658	59934714	5	54220587	54226169	7201a8
2	59111734	59120363	2	184354402	184361508	2e0595
16	11431729	11434606	16	9148377	9151184	fdb42f
4	28599399	28599993	4	24492833	24493427	5c01a6
1	331222761	331223355	1	310792493	310793087	0d0887
11	10397447	10401520	9	9856484	9860557	d8576b
2	168112725	168116182	2	82018782	82022971	2e0595
2	175999424	176004892	2	74394021	74397930	2e0595
1	211131841	211142373	1	194806076	194816578	0d0887
3	99938674	99954935	3	90276861	90294618	46039f
8	44781156	44808001	8	37108108	37130630	ad2793
15	12917227	12917722	11	4196850	4197440	fb9f3a
12	13089754	13096225	12	4643873	4647827	e3685f
2	151545378	151549078	2	97954992	97958652	2e0595
1	116575158	116582178	1	103435821	103442477	0d0887
1	293333588	293335195	1	274830128	274831735	0d0887
3	153472864	153489230	3	139224564	139240748	46039f
13	11128549	11132938	14	6186567	6190397	ed7953
2	103535565	103538813	2	144103287	144106561	2e0595
19	2105305	2108879	9	9477193	9480662	f0f921
3	32653728	32666002	3	25736620	25746832	46039f
6	86036079	86049920	6	11528829	11538197	8808a6
6	44221877	44231108	6	50727591	50735866	8808a6
1	195014176	195046733	3	62941333	62951992	0d0887
2	40922808	40924102	2	201320419	201321641	2e0595
3	59778572	59780239	3	51478213	51480401	46039f
7	26836755	26843506	7	51673647	51680225	9c179e
14	5784980	5788035	13	3237433	3240328	f58b47
5	56125128	56129180	5	58675331	58679868	7201a8
1	315475279	315481141	1	295938512	295944454	0d0887
1	81780158	81782288	1	71549244	71552463	0d0887
1	164281373	164288985	1	150119046	150127051	0d0887
19	3246394	3274868	15	683091	704814	f0f921
16	2150657	2162132	17	5314952	5325044	fdb42f
16	11700227	11702583	16	9444963	9450019	fdb42f
17	4287121	4294277	1	248619204	248624049	fdca26
7	28313833	28318761	7	50257337	50262192	9c179e
1	204536239	204539119	1	181407047	181410155	0d0887
2	105867471	105874549	3	112082720	112093009	2e0595
1	62482691	62507511	1	52459318	52465811	0d0887
4	52972743	52975149	4	48314964	48317351	5c01a6
6	22587987	22588557	6	71980236	71980806	8808a6
1	199053374	199053962	1	186974844	186975432	0d0887
1	33255276	33259888	1	23465578	23469834	0d0887
3	91098395	91111919	3	81336158	81353672	46039f
6	41586434	41589323	6	53285976	53288958	8808a6
3	120529465	120563748	3	106028223	106056552	46039f
7	28176456	28177032	7	50406571	50407147	9c179e
3	182021886	182026648	3	166428565	166433345	46039f
8	75170946	75171519	8	61640328	61640901	ad2793
12	177179	178728	16	5118167	5155915	e3685f
4	89623283	89627054	4	80164480	80168192	5c01a6
13	18022612	18024637	16	6134359	6136460	ed7953
16	11735261	11739465	16	9526792	9530777	fdb42f
10	603838	607173	10	335909	339144	cc4778
11	13162938	13163457	14	5719001	5719520	d8576b
3	167153583	167159846	3	152308389	152314569	46039f
1	167293200	167297016	1	153174926	153178655	0d0887
3	98813394	98830919	3	89255517	89266855	46039f
19	1681013	1682925	15	1852677	1854334	f0f921
1	23840621	23843673	1	14503083	14506035	0d0887
3	49251114	49261783	3	41483229	41493497	46039f
17	9035673	9045654	15	7319152	7328289	fdca26
2	159587367	159592375	2	90051161	90056215	2e0595
10	16173361	16195767	10	10710833	10721856	cc4778
1	83769912	83773204	1	73530864	73533743	0d0887
15	1145896	1147654	11	16470712	16472846	fb9f3a
3	22705593	22709741	3	16076203	16080423	46039f
7	28234864	28248584	7	50330398	50336956	9c179e
1	187088522	187093738	1	172353970	172361980	0d0887
4	40088847	40092503	4	35985941	35989582	5c01a6
5	23919832	23929318	5	88269223	88280447	7201a8
6	40613771	40614491	6	54226282	54227002	8808a6
16	8412259	8415477	1	224134805	224137840	fdb42f
2	157326340	157367227	2	92289735	92334300	2e0595
7	24228582	24229149	7	54220384	54220951	9c179e
6	31780069	31783858	6	62679842	62682773	8808a6
3	181239658	181248038	3	165685844	165694055	46039f
2	206312767	206314127	2	44987982	44989223	2e0595
2	185851117	185851681	2	64870313	64870877	2e0595
1	79452355	79462724	1	69332751	69342084	0d0887
8	23502756	23507601	8	16430450	16433520	ad2793
18	8910413	8911678	18	5123203	5124504	f8e125
17	8379266	8382612	15	7895582	7898811	fdca26
3	193754875	193760309	3	179395171	179399527	46039f
1	268266310	268272656	1	250567078	250573507	0d0887
5	90202176	90205339	5	29734345	29737612	7201a8
3	126108751	126116539	3	112375618	112383394	46039f
2	24774570	24780509	2	216818636	216824650	2e0595
4	60566125	60573573	4	55413136	55420633	5c01a6
19	1210317	1213611	15	2173096	2175824	f0f921
5	30697166	30704283	5	81233564	81240988	7201a8
4	72691225	72815375	4	66892601	66896732	5c01a6
1	101719766	101745499	1	85611217	85619804	0d0887
3	142757363	142761344	3	128752072	128755879	46039f
8	24598863	24599397	8	17519630	17520167	ad2793
2	212033475	212047872	2	39788817	39804494	2e0595
16	11636569	11637127	16	9379721	9380279	fdb42f
3	17320955	17321901	3	11007611	11008557	46039f
1	5413909	5414467	1	256349990	256350548	0d0887
14	15248799	15257220	13	7236937	7244992	f58b47
2	194055655	194059974	2	56484424	56488656	2e0595
5	38685548	38698669	5	73978725	73992138	7201a8
16	10580870	10582641	16	7850180	7851955	fdb42f
4	45737004	45738792	4	41657779	41659588	5c01a6
3	105339387	105347124	3	86704903	86713049	46039f
3	141618144	141623395	3	127678082	127683841	46039f
1	266707151	266707709	1	249091053	249091611	0d0887
2	106042885	106076534	2	139198228	139231856	2e0595
3	24886662	24895714	3	18159419	18169270	46039f
1	246126786	246144862	1	228666083	228682139	0d0887
8	79079921	79089534	12	16650141	16655720	ad2793
1	101555113	101561050	1	85774244	85780191	0d0887
3	65754757	65765094	3	57237624	57246452	46039f
7	50587469	50685748	7	28981914	29032673	9c179e
2	50265408	50265969	2	192367479	192368040	2e0595
2	212086917	212092190	2	39746094	39751197	2e0595
1	321179041	321180076	1	301286049	301287103	0d0887
3	30124036	30130691	3	23224358	23231667	46039f
1	252381705	252397773	1	235367959	235378714	0d0887
1	27354175	27359765	1	18021113	18025019	0d0887
3	178074973	178083873	3	162828724	162835060	46039f
1	210842605	210847118	1	194538326	194542862	0d0887
2	95571485	95577922	2	151847315	151853694	2e0595
13	17957670	17960411	16	6194133	6196883	ed7953
1	49837866	49841125	1	40147554	40151455	0d0887
3	145504745	145513820	3	131384903	131394159	46039f
18	2515673	2519173	4	19278083	19283017	f8e125
1	258541098	258543520	1	241111322	241113696	0d0887
14	3574049	3578102	12	9160478	9173307	f58b47
5	52018373	52022151	5	62158025	62161722	7201a8
1	238278914	238286144	1	220673685	220681166	0d0887
3	63482492	63486970	3	55054242	55058740	46039f
1	24218518	24224537	1	14963054	14970657	0d0887
4	50920485	50923711	6	78487212	78491420	5c01a6
2	9742015	9742516	2	230327164	230327665	2e0595
19	7571279	7575270	16	8071179	8075610	f0f921
10	5571064	5573175	15	6884956	6887062	cc4778
1	166863518	166873559	1	152729846	152739546	0d0887
1	179259976	179265416	1	166641571	166647137	0d0887
4	38560611	38562938	4	34446435	34448741	5c01a6
3	32616629	32619941	3	25679892	25683198	46039f
15	17031019	17032222	11	180651	181808	fb9f3a
1	340431137	340437972	2	36699495	36702614	0d0887
16	8017452	8019893	3	141974908	141977540	fdb42f
1	292833834	292837246	1	274330411	274334085	0d0887
1	118632127	118647636	1	107312595	107320449	0d0887
1	26697362	26703558	1	17387751	17401849	0d0887
4	88913780	88918079	4	79380317	79384642	5c01a6
1	99189258	99204084	1	88109610	88120283	0d0887
1	97593787	97596548	1	89502452	89506005	0d0887
1	16992333	16995949	1	7947126	7950857	0d0887
11	20594962	20597881	9	20166333	20203999	d8576b
6	70940998	70945238	6	24482765	24486999	8808a6
3	17147722	17168394	3	10852334	10872931	46039f
1	126202841	126211126	1	114462295	114469445	0d0887
8	19686141	19689297	8	12547216	12550183	ad2793
7	46532084	46541419	7	32231371	32239179	9c179e
2	191870363	191877412	2	58653912	58660392	2e0595
2	148765021	148773868	2	101268207	101277899	2e0595
17	8308933	8310835	15	8035108	8037273	fdca26
6	12638486	12644703	6	81679293	81684818	8808a6
1	138150304	138167181	1	125870211	125883203	0d0887
6	81966757	81981004	6	14878102	14884446	8808a6
3	186310325	186314428	3	170586608	170591034	46039f
1	187098340	187106336	1	172366564	172374347	0d0887
1	71289688	71314887	1	61177301	61206367	0d0887
2	33936823	33938013	2	207931050	207932442	2e0595
13	7655240	7659992	14	9587251	9592763	ed7953
7	79453578	79456679	7	7871352	7874470	9c179e
4	84590487	84594798	4	75343515	75344763	5c01a6
7	48353218	48357186	1	183642862	183647441	9c179e
7	51640696	51648916	16	9486624	9494983	9c179e
17	8263894	8269610	15	8069770	8075106	fdca26
3	119707701	119718686	3	104743795	104763230	46039f
1	317085010	317092436	1	297430791	297437468	0d0887
15	7042018	7045744	11	9514963	9532733	fb9f3a
2	16036317	16042855	2	224283539	224289905	2e0595
17	10514639	10516489	15	5569372	5571159	fdca26
1	61165030	61165546	1	51156074	51156590	0d0887
3	160864958	160871886	3	146318597	146325988	46039f
3	14145687	14152665	3	7801705	7805540	46039f
7	39597002	39611348	7	39082244	39097573	9c179e
3	25403569	25410900	3	18684627	18692464	46039f
3	141590542	141598240	3	127650061	127659481	46039f
2	185197476	185213320	2	65507099	65514397	2e0595
1	322451562	322455298	1	302544868	302548815	0d0887
1	242095080	242107856	1	223824443	223833113	0d0887
7	58527235	58528975	7	24950233	24954882	9c179e
10	5891086	5911039	10	19686194	19697159	cc4778
3	110679055	110681532	3	96291087	96293587	46039f
7	18665682	18681274	7	59761079	59796031	9c179e
2	209719475	209721161	2	41894574	41896256	2e0595
1	30639189	30647763	1	21209137	21218538	0d0887
16	11254551	11255625	16	8931805	8932891	fdb42f
5	64972091	64977976	5	49003780	49009136	7201a8
16	11440711	11442788	16	9157161	9159233	fdb42f
12	4180441	4184585	14	2211	6391	e3685f
1	13015273	13018879	1	3743318	3747617	0d0887
2	155039138	155041755	2	94547630	94550213	2e0595
13	16505055	16507805	14	420272	424031	ed7953
7	85566800	85579852	4	87744905	87753568	9c179e
3	41926571	41943810	3	34577888	34591389	46039f
3	178192776	178196994	3	162939965	162943989	46039f
2	48694049	48703094	2	193803233	193810275	2e0595
1	138299566	138310972	1	125988938	125993542	0d0887
7	31073007	31082972	7	47525867	47536126	9c179e
11	3482847	3487746	9	16189705	16194329	d8576b
1	315627317	315643957	1	296084408	296096292	0d0887
4	82003746	82009136	4	73773658	73779125	5c01a6
14	4696230	4696707	13	2039169	2039649	f58b47
2	178194373	178228232	2	72221330	72239011	2e0595
12	8266548	8270141	12	9689775	9693406	e3685f
1	272062027	272062531	1	254060282	254060786	0d0887
4	57788299	57791186	4	53110297	53113334	5c01a6
3	103669014	103674758	11	5517413	5523012	46039f
16	12474271	12474894	16	10355981	10356604	fdb42f
2	9791569	9796019	2	31229445	31231530	2e0595
1	10884822	10887772	3	69728016	69730814	0d0887
10	6374000	6381634	10	19291536	19298461	cc4778
10	6319377	6327094	10	19353425	19357193	cc4778
7	80083328	80091049	7	7299544	7303475	9c179e
5	36557387	36557882	5	75925167	75925662	7201a8
1	69695670	69696171	1	59858757	59859258	0d0887
5	86466440	86470749	5	33139063	33142604	7201a8
14	666536	669576	15	11748723	11751730	f58b47
7	31110519	31111782	7	47491695	47492953	9c179e
10	14489620	14498977	10	12481233	12484301	cc4778
1	50306395	50320330	1	40598039	40610632	0d0887
1	299748754	299750375	1	281148707	281151029	0d0887
7	12209731	12214316	7	66720702	66725327	9c179e
1	301782685	301784771	1	283120719	283122827	0d0887
7	22214712	22217902	7	56242394	56245517	9c179e
3	167424399	167429692	3	152573940	152578537	46039f
19	1156780	1157848	15	2222635	2223701	f0f921
2	230925956	230939172	2	18826712	18832838	2e0595
1	200780994	200781492	1	185260446	185260944	0d0887
1	165769195	165772532	1	151708372	151711678	0d0887
3	168953431	168960511	3	154031728	154039512	46039f
1	89207154	89219583	1	78690172	78702536	0d0887
3	155105752	155111151	3	140800832	140806346	46039f
3	46554650	46563831	3	38970873	38973730	46039f
10	817518	821440	10	548502	552834	cc4778
4	22268525	22275115	4	18192626	18199140	5c01a6
1	319224489	319227410	1	299422616	299425536	0d0887
2	146031074	146034113	2	103945622	103952494	2e0595
15	7394520	7396190	11	9213104	9214742	fb9f3a
11	21569852	21574071	9	21226097	21229692	d8576b
7	36977299	36978925	7	41653590	41655237	9c179e
4	74561731	74593944	4	68834796	68855630	5c01a6
13	17480936	17483427	16	8547578	8550221	ed7953
6	58037356	58046370	6	37180962	37188225	8808a6
3	143079293	143083335	3	129059887	129064464	46039f
6	32994229	32994733	6	61531859	61532363	8808a6
6	38475849	38477030	6	56213621	56214796	8808a6
4	64331948	64342983	4	59213636	59224186	5c01a6
1	195744255	195747193	1	189761082	189763688	0d0887
2	202225587	202229657	2	48855656	48859773	2e0595
3	64275503	64280378	3	55831458	55835518	46039f
7	14427614	14430493	7	64041804	64044665	9c179e
15	15593186	15594374	11	1710538	1711738	fb9f3a
13	17557106	17559442	16	6600101	6602400	ed7953
17	8192052	8194335	15	8144532	8147118	fdca26
6	93663914	93677454	6	5771082	5785575	8808a6
7	32950974	32967871	7	45650960	45664901	9c179e
10	11104666	11107634	10	14976141	14979096	cc4778
2	96579574	96586021	2	150839087	150846553	2e0595
2	154958033	154962078	2	94610097	94614119	2e0595
1	261799247	261806490	1	244157114	244160165	0d0887
2	197229986	197236230	2	53598708	53604998	2e0595
1	97882598	97889880	1	89206750	89212962	0d0887
14	8303822	8315966	13	8909440	8912042	f58b47
1	287652432	287655955	1	269245737	269250323	0d0887
12	8455230	8457771	12	9483804	9490691	e3685f
4	53703613	53706064	4	48992546	48995335	5c01a6
1	287506118	287581938	1	269110156	269155171	0d0887
16	12571768	12573395	16	10452083	10453702	fdb42f
7	47592816	47597950	7	31116527	31119217	9c179e
1	50179619	50182630	1	40462129	40466698	0d0887
2	97461149	97468662	2	149987819	149992445	2e0595
16	11059030	11062174	16	8707584	8710654	fdb42f
4	68152377	68253676	4	62725909	62844822	5c01a6
8	7783033	7803716	8	739367	746655	ad2793
14	4050310	4062511	13	1438266	1445569	f58b47
14	16017040	16027198	13	6421949	6435763	f58b47
12	8131734	8137250	12	9814097	9819092	e3685f
5	23394563	23401529	5	88695441	88703716	7201a8
3	66627561	66650336	3	57823423	57846266	46039f
3	32604713	32612146	3	25667135	25675241	46039f
2	191058677	191063842	2	59361205	59365992	2e0595
2	186416452	186424135	2	64295263	64302891	2e0595
16	12647938	12648751	16	10526070	10526868	fdb42f
3	50494106	50496866	3	42835780	42838323	46039f
1	260740393	260753304	1	243255206	243276257	0d0887
2	220412610	220414564	2	28846195	28848916	2e0595
13	4996071	4998427	14	12198487	12201644	ed7953
14	1403840	1419992	15	10943000	10958813	f58b47
13	7478642	7487287	14	9760186	9767689	ed7953
8	29957069	29962309	8	22907365	22912006	ad2793
4	87038756	87040852	8	60002494	60004620	5c01a6
14	2321286	2323726	13	447754	450170	f58b47
13	1920599	1925202	16	2339674	2343352	ed7953
14	5269420	5272956	13	2734694	2738053	f58b47
2	130846420	130854731	2	126602372	126610506	2e0595
12	3269425	3270958	12	15690565	15691975	e3685f
1	224660827	224663976	1	207512798	207515926	0d0887
13	16540489	16542615	14	376694	378862	ed7953
1	210825645	210836058	1	194521996	194531502	0d0887
2	24114877	24120448	2	217453509	217459258	2e0595
6	88258559	88265626	6	9412725	9419776	8808a6
16	7553981	7554806	17	4436345	4437174	fdb42f
7	12967529	12971481	7	65956659	65960311	9c179e
1	246146416	246153076	1	228683690	228690473	0d0887
7	26137628	26148066	7	52353378	52361974	9c179e
14	156874	158286	15	12260216	12261834	f58b47
7	31031674	31041268	7	47569400	47579083	9c179e
7	84046690	84054452	7	3703821	3761411	9c179e
2	222397432	222399353	2	26908822	26912279	2e0595
1	300849133	300858735	1	282234826	282244248	0d0887
11	20674090	20676727	9	20336805	20339580	d8576b
7	71824126	71827494	7	15119305	15122143	9c179e
1	50883329	50887935	1	41107995	41171079	0d0887
6	44577242	44578996	6	50376218	50377970	8808a6
4	50851606	50858172	6	78411738	78418051	5c01a6
3	156404462	156408308	3	142024872	142036474	46039f
15	3563191	3568025	11	13025936	13030171	fb9f3a
14	13661587	13671643	13	8647988	8653349	f58b47
2	189803121	189820477	2	60587359	60598655	2e0595
5	66488780	66497100	5	47802719	47810667	7201a8
6	85851838	85852267	6	11701925	11702354	8808a6
2	100835201	100837573	2	146882494	146884871	2e0595
3	137864584	137872004	3	124050687	124058433	46039f
1	97779034	97783809	1	89319513	89324418	0d0887
13	1231663	1232113	16	1618166	1618616	ed7953
6	27388070	27391391	6	67264276	67267538	8808a6
7	62120784	62130137	7	21985201	22000182	9c179e
2	47423769	47425809	2	195030818	195032951	2e0595
3	59015670	59020796	3	50754486	50760084	46039f
3	193622216	193631215	3	179206064	179213269	46039f
2	24607066	24607504	2	216981700	216982138	2e0595
1	280775957	280782344	1	262715516	262719485	0d0887
19	3122065	3124346	15	818806	821899	f0f921
1	317041423	317043989	1	297383774	297386317	0d0887
5	22722967	22725738	5	89358125	89361017	7201a8
1	129245080	129271085	1	117228343	117250585	0d0887
13	14970970	14974587	14	1957924	1961350	ed7953
14	12632318	12640609	13	10658055	10663828	f58b47
2	9374537	9375754	17	3806806	3808591	2e0595
1	323497750	323506795	1	303593555	303600613	0d0887
8	22960639	22965490	8	15854152	15859186	ad2793
2	97104712	97108777	2	150354188	150358134	2e0595
1	165495973	165502391	1	151432566	151439655	0d0887
3	155077355	155081592	3	140768545	140771990	46039f
4	98508898	98516015	4	89772577	89779576	5c01a6
17	11013697	11014108	15	5884135	5884546	fdca26
1	208737150	208749780	1	192719581	192731464	0d0887
8	53385711	53392192	8	44681385	44689014	ad2793
3	110490889	110495191	3	96105630	96109922	46039f
1	317414750	317416436	1	297730535	297732225	0d0887
2	69111528	69117425	2	174627099	174632390	2e0595
4	84866770	84868689	4	75616351	75619465	5c01a6
14	481563	482197	15	11935074	11935769	f58b47
2	101937373	101943570	2	145761191	145768672	2e0595
7	36938411	36942899	7	41679419	41683994	9c179e
1	89175274	89206887	1	78659881	78689905	0d0887
1	187051244	187059576	1	172321845	172330797	0d0887
1	339538498	339542480	2	161483502	161489639	0d0887
7	36535127	36539709	7	42070166	42074755	9c179e
5	100064100	100067486	5	19888622	19892341	7201a8
6	45467807	45471356	6	49045827	49049896	8808a6
13	17586505	17588454	16	6569379	6571440	ed7953
2	177537602	177541309	2	72950412	72954609	2e0595
3	65739564	65743649	3	57221007	57224160	46039f
1	242764701	242769078	1	225646184	225655696	0d0887
4	38714990	38724301	4	34606891	34614257	5c01a6
15	8679307	8682071	11	8068044	8070811	fb9f3a
14	3581603	3582990	12	9177169	9178531	f58b47
14	5194885	5196656	13	2659279	2661113	f58b47
1	298683200	298691812	1	280100158	280102868	0d0887
15	7027018	7036768	11	9534289	9543130	fb9f3a
2	240768164	240777563	2	9301683	9310452	2e0595
1	82074448	82087388	1	71809086	71823119	0d0887
3	55463244	55467680	3	47381292	47385456	46039f
2	61378402	61381460	2	182138714	182141639	2e0595
7	16095294	16155461	7	62003820	62006836	9c179e
7	33125856	33128379	7	45497406	45498641	9c179e
13	15828967	15835780	14	1176958	1183771	ed7953
3	58978685	58986699	3	50714593	50722773	46039f
2	24354390	24379722	2	217188322	217203904	2e0595
6	43217633	43220988	6	51699650	51703544	8808a6
1	72620233	72623024	1	62467114	62469961	0d0887
1	104566145	104568656	1	94875001	94877500	0d0887
5	50297369	50337869	5	63747884	63769108	7201a8
1	255738651	255740872	1	238365904	238368111	0d0887
2	177885194	177893091	2	72591741	72595305	2e0595
12	13722843	13728549	5	56452927	56457938	e3685f
7	26519875	26534917	7	51965989	51976631	9c179e
4	81370530	81374435	4	74224116	74228424	5c01a6
1	82198386	82204454	1	71935925	71941932	0d0887
13	1910005	1916937	16	2329906	2335742	ed7953
5	69915893	69924416	7	65409168	65417099	7201a8
2	94358585	94364804	2	153094980	153101383	2e0595
1	55403936	55405794	1	45622320	45624180	0d0887
17	10426748	10427165	15	5659937	5660354	fdca26
1	306769724	306770141	1	287986318	287986735	0d0887
1	312476716	312482925	1	292945995	292951989	0d0887
2	153910371	153916607	2	95588971	95595506	2e0595
1	106289336	106298830	1	96473411	96483137	0d0887
13	12473168	12475098	14	4987174	4989091	ed7953
5	20787448	20787764	5	91353434	91353746	7201a8
14	7530516	7533087	13	4839316	4841549	f58b47
1	96403439	96405553	1	90666256	90668783	0d0887
5	32396830	32398888	5	79638624	79640679	7201a8
5	24228612	24233073	5	87973049	87986197	7201a8
6	26959597	26963541	6	67677840	67681794	8808a6
1	319270179	319272241	1	299465187	299467574	0d0887
5	120881821	120886469	5	1006157	1010404	7201a8
4	60589986	60595013	4	55431935	55437599	5c01a6
1	323739356	323742265	1	303813282	303816146	0d0887
1	104425676	104426087	1	94723814	94724225	0d0887
16	7817504	7822545	1	100520557	100521402	fdb42f
5	52204550	52204916	5	61992591	61992957	7201a8
4	82155016	82157934	4	73646004	73648224	5c01a6
2	220349036	220356184	2	28892743	28899772	2e0595
8	30367199	30368287	8	23305317	23306420	ad2793
4	49827794	49831811	4	45656203	45660494	5c01a6
3	106256617	106266078	3	87687950	87696739	46039f
2	212001426	212014250	2	39826370	39833283	2e0595
5	53239696	53245446	5	60945316	60948669	7201a8
1	156238669	156242371	1	142703568	142706888	0d0887
3	85464619	85469375	3	76052648	76057429	46039f
7	88500198	88500600	7	2494365	2494767	9c179e
4	64131285	64135768	4	59043306	59047742	5c01a6
3	82806809	82808732	3	73402903	73405507	46039f
7	10718007	10729988	18	2196894	2201137	9c179e
5	57825831	57828510	5	56979075	56981748	7201a8
3	195396208	195409212	3	177891639	177901240	46039f
2	134606778	134607177	2	114471612	114472011	2e0595
1	210673727	210679501	1	194372339	194377954	0d0887
3	166737091	166739283	3	151924334	151926511	46039f
8	38763798	38766675	8	31377016	31380118	ad2793
8	48506126	48512304	8	40435097	40441198	ad2793
1	39032024	39032782	1	28986737	28987495	0d0887
3	172504775	172511632	3	157440080	157447392	46039f
1	249709398	249712782	1	232601517	232605185	0d0887
17	8369986	8371852	15	7974538	7976410	fdca26
1	248287385	248298405	1	230690362	230702009	0d0887
6	97327912	97331841	7	2749155	2753117	8808a6
1	118977533	118989282	1	107682319	107690220	0d0887
1	88409109	88410491	1	77835256	77836641	0d0887
12	8389944	8391395	10	3537663	3537963	e3685f
7	22248880	22296196	7	56187169	56196259	9c179e
14	5934523	5942396	13	3351717	3359105	f58b47
1	266726425	266736592	1	249111458	249116643	0d0887
1	29073505	29077594	1	19688791	19692749	0d0887
6	96286443	96294271	6	7991859	7996213	8808a6
4	54685075	54690642	4	49895222	49899035	5c01a6
13	279318	281178	16	634469	636262	ed7953
2	86841162	86841525	2	160256997	160257363	2e0595
3	157148970	157151024	3	142767326	142769327	46039f
17	10543639	10545107	15	5540554	5542004	fdca26
3	185062139	185064563	3	169445356	169447733	46039f
3	186225710	186227818	3	170519332	170521438	46039f
11	15054643	15063606	9	18535782	18544603	d8576b
2	209537925	209540563	2	42059403	42061709	2e0595
3	100523685	100526085	3	90813557	90815778	46039f
2	164068720	164069173	5	85518509	85518968	2e0595
8	11611309	11614893	8	4982503	4984549	ad2793
2	168036498	168039915	2	82088516	82091948	2e0595
1	322547857	322548298	1	302642004	302642445	0d0887
12	1611754	1614106	4	73372450	73374793	e3685f
3	113893647	113911728	3	99254136	99261945	46039f
7	28324795	28329215	7	50247192	50251709	9c179e
7	10628098	10637655	2	142252750	142260737	9c179e
16	1383223	1384512	1	91042275	91042554	fdb42f
3	3401289	3455513	7	68790699	68793006	46039f
1	126413735	126425730	1	114575252	114587434	0d0887
2	103359027	103362062	2	144355902	144358908	2e0595
10	6530053	6537478	2	202473436	202477857	cc4778
6	24674724	24680114	6	69973401	69978095	8808a6
7	28859822	28864392	7	49673762	49677735	9c179e
2	160145737	160148994	2	89510387	89513225	2e0595
11	22751172	22751717	9	22291166	22291714	d8576b
1	53630615	53634490	1	43756650	43760521	0d0887
1	48974186	48978557	1	39285076	39290101	0d0887
1	50141366	50151571	1	40428299	40437735	0d0887
5	52246562	52246937	5	61944025	61944400	7201a8
19	1180154	1183782	15	2198467	2201892	f0f921
1	227824479	227828950	1	210430276	210439730	0d0887
16	13058278	13059054	16	10930498	10931258	fdb42f
4	49848604	49853876	4	45676190	45682252	5c01a6
1	194781477	194788425	1	179820046	179822745	0d0887
2	72755808	72756183	2	171331173	171331548	2e0595
1	318073214	318075355	1	298346705	298348832	0d0887
1	118663588	118665422	1	107330122	107332350	0d0887
14	984520	985927	15	11418267	11419695	f58b47
11	20703857	20706566	9	20367308	20370060	d8576b
1	272453761	272456263	1	254423719	254426221	0d0887
15	12929485	12932128	11	4183162	4185578	fb9f3a
12	10970210	10973482	12	6772519	6774913	e3685f
14	1921134	1921806	13	30760	31437	f58b47
2	55123649	55130861	2	187819298	187824641	2e0595
6	63839952	63841137	6	31230726	31231917	8808a6
14	5358772	5360700	13	2823256	2853259	f58b47
4	125709916	125711856	4	111534917	111536861	5c01a6
3	89358509	89413474	3	79773457	79804309	46039f
1	285016211	285017666	1	266842709	266844163	0d0887
1	62395777	62397971	1	52358903	52361096	0d0887
14	16413201	16413782	13	6073190	6073757	f58b47
14	9179118	9185857	13	9716663	9721646	f58b47
1	227621079	227625402	1	210236668	210240972	0d0887
1	71179144	71180970	1	61085751	61087565	0d0887
4	53327749	53330519	4	48614574	48617585	5c01a6
2	157675845	157677107	2	91969261	91970565	2e0595
7	33812889	33814996	7	44883486	44886354	9c179e
11	1213007	1216294	9	19622331	19625268	d8576b
1	233949873	233951686	1	216160606	216162386	0d0887
3	16028281	16032793	3	9845333	9850219	46039f
17	8392822	8393176	15	7954220	7954574	fdca26
17	11002935	11003433	4	16330511	16330860	fdca26
1	319413064	319415505	1	299605237	299607643	0d0887
1	273414840	273418676	1	255400047	255403880	0d0887
2	89880601	89880952	2	157929634	157929985	2e0595
8	22954200	22956319	8	15847102	15849264	ad2793
1	55580961	55585355	1	45789397	45795086	0d0887
1	292903506	292906421	1	274404090	274407434	0d0887
1	16705168	16716826	1	7666281	7676678	0d0887
4	82562879	82567375	4	73132132	73137129	5c01a6
1	92008352	92012875	1	81237984	81239658	0d0887
1	295170731	295177119	1	276710397	276717046	0d0887
15	12454052	12454400	11	4673798	4674146	fb9f3a
5	54478616	54493392	5	59944598	59952432	7201a8
4	29983897	29998908	4	55738589	55747206	5c01a6
1	50867681	50869361	1	41154444	41156112	0d0887
12	9493580	9496263	12	8160268	8163239	e3685f
3	32635268	32637846	3	25698574	25700845	46039f
6	12092910	12096665	5	1473608	1484622	8808a6
3	29770768	29776004	3	22886004	22891272	46039f
3	166609059	166612732	3	151803882	151807983	46039f
1	107647842	107650903	1	232165010	232167820	0d0887
4	88986060	88986393	4	79447422	79447755	5c01a6
3	29804535	29807669	3	22918460	22921625	46039f
5	30422948	30427726	5	81509561	81514278	7201a8
6	85232501	85248056	6	11893831	11906077	8808a6
3	155389564	155391528	3	141081882	141083854	46039f
14	4774282	4776919	13	2113447	2115489	f58b47
1	177123120	177124503	1	164755558	164756943	0d0887
2	35163893	35165417	2	206764660	206766179	2e0595
15	15792536	15795457	11	1506665	1509652	fb9f3a
3	141639083	141642962	3	127698638	127703822	46039f
6	80676355	80766535	6	16095167	16106185	8808a6
7	20380575	20391431	7	57921766	57931868	9c179e
3	24506215	24508985	3	17807073	17809748	46039f
5	49292822	49298746	5	64736792	64741333	7201a8
3	63571776	63577628	3	55148591	55153633	46039f
1	166473103	166476487	1	152395535	152398960	0d0887
1	20880183	20883202	1	11666028	11668435	0d0887
1	100866365	100868635	1	86445454	86447748	0d0887
5	26276636	26276954	5	85999099	85999417	7201a8
1	18589540	18594027	1	9630479	9634778	0d0887
1	246467437	246472655	1	228940887	228943788	0d0887
7	33321806	33326967	7	45315388	45319683	9c179e
5	90516738	90521946	5	29426575	29431240	7201a8
2	84730442	84741187	2	161422173	161430697	2e0595
11	3127183	3127495	9	16501590	16501896	d8576b
1	285066748	285078367	1	266912361	266922632	0d0887
2	85868957	85877213	2	160540429	160548309	2e0595
5	21004572	21004878	5	91137562	91137868	7201a8
3	178140422	178142038	3	162883905	162885532	46039f
10	6963319	6968536	4	32374213	32377538	cc4778
4	31829479	31830987	4	27672902	27674413	5c01a6
1	17590709	17595295	1	8639880	8644330	0d0887
13	3757695	3762840	3	142563110	142565683	ed7953
1	214686345	214692140	3	115551063	115555561	0d0887
3	163070613	163070952	3	148440091	148440433	46039f
12	3602946	3603927	12	15991725	15992710	e3685f
8	74980402	74994729	8	61521480	61532350	ad2793
1	221497393	221499812	1	204505757	204508162	0d0887
2	120112681	120114286	2	119353553	119355163	2e0595
1	292797929	292805194	1	274282678	274288219	0d0887
1	165883410	165885884	1	151813490	151815920	0d0887
1	227695965	227697486	1	210312674	210314199	0d0887
2	97293310	97293601	2	150173796	150174087	2e0595
3	29664628	29666082	3	22796434	22797940	46039f
1	279404367	279416879	1	261381829	261392074	0d0887
2	141081791	141083561	2	108070203	108071741	2e0595
1	50080112	50082055	1	40375173	40376579	0d0887
3	20399559	20405886	3	13930527	13934184	46039f
17	4329867	4339359	15	9838809	9842751	fdca26
1	40389522	40412727	1	30120016	30133403	0d0887
10	4694062	4694341	10	4666836	4667115	cc4778
16	10992921	10994434	16	8785296	8786794	fdb42f
11	6381860	6384765	9	13677268	13680997	d8576b
3	145595470	145598255	3	131469171	131471625	46039f
3	6472656	6473520	2	94312774	94313661	46039f
2	103234791	103238602	2	144518473	144521134	2e0595
13	629866	632952	16	997699	1000242	ed7953
18	9056294	9056570	18	5250587	5250863	f8e125
1	328890537	328896414	1	308753929	308758624	0d0887
1	26778437	26782074	1	17467757	17471285	0d0887
3	153948284	153951976	3	139694469	139698124	46039f
1	63365548	63372153	1	53245576	53253317	0d0887
1	228934996	228937770	1	211509251	211512306	0d0887
3	178042139	178042400	3	162791434	162791695	46039f
7	8613359	8613815	7	69411328	69411784	9c179e
5	65920569	65940545	5	48365339	48382986	7201a8
3	81805727	81841619	3	72401812	72489422	46039f
3	26306156	26334502	3	19597545	19615094	46039f
2	212917607	212920737	2	38989476	38992604	2e0595
1	1875011	1875263	5	97650190	97650442	0d0887
3	177914771	177920765	3	162659566	162665225	46039f
14	472981	473233	15	11945879	11946131	f58b47
3	37952335	37957392	3	30879271	30884866	46039f
1	252511787	252513542	1	235488450	235490414	0d0887
15	9361085	9361328	11	5878396	5878639	fb9f3a
6	22232607	22232835	6	72329335	72329563	8808a6
8	28559284	28562626	8	21561384	21564732	ad2793
3	83471032	83474465	3	74031688	74034606	46039f
6	30713790	30715322	6	63690616	63691287	8808a6
3	169678392	169679077	3	154790801	154791482	46039f
1	329104370	329115809	1	308942103	308947571	0d0887
12	18761288	18763391	1	160712448	160712839	e3685f
3	30574796	30576603	3	23636192	23637680	46039f
2	182396062	182397673	2	68182915	68184526	2e0595
3	23274407	23276212	3	16654003	16655799	46039f
2	27107810	27108035	2	214528065	214528290	2e0595
6	38992139	38994329	6	55674297	55676500	8808a6
3	15563865	15564998	3	9354636	9355730	46039f
2	192136763	192139586	2	58411803	58414292	2e0595
1	51390208	51395001	1	41656969	41661697	0d0887
2	182008946	182009132	2	68566816	68567002	2e0595
1	287014445	287020253	1	268673653	268679462	0d0887
3	146240468	146241259	3	132191087	132191514	46039f
3	23649436	23651663	3	16982168	16984390	46039f
1	41273832	41275831	1	32053538	32055407	0d0887
1	243073411	243073567	1	225965300	225965456	0d0887
